PitchNo,Date,Time,Pitcher,PitcherId,PitcherThrows,PitcherTeam,PitcherSet,Balls,Strikes,PitchCall,TaggedPitchType,PitchSession,Flag,RelSpeed,VertRelAngle,HorzRelAngle,SpinRate,SpinAxis,Tilt,RelHeight,RelSide,Extension,VertBreak,InducedVertBreak,HorzBreak,PlateLocHeight,PlateLocSide,ZoneSpeed,VertApprAngle,HorzApprAngle,ZoneTime,pfxx,pfxz,x0,y0,z0,vx0,vy0,vz0,ax0,ay0,az0,PlayID,CalibrationId,EffVelocity,PracticeType,Device,Direction,BatterId,Batter,HitSpinRate,HitType,ExitSpeed,BatterSide,Angle,PositionAt110X,PositionAt110Y,PositionAt110Z,Distance,LastTrackedDistance,HangTime,Bearing,ContactPositionX,ContactPositionY,ContactPositionZ,SpinAxis3dTransverseAngle,SpinAxis3dLongitudinalAngle,SpinAxis3dActiveSpinRate,SpinAxis3dSpinEfficiency,SpinAxis3dTilt,PitchUID,PAofInning,PitchofPA,BatterTeam,Inning,Top/Bottom,Outs,AutoPitchType,KorBB,TaggedHitType,PlayResult,OutsOnPlay,RunsScored,Notes,HomeTeam,AwayTeam,Stadium,Level,League,GameID,EffectiveVelo,MaxHeight,MeasuredDuration,SpeedDrop,PitchLastMeasuredX,PitchLastMeasuredY,PitchLastMeasuredZ,GameUID,UTCDate,UTCTime,LocalDateTime,UTCDateTime,AutoHitType,System,HomeTeamForeignID,AwayTeamForeignID,GameForeignID,Catcher,CatcherId,CatcherThrows,CatcherTeam,PitchTrajectoryXc0,PitchTrajectoryXc1,PitchTrajectoryXc2,PitchTrajectoryYc0,PitchTrajectoryYc1,PitchTrajectoryYc2,PitchTrajectoryZc0,PitchTrajectoryZc1,PitchTrajectoryZc2,HitSpinAxis,HitTrajectoryXc0,HitTrajectoryXc1,HitTrajectoryXc2,HitTrajectoryXc3,HitTrajectoryXc4,HitTrajectoryXc5,HitTrajectoryXc6,HitTrajectoryXc7,HitTrajectoryXc8,HitTrajectoryYc0,HitTrajectoryYc1,HitTrajectoryYc2,HitTrajectoryYc3,HitTrajectoryYc4,HitTrajectoryYc5,HitTrajectoryYc6,HitTrajectoryYc7,HitTrajectoryYc8,HitTrajectoryZc0,HitTrajectoryZc1,HitTrajectoryZc2,HitTrajectoryZc3,HitTrajectoryZc4,HitTrajectoryZc5,HitTrajectoryZc6,HitTrajectoryZc7,HitTrajectoryZc8,ThrowSpeed,PopTime,ExchangeTime,TimeToBase,CatchPositionX,CatchPositionY,CatchPositionZ,ThrowPositionX,ThrowPositionY,ThrowPositionZ,BasePositionX,BasePositionY,BasePositionZ,ThrowTrajectoryXc0,ThrowTrajectoryXc1,ThrowTrajectoryXc2,ThrowTrajectoryYc0,ThrowTrajectoryYc1,ThrowTrajectoryYc2,ThrowTrajectoryZc0,ThrowTrajectoryZc1,ThrowTrajectoryZc2,PitchReleaseConfidence,PitchLocationConfidence,PitchMovementConfidence,HitLaunchConfidence,HitLandingConfidence,CatcherThrowCatchConfidence,CatcherThrowReleaseConfidence,CatcherThrowLocationConfidence,SpinAxis3dVectorX,SpinAxis3dVectorY,SpinAxis3dVectorZ,SpinAxis3dSeamOrientationRotationX,SpinAxis3dSeamOrientationRotationY,SpinAxis3dSeamOrientationRotationZ,SpinAxis3dSeamOrientationBallYAmb1,SpinAxis3dSeamOrientationBallAngleHorizontalAmb1,SpinAxis3dSeamOrientationBallZAmb1,SpinAxis3dSeamOrientationBallAngleVerticalAmb2,SpinAxis3dSeamOrientationBallZAmb2,SpinAxis3dSeamOrientationBallXAmb4,SpinAxis3dSeamOrientationBallYAmb4,SpinAxis3dSeamOrientationBallAngleHorizontalAmb2,SpinAxis3dSeamOrientationBallAngleVerticalAmb1,SpinAxis3dSeamOrientationBallXAmb1,SpinAxis3dSeamOrientationBallYAmb2,SpinAxis3dSeamOrientationBallAngleHorizontalAmb4,SpinAxis3dSeamOrientationBallAngleVerticalAmb4,SpinAxis3dSeamOrientationBallXAmb2,SpinAxis3dSeamOrientationBallAngleVerticalAmb3,SpinAxis3dSeamOrientationBallAngleHorizontalAmb3,SpinAxis3dSeamOrientationBallXAmb3,SpinAxis3dSeamOrientationBallYAmb3,SpinAxis3dSeamOrientationBallZAmb3,SpinAxis3dSeamOrientationBallZAmb4,BatSpeed,VerticalAttackAngle,HorizontalAttackAngle
1,2025-11-15,13:01:17,"Sandefer, Russell",824531,Right,FLA_GAT,Undefined,0,0,StrikeCalled,Fastball,NA,NA,92.95352,-1.456687,-5.128993,2452.946566,231.7728,01:45:00,6.02348,3.3318,5.96038,-17.13769,15.52485,18.27584,3.23884,0.08597,84.187970000000007,-4.721703,-1.862531,0.411336,-10.85056,8.71335,-2.93373,50,5.89784,11.2546,-134.43937,-3.95375,-19.73426,30.847,-16.32676,0e5ef54f-9700-43c5-a4d4-ed1dcf158b8e,NA,NA,NA,NA,NA,812807,"Jones, Kyle",NA,NA,NA,Right,NA,NA,NA,NA,NA,NA,NA,NA,NA,NA,NA,NA,NA,NA,NA,NA,16551370-c24d-11f0-a0a7-8d861a32580b,1,1,FLA_GAT,1,Top,0,Four-Seam,Undefined,Undefined,Undefined,0,0,NA,FLA_GAT,FLA_GAT,CondronBallpark,TeamExclusive,Team,20251115-CondronBallpark-Private-2,91.63426,NA,NA,8.76555,NA,NA,NA,0da46085-2dd1-4a37-b86a-f3dac27fc572,2025-11-15,18:01:17,2025-11-15T18:01:17Z,2025-11-15T18:01:17Z,NA,v3,471297,471297,NA,"Malzone, Aj",1000352389,Right,FLA_GAT,54.53795,-135.47659,15.4235,6.02156,-3.40476,-8.16338,-3.32332,11.91816,-9.86713,NA,NA,NA,NA,NA,NA,NA,NA,NA,NA,NA,NA,NA,NA,NA,NA,NA,NA,NA,NA,NA,NA,NA,NA,NA,NA,NA,NA,NA,NA,NA,NA,NA,NA,NA,NA,NA,NA,NA,NA,NA,NA,NA,NA,NA,NA,NA,NA,NA,NA,High,High,High,NA,NA,NA,NA,NA,NA,NA,NA,NA,NA,NA,NA,NA,NA,NA,NA,NA,NA,NA,NA,NA,NA,NA,NA,NA,NA,NA,NA,NA,NA,NA,NA,NA,NA
2,2025-11-15,13:01:43,"Sandefer, Russell",824531,Right,FLA_GAT,Undefined,0,1,FoulBallNotFieldable,Fastball,NA,NA,94.42998,-0.920959,-4.344235,2517.164753,230.738444,01:45:00,5.92109,3.34016,5.91524,-14.93733,16.61154,19.02855,3.81905,0.88634,85.68115,-3.782541,-0.940131,0.404263,-11.01213,9.08646,-3.00228,50,5.83863,9.54084,-136.79536,-2.65344,-20.77847,31.37102,-15.02901,cdc61261-dc3b-4ebf-af12-ada9b4d3e2d9,NA,NA,NA,NA,NA,812807,"Jones, Kyle",NA,NA,NA,Right,NA,NA,NA,NA,NA,NA,NA,NA,NA,NA,NA,NA,NA,NA,NA,NA,26000050-c24d-11f0-a0a7-8d861a32580b,1,2,FLA_GAT,1,Top,0,Four-Seam,Undefined,Undefined,Undefined,0,0,NA,FLA_GAT,FLA_GAT,CondronBallpark,TeamExclusive,Team,20251115-CondronBallpark-Private-2,93.23752,NA,NA,8.74882,NA,NA,NA,0da46085-2dd1-4a37-b86a-f3dac27fc572,2025-11-15,18:01:43,2025-11-15T18:01:43Z,2025-11-15T18:01:43Z,NA,v3,471297,471297,NA,"Malzone, Aj",1000352389,Right,FLA_GAT,54.58428,-137.84265,15.68551,5.91884,-2.15172,-7.5145,-3.33238,10.23451,-10.38923,NA,NA,NA,NA,NA,NA,NA,NA,NA,NA,NA,NA,NA,NA,NA,NA,NA,NA,NA,NA,NA,NA,NA,NA,NA,NA,NA,NA,NA,NA,NA,NA,NA,NA,NA,NA,NA,NA,NA,NA,NA,NA,NA,NA,NA,NA,NA,NA,NA,NA,High,High,High,NA,NA,NA,NA,NA,NA,NA,NA,NA,NA,NA,NA,NA,NA,NA,NA,NA,NA,NA,NA,NA,NA,NA,NA,NA,NA,NA,NA,NA,NA,NA,NA,NA,NA
3,2025-11-15,13:02:57,"Sandefer, Russell",824531,Right,FLA_GAT,Undefined,0,2,BallCalled,Fastball,NA,NA,93.61506,-0.749667,-6.456434,2483.832912,232.006417,01:45:00,5.93301,3.37029,5.54254,-16.99836,15.7204,18.7193,3.81134,-1.12951,84.93982,-3.958042,-3.150574,0.411689,-11.21627,8.45323,-2.8211,50,5.85657,14.40394,-135.07843,-2.34081,-20.69794,29.75945,-16.57485,178db0ec-827a-443a-b2a5-b6053d613136,NA,NA,NA,NA,NA,812807,"Jones, Kyle",NA,NA,NA,Right,NA,NA,NA,NA,NA,NA,NA,NA,NA,NA,NA,NA,NA,NA,NA,NA,51f052a0-c24d-11f0-a0a7-8d861a32580b,1,3,FLA_GAT,1,Top,0,Four-Seam,Undefined,Undefined,Undefined,0,0,NA,FLA_GAT,FLA_GAT,CondronBallpark,TeamExclusive,Team,20251115-CondronBallpark-Private-2,91.55552,NA,NA,8.67524,NA,NA,NA,0da46085-2dd1-4a37-b86a-f3dac27fc572,2025-11-15,18:02:57,2025-11-15T18:02:57Z,2025-11-15T18:02:57Z,NA,v3,471297,471297,NA,"Malzone, Aj",1000352389,Right,FLA_GAT,54.95603,-136.16593,14.87972,5.93104,-1.73512,-8.28742,-3.36128,15.16031,-10.34897,NA,NA,NA,NA,NA,NA,NA,NA,NA,NA,NA,NA,NA,NA,NA,NA,NA,NA,NA,NA,NA,NA,NA,NA,NA,NA,NA,NA,NA,NA,NA,NA,NA,NA,NA,NA,NA,NA,NA,NA,NA,NA,NA,NA,NA,NA,NA,NA,NA,NA,High,High,High,NA,NA,NA,NA,NA,NA,NA,NA,NA,NA,NA,NA,NA,NA,NA,NA,NA,NA,NA,NA,NA,NA,NA,NA,NA,NA,NA,NA,NA,NA,NA,NA,NA,NA
4,2025-11-15,13:03:10,"Sandefer, Russell",824531,Right,FLA_GAT,Undefined,1,2,BallinDirt,Slider,NA,NA,82.09079,-1.68563,-3.022481,2865.067345,65.216707,08:15:00,5.652,3.44518,5.46828,-45.33302,-2.99654,-9.34016,0.29406,-0.16447,75.75859,-9.881439,-4.685632,0.468305,3.88091,-0.69461,-3.17245,50,5.47224,6.65526,-119.02104,-5.098,5.54547,23.66842,-33.16659,b58824cd-0d5d-4ad1-b31c-e82b8b3bb8c2,NA,NA,NA,NA,NA,812807,"Jones, Kyle",NA,NA,NA,Right,NA,NA,NA,NA,NA,NA,NA,NA,NA,NA,NA,NA,NA,NA,NA,NA,59f53d80-c24d-11f0-a0a7-8d861a32580b,1,4,FLA_GAT,1,Top,0,Slider,Undefined,Undefined,Undefined,0,0,NA,FLA_GAT,FLA_GAT,CondronBallpark,TeamExclusive,Team,20251115-CondronBallpark-Private-2,80.48695,NA,NA,6.3322,NA,NA,NA,0da46085-2dd1-4a37-b86a-f3dac27fc572,2025-11-15,18:03:10,2025-11-15T18:03:10Z,2025-11-15T18:03:10Z,NA,v3,471297,471297,NA,"Malzone, Aj",1000352389,Right,FLA_GAT,55.03299,-120.01772,11.83421,5.65751,-3.70135,-16.5833,-3.44779,6.42174,2.77274,NA,NA,NA,NA,NA,NA,NA,NA,NA,NA,NA,NA,NA,NA,NA,NA,NA,NA,NA,NA,NA,NA,NA,NA,NA,NA,NA,NA,NA,NA,NA,NA,NA,NA,NA,NA,NA,NA,NA,NA,NA,NA,NA,NA,NA,NA,NA,NA,NA,NA,High,High,High,NA,NA,NA,NA,NA,NA,NA,NA,NA,NA,NA,NA,NA,NA,NA,NA,NA,NA,NA,NA,NA,NA,NA,NA,NA,NA,NA,NA,NA,NA,NA,NA,NA,NA
5,2025-11-15,13:03:26,"Sandefer, Russell",824531,Right,FLA_GAT,Undefined,2,2,InPlay,Slider,NA,NA,82.98119,0.242807,-2.676766,2784.267825,84.654621,08:45:00,5.61015,3.69501,5.37928,-41.14278,0.23988,-10.84985,2.40945,0.27974,76.35166,-7.242602,-4.602416,0.463,4.75095,0.38425,-3.44721,50,5.60257,6.07208,-120.40712,-0.95549,6.97361,23.41248,-31.61006,d2f7de09-be49-4118-b23c-35a824aa4d5f,NA,NA,NA,NA,-23.204156,812807,"Jones, Kyle",1753.278584,NA,95.24744,Right,0.003204,NA,NA,NA,55.69421,49.17695,0.405061,-23.968997,1.87454,2.52557,-0.31679,NA,NA,NA,NA,NA,6324ecc0-c24d-11f0-a0a7-8d861a32580b,1,5,FLA_GAT,1,Top,0,Slider,Undefined,GroundBall,Single,0,0,NA,FLA_GAT,FLA_GAT,CondronBallpark,TeamExclusive,Team,20251115-CondronBallpark-Private-2,81.4092,2.52557,NA,6.62953,NA,NA,NA,0da46085-2dd1-4a37-b86a-f3dac27fc572,2025-11-15,18:03:26,2025-11-15T18:03:26Z,2025-11-15T18:03:26Z,GroundBall,v3,471297,471297,NA,"Malzone, Aj",1000352389,Right,FLA_GAT,55.12167,-121.39891,11.70624,5.61468,0.38357,-15.80503,-3.69817,5.77667,3.4868,91.103619,1.88306,128.11486,-17.63872,NA,NA,NA,NA,NA,NA,2.52904,-0.10634,-15.17197,NA,NA,NA,NA,NA,NA,-0.31486,-55.10564,0.05374,NA,NA,NA,NA,NA,NA,NA,NA,NA,NA,NA,NA,NA,NA,NA,NA,NA,NA,NA,NA,NA,NA,NA,NA,NA,NA,NA,NA,High,High,High,High,High,NA,NA,NA,NA,NA,NA,NA,NA,NA,NA,NA,NA,NA,NA,NA,NA,NA,NA,NA,NA,NA,NA,NA,NA,NA,NA,NA,NA,NA,70.10618,11.18486,-20.47192
6,2025-11-15,13:04:04,"Sandefer, Russell",824531,Right,FLA_GAT,Undefined,0,0,InPlay,Cutter,NA,NA,90.46033,-1.193664,-4.365853,2600.005907,226.493842,01:30:00,5.81748,3.5094,5.86592,-26.30974,7.80741,7.15528,2.51278,0.0422,83.28118,-6.059292,-3.087393,0.420395,-4.82252,4.60827,-3.15938,50,5.70507,9.71286,-131.13986,-3.65022,-8.45113,26.09356,-24.09837,92d49822-5d74-4735-9657-311880973fb6,NA,NA,NA,NA,17.968617,803734,"Yost, Hayden",5234.184664,NA,92.45814,Left,57.391642,108.25172,155.15336,19.53354,211.18575,205.51181,6.31397,6.763405,1.7218,2.69228,-0.07256,NA,NA,NA,NA,NA,79e4bf30-c24d-11f0-a0a7-8d861a32580b,2,1,FLA_GAT,1,Top,0,Cutter,Undefined,FlyBall,Single,0,0,NA,FLA_GAT,FLA_GAT,CondronBallpark,TeamExclusive,Team,20251115-CondronBallpark-Private-2,89.65953,159.47255,NA,7.17915,NA,NA,NA,0da46085-2dd1-4a37-b86a-f3dac27fc572,2025-11-15,18:04:04,2025-11-15T18:04:04Z,2025-11-15T18:04:04Z,FlyBall,v3,471297,471297,NA,"Malzone, Aj",1000352389,Right,FLA_GAT,54.63461,-132.05881,13.04678,5.81867,-2.80153,-12.04919,-3.50669,10.01049,-4.22557,166.683303,1.7361,69.26779,-18.5129,4.16999,-0.22842,-0.1549,0.04656,-0.0054,2.3e-4,2.67399,114.49322,-26.6786,3.56358,-0.949,0.2101,-0.02851,0.00184,-4e-5,-0.07071,22.49777,-11.2973,3.24611,-0.48284,-0.00177,0.01419,-0.00216,1e-4,NA,NA,NA,NA,NA,NA,NA,NA,NA,NA,NA,NA,NA,NA,NA,NA,NA,NA,NA,NA,NA,NA,High,High,High,High,Low,NA,NA,NA,NA,NA,NA,NA,NA,NA,NA,NA,NA,NA,NA,NA,NA,NA,NA,NA,NA,NA,NA,NA,NA,NA,NA,NA,NA,NA,NA,NA,NA
7,2025-11-15,13:04:50,"Sandefer, Russell",824531,Right,FLA_GAT,Undefined,0,0,FoulBallNotFieldable,Fastball,NA,NA,90.31984,-0.993491,-4.448803,2654.899933,218.796812,01:15:00,5.77877,3.50729,5.90783,-26.31242,7.82422,5.48504,2.66103,-0.17335,83.23906,-5.861213,-3.468498,0.42051500000000003,-3.97008,4.5678,-3.15269,50,5.68361,9.95984,-130.9468,-3.18036,-6.945,25.7102,-24.18342,0a91b5d8-2cd5-4666-bce6-d88b7c42de94,NA,NA,NA,NA,155.225994,803724,"McDonald, Caden",4719.137055,NA,74.39852,Right,38.116869,NA,NA,NA,NA,46.49826,NA,NA,1.63232,2.39626,0.05038,NA,NA,NA,NA,NA,957e0620-c24d-11f0-a0a7-8d861a32580b,3,1,FLA_GAT,1,Top,0,Four-Seam,Undefined,Undefined,Undefined,0,0,NA,FLA_GAT,FLA_GAT,CondronBallpark,TeamExclusive,Team,20251115-CondronBallpark-Private-2,89.63396,32.77574,NA,7.08078,NA,NA,NA,0da46085-2dd1-4a37-b86a-f3dac27fc572,2025-11-15,18:04:50,2025-11-15T18:04:50Z,2025-11-15T18:04:50Z,NA,v3,471297,471297,NA,"Malzone, Aj",1000352389,Right,FLA_GAT,54.59255,-131.84542,12.8551,5.78,-2.33511,-12.09171,-3.50505,10.20259,-3.4725,314.238351,1.63232,-77.9478,3.24343,1.08629,-0.40163,0.19807,-0.03871,-0.1798,0.18661,2.39626,67.35481,-29.14054,4.10975,-0.93281,0.21463,0.19467,-0.60411,0.46065,0.05038,35.97406,-12.02132,1.57573,-0.29376,0.006,0.18379,-0.38207,0.26426,NA,NA,NA,NA,NA,NA,NA,NA,NA,NA,NA,NA,NA,NA,NA,NA,NA,NA,NA,NA,NA,NA,High,High,High,High,Undefined,NA,NA,NA,NA,NA,NA,NA,NA,NA,NA,NA,NA,NA,NA,NA,NA,NA,NA,NA,NA,NA,NA,NA,NA,NA,NA,NA,NA,NA,NA,NA,NA
8,2025-11-15,13:05:16,"Sandefer, Russell",824531,Right,FLA_GAT,Undefined,0,1,BallinDirt,Slider,NA,NA,82.95211,-1.283925,-5.870121,2837.553358,81.712499,08:45:00,5.57597,3.69863,5.36836,-43.32518,-0.62646,-14.81461,0.75515,-3.05922,75.30897,-9.115538,-8.476717,0.470304,5.38075,0.63476,-3.15979,50,5.43011,12.91946,-119.53127,-4.25094,7.61558,27.70792,-31.27565,4a1bf49a-1bcf-4e7d-a787-1a374810a330,NA,NA,NA,NA,NA,803724,"McDonald, Caden",NA,NA,NA,Right,NA,NA,NA,NA,NA,NA,NA,NA,NA,NA,NA,NA,NA,NA,NA,NA,a4c04620-c24d-11f0-a0a7-8d861a32580b,3,2,FLA_GAT,1,Top,0,Slider,Undefined,Undefined,Undefined,0,0,NA,FLA_GAT,FLA_GAT,CondronBallpark,TeamExclusive,Team,20251115-CondronBallpark-Private-2,80.14482,NA,NA,7.64314,NA,NA,NA,0da46085-2dd1-4a37-b86a-f3dac27fc572,2025-11-15,18:05:16,2025-11-15T18:05:16Z,2025-11-15T18:05:16Z,NA,v3,471297,471297,NA,"Malzone, Aj",1000352389,Right,FLA_GAT,55.12801,-120.71412,13.85396,5.58308,-2.91578,-15.63783,-3.70438,12.59435,3.80779,NA,NA,NA,NA,NA,NA,NA,NA,NA,NA,NA,NA,NA,NA,NA,NA,NA,NA,NA,NA,NA,NA,NA,NA,NA,NA,NA,NA,NA,NA,NA,NA,NA,NA,NA,NA,NA,NA,NA,NA,NA,NA,NA,NA,NA,NA,NA,NA,NA,NA,High,High,High,NA,NA,NA,NA,NA,NA,NA,NA,NA,NA,NA,NA,NA,NA,NA,NA,NA,NA,NA,NA,NA,NA,NA,NA,NA,NA,NA,NA,NA,NA,NA,NA,NA,NA
9,2025-11-15,13:05:45,"Sandefer, Russell",824531,Right,FLA_GAT,Undefined,1,1,BallCalled,Cutter,NA,NA,89.09909,-1.687343,-5.337417,2577.531071,175.800229,11:45:00,5.79161,3.39266,5.91677,-24.0369,11.40788,-0.75579,2.21533,-1.63809,81.65518,-6.151939,-5.472052,0.428497,-1.09976,6.66197,-2.9634,50,5.64215,12.06919,-128.84633,-4.59625,-1.84889,26.75683,-20.97429,c4d44f6f-ddf3-4d8d-83d9-96f2510d11c7,NA,NA,NA,NA,NA,803724,"McDonald, Caden",NA,NA,NA,Right,NA,NA,NA,NA,NA,NA,NA,NA,NA,NA,NA,NA,NA,NA,NA,NA,b5f4b930-c24d-11f0-a0a7-8d861a32580b,3,3,FLA_GAT,1,Top,0,Cutter,Undefined,Undefined,Undefined,0,0,NA,FLA_GAT,FLA_GAT,CondronBallpark,TeamExclusive,Team,20251115-CondronBallpark-Private-2,87.96437,NA,NA,7.44392,NA,NA,NA,0da46085-2dd1-4a37-b86a-f3dac27fc572,2025-11-15,18:05:45,2025-11-15T18:05:45Z,2025-11-15T18:05:45Z,NA,v3,471297,471297,NA,"Malzone, Aj",1000352389,Right,FLA_GAT,54.58137,-129.79423,13.37842,5.79182,-3.85321,-10.48714,-3.39213,12.13469,-0.92445,NA,NA,NA,NA,NA,NA,NA,NA,NA,NA,NA,NA,NA,NA,NA,NA,NA,NA,NA,NA,NA,NA,NA,NA,NA,NA,NA,NA,NA,NA,NA,NA,NA,NA,NA,NA,NA,NA,NA,NA,NA,NA,NA,NA,NA,NA,NA,NA,NA,NA,High,High,High,NA,NA,NA,NA,NA,NA,NA,NA,NA,NA,NA,NA,NA,NA,NA,NA,NA,NA,NA,NA,NA,NA,NA,NA,NA,NA,NA,NA,NA,NA,NA,NA,NA,NA
10,2025-11-15,13:06:04,"Sandefer, Russell",824531,Right,FLA_GAT,Undefined,2,1,InPlay,Fastball,NA,NA,93.53722,-1.340295,-5.887843,2510.617506,237.276985,02:00:00,5.96561,3.44485,5.65165,-19.46749,13.65658,19.26127,3.08639,-0.46092,83.64551,-5.02613,-2.471614,0.414232,-11.71493,7.72378,-2.95672,50,5.83941,13.01358,-134.87992,-3.82437,-21.17048,34.54272,-18.21608,30afcd5d-8ff0-41d7-ae7d-52a2d12bc41f,NA,NA,NA,NA,-5.830568,803724,"McDonald, Caden",2835.28974,NA,105.37371,Right,12.612794,109.51,17.15611,-10.37073,220.79533,220.79533,1.886321,-5.013339,1.42527,3.18868,0.38959,NA,NA,NA,NA,NA,c1581150-c24d-11f0-a0a7-8d861a32580b,3,4,FLA_GAT,1,Top,0,Sinker,Undefined,LineDrive,Single,0,1,NA,FLA_GAT,FLA_GAT,CondronBallpark,TeamExclusive,Team,20251115-CondronBallpark-Private-2,90.9936,17.19115,NA,9.89172,NA,NA,NA,0da46085-2dd1-4a37-b86a-f3dac27fc572,2025-11-15,18:06:04,2025-11-15T18:06:04Z,2025-11-15T18:06:04Z,LineDrive,v3,471297,471297,NA,"Malzone, Aj",1000352389,Right,FLA_GAT,54.84552,-136.1152,17.27136,5.96452,-3.17295,-9.10804,-3.43563,13.77066,-10.58524,46.182189,1.42528,150.03802,-26.22397,6.29929,-1.5475,0.37032,-0.08121,0.0131,-0.00107,3.18868,33.74724,-22.07771,2.42807,-0.51047,0.10806,-0.02095,0.00333,-2.7e-4,0.38959,-15.3212,2.58402,0.20036,-0.18594,0.06661,-0.01721,0.00304,-2.7e-4,NA,NA,NA,NA,NA,NA,NA,NA,NA,NA,NA,NA,NA,NA,NA,NA,NA,NA,NA,NA,NA,NA,High,High,High,High,High,NA,NA,NA,NA,NA,NA,NA,NA,NA,NA,NA,NA,NA,NA,NA,NA,NA,NA,NA,NA,NA,NA,NA,NA,NA,NA,NA,NA,NA,67.74885,18.96837,-14.13962
11,2025-11-15,13:07:01,"Sandefer, Russell",824531,Right,FLA_GAT,Undefined,0,0,StrikeCalled,ChangeUp,NA,NA,83.56334,-0.357126,-4.086948,2287.198763,248.968692,02:15:00,5.56578,3.44359,5.81941,-32.78317,7.7891,16.6178,2.50096,1.0221,75.85414,-6.446942,-1.116006,0.458444,-9.64186,4.51815,-3.11827,50,5.51732,7.96369,-121.00986,-1.82485,-14.18333,25.36541,-25.52776,308dae11-0003-4469-82f5-83a986afba93,NA,NA,NA,NA,NA,806235,"Stripling, Landon",NA,NA,NA,Left,NA,NA,NA,NA,NA,NA,NA,NA,NA,NA,NA,NA,NA,NA,NA,NA,e359d130-c24d-11f0-a0a7-8d861a32580b,4,1,FLA_GAT,1,Top,0,Changeup,Undefined,Undefined,Undefined,0,0,NA,FLA_GAT,FLA_GAT,CondronBallpark,TeamExclusive,Team,20251115-CondronBallpark-Private-2,82.21824,NA,NA,7.7092,NA,NA,NA,0da46085-2dd1-4a37-b86a-f3dac27fc572,2025-11-15,18:07:01,2025-11-15T18:07:01Z,2025-11-15T18:07:01Z,NA,v3,471297,471297,NA,"Malzone, Aj",1000352389,Right,FLA_GAT,54.67798,-121.98649,12.6827,5.56866,-0.84197,-12.76388,-3.4354,8.50979,-7.09167,NA,NA,NA,NA,NA,NA,NA,NA,NA,NA,NA,NA,NA,NA,NA,NA,NA,NA,NA,NA,NA,NA,NA,NA,NA,NA,NA,NA,NA,NA,NA,NA,NA,NA,NA,NA,NA,NA,NA,NA,NA,NA,NA,NA,NA,NA,NA,NA,NA,NA,High,High,High,NA,NA,NA,NA,NA,NA,NA,NA,NA,NA,NA,NA,NA,NA,NA,NA,NA,NA,NA,NA,NA,NA,NA,NA,NA,NA,NA,NA,NA,NA,NA,NA,NA,NA
12,2025-11-15,13:07:18,"Sandefer, Russell",824531,Right,FLA_GAT,Undefined,0,1,BallCalled,ChangeUp,NA,NA,82.93177,-1.699575,-5.278124,2441.397314,247.624089,02:15:00,5.6763,3.54974,6.28634,-32.49411,8.30843,16.59143,1.395,0.05423,75.10082,-7.780447,-2.291914,0.459743,-10.27154,5.29299,-3.16743,50,5.53504,10.44945,-119.89881,-4.5329,-14.75367,26.05443,-24.57138,29b49ff7-0b76-4799-872d-d750b554a40c,NA,NA,NA,NA,NA,806235,"Stripling, Landon",NA,NA,NA,Left,NA,NA,NA,NA,NA,NA,NA,NA,NA,NA,NA,NA,NA,NA,NA,NA,ed597aa0-c24d-11f0-a0a7-8d861a32580b,4,2,FLA_GAT,1,Top,0,Changeup,Undefined,Undefined,Undefined,0,0,NA,FLA_GAT,FLA_GAT,CondronBallpark,TeamExclusive,Team,20251115-CondronBallpark-Private-2,81.98592,NA,NA,7.83095,NA,NA,NA,0da46085-2dd1-4a37-b86a-f3dac27fc572,2025-11-15,18:07:18,2025-11-15T18:07:18Z,2025-11-15T18:07:18Z,NA,v3,471297,471297,NA,"Malzone, Aj",1000352389,Right,FLA_GAT,54.21164,-120.81054,13.02721,5.67862,-3.67306,-12.28569,-3.54213,10.96574,-7.37684,NA,NA,NA,NA,NA,NA,NA,NA,NA,NA,NA,NA,NA,NA,NA,NA,NA,NA,NA,NA,NA,NA,NA,NA,NA,NA,NA,NA,NA,NA,NA,NA,NA,NA,NA,NA,NA,NA,NA,NA,NA,NA,NA,NA,NA,NA,NA,NA,NA,NA,High,High,High,NA,NA,NA,NA,NA,NA,NA,NA,NA,NA,NA,NA,NA,NA,NA,NA,NA,NA,NA,NA,NA,NA,NA,NA,NA,NA,NA,NA,NA,NA,NA,NA,NA,NA
13,2025-11-15,13:07:37,"Sandefer, Russell",824531,Right,FLA_GAT,Undefined,1,1,BallCalled,Cutter,NA,NA,90.70975,-1.204746,-2.718205,2563.504794,190.918033,12:15:00,5.88628,3.60817,5.66265,-21.29647,13.0352,2.30268,2.98674,1.26347,82.86547,-5.182523,-2.307348,0.421715,-1.91862,7.28091,-3.37962,50,5.77095,6.14134,-131.53876,-3.48972,-3.36049,27.98342,-19.42154,135bb3e6-df67-498d-9bb8-bdc8cd5b3145,NA,NA,NA,NA,NA,806235,"Stripling, Landon",NA,NA,NA,Left,NA,NA,NA,NA,NA,NA,NA,NA,NA,NA,NA,NA,NA,NA,NA,NA,f91a3500-c24d-11f0-a0a7-8d861a32580b,4,3,FLA_GAT,1,Top,0,Four-Seam,Undefined,Undefined,Undefined,0,0,NA,FLA_GAT,FLA_GAT,CondronBallpark,TeamExclusive,Team,20251115-CondronBallpark-Private-2,89.37899,NA,NA,7.84428,NA,NA,NA,0da46085-2dd1-4a37-b86a-f3dac27fc572,2025-11-15,18:07:37,2025-11-15T18:07:37Z,2025-11-15T18:07:37Z,NA,v3,471297,471297,NA,"Malzone, Aj",1000352389,Right,FLA_GAT,54.83398,-132.56314,13.99171,5.88568,-2.77875,-9.71077,-3.60669,6.26435,-1.68024,NA,NA,NA,NA,NA,NA,NA,NA,NA,NA,NA,NA,NA,NA,NA,NA,NA,NA,NA,NA,NA,NA,NA,NA,NA,NA,NA,NA,NA,NA,NA,NA,NA,NA,NA,NA,NA,NA,NA,NA,NA,NA,NA,NA,NA,NA,NA,NA,NA,NA,High,High,High,NA,NA,NA,NA,NA,NA,NA,NA,NA,NA,NA,NA,NA,NA,NA,NA,NA,NA,NA,NA,NA,NA,NA,NA,NA,NA,NA,NA,NA,NA,NA,NA,NA,NA
14,2025-11-15,13:07:59,"Sandefer, Russell",824531,Right,FLA_GAT,Undefined,2,1,FoulBallNotFieldable,Fastball,NA,NA,93.0808,-0.770423,-5.416954,2491.950236,226.506339,01:30:00,5.89197,3.36355,5.7133,-16.56607,16.86312,16.38607,3.79047,-0.33248,82.91659,-3.955263,-2.505341,0.416135,-10.0865,9.1613,-2.9189600000000002,50,5.81725,11.95861,-134.27408,-2.31036,-18.00953,35.03789,-15.81649,2dbe1b7c-4584-43bc-a55d-996d0e708388,NA,NA,NA,NA,-128.955176,806235,"Stripling, Landon",6116.67943,NA,80.49951,Left,-0.993164,NA,NA,NA,33.688,28.12511,0.298464,-130.349104,-0.29056,3.84659,0.36905,NA,NA,NA,NA,NA,060f9ed0-c24e-11f0-a0a7-8d861a32580b,4,4,FLA_GAT,1,Top,0,Four-Seam,Undefined,Undefined,Undefined,0,0,NA,FLA_GAT,FLA_GAT,CondronBallpark,TeamExclusive,Team,20251115-CondronBallpark-Private-2,90.57744,3.84659,NA,10.16421,NA,NA,NA,0da46085-2dd1-4a37-b86a-f3dac27fc572,2025-11-15,18:07:59,2025-11-15T18:07:59Z,2025-11-15T18:07:59Z,GroundBall,v3,471297,471297,NA,"Malzone, Aj",1000352389,Right,FLA_GAT,54.78109,-135.51593,17.51894,5.8892,-1.74978,-7.90825,-3.35412,12.59692,-9.00477,NA,-0.2882,-74.3241,7.38623,NA,NA,NA,NA,NA,NA,3.85433,-2.39118,-35.34061,NA,NA,NA,NA,NA,NA,0.37006,-91.8446,15.34848,NA,NA,NA,NA,NA,NA,NA,NA,NA,NA,NA,NA,NA,NA,NA,NA,NA,NA,NA,NA,NA,NA,NA,NA,NA,NA,NA,NA,High,High,High,Low,Medium,NA,NA,NA,NA,NA,NA,NA,NA,NA,NA,NA,NA,NA,NA,NA,NA,NA,NA,NA,NA,NA,NA,NA,NA,NA,NA,NA,NA,NA,28.02605,-1.04098,-53.72194
15,2025-11-15,13:08:27,"Sandefer, Russell",824531,Right,FLA_GAT,Undefined,2,2,InPlay,Cutter,NA,NA,89.15791,-0.204102,-3.706883,2483.680955,195.607358,12:30:00,5.8508,3.57756,5.91476,-23.57336,11.6256,2.93949,3.69653,0.3774,81.50576,-4.61245,-3.180969,0.427008,-2.54626,6.34811,-3.28177,50,5.82097,8.25521,-129.2969,-1.22811,-4.31032,26.96106,-21.42788,5e0cb9cb-589f-4bf5-abce-d4569dc7b4a0,NA,NA,NA,NA,3.919574,806235,"Stripling, Landon",5382.938325,NA,91.6605,Left,49.515158,109.9342,125.25067,3.80435,254.83659,254.77229,6.109262,-0.3168,1.67102,3.78412,-0.3929,NA,NA,NA,NA,NA,16a75cb0-c24e-11f0-a0a7-8d861a32580b,4,5,FLA_GAT,1,Top,0,Cutter,Undefined,FlyBall,Sacrifice,2,1,NA,FLA_GAT,FLA_GAT,CondronBallpark,TeamExclusive,Team,20251115-CondronBallpark-Private-2,88.27098,140.50662,NA,7.65215,NA,NA,NA,0da46085-2dd1-4a37-b86a-f3dac27fc572,2025-11-15,18:08:27,2025-11-15T18:08:27Z,2025-11-15T18:08:27Z,FlyBall,v3,471297,471297,NA,"Malzone, Aj",1000352389,Right,FLA_GAT,54.58444,-130.24934,13.48053,5.85099,-0.47114,-10.71394,-3.57608,8.40748,-2.15516,176.904833,1.68117,86.87044,-25.40957,6.94868,-0.99043,-0.03656,0.04175,-0.00633,3.2e-4,3.74732,102.83921,-24.45146,3.7675,-1.48397,0.458,-0.0793,0.00666,-2.1e-4,-0.39067,5.92444,-2.96143,0.62631,-0.01019,-0.03835,0.01116,-0.00134,6e-5,NA,NA,NA,NA,NA,NA,NA,NA,NA,NA,NA,NA,NA,NA,NA,NA,NA,NA,NA,NA,NA,NA,High,High,High,High,Medium,NA,NA,NA,NA,NA,NA,NA,NA,NA,NA,NA,NA,NA,NA,NA,NA,NA,NA,NA,NA,NA,NA,NA,NA,NA,NA,NA,NA,NA,67.61176,16.78535,9.90747
16,2025-11-15,13:09:12,"Sandefer, Russell",824531,Right,FLA_GAT,Undefined,0,0,InPlay,Slider,NA,NA,82.35369,0.203083,-2.865203,2686.572845,83.441754,08:45:00,5.64772,3.86866,5.42947,-42.42254,0.15248,-11.57402,2.30295,0.21849,74.74917,-7.551923,-4.920656,0.469622,4.93193,0.40201,-3.60613,50,5.63634,6.44378,-119.29146,-1.06367,6.99514,26.31168,-31.60386,99c31525-067c-4540-93b0-da6c45a43383,NA,NA,NA,NA,26.901532,833422,"Miller, Sam",NA,NA,79.40319,Right,67.804289,NA,NA,NA,NA,45.45919,NA,NA,2.48401,2.44336,-0.31,NA,NA,NA,NA,NA,319d10a0-c24e-11f0-a0a7-8d861a32580b,5,1,FLA_GAT,1,Top,2,Slider,Undefined,Popup,Out,1,0,NA,FLA_GAT,FLA_GAT,CondronBallpark,TeamExclusive,Team,20251115-CondronBallpark-Private-2,80.26115,111.01037,NA,7.60452,NA,NA,NA,0da46085-2dd1-4a37-b86a-f3dac27fc572,2025-11-15,18:09:12,2025-11-15T18:09:12Z,2025-11-15T18:09:12Z,NA,v3,471297,471297,NA,"Malzone, Aj",1000352389,Right,FLA_GAT,55.06951,-120.40442,13.15584,5.65306,0.27316,-15.80193,-3.87244,6.14789,3.49757,NA,2.48399,39.23809,-15.4395,5.4134,-2.73489,2.50173,-1.72034,0.63926,-0.09737,2.44337,107.82676,-26.33414,2.67207,0.05175,-0.67823,0.5498,-0.2132,0.0331,-0.31,19.90571,-2.60515,0.53846,-0.09693,0.03004,-0.01334,0.00415,-5.7e-4,NA,NA,NA,NA,NA,NA,NA,NA,NA,NA,NA,NA,NA,NA,NA,NA,NA,NA,NA,NA,NA,NA,High,High,High,Medium,Undefined,NA,NA,NA,NA,NA,NA,NA,NA,NA,NA,NA,NA,NA,NA,NA,NA,NA,NA,NA,NA,NA,NA,NA,NA,NA,NA,NA,NA,NA,71.92827,15.64481,-18.2701
17,2025-11-15,13:12:04,"McNeillie, Luke",703667,Right,FLA_GAT,Undefined,0,0,StrikeSwinging,Fastball,NA,NA,95.80969,-2.639814,-2.189828,2438.35671,216.338816,01:15:00,6.10704,1.97032,5.27143,-10.1304,21.47824,14.95493,2.77965,1.15863,86.34789,-4.625737,0.461182,0.404645,-8.11874,11.8628,-1.78146,50,5.85867,4.55331,-138.65007,-6.66174,-15.61306,34.497,-9.36087,5afbbf21-35c2-436c-b18e-cf1edfb2f29e,NA,NA,NA,NA,NA,10147779,"Strayer, Cash",NA,NA,NA,Left,NA,NA,NA,NA,NA,NA,NA,NA,NA,NA,NA,NA,NA,NA,NA,NA,9810f090-c24e-11f0-a0a7-8d861a32580b,1,1,FLA_GAT,1,Bottom,0,Four-Seam,Undefined,Undefined,Undefined,0,0,NA,FLA_GAT,FLA_GAT,CondronBallpark,TeamExclusive,Team,20251115-CondronBallpark-Private-2,93.14935,NA,NA,9.4618,NA,NA,NA,0da46085-2dd1-4a37-b86a-f3dac27fc572,2025-11-15,18:12:04,2025-11-15T18:12:04Z,2025-11-15T18:12:04Z,NA,v3,471297,471297,NA,"Bowen, Karson",702710,Right,FLA_GAT,55.22511,-139.94407,17.2485,6.10197,-6.31061,-4.68043,-1.96324,5.13897,-7.80653,NA,NA,NA,NA,NA,NA,NA,NA,NA,NA,NA,NA,NA,NA,NA,NA,NA,NA,NA,NA,NA,NA,NA,NA,NA,NA,NA,NA,NA,NA,NA,NA,NA,NA,NA,NA,NA,NA,NA,NA,NA,NA,NA,NA,NA,NA,NA,NA,NA,NA,High,High,High,NA,NA,NA,NA,NA,NA,NA,NA,NA,NA,NA,NA,NA,NA,NA,NA,NA,NA,NA,NA,NA,NA,NA,NA,NA,NA,NA,NA,NA,NA,NA,NA,NA,NA
18,2025-11-15,13:12:14,"McNeillie, Luke",703667,Right,FLA_GAT,Undefined,0,1,BallCalled,Fastball,NA,NA,96.29383,-1.504346,-1.642862,2462.139201,212.667222,01:00:00,6.02998,1.72382,5.06734,-9.4113,22.08836,13.43253,3.82639,1.29376,86.65394,-3.361097,0.730062,0.403947,-7.12626,11.7106,-1.5788,50,5.88045,3.30323,-139.4177,-3.90018,-13.84949,35.02819,-9.4152,65c94834-d9c1-4218-988f-65e15d6d7828,NA,NA,NA,NA,NA,10147779,"Strayer, Cash",NA,NA,NA,Left,NA,NA,NA,NA,NA,NA,NA,NA,NA,NA,NA,NA,NA,NA,NA,NA,9def03d0-c24e-11f0-a0a7-8d861a32580b,1,2,FLA_GAT,1,Bottom,0,Four-Seam,Undefined,Undefined,Undefined,0,0,NA,FLA_GAT,FLA_GAT,CondronBallpark,TeamExclusive,Team,20251115-CondronBallpark-Private-2,93.3104,NA,NA,9.63989,NA,NA,NA,0da46085-2dd1-4a37-b86a-f3dac27fc572,2025-11-15,18:12:14,2025-11-15T18:12:14Z,2025-11-15T18:12:14Z,NA,v3,471297,471297,NA,"Bowen, Karson",702710,Right,FLA_GAT,55.42828,-140.77494,17.5141,6.0245,-3.53537,-4.7076,-1.71719,3.83985,-6.92475,NA,NA,NA,NA,NA,NA,NA,NA,NA,NA,NA,NA,NA,NA,NA,NA,NA,NA,NA,NA,NA,NA,NA,NA,NA,NA,NA,NA,NA,NA,NA,NA,NA,NA,NA,NA,NA,NA,NA,NA,NA,NA,NA,NA,NA,NA,NA,NA,NA,NA,High,High,High,NA,NA,NA,NA,NA,NA,NA,NA,NA,NA,NA,NA,NA,NA,NA,NA,NA,NA,NA,NA,NA,NA,NA,NA,NA,NA,NA,NA,NA,NA,NA,NA,NA,NA
19,2025-11-15,13:12:27,"McNeillie, Luke",703667,Right,FLA_GAT,Undefined,1,1,InPlay,Fastball,NA,NA,94.81585,-1.696394,-3.207139,2468.89308,215.484679,01:15:00,5.99676,1.89928,5.17746,-12.01804,20.42391,13.71355,3.39605,0.02115,85.27583,-4.024,-0.783557,0.409944,-7.85382,11.05229,-1.61166,50,5.83039,7.0082,-137.15166,-4.428,-14.75699,34.16931,-11.40725,bcbf61b7-0308-40e9-9c0d-73f741e29569,NA,NA,NA,NA,13.207558,10147779,"Strayer, Cash",858.064402,NA,105.14949,Left,9.668626,106.27297,10.08386,28.38948,174.40449,147.98845,1.371871,16.001165,1.65269,3.37024,-0.01919,NA,NA,NA,NA,NA,a58638c0-c24e-11f0-a0a7-8d861a32580b,1,3,FLA_GAT,1,Bottom,0,Four-Seam,Undefined,LineDrive,Out,1,0,NA,FLA_GAT,FLA_GAT,CondronBallpark,TeamExclusive,Team,20251115-CondronBallpark-Private-2,91.94527,10.84521,NA,9.54002,NA,NA,NA,0da46085-2dd1-4a37-b86a-f3dac27fc572,2025-11-15,18:12:27,2025-11-15T18:12:27Z,2025-11-15T18:12:27Z,LineDrive,v3,471297,471297,NA,"Bowen, Karson",702710,Right,FLA_GAT,55.3197,-138.47064,17.08466,5.99282,-3.98766,-5.70363,-1.89318,7.57784,-7.37849,294.158118,1.65268,148.00758,-24.44099,4.566,-1.16264,0.54995,-0.39675,0.18513,-0.03551,3.37023,25.90122,-24.13594,3.32063,-0.82904,0.32026,-0.18033,0.07806,-0.01466,-0.01919,34.73487,2.67527,-2.68273,1.08561,-0.62179,0.41877,-0.1899,0.03635,NA,NA,NA,NA,NA,NA,NA,NA,NA,NA,NA,NA,NA,NA,NA,NA,NA,NA,NA,NA,NA,NA,High,High,High,High,High,NA,NA,NA,NA,NA,NA,NA,NA,NA,NA,NA,NA,NA,NA,NA,NA,NA,NA,NA,NA,NA,NA,NA,NA,NA,NA,NA,NA,NA,71.84114,14.02345,10.04114
20,2025-11-15,13:12:55,"McNeillie, Luke",703667,Right,FLA_GAT,Undefined,0,0,StrikeCalled,Fastball,NA,NA,97.22885,-3.069732,-4.204301,2519.97716,218.017139,01:15:00,6.01135,1.82719,5.1654,-9.32855,21.613,16.00513,2.33427,-0.80311,87.52323,-4.910502,-1.381381,0.400352,-9.20205,11.98871,-1.44712,50,5.71768,9.48931,-140.35574,-7.78145,-18.15061,35.09049,-8.52693,9fd14be6-60a8-4900-ae0e-ef3935b735a8,NA,NA,NA,NA,NA,804404,"Kurland, Cade",NA,NA,NA,Right,NA,NA,NA,NA,NA,NA,NA,NA,NA,NA,NA,NA,NA,NA,NA,NA,b681c180-c24e-11f0-a0a7-8d861a32580b,2,1,FLA_GAT,1,Bottom,1,Four-Seam,Undefined,Undefined,Undefined,0,0,NA,FLA_GAT,FLA_GAT,CondronBallpark,TeamExclusive,Team,20251115-CondronBallpark-Private-2,94.14814,NA,NA,9.70562,NA,NA,NA,0da46085-2dd1-4a37-b86a-f3dac27fc572,2025-11-15,18:12:55,2025-11-15T18:12:55Z,2025-11-15T18:12:55Z,NA,v3,471297,471297,NA,"Bowen, Karson",702710,Right,FLA_GAT,55.33084,-141.68224,17.54525,6.00574,-7.45911,-4.26346,-1.81881,10.17545,-9.07531,NA,NA,NA,NA,NA,NA,NA,NA,NA,NA,NA,NA,NA,NA,NA,NA,NA,NA,NA,NA,NA,NA,NA,NA,NA,NA,NA,NA,NA,NA,NA,NA,NA,NA,NA,NA,NA,NA,NA,NA,NA,NA,NA,NA,NA,NA,NA,NA,NA,NA,High,High,High,NA,NA,NA,NA,NA,NA,NA,NA,NA,NA,NA,NA,NA,NA,NA,NA,NA,NA,NA,NA,NA,NA,NA,NA,NA,NA,NA,NA,NA,NA,NA,NA,NA,NA
21,2025-11-15,13:13:06,"McNeillie, Luke",703667,Right,FLA_GAT,Undefined,0,1,StrikeSwinging,Slider,NA,NA,88.70543,-1.197597,-3.469951,2670.150091,1.331948,06:00:00,5.91838,1.95084,4.28647,-45.29069,-6.75252,-0.18984,0.99638,-1.38807,80.21877,-9.256054,-3.503027,0.446804,-1.06587,-2.48036,-1.57345,50,5.74164,7.77518,-128.06974,-4.70597,-1.7368,31.11198,-36.21569,e928c13e-bcd2-4949-8d3f-e9738c912549,NA,NA,NA,NA,NA,804404,"Kurland, Cade",NA,NA,NA,Right,NA,NA,NA,NA,NA,NA,NA,NA,NA,NA,NA,NA,NA,NA,NA,NA,bd3c03f0-c24e-11f0-a0a7-8d861a32580b,2,2,FLA_GAT,1,Bottom,1,Slider,Undefined,Undefined,Undefined,0,0,NA,FLA_GAT,FLA_GAT,CondronBallpark,TeamExclusive,Team,20251115-CondronBallpark-Private-2,84.36012,NA,NA,8.48666,NA,NA,NA,0da46085-2dd1-4a37-b86a-f3dac27fc572,2025-11-15,18:13:06,2025-11-15T18:13:06Z,2025-11-15T18:13:06Z,NA,v3,471297,471297,NA,"Bowen, Karson",702710,Right,FLA_GAT,56.21152,-129.56992,15.55599,5.92645,-2.9597,-18.10785,-1.95038,7.85892,-0.8684,NA,NA,NA,NA,NA,NA,NA,NA,NA,NA,NA,NA,NA,NA,NA,NA,NA,NA,NA,NA,NA,NA,NA,NA,NA,NA,NA,NA,NA,NA,NA,NA,NA,NA,NA,NA,NA,NA,NA,NA,NA,NA,NA,NA,NA,NA,NA,NA,NA,NA,High,High,High,NA,NA,NA,NA,NA,NA,NA,NA,NA,NA,NA,NA,NA,NA,NA,NA,NA,NA,NA,NA,NA,NA,NA,NA,NA,NA,NA,NA,NA,NA,NA,NA,NA,NA
22,2025-11-15,13:13:21,"McNeillie, Luke",703667,Right,FLA_GAT,Undefined,0,2,BallinDirt,Slider,NA,NA,89.25972,-1.665805,-3.907114,2622.046131,28.884488,07:00:00,5.81917,2.00486,4.58504,-44.67372,-7.59481,-4.8265,0.50756,-2.11994,82.19601,-9.59604,-4.751499,0.438263,1.26087,-2.97854,-1.5956,50,5.60434,9.04916,-129.13045,-5.69879,2.12286,27.61001,-37.1888,081a3f78-6398-40dd-8d00-62eed15efce9,NA,NA,NA,NA,NA,804404,"Kurland, Cade",NA,NA,NA,Right,NA,NA,NA,NA,NA,NA,NA,NA,NA,NA,NA,NA,NA,NA,NA,NA,c5f23d70-c24e-11f0-a0a7-8d861a32580b,2,3,FLA_GAT,1,Bottom,1,Slider,Undefined,Undefined,Undefined,0,0,NA,FLA_GAT,FLA_GAT,CondronBallpark,TeamExclusive,Team,20251115-CondronBallpark-Private-2,86.00416,NA,NA,7.06371,NA,NA,NA,0da46085-2dd1-4a37-b86a-f3dac27fc572,2025-11-15,18:13:21,2025-11-15T18:13:21Z,2025-11-15T18:13:21Z,NA,v3,471297,471297,NA,"Bowen, Karson",702710,Right,FLA_GAT,55.9165,-130.38935,13.805,5.82553,-4.00313,-18.5944,-2.006,8.95236,1.06143,NA,NA,NA,NA,NA,NA,NA,NA,NA,NA,NA,NA,NA,NA,NA,NA,NA,NA,NA,NA,NA,NA,NA,NA,NA,NA,NA,NA,NA,NA,NA,NA,NA,NA,NA,NA,NA,NA,NA,NA,NA,NA,NA,NA,NA,NA,NA,NA,NA,NA,High,High,High,NA,NA,NA,NA,NA,NA,NA,NA,NA,NA,NA,NA,NA,NA,NA,NA,NA,NA,NA,NA,NA,NA,NA,NA,NA,NA,NA,NA,NA,NA,NA,NA,NA,NA
23,2025-11-15,13:13:40,"McNeillie, Luke",703667,Right,FLA_GAT,Undefined,1,2,FoulBallNotFieldable,Slider,NA,NA,86.92298,-0.593842,-2.580846,2655.845788,46.79649,07:30:00,5.87921,1.97832,4.61485,-45.69707,-6.45634,-8.28367,1.50592,-1.16745,79.28212,-8.766122,-4.033153,0.450858,3.29295,-2.69827,-1.70451,50,5.77541,6.05727,-125.84696,-3.21657,5.22051,28.26551,-36.45178,5eb043b7-b532-4c97-9be9-22706d2d2651,NA,NA,NA,NA,NA,804404,"Kurland, Cade",NA,NA,NA,Right,NA,NA,NA,NA,NA,NA,NA,NA,NA,NA,NA,NA,NA,NA,NA,NA,d10f8be0-c24e-11f0-a0a7-8d861a32580b,2,4,FLA_GAT,1,Bottom,1,Slider,Undefined,Undefined,Undefined,0,0,NA,FLA_GAT,FLA_GAT,CondronBallpark,TeamExclusive,Team,20251115-CondronBallpark-Private-2,83.60157,NA,NA,7.64086,NA,NA,NA,0da46085-2dd1-4a37-b86a-f3dac27fc572,2025-11-15,18:13:40,2025-11-15T18:13:40Z,2025-11-15T18:13:40Z,NA,v3,471297,471297,NA,"Bowen, Karson",702710,Right,FLA_GAT,55.88594,-127.16208,14.13276,5.88562,-1.52056,-18.22589,-1.9807,5.81437,2.61026,NA,NA,NA,NA,NA,NA,NA,NA,NA,NA,NA,NA,NA,NA,NA,NA,NA,NA,NA,NA,NA,NA,NA,NA,NA,NA,NA,NA,NA,NA,NA,NA,NA,NA,NA,NA,NA,NA,NA,NA,NA,NA,NA,NA,NA,NA,NA,NA,NA,NA,High,High,High,NA,NA,NA,NA,NA,NA,NA,NA,NA,NA,NA,NA,NA,NA,NA,NA,NA,NA,NA,NA,NA,NA,NA,NA,NA,NA,NA,NA,NA,NA,NA,NA,NA,NA
24,2025-11-15,13:14:02,"McNeillie, Luke",703667,Right,FLA_GAT,Undefined,1,2,StrikeSwinging,Slider,NA,NA,87.73665,-0.549856,-1.802297,2537.678885,56.304641,08:00:00,5.85087,2.01819,4.75868,-41.88463,-3.23768,-7.00567,1.83881,-0.27523,79.10918,-8.110501,-3.034722,0.447434,2.80272,-0.92595,-1.8309,50,5.75921,4.33399,-126.90804,-2.97477,4.47903,30.83537,-33.65383,b8b0f130-652f-4295-8352-6a62046ef319,NA,NA,NA,NA,NA,804404,"Kurland, Cade",NA,NA,NA,Right,NA,NA,NA,NA,NA,NA,NA,NA,NA,NA,NA,NA,NA,NA,NA,NA,de611f70-c24e-11f0-a0a7-8d861a32580b,2,5,FLA_GAT,1,Bottom,1,Slider,Strikeout,Undefined,Undefined,0,0,NA,FLA_GAT,FLA_GAT,CondronBallpark,TeamExclusive,Team,20251115-CondronBallpark-Private-2,84.24135,NA,NA,8.62747,NA,NA,NA,0da46085-2dd1-4a37-b86a-f3dac27fc572,2025-11-15,18:14:02,2025-11-15T18:14:02Z,2025-11-15T18:14:02Z,NA,v3,471297,471297,NA,"Bowen, Karson",702710,Right,FLA_GAT,55.73694,-128.29439,15.41769,5.85894,-1.4617,-16.82691,-2.02123,4.13262,2.23951,NA,NA,NA,NA,NA,NA,NA,NA,NA,NA,NA,NA,NA,NA,NA,NA,NA,NA,NA,NA,NA,NA,NA,NA,NA,NA,NA,NA,64.83244,2.835109,1.713869,1.12124,-1.59843,1.39613,0.4369,-1.67356,5.16664,3.93522,73.39373,7.13644,-51.38386,-1.61195,72.28177,-4.80698,5.20567,16.41631,-13.10672,3.81578,-57.25662,7.16371,High,High,High,NA,NA,High,Medium,High,NA,NA,NA,NA,NA,NA,NA,NA,NA,NA,NA,NA,NA,NA,NA,NA,NA,NA,NA,NA,NA,NA,NA,NA,NA,NA,NA,NA,NA
25,2025-11-15,13:14:26,"McNeillie, Luke",703667,Right,FLA_GAT,Undefined,0,0,StrikeSwinging,Fastball,NA,NA,98.29642,-2.908456,-2.755878,2511.871102,204.98748,12:45:00,6.1746,1.55695,5.69561,-4.89595,25.44761,11.23422,3.05071,-0.07709,86.33361,-4.017434,-0.750882,0.396465,-6.6702,14.26934,-1.33205,50,5.92692,6.24956,-141.81947,-7.15696,-13.07617,43.73014,-4.20063,e89311e4-82f5-4bc3-9502-15a65990dd75,NA,NA,NA,NA,NA,814065,"Surowiec, Ethan",NA,NA,NA,Right,NA,NA,NA,NA,NA,NA,NA,NA,NA,NA,NA,NA,NA,NA,NA,NA,ecec4470-c24e-11f0-a0a7-8d861a32580b,3,1,FLA_GAT,1,Bottom,2,Four-Seam,Undefined,Undefined,Undefined,0,0,NA,FLA_GAT,FLA_GAT,CondronBallpark,TeamExclusive,Team,20251115-CondronBallpark-Private-2,95.07133,NA,NA,11.96281,NA,NA,NA,0da46085-2dd1-4a37-b86a-f3dac27fc572,2025-11-15,18:14:26,2025-11-15T18:14:26Z,2025-11-15T18:14:26Z,NA,v3,471297,471297,NA,"Bowen, Karson",702710,Right,FLA_GAT,54.79468,-143.29029,21.86507,6.16526,-7.01567,-2.10032,-1.54964,6.68936,-6.53808,NA,NA,NA,NA,NA,NA,NA,NA,NA,NA,NA,NA,NA,NA,NA,NA,NA,NA,NA,NA,NA,NA,NA,NA,NA,NA,NA,NA,NA,NA,NA,NA,NA,NA,NA,NA,NA,NA,NA,NA,NA,NA,NA,NA,NA,NA,NA,NA,NA,NA,High,High,High,NA,NA,NA,NA,NA,NA,NA,NA,NA,NA,NA,NA,NA,NA,NA,NA,NA,NA,NA,NA,NA,NA,NA,NA,NA,NA,NA,NA,NA,NA,NA,NA,NA,NA
26,2025-11-15,13:14:40,"McNeillie, Luke",703667,Right,FLA_GAT,Undefined,0,1,FoulBallNotFieldable,Fastball,NA,NA,97.85114,-2.914616,-3.111893,2515.574013,203.921405,12:45:00,6.03874,1.66424,5.31146,-8.66044,22.29269,9.3002,2.57493,-0.48449,86.37475,-4.675301,-1.46463,0.400427,-5.7663,12.53985,-1.38864,50,5.76837,7.18545,-141.10354,-7.3615,-11.24508,41.88813,-7.71954,717b4eaa-6364-4f26-b60f-ff817190e76e,NA,NA,NA,NA,145.332383,814065,"Surowiec, Ethan",6377.94313,NA,76.1529,Right,1.250257,NA,NA,NA,55.92143,41.57495,0.533527,149.321311,-0.25438,2.73263,0.2312,NA,NA,NA,NA,NA,f4e680f0-c24e-11f0-a0a7-8d861a32580b,3,2,FLA_GAT,1,Bottom,2,Four-Seam,Undefined,Undefined,Undefined,0,0,NA,FLA_GAT,FLA_GAT,CondronBallpark,TeamExclusive,Team,20251115-CondronBallpark-Private-2,94.13055,2.8335,NA,11.47639,NA,NA,NA,0da46085-2dd1-4a37-b86a-f3dac27fc572,2025-11-15,18:14:40,2025-11-15T18:14:40Z,2025-11-15T18:14:40Z,GroundBall,v3,471297,471297,NA,"Bowen, Karson",702710,Right,FLA_GAT,55.18028,-142.63308,20.94407,6.03202,-7.07962,-3.85977,-1.65851,7.59606,-5.62254,NA,-0.24831,-91.99638,4.32334,NA,NA,NA,NA,NA,NA,2.73859,2.28789,-13.92923,NA,NA,NA,NA,NA,NA,0.25611,62.88918,-18.62025,NA,NA,NA,NA,NA,NA,NA,NA,NA,NA,NA,NA,NA,NA,NA,NA,NA,NA,NA,NA,NA,NA,NA,NA,NA,NA,NA,NA,High,High,High,Medium,Medium,NA,NA,NA,NA,NA,NA,NA,NA,NA,NA,NA,NA,NA,NA,NA,NA,NA,NA,NA,NA,NA,NA,NA,NA,NA,NA,NA,NA,NA,46.93526,4.1009,24.72165
27,2025-11-15,13:15:01,"McNeillie, Luke",703667,Right,FLA_GAT,Undefined,0,2,BallCalled,Fastball,NA,NA,97.07141,-3.325491,-3.84575,2434.706023,209.072399,01:00:00,6.07014,1.45936,5.33239,-11.66851,19.5234,10.16012,1.96707,-1.30767,86.57174,-5.598838,-2.047341,0.401969,-6.35693,11.22402,-1.11892,50,5.76101,8.88833,-139.98148,-8.48006,-12.32673,38.29116,-10.40963,3a710397-9813-4098-8252-9076f207eca1,NA,NA,NA,NA,NA,814065,"Surowiec, Ethan",NA,NA,NA,Right,NA,NA,NA,NA,NA,NA,NA,NA,NA,NA,NA,NA,NA,NA,NA,NA,01c5f1c0-c24f-11f0-a0a7-8d861a32580b,3,3,FLA_GAT,1,Bottom,2,Four-Seam,Undefined,Undefined,Undefined,0,0,NA,FLA_GAT,FLA_GAT,CondronBallpark,TeamExclusive,Team,20251115-CondronBallpark-Private-2,93.76956,NA,NA,10.49967,NA,NA,NA,0da46085-2dd1-4a37-b86a-f3dac27fc572,2025-11-15,18:15:01,2025-11-15T18:15:01Z,2025-11-15T18:15:01Z,NA,v3,471297,471297,NA,"Bowen, Karson",702710,Right,FLA_GAT,55.16093,-141.38617,19.14558,6.06509,-8.09818,-5.20482,-1.45328,9.34053,-6.16337,NA,NA,NA,NA,NA,NA,NA,NA,NA,NA,NA,NA,NA,NA,NA,NA,NA,NA,NA,NA,NA,NA,NA,NA,NA,NA,NA,NA,NA,NA,NA,NA,NA,NA,NA,NA,NA,NA,NA,NA,NA,NA,NA,NA,NA,NA,NA,NA,NA,NA,High,High,High,NA,NA,NA,NA,NA,NA,NA,NA,NA,NA,NA,NA,NA,NA,NA,NA,NA,NA,NA,NA,NA,NA,NA,NA,NA,NA,NA,NA,NA,NA,NA,NA,NA,NA
28,2025-11-15,13:15:15,"McNeillie, Luke",703667,Right,FLA_GAT,Undefined,1,2,BallCalled,Slider,NA,NA,89.04758,-1.709075,-2.6872220000000002,2802.211718,66.594933,08:15:00,5.83779,1.799,4.57566,-37.86278,-0.65079,-4.25461,1.05418,-1.1142,81.68559,-8.480616,-3.432484,0.439049,1.31709,0.49528,-1.51638,50,5.62515,6.25605,-128.92199,-5.46811,2.21007,27.5508,-31.34294,350850f4-fea3-450d-937e-3185c9047f43,NA,NA,NA,NA,NA,814065,"Surowiec, Ethan",NA,NA,NA,Right,NA,NA,NA,NA,NA,NA,NA,NA,NA,NA,NA,NA,NA,NA,NA,NA,0a1700d0-c24f-11f0-a0a7-8d861a32580b,3,4,FLA_GAT,1,Bottom,2,Slider,Undefined,Undefined,Undefined,0,0,NA,FLA_GAT,FLA_GAT,CondronBallpark,TeamExclusive,Team,20251115-CondronBallpark-Private-2,85.85025,NA,NA,7.36199,NA,NA,NA,0da46085-2dd1-4a37-b86a-f3dac27fc572,2025-11-15,18:15:15,2025-11-15T18:15:15Z,2025-11-15T18:15:15Z,NA,v3,471297,471297,NA,"Bowen, Karson",702710,Right,FLA_GAT,55.92394,-130.18179,13.7754,5.84242,-4.03491,-15.67147,-1.80014,6.15499,1.10504,NA,NA,NA,NA,NA,NA,NA,NA,NA,NA,NA,NA,NA,NA,NA,NA,NA,NA,NA,NA,NA,NA,NA,NA,NA,NA,NA,NA,NA,NA,NA,NA,NA,NA,NA,NA,NA,NA,NA,NA,NA,NA,NA,NA,NA,NA,NA,NA,NA,NA,High,High,High,NA,NA,NA,NA,NA,NA,NA,NA,NA,NA,NA,NA,NA,NA,NA,NA,NA,NA,NA,NA,NA,NA,NA,NA,NA,NA,NA,NA,NA,NA,NA,NA,NA,NA
29,2025-11-15,13:15:34,"McNeillie, Luke",703667,Right,FLA_GAT,Undefined,2,2,BallCalled,Fastball,NA,NA,97.20226,-3.023758,-4.7803890000000004,2542.111006,213.833524,01:15:00,5.99776,1.78295,5.30505,-12.28292,18.62489,11.71217,2.12314,-1.73896,87.4137,-5.388736,-2.712399,0.400134,-7.33772,10.58091,-1.35666,50,5.71366,11.13063,-140.20035,-7.80831,-14.40844,35.67589,-11.39721,19d9e918-f238-4ac5-9fe7-6a5fe948238d,NA,NA,NA,NA,NA,814065,"Surowiec, Ethan",NA,NA,NA,Right,NA,NA,NA,NA,NA,NA,NA,NA,NA,NA,NA,NA,NA,NA,NA,NA,1528b680-c24f-11f0-a0a7-8d861a32580b,3,5,FLA_GAT,1,Bottom,2,Four-Seam,Undefined,Undefined,Undefined,0,0,NA,FLA_GAT,FLA_GAT,CondronBallpark,TeamExclusive,Team,20251115-CondronBallpark-Private-2,94.19955,NA,NA,9.78856,NA,NA,NA,0da46085-2dd1-4a37-b86a-f3dac27fc572,2025-11-15,18:15:34,2025-11-15T18:15:34Z,2025-11-15T18:15:34Z,NA,v3,471297,471297,NA,"Bowen, Karson",702710,Right,FLA_GAT,55.19066,-141.51501,17.83795,5.99366,-7.38832,-5.69861,-1.77661,11.66159,-7.20422,NA,NA,NA,NA,NA,NA,NA,NA,NA,NA,NA,NA,NA,NA,NA,NA,NA,NA,NA,NA,NA,NA,NA,NA,NA,NA,NA,NA,NA,NA,NA,NA,NA,NA,NA,NA,NA,NA,NA,NA,NA,NA,NA,NA,NA,NA,NA,NA,NA,NA,High,High,High,NA,NA,NA,NA,NA,NA,NA,NA,NA,NA,NA,NA,NA,NA,NA,NA,NA,NA,NA,NA,NA,NA,NA,NA,NA,NA,NA,NA,NA,NA,NA,NA,NA,NA
30,2025-11-15,13:15:49,"McNeillie, Luke",703667,Right,FLA_GAT,Undefined,3,2,StrikeSwinging,Fastball,NA,NA,95.90699,-2.713577,-2.816793,2576.585816,208.2169,01:00:00,5.98016,1.39508,5.44579,-11.96863,19.67135,9.89434,2.43715,-0.41981,85.75985,-5.045415,-1.058635,0.404846,-5.87492,11.11115,-1.1529,50,5.73221,6.32422,-138.59151,-6.90663,-11.19266,36.88542,-11.00557,b2593498-9a47-48cd-891b-5baf7c00afe1,NA,NA,NA,NA,NA,814065,"Surowiec, Ethan",NA,NA,NA,Right,NA,NA,NA,NA,NA,NA,NA,NA,NA,NA,NA,NA,NA,NA,NA,NA,1dfcb130-c24f-11f0-a0a7-8d861a32580b,3,6,FLA_GAT,1,Bottom,2,Four-Seam,Strikeout,Undefined,Undefined,0,0,NA,FLA_GAT,FLA_GAT,CondronBallpark,TeamExclusive,Team,20251115-CondronBallpark-Private-2,93.10323,NA,NA,10.14714,NA,NA,NA,0da46085-2dd1-4a37-b86a-f3dac27fc572,2025-11-15,18:15:49,2025-11-15T18:15:49Z,2025-11-15T18:15:49Z,NA,v3,471297,471297,NA,"Bowen, Karson",702710,Right,FLA_GAT,55.04798,-139.92855,18.44271,5.97534,-6.5077,-5.50279,-1.38949,6.72994,-5.59633,NA,NA,NA,NA,NA,NA,NA,NA,NA,NA,NA,NA,NA,NA,NA,NA,NA,NA,NA,NA,NA,NA,NA,NA,NA,NA,NA,NA,63.67377,NA,NA,1.137622,NA,NA,NA,0.51394,5.28432,5.9392,74.36891,7.72093,-50.41023,0.55132,70.02127,-4.54455,5.32875,18.5845,-14.52855,5.86003,-57.22475,6.88974,High,High,High,NA,NA,High,Medium,Medium,NA,NA,NA,NA,NA,NA,NA,NA,NA,NA,NA,NA,NA,NA,NA,NA,NA,NA,NA,NA,NA,NA,NA,NA,NA,NA,NA,NA,NA
31,2025-11-15,13:18:58,"Sandefer, Russell",824531,Right,FLA_GAT,Undefined,0,0,StrikeCalled,Slider,NA,NA,80.94182,0.062439,-3.284474,2802.931874,56.161838,07:45:00,5.6099,3.75101,5.59432,-49.03385,-5.21614,-10.03516,1.58214,-0.15526,73.70028,-8.877221,-5.072733,0.476427,4.00469,-2.18039,-3.46253,50,5.58373,7.13227,-117.24518,-1.57012,5.48829,25.36116,-35.1622,090f403c-f5ae-4fb0-9f85-e02e126bad1c,NA,NA,NA,NA,NA,1000098001,"Stanford, Cole",NA,NA,NA,Right,NA,NA,NA,NA,NA,NA,NA,NA,NA,NA,NA,NA,NA,NA,NA,NA,8f25cef0-c24f-11f0-a0a7-8d861a32580b,1,1,FLA_GAT,2,Top,0,Curveball,Undefined,Undefined,Undefined,0,0,NA,FLA_GAT,FLA_GAT,CondronBallpark,TeamExclusive,Team,20251115-CondronBallpark-Private-2,79.11489,NA,NA,7.24154,NA,NA,NA,0da46085-2dd1-4a37-b86a-f3dac27fc572,2025-11-15,18:18:58,2025-11-15T18:18:58Z,2025-11-15T18:18:58Z,NA,v3,471297,471297,NA,"Malzone, Aj",1000352389,Right,FLA_GAT,54.90446,-118.3013,12.68058,5.61862,-0.10585,-17.5811,-3.75478,6.90372,2.74415,NA,NA,NA,NA,NA,NA,NA,NA,NA,NA,NA,NA,NA,NA,NA,NA,NA,NA,NA,NA,NA,NA,NA,NA,NA,NA,NA,NA,NA,NA,NA,NA,NA,NA,NA,NA,NA,NA,NA,NA,NA,NA,NA,NA,NA,NA,NA,NA,NA,NA,High,High,High,NA,NA,NA,NA,NA,NA,NA,NA,NA,NA,NA,NA,NA,NA,NA,NA,NA,NA,NA,NA,NA,NA,NA,NA,NA,NA,NA,NA,NA,NA,NA,NA,NA,NA
32,2025-11-15,13:19:12,"Sandefer, Russell",824531,Right,FLA_GAT,Undefined,0,1,BallCalled,Slider,NA,NA,82.98347,0.65103,-4.636497,2855.713147,96.207496,09:15:00,5.7015,3.80095,5.38304,-39.28912,2.24563,-9.19292,3.03969,-1.32073,76.33486,-6.496338,-6.259636,0.46385,3.34642,1.33307,-3.37873,50,5.7322,10.12309,-120.12296,-0.02593,4.8953,23.01345,-30.22396,58b513a6-e57e-4633-9dbc-5b8ae6ae3993,NA,NA,NA,NA,NA,1000098001,"Stanford, Cole",NA,NA,NA,Right,NA,NA,NA,NA,NA,NA,NA,NA,NA,NA,NA,NA,NA,NA,NA,NA,976f3ce0-c24f-11f0-a0a7-8d861a32580b,1,2,FLA_GAT,2,Top,0,Slider,Undefined,Undefined,Undefined,0,0,NA,FLA_GAT,FLA_GAT,CondronBallpark,TeamExclusive,Team,20251115-CondronBallpark-Private-2,81.26003,NA,NA,6.64861,NA,NA,NA,0da46085-2dd1-4a37-b86a-f3dac27fc572,2025-11-15,18:19:12,2025-11-15T18:19:12Z,2025-11-15T18:19:12Z,NA,v3,471297,471297,NA,"Malzone, Aj",1000352389,Right,FLA_GAT,55.11644,-121.09921,11.50672,5.70611,1.2562,-15.11198,-3.80376,9.91543,2.44765,NA,NA,NA,NA,NA,NA,NA,NA,NA,NA,NA,NA,NA,NA,NA,NA,NA,NA,NA,NA,NA,NA,NA,NA,NA,NA,NA,NA,NA,NA,NA,NA,NA,NA,NA,NA,NA,NA,NA,NA,NA,NA,NA,NA,NA,NA,NA,NA,NA,NA,High,High,High,NA,NA,NA,NA,NA,NA,NA,NA,NA,NA,NA,NA,NA,NA,NA,NA,NA,NA,NA,NA,NA,NA,NA,NA,NA,NA,NA,NA,NA,NA,NA,NA,NA,NA
33,2025-11-15,13:19:29,"Sandefer, Russell",824531,Right,FLA_GAT,Undefined,1,1,StrikeCalled,Slider,NA,NA,81.91832,0.677741,-3.540159,2856.437206,75.880617,08:30:00,5.62573,3.62077,5.48773,-44.80187,-2.25819,-14.23985,2.52754,-0.88206,75.18983,-7.47439,-6.066981,0.46945,6.12433,-0.89394,-3.30055,50,5.65508,7.92975,-118.72283,-0.17492,8.7024,23.67001,-33.44431,93a293d3-5188-4743-80da-875327ea565d,NA,NA,NA,NA,NA,1000098001,"Stanford, Cole",NA,NA,NA,Right,NA,NA,NA,NA,NA,NA,NA,NA,NA,NA,NA,NA,NA,NA,NA,NA,a0fb15e0-c24f-11f0-a0a7-8d861a32580b,1,3,FLA_GAT,2,Top,0,Slider,Undefined,Undefined,Undefined,0,0,NA,FLA_GAT,FLA_GAT,CondronBallpark,TeamExclusive,Team,20251115-CondronBallpark-Private-2,80.29072,NA,NA,6.72849,NA,NA,NA,0da46085-2dd1-4a37-b86a-f3dac27fc572,2025-11-15,18:19:29,2025-11-15T18:19:29Z,2025-11-15T18:19:29Z,NA,v3,471297,471297,NA,"Malzone, Aj",1000352389,Right,FLA_GAT,55.01195,-119.7179,11.83501,5.63288,1.23106,-16.72216,-3.62622,7.56391,4.3512,NA,NA,NA,NA,NA,NA,NA,NA,NA,NA,NA,NA,NA,NA,NA,NA,NA,NA,NA,NA,NA,NA,NA,NA,NA,NA,NA,NA,NA,NA,NA,NA,NA,NA,NA,NA,NA,NA,NA,NA,NA,NA,NA,NA,NA,NA,NA,NA,NA,NA,High,High,High,NA,NA,NA,NA,NA,NA,NA,NA,NA,NA,NA,NA,NA,NA,NA,NA,NA,NA,NA,NA,NA,NA,NA,NA,NA,NA,NA,NA,NA,NA,NA,NA,NA,NA
34,2025-11-15,13:19:47,"Sandefer, Russell",824531,Right,FLA_GAT,Undefined,1,2,BallCalled,Slider,NA,NA,81.17926,0.200512,-3.674239,2794.90017,77.029092,08:30:00,5.64133,3.41969,5.2516,-46.62664,-2.48894,-17.28458,1.94458,-1.47797,74.01229,-8.248631,-6.727538,0.478163,7.43989,-0.83284,-3.06911,50,5.62553,8.2683700000000009,-117.48217,-1.26889,10.24887,25.23578,-33.32133,6712e13e-1990-4ab7-bd71-227df53523b6,NA,NA,NA,NA,NA,1000098001,"Stanford, Cole",NA,NA,NA,Right,NA,NA,NA,NA,NA,NA,NA,NA,NA,NA,NA,NA,NA,NA,NA,NA,ac3fe980-c24f-11f0-a0a7-8d861a32580b,1,4,FLA_GAT,2,Top,0,Slider,Undefined,Undefined,Undefined,0,0,NA,FLA_GAT,FLA_GAT,CondronBallpark,TeamExclusive,Team,20251115-CondronBallpark-Private-2,78.82752,NA,NA,7.16698,NA,NA,NA,0da46085-2dd1-4a37-b86a-f3dac27fc572,2025-11-15,18:19:47,2025-11-15T18:19:47Z,2025-11-15T18:19:47Z,NA,v3,471297,471297,NA,"Malzone, Aj",1000352389,Right,FLA_GAT,55.24724,-118.60395,12.61789,5.64902,0.21231,-16.66067,-3.42653,7.81279,5.12444,NA,NA,NA,NA,NA,NA,NA,NA,NA,NA,NA,NA,NA,NA,NA,NA,NA,NA,NA,NA,NA,NA,NA,NA,NA,NA,NA,NA,NA,NA,NA,NA,NA,NA,NA,NA,NA,NA,NA,NA,NA,NA,NA,NA,NA,NA,NA,NA,NA,NA,High,High,High,NA,NA,NA,NA,NA,NA,NA,NA,NA,NA,NA,NA,NA,NA,NA,NA,NA,NA,NA,NA,NA,NA,NA,NA,NA,NA,NA,NA,NA,NA,NA,NA,NA,NA
35,2025-11-15,13:20:03,"Sandefer, Russell",824531,Right,FLA_GAT,Undefined,2,2,StrikeSwinging,Slider,NA,NA,83.176,0.505525,-3.17856,2867.092948,78.028984,08:30:00,5.61694,3.61871,5.60327,-43.62388,-1.75323,-15.6171,2.45427,-0.65302,74.89801,-7.5000540000000004,-5.958086,0.465721,6.72622,-0.54728,-3.33641,50,5.6327,7.34188,-120.34586,-0.4738,9.62031,28.74295,-32.9568,702030fa-ebe4-4c19-b4a9-07f91944cebf,NA,NA,NA,NA,NA,1000098001,"Stanford, Cole",NA,NA,NA,Right,NA,NA,NA,NA,NA,NA,NA,NA,NA,NA,NA,NA,NA,NA,NA,NA,b579d1f0-c24f-11f0-a0a7-8d861a32580b,1,5,FLA_GAT,2,Top,0,Slider,Strikeout,Undefined,Undefined,0,0,NA,FLA_GAT,FLA_GAT,CondronBallpark,TeamExclusive,Team,20251115-CondronBallpark-Private-2,80.93346,NA,NA,8.27799,NA,NA,NA,0da46085-2dd1-4a37-b86a-f3dac27fc572,2025-11-15,18:20:03,2025-11-15T18:20:03Z,2025-11-15T18:20:03Z,NA,v3,471297,471297,NA,"Malzone, Aj",1000352389,Right,FLA_GAT,54.89295,-121.50885,14.37148,5.6249,0.85969,-16.4784,-3.6256,6.95262,4.81016,NA,NA,NA,NA,NA,NA,NA,NA,NA,NA,NA,NA,NA,NA,NA,NA,NA,NA,NA,NA,NA,NA,NA,NA,NA,NA,NA,NA,50.16623,2.920155,1.261414,1.65874,-1.44631,2.06316,0.95561,-6.92111,2.17163,6.83059,71.21534,7.11167,-53.56502,-6.80953,51.80894,-2.88267,2.34336,27.97265,-15.14082,6.69833,-41.15723,2.91773,High,High,High,NA,NA,High,Medium,High,NA,NA,NA,NA,NA,NA,NA,NA,NA,NA,NA,NA,NA,NA,NA,NA,NA,NA,NA,NA,NA,NA,NA,NA,NA,NA,NA,NA,NA
36,2025-11-15,13:20:32,"Sandefer, Russell",824531,Right,FLA_GAT,Undefined,0,0,BallCalled,ChangeUp,NA,NA,82.75642,-0.256241,-4.114908,2387.515721,247.789964,02:15:00,5.60892,3.53037,6.14057,-31.35466,9.55398,19.89926,2.75862,1.37932,74.98989,-6.135004,-0.535762,0.46034,-11.42749,5.45355,-3.22571,50,5.57341,7.8412,-119.89225,-1.48205,-16.47491,25.23714,-24.31172,24d3e14b-49bb-435f-9360-980d69d57d32,NA,NA,NA,NA,NA,703630,"Nadeau, Justin",NA,NA,NA,Left,NA,NA,NA,NA,NA,NA,NA,NA,NA,NA,NA,NA,NA,NA,NA,NA,c6f1b6a0-c24f-11f0-a0a7-8d861a32580b,2,1,FLA_GAT,2,Top,1,Changeup,Undefined,Undefined,Undefined,0,0,NA,FLA_GAT,FLA_GAT,CondronBallpark,TeamExclusive,Team,20251115-CondronBallpark-Private-2,81.87952,NA,NA,7.76652,NA,NA,NA,0da46085-2dd1-4a37-b86a-f3dac27fc572,2025-11-15,18:20:32,2025-11-15T18:20:32Z,2025-11-15T18:20:32Z,NA,v3,471297,471297,NA,"Malzone, Aj",1000352389,Right,FLA_GAT,54.35682,-120.80588,12.61857,5.61114,-0.60193,-12.15586,-3.5203700000000002,8.43762,-8.23746,NA,NA,NA,NA,NA,NA,NA,NA,NA,NA,NA,NA,NA,NA,NA,NA,NA,NA,NA,NA,NA,NA,NA,NA,NA,NA,NA,NA,NA,NA,NA,NA,NA,NA,NA,NA,NA,NA,NA,NA,NA,NA,NA,NA,NA,NA,NA,NA,NA,NA,High,High,High,NA,NA,NA,NA,NA,NA,NA,NA,NA,NA,NA,NA,NA,NA,NA,NA,NA,NA,NA,NA,NA,NA,NA,NA,NA,NA,NA,NA,NA,NA,NA,NA,NA,NA
37,2025-11-15,13:20:46,"Sandefer, Russell",824531,Right,FLA_GAT,Undefined,1,0,InPlay,Fastball,NA,NA,92.86935,-1.414316,-5.022538,2529.620835,229.024436,01:45:00,5.82742,3.51698,5.40454,-15.59871,18.07883,19.37222,3.19695,0.41316,83.38861,-4.397316,-1.595163,0.417678,-11.32938,9.88201,-3.08271,50,5.69064,10.86992,-134.11141,-3.81666,-20.34,32.85692,-14.43258,1719d420-1062-4511-b4ee-7c206329f0c0,NA,NA,NA,NA,17.397412,703630,"Nadeau, Justin",3411.884691,NA,93.46935,Left,0.037865,NA,NA,NA,42.01155,42.01155,0.310172,17.35562,1.62015,3.0016,-0.44941,NA,NA,NA,NA,NA,cf5b08a0-c24f-11f0-a0a7-8d861a32580b,2,2,FLA_GAT,2,Top,1,Four-Seam,Undefined,GroundBall,Out,1,0,NA,FLA_GAT,FLA_GAT,CondronBallpark,TeamExclusive,Team,20251115-CondronBallpark-Private-2,90.24284,3.0016,NA,9.48074,NA,NA,NA,0da46085-2dd1-4a37-b86a-f3dac27fc572,2025-11-15,18:20:46,2025-11-15T18:20:46Z,2025-11-15T18:20:46Z,GroundBall,v3,471297,471297,NA,"Malzone, Aj",1000352389,Right,FLA_GAT,55.09316,-135.35346,16.42846,5.8246,-3.27108,-7.21629,-3.50815,11.63882,-10.17,328.780484,1.62212,130.73314,-21.56752,NA,NA,NA,NA,NA,NA,3.00947,-0.24748,-30.56223,NA,NA,NA,NA,NA,NA,-0.4524,41.11824,2.42884,NA,NA,NA,NA,NA,NA,NA,NA,NA,NA,NA,NA,NA,NA,NA,NA,NA,NA,NA,NA,NA,NA,NA,NA,NA,NA,NA,NA,High,High,High,High,High,NA,NA,NA,NA,NA,NA,NA,NA,NA,NA,NA,NA,NA,NA,NA,NA,NA,NA,NA,NA,NA,NA,NA,NA,NA,NA,NA,NA,NA,NA,NA,NA
38,2025-11-15,13:21:23,"Sandefer, Russell",824531,Right,FLA_GAT,Undefined,0,0,BallCalled,Slider,NA,NA,83.0374,-0.170501,-3.906092,2920.335899,102.165258,09:30:00,5.62247,3.66906,5.59668,-37.35683,3.79209,-11.75461,2.34985,-0.96303,76.35393,-6.999635,-5.994269,0.46169,4.86004,2.3552399999999998,-3.32601,50,5.58362,8.69164,-120.33678,-1.63628,7.11709,23.63866,-28.72499,1f87bf00-3c3c-4fbb-8a78-7a63727964c7,NA,NA,NA,NA,NA,701341,"Wilson, Ashton",NA,NA,NA,Right,NA,NA,NA,NA,NA,NA,NA,NA,NA,NA,NA,NA,NA,NA,NA,NA,e567b7b0-c24f-11f0-a0a7-8d861a32580b,3,1,FLA_GAT,2,Top,2,Slider,Undefined,Undefined,Undefined,0,0,NA,FLA_GAT,FLA_GAT,CondronBallpark,TeamExclusive,Team,20251115-CondronBallpark-Private-2,81.64012,NA,NA,6.68347,NA,NA,NA,0da46085-2dd1-4a37-b86a-f3dac27fc572,2025-11-15,18:21:23,2025-11-15T18:21:23Z,2025-11-15T18:21:23Z,NA,v3,471297,471297,NA,"Malzone, Aj",1000352389,Right,FLA_GAT,54.90271,-121.29604,11.81933,5.62636,-0.47063,-14.36249,-3.67285,8.40283,3.55855,NA,NA,NA,NA,NA,NA,NA,NA,NA,NA,NA,NA,NA,NA,NA,NA,NA,NA,NA,NA,NA,NA,NA,NA,NA,NA,NA,NA,NA,NA,NA,NA,NA,NA,NA,NA,NA,NA,NA,NA,NA,NA,NA,NA,NA,NA,NA,NA,NA,NA,High,High,High,NA,NA,NA,NA,NA,NA,NA,NA,NA,NA,NA,NA,NA,NA,NA,NA,NA,NA,NA,NA,NA,NA,NA,NA,NA,NA,NA,NA,NA,NA,NA,NA,NA,NA
39,2025-11-15,13:21:41,"Sandefer, Russell",824531,Right,FLA_GAT,Undefined,1,0,InPlay,TwoSeamFastBall,NA,NA,93.41444,-1.337436,-5.452756,2508.760164,246.036042,02:15:00,5.87469,3.39753,5.66213,-22.77178,9.8517,19.70706,2.72399,-0.0603,84.95544,-5.575896,-1.951017,0.41109,-11.59792,5.69929,-2.94804,50,5.74674,12.00193,-135.06026,-3.98448,-21.36322,30.17844,-21.67605,e5c2979a-1aac-4297-a55a-2315d7e38941,NA,NA,NA,NA,9.043737,701341,"Wilson, Ashton",2944.994718,NA,101.43796,Right,21.903408,107.33166,40.955,24.07916,351.20347,345.51285,4.028327,20.389686,0.8965,2.74069,0.09455,NA,NA,NA,NA,NA,efec6fa0-c24f-11f0-a0a7-8d861a32580b,3,2,FLA_GAT,2,Top,2,Sinker,Undefined,LineDrive,Out,1,0,NA,FLA_GAT,FLA_GAT,CondronBallpark,TeamExclusive,Team,20251115-CondronBallpark-Private-2,91.68911,54.64702,NA,8.459,NA,NA,NA,0da46085-2dd1-4a37-b86a-f3dac27fc572,2025-11-15,18:21:41,2025-11-15T18:21:41Z,2025-11-15T18:21:41Z,LineDrive,v3,471297,471297,NA,"Malzone, Aj",1000352389,Right,FLA_GAT,54.83818,-136.13704,15.08922,5.87511,-3.21108,-10.83803,-3.38987,12.76417,-10.68161,222.61495,0.89608,136.32896,-27.55535,6.59387,-1.44581,0.30013,-0.05308,0.00613,-3.1e-4,2.74128,55.48621,-15.43288,0.16123,0.16409,-0.06073,0.0101,-1.2e-4,-9e-5,0.0949,21.68951,6.51606,-2.45906,0.70556,-0.17413,0.03382,-0.00412,2.2e-4,NA,NA,NA,NA,NA,NA,NA,NA,NA,NA,NA,NA,NA,NA,NA,NA,NA,NA,NA,NA,NA,NA,High,High,High,High,High,NA,NA,NA,NA,NA,NA,NA,NA,NA,NA,NA,NA,NA,NA,NA,NA,NA,NA,NA,NA,NA,NA,NA,NA,NA,NA,NA,NA,NA,74.61996,12.28485,-1.19978
40,2025-11-15,13:24:12,"McNeillie, Luke",703667,Right,FLA_GAT,Undefined,0,0,FoulBallNotFieldable,TwoSeamFastBall,NA,NA,94.61053,-2.508009,-3.439659,2415.403218,216.751946,01:15:00,5.78424,2.20592,5.12018,-13.17969,19.41997,13.62812,2.31773,0.0977,85.41299,-5.028709,-1.034357,0.410939,-7.85575,10.7756,-1.89339,50,5.53848,7.55227,-136.79371,-6.42823,-14.73116,33.09309,-11.9675,8ba90523-a9b5-4e95-b0c2-b86dc9bbb760,NA,NA,NA,NA,-112.599282,1000352389,"Malzone, Aj",5119.601936,NA,75.8715,Left,77.57348,NA,NA,NA,NA,9.97319,NA,NA,1.44395,2.50858,-0.11518,NA,NA,NA,NA,NA,49e14e40-c250-11f0-a0a7-8d861a32580b,1,1,FLA_GAT,2,Bottom,0,Four-Seam,Undefined,Undefined,Undefined,0,0,NA,FLA_GAT,FLA_GAT,CondronBallpark,TeamExclusive,Team,20251115-CondronBallpark-Private-2,91.72262,42.02512,NA,9.19754,NA,NA,NA,0da46085-2dd1-4a37-b86a-f3dac27fc572,2025-11-15,18:24:12,2025-11-15T18:24:12Z,2025-11-15T18:24:12Z,NA,v3,471297,471297,NA,"Bowen, Karson",702710,Right,FLA_GAT,55.37776,-138.08857,16.54655,5.78084,-5.95997,-5.98375,-2.20017,8.12867,-7.36558,9.62165,1.45454,-9.55149,-7.19758,NA,NA,NA,NA,NA,NA,2.52014,108.29337,-28.24304,NA,NA,NA,NA,NA,NA,-0.11238,-22.20021,-0.70549,NA,NA,NA,NA,NA,NA,NA,NA,NA,NA,NA,NA,NA,NA,NA,NA,NA,NA,NA,NA,NA,NA,NA,NA,NA,NA,NA,NA,High,High,High,High,Undefined,NA,NA,NA,NA,NA,NA,NA,NA,NA,NA,NA,NA,NA,NA,NA,NA,NA,NA,NA,NA,NA,NA,NA,NA,NA,NA,NA,NA,NA,75.36798,13.6338,15.96329
41,2025-11-15,13:24:31,"McNeillie, Luke",703667,Right,FLA_GAT,Undefined,0,1,FoulBallNotFieldable,Slider,NA,NA,87.47366,-0.626856,-2.155001,2620.050655,26.840719,07:00:00,5.78488,2.27375,4.47978,-41.56672,-2.77484,-2.05721,1.72306,0.04735,79.83247,-8.067681,-2.514958,0.448272,0.3637,-0.84453,-2.04482,50,5.67863,4.86502,-126.67411,-3.15743,0.58668,27.62117,-33.5364,98ad43cd-4cd8-4856-a34e-a7f805d82356,NA,NA,NA,NA,70.965252,1000352389,"Malzone, Aj",NA,NA,82.87618,Left,-25.959428,NA,NA,NA,5.44385,5.44385,0.03593,41.562518,2.79011,1.91546,-0.10756,NA,NA,NA,NA,NA,554060a0-c250-11f0-a0a7-8d861a32580b,1,2,FLA_GAT,2,Bottom,0,Slider,Undefined,Undefined,Undefined,0,0,NA,FLA_GAT,FLA_GAT,CondronBallpark,TeamExclusive,Team,20251115-CondronBallpark-Private-2,84.08382,1.91546,NA,7.64119,NA,NA,NA,0da46085-2dd1-4a37-b86a-f3dac27fc572,2025-11-15,18:24:31,2025-11-15T18:24:31Z,2025-11-15T18:24:31Z,GroundBall,v3,471297,471297,NA,"Bowen, Karson",702710,Right,FLA_GAT,56.01996,-127.98003,13.81059,5.79042,-1.57184,-16.7682,-2.27418,4.83728,0.29334,NA,2.78971,35.71276,NA,NA,NA,NA,NA,NA,NA,1.91606,-53.31117,NA,NA,NA,NA,NA,NA,NA,-0.10873,103.51342,NA,NA,NA,NA,NA,NA,NA,NA,NA,NA,NA,NA,NA,NA,NA,NA,NA,NA,NA,NA,NA,NA,NA,NA,NA,NA,NA,NA,NA,High,High,High,Estimated,Estimated,NA,NA,NA,NA,NA,NA,NA,NA,NA,NA,NA,NA,NA,NA,NA,NA,NA,NA,NA,NA,NA,NA,NA,NA,NA,NA,NA,NA,NA,74.31813,12.02252,19.66104
42,2025-11-15,13:24:53,"McNeillie, Luke",703667,Right,FLA_GAT,Undefined,0,2,FoulBallNotFieldable,Fastball,NA,NA,87.62984,0.413577,-1.780853,2621.272509,52.189506,07:45:00,5.81836,2.36217,4.62938,-40.3951,-2.20291,-4.38461,2.84542,0.3035,80.25385,-6.84583,-2.549696,0.444794,1.65524,-0.87992,-2.17512,50,5.82344,4.15741,-127.04895,-0.77878,2.70252,26.29218,-33.61071,0f1df716-4f45-458e-9b13-ae0d6a288b9b,NA,NA,NA,NA,-114.490046,1000352389,"Malzone, Aj",6645.811097,NA,68.91837,Left,61.698847,NA,NA,NA,NA,27.33093,NA,NA,0.58042,2.8593,-0.29613,NA,NA,NA,NA,NA,62767cf0-c250-11f0-a0a7-8d861a32580b,1,3,FLA_GAT,2,Bottom,0,Slider,Undefined,Undefined,Undefined,0,0,NA,FLA_GAT,FLA_GAT,CondronBallpark,TeamExclusive,Team,20251115-CondronBallpark-Private-2,84.74139,44.61712,NA,7.37599,NA,NA,NA,0da46085-2dd1-4a37-b86a-f3dac27fc572,2025-11-15,18:24:53,2025-11-15T18:24:53Z,2025-11-15T18:24:53Z,NA,v3,471297,471297,NA,"Bowen, Karson",702710,Right,FLA_GAT,55.87083,-128.25814,13.14609,5.82371,0.76698,-16.80535,-2.36346,4.03312,1.35126,22.755969,0.58042,-19.86563,-7.07346,3.51157,-1.0772,0.28691,-0.07263,0.0173,-0.00272,2.8593,88.99778,-31.74277,4.56795,-0.91825,0.15627,-0.02645,0.00376,-3e-4,-0.29613,-43.61123,4.32987,-0.05612,-0.17135,0.07964,-0.02531,0.00764,-0.00144,NA,NA,NA,NA,NA,NA,NA,NA,NA,NA,NA,NA,NA,NA,NA,NA,NA,NA,NA,NA,NA,NA,High,High,High,High,Undefined,NA,NA,NA,NA,NA,NA,NA,NA,NA,NA,NA,NA,NA,NA,NA,NA,NA,NA,NA,NA,NA,NA,NA,NA,NA,NA,NA,NA,NA,NA,NA,NA
43,2025-11-15,13:25:11,"McNeillie, Luke",703667,Right,FLA_GAT,Undefined,0,2,BallinDirt,Slider,NA,NA,87.81465,-1.672662,-2.576424,2654.56857,68.71051,08:15:00,5.78416,2.39513,4.66736,-39.46191,0.11386,-4.12874,0.90482,-0.39781,77.725,-8.826888,-3.301111,0.452779,0.99299,1.1741,-2.12835,50,5.57823,5.89555,-126.57901,-5.3236,1.54499,35.69168,-30.34731,368fa749-c717-4931-b5a7-938877cee51c,NA,NA,NA,NA,NA,1000352389,"Malzone, Aj",NA,NA,NA,Left,NA,NA,NA,NA,NA,NA,NA,NA,NA,NA,NA,NA,NA,NA,NA,NA,6d484370-c250-11f0-a0a7-8d861a32580b,1,4,FLA_GAT,2,Bottom,0,Slider,Undefined,Undefined,Undefined,0,0,NA,FLA_GAT,FLA_GAT,CondronBallpark,TeamExclusive,Team,20251115-CondronBallpark-Private-2,83.24691,NA,NA,10.08965,NA,NA,NA,0da46085-2dd1-4a37-b86a-f3dac27fc572,2025-11-15,18:25:11,2025-11-15T18:25:11Z,2025-11-15T18:25:11Z,NA,v3,471297,471297,NA,"Bowen, Karson",702710,Right,FLA_GAT,55.82641,-128.21136,17.84584,5.78997,-3.93567,-15.17366,-2.39637,5.82489,0.7725,NA,NA,NA,NA,NA,NA,NA,NA,NA,NA,NA,NA,NA,NA,NA,NA,NA,NA,NA,NA,NA,NA,NA,NA,NA,NA,NA,NA,NA,NA,NA,NA,NA,NA,NA,NA,NA,NA,NA,NA,NA,NA,NA,NA,NA,NA,NA,NA,NA,NA,High,High,High,NA,NA,NA,NA,NA,NA,NA,NA,NA,NA,NA,NA,NA,NA,NA,NA,NA,NA,NA,NA,NA,NA,NA,NA,NA,NA,NA,NA,NA,NA,NA,NA,NA,NA
44,2025-11-15,13:25:27,"McNeillie, Luke",703667,Right,FLA_GAT,Undefined,1,2,StrikeSwinging,Slider,NA,NA,88.09419,0.384551,-1.438864,2589.358042,36.704369,07:15:00,5.85695,2.3348,4.73865,-44.33833,-5.64571,-5.36071,2.52701,0.52286,78.60717,-7.639359,-2.381656,0.447698,2.07087,-2.36028,-2.18498,50,5.85694,3.46411,-127.30226,-1.0386,3.29984,33.18771,-35.93504,feb1f61a-ec0a-412c-8776-095d475fb458,NA,NA,NA,NA,NA,1000352389,"Malzone, Aj",NA,NA,NA,Left,NA,NA,NA,NA,NA,NA,NA,NA,NA,NA,NA,NA,NA,NA,NA,NA,76da8510-c250-11f0-a0a7-8d861a32580b,1,5,FLA_GAT,2,Bottom,0,Slider,Strikeout,Undefined,Undefined,0,0,NA,FLA_GAT,FLA_GAT,CondronBallpark,TeamExclusive,Team,20251115-CondronBallpark-Private-2,84.19163,NA,NA,9.48702,NA,NA,NA,0da46085-2dd1-4a37-b86a-f3dac27fc572,2025-11-15,18:25:27,2025-11-15T18:25:27Z,2025-11-15T18:25:27Z,NA,v3,471297,471297,NA,"Bowen, Karson",702710,Right,FLA_GAT,55.75512,-128.79388,16.59385,5.86733,0.5765,-17.96752,-2.33734,3.3158,1.64992,NA,NA,NA,NA,NA,NA,NA,NA,NA,NA,NA,NA,NA,NA,NA,NA,NA,NA,NA,NA,NA,NA,NA,NA,NA,NA,NA,NA,NA,NA,NA,NA,NA,NA,NA,NA,NA,NA,NA,NA,NA,NA,NA,NA,NA,NA,NA,NA,NA,NA,High,High,High,NA,NA,NA,NA,NA,NA,NA,NA,NA,NA,NA,NA,NA,NA,NA,NA,NA,NA,NA,NA,NA,NA,NA,NA,NA,NA,NA,NA,NA,NA,NA,NA,NA,NA
45,2025-11-15,13:25:57,"McNeillie, Luke",703667,Right,FLA_GAT,Undefined,0,0,BallCalled,Slider,NA,NA,87.3423,-0.405881,-2.596392,2662.717513,59.71499,08:00:00,5.86475,2.07671,4.62193,-41.82116,-2.5128,-6.83681,1.9934,-0.96298,78.59952,-7.941874,-3.794456,0.451247,2.43126,-0.62453,-1.80322,50,5.78488,6.05696,-126.21626,-2.65698,3.83614,30.92789,-33.15948,7b3ceeb6-88ab-4a5d-b91b-7bfe52dddc9c,NA,NA,NA,NA,NA,10106329,"Schwarz, Colton",NA,NA,NA,Right,NA,NA,NA,NA,NA,NA,NA,NA,NA,NA,NA,NA,NA,NA,NA,NA,8859e3d0-c250-11f0-a0a7-8d861a32580b,2,1,FLA_GAT,2,Bottom,1,Slider,Undefined,Undefined,Undefined,0,0,NA,FLA_GAT,FLA_GAT,CondronBallpark,TeamExclusive,Team,20251115-CondronBallpark-Private-2,83.52959,NA,NA,8.74278,NA,NA,NA,0da46085-2dd1-4a37-b86a-f3dac27fc572,2025-11-15,18:25:57,2025-11-15T18:25:57Z,2025-11-15T18:25:57Z,NA,v3,471297,471297,NA,"Bowen, Karson",702710,Right,FLA_GAT,55.87368,-127.64743,15.46395,5.87233,-1.12255,-16.57974,-2.07939,5.87945,1.91807,NA,NA,NA,NA,NA,NA,NA,NA,NA,NA,NA,NA,NA,NA,NA,NA,NA,NA,NA,NA,NA,NA,NA,NA,NA,NA,NA,NA,NA,NA,NA,NA,NA,NA,NA,NA,NA,NA,NA,NA,NA,NA,NA,NA,NA,NA,NA,NA,NA,NA,High,High,High,NA,NA,NA,NA,NA,NA,NA,NA,NA,NA,NA,NA,NA,NA,NA,NA,NA,NA,NA,NA,NA,NA,NA,NA,NA,NA,NA,NA,NA,NA,NA,NA,NA,NA
46,2025-11-15,13:26:11,"McNeillie, Luke",703667,Right,FLA_GAT,Undefined,1,0,BallCalled,Fastball,NA,NA,96.60896,-0.73671,-3.036163,2448.541576,206.420154,01:00:00,6.00681,1.87633,5.09596,-12.55729,19.32678,8.94256,4.26509,-0.24235,85.35523,-3.186691,-1.458238,0.406404,-5.48646,10.15855,-1.59648,50,5.92821,6.91991,-139.43419,-2.16498,-10.47267,40.2304,-12.7831,679373fc-47e0-43de-87a3-14f247b5d94f,NA,NA,NA,NA,NA,10106329,"Schwarz, Colton",NA,NA,NA,Right,NA,NA,NA,NA,NA,NA,NA,NA,NA,NA,NA,NA,NA,NA,NA,NA,90dd9ba0-c250-11f0-a0a7-8d861a32580b,2,2,FLA_GAT,2,Bottom,1,Four-Seam,Undefined,Undefined,Undefined,0,0,NA,FLA_GAT,FLA_GAT,CondronBallpark,TeamExclusive,Team,20251115-CondronBallpark-Private-2,92.74616,NA,NA,11.25373,NA,NA,NA,0da46085-2dd1-4a37-b86a-f3dac27fc572,2025-11-15,18:26:11,2025-11-15T18:26:11Z,2025-11-15T18:26:11Z,NA,v3,471297,471297,NA,"Bowen, Karson",702710,Right,FLA_GAT,55.39466,-140.9821,20.1152,6.00205,-1.67314,-6.39155,-1.87048,7.32285,-5.23634,NA,NA,NA,NA,NA,NA,NA,NA,NA,NA,NA,NA,NA,NA,NA,NA,NA,NA,NA,NA,NA,NA,NA,NA,NA,NA,NA,NA,NA,NA,NA,NA,NA,NA,NA,NA,NA,NA,NA,NA,NA,NA,NA,NA,NA,NA,NA,NA,NA,NA,High,High,High,NA,NA,NA,NA,NA,NA,NA,NA,NA,NA,NA,NA,NA,NA,NA,NA,NA,NA,NA,NA,NA,NA,NA,NA,NA,NA,NA,NA,NA,NA,NA,NA,NA,NA
47,2025-11-15,13:26:25,"McNeillie, Luke",703667,Right,FLA_GAT,Undefined,2,0,BallCalled,Fastball,NA,NA,96.39221,-0.918438,-3.394333,2551.412592,208.317178,01:00:00,5.93582,1.86579,5.10049,-13.23036,18.77206,9.40201,3.96625,-0.55293,85.28471,-3.484755,-1.736105,0.407158,-5.82406,9.94847,-1.5526,50,5.83951,7.75006,-139.08838,-2.63716,-11.07894,39.60163,-13.2493,108f74dc-98f1-42f1-878b-78c953b58804,NA,NA,NA,NA,NA,10106329,"Schwarz, Colton",NA,NA,NA,Right,NA,NA,NA,NA,NA,NA,NA,NA,NA,NA,NA,NA,NA,NA,NA,NA,99168ed0-c250-11f0-a0a7-8d861a32580b,2,3,FLA_GAT,2,Bottom,1,Four-Seam,Undefined,Undefined,Undefined,0,0,NA,FLA_GAT,FLA_GAT,CondronBallpark,TeamExclusive,Team,20251115-CondronBallpark-Private-2,92.57454,NA,NA,11.10749,NA,NA,NA,0da46085-2dd1-4a37-b86a-f3dac27fc572,2025-11-15,18:26:25,2025-11-15T18:26:25Z,2025-11-15T18:26:25Z,NA,v3,471297,471297,NA,"Bowen, Karson",702710,Right,FLA_GAT,55.3902,-140.61471,19.80082,5.93131,-2.1265,-6.62465,-1.85953,8.17707,-5.53947,NA,NA,NA,NA,NA,NA,NA,NA,NA,NA,NA,NA,NA,NA,NA,NA,NA,NA,NA,NA,NA,NA,NA,NA,NA,NA,NA,NA,NA,NA,NA,NA,NA,NA,NA,NA,NA,NA,NA,NA,NA,NA,NA,NA,NA,NA,NA,NA,NA,NA,High,High,High,NA,NA,NA,NA,NA,NA,NA,NA,NA,NA,NA,NA,NA,NA,NA,NA,NA,NA,NA,NA,NA,NA,NA,NA,NA,NA,NA,NA,NA,NA,NA,NA,NA,NA
48,2025-11-15,13:26:42,"McNeillie, Luke",703667,Right,FLA_GAT,Undefined,3,0,StrikeCalled,Fastball,NA,NA,96.53823,-1.958899,-2.773885,2458.914647,218.648487,01:15:00,6.02017,1.80123,5.32983,-12.21835,19.5697,14.54993,3.16107,0.40896,85.03349,-4.362888,-0.193283,0.405792,-8.22339,10.84524,-1.56088,50,5.83481,5.99154,-139.31201,-5.10179,-15.59781,41.44712,-11.60317,33d36c97-4cf3-4792-b56a-6dd83b07737a,NA,NA,NA,NA,NA,10106329,"Schwarz, Colton",NA,NA,NA,Right,NA,NA,NA,NA,NA,NA,NA,NA,NA,NA,NA,NA,NA,NA,NA,NA,a34118d0-c250-11f0-a0a7-8d861a32580b,2,4,FLA_GAT,2,Bottom,1,Four-Seam,Undefined,Undefined,Undefined,0,0,NA,FLA_GAT,FLA_GAT,CondronBallpark,TeamExclusive,Team,20251115-CondronBallpark-Private-2,92.88612,NA,NA,11.50474,NA,NA,NA,0da46085-2dd1-4a37-b86a-f3dac27fc572,2025-11-15,18:26:42,2025-11-15T18:26:42Z,2025-11-15T18:26:42Z,NA,v3,471297,471297,NA,"Bowen, Karson",702710,Right,FLA_GAT,55.16087,-140.83906,20.72356,6.01491,-4.67429,-5.80158,-1.79221,6.56621,-7.7989,NA,NA,NA,NA,NA,NA,NA,NA,NA,NA,NA,NA,NA,NA,NA,NA,NA,NA,NA,NA,NA,NA,NA,NA,NA,NA,NA,NA,NA,NA,NA,NA,NA,NA,NA,NA,NA,NA,NA,NA,NA,NA,NA,NA,NA,NA,NA,NA,NA,NA,High,High,High,NA,NA,NA,NA,NA,NA,NA,NA,NA,NA,NA,NA,NA,NA,NA,NA,NA,NA,NA,NA,NA,NA,NA,NA,NA,NA,NA,NA,NA,NA,NA,NA,NA,NA
49,2025-11-15,13:26:53,"McNeillie, Luke",703667,Right,FLA_GAT,Undefined,3,1,InPlay,Fastball,NA,NA,96.980950000000007,-2.188771,-2.474815,2475.542204,219.550597,01:15:00,5.95386,1.66229,5.29324,-11.25402,20.3697,15.6691,2.958,0.64292,85.19983,-4.423607,0.303399,0.404742,-8.773,11.39871,-1.44887,50,5.74723,5.24598,-139.95357,-5.65074,-16.72733,42.94932,-10.44035,f3203690-8482-4471-b13f-0ee121c87a77,NA,NA,NA,NA,-23.570874,10106329,"Schwarz, Colton",1458.419143,NA,100.50486,Right,14.054134,97.75559,19.85102,-50.43632,236.8161,236.8161,2.171368,-31.057931,1.33632,2.99583,-0.66546,NA,NA,NA,NA,NA,a9bc5670-c250-11f0-a0a7-8d861a32580b,2,5,FLA_GAT,2,Bottom,1,Four-Seam,Undefined,LineDrive,Single,0,0,NA,FLA_GAT,FLA_GAT,CondronBallpark,TeamExclusive,Team,20251115-CondronBallpark-Private-2,93.12716,20.164,NA,11.78111,NA,NA,NA,0da46085-2dd1-4a37-b86a-f3dac27fc572,2025-11-15,18:26:53,2025-11-15T18:26:53Z,2025-11-15T18:26:53Z,LineDrive,v3,471297,471297,NA,"Bowen, Karson",702710,Right,FLA_GAT,55.19965,-141.54025,21.47466,5.94887,-5.26504,-5.22017,-1.65409,5.86394,-8.36366,101.90991,1.33632,131.06394,-26.40215,6.18699,-1.4088,0.27793,-0.05215,0.00765,-5.9e-4,2.99583,35.79607,-20.28953,1.89839,-0.25694,0.02457,0.00129,-5e-4,2e-5,-0.66545,-57.18128,-2.75172,3.01006,-1.15662,0.3355,-0.07485,0.0113,-8.1e-4,NA,NA,NA,NA,NA,NA,NA,NA,NA,NA,NA,NA,NA,NA,NA,NA,NA,NA,NA,NA,NA,NA,High,High,High,High,High,NA,NA,NA,NA,NA,NA,NA,NA,NA,NA,NA,NA,NA,NA,NA,NA,NA,NA,NA,NA,NA,NA,NA,NA,NA,NA,NA,NA,NA,69.98411,17.69644,-16.18261
50,2025-11-15,13:27:27,"McNeillie, Luke",703667,Right,FLA_GAT,Undefined,0,0,StrikeCalled,Fastball,NA,NA,94.07364,-3.042933,-2.990737,2442.064041,223.930497,01:30:00,5.95155,2.43098,5.1948,-15.34918,18.33375,16.25414,1.80351,0.96969,83.05851,-5.99663,-0.114787,0.417711,-9.14855,10.65079,-2.16611,50,5.65812,6.26136,-135.61872,-7.70231,-16.45546,39.10596,-13.01649,26d3755f-24e9-4069-a9c2-a08f8dedda48,NA,NA,NA,NA,NA,10106056,"Kendall, Jacob",NA,NA,NA,Left,NA,NA,NA,NA,NA,NA,NA,NA,NA,NA,NA,NA,NA,NA,NA,NA,be5e51f0-c250-11f0-a0a7-8d861a32580b,3,1,FLA_GAT,2,Bottom,1,Four-Seam,Undefined,Undefined,Undefined,0,0,NA,FLA_GAT,FLA_GAT,CondronBallpark,TeamExclusive,Team,20251115-CondronBallpark-Private-2,90.23561,NA,NA,11.01513,NA,NA,NA,0da46085-2dd1-4a37-b86a-f3dac27fc572,2025-11-15,18:27:27,2025-11-15T18:27:27Z,2025-11-15T18:27:27Z,NA,v3,471297,471297,NA,"Bowen, Karson",702710,Right,FLA_GAT,55.29736,-137.13772,19.55298,5.94748,-7.19671,-6.50824,-2.42174,6.90054,-8.22773,NA,NA,NA,NA,NA,NA,NA,NA,NA,NA,NA,NA,NA,NA,NA,NA,NA,NA,NA,NA,NA,NA,NA,NA,NA,NA,NA,NA,NA,NA,NA,NA,NA,NA,NA,NA,NA,NA,NA,NA,NA,NA,NA,NA,NA,NA,NA,NA,NA,NA,High,High,High,NA,NA,NA,NA,NA,NA,NA,NA,NA,NA,NA,NA,NA,NA,NA,NA,NA,NA,NA,NA,NA,NA,NA,NA,NA,NA,NA,NA,NA,NA,NA,NA,NA,NA
51,2025-11-15,13:27:41,"McNeillie, Luke",703667,Right,FLA_GAT,Undefined,0,1,BallCalled,ChangeUp,NA,NA,86.6945,-1.242057,-2.460741,1501.296566,271.579742,03:00:00,5.62662,2.54266,5.3871,-37.40097,0.79898,17.82084,1.34445,1.71986,79.04429,-8.069862,0.711798,0.444839,-9.65028,1.18894,-2.33542,50,5.48938,4.61066,-125.67374,-4.1328,-15.31236,27.33798,-30.28753,6fa62ba1-f799-403b-ad2d-c432fbce860d,NA,NA,NA,NA,NA,10106056,"Kendall, Jacob",NA,NA,NA,Left,NA,NA,NA,NA,NA,NA,NA,NA,NA,NA,NA,NA,NA,NA,NA,NA,c669a570-c250-11f0-a0a7-8d861a32580b,3,2,FLA_GAT,2,Bottom,1,Changeup,Undefined,Undefined,Undefined,0,0,NA,FLA_GAT,FLA_GAT,CondronBallpark,TeamExclusive,Team,20251115-CondronBallpark-Private-2,84.73278,NA,NA,7.65021,NA,NA,NA,0da46085-2dd1-4a37-b86a-f3dac27fc572,2025-11-15,18:27:41,2025-11-15T18:27:41Z,2025-11-15T18:27:41Z,NA,v3,471297,471297,NA,"Bowen, Karson",702710,Right,FLA_GAT,55.11187,-126.78086,13.66899,5.63191,-2.90624,-15.14376,-2.53469,5.23076,-7.65618,NA,NA,NA,NA,NA,NA,NA,NA,NA,NA,NA,NA,NA,NA,NA,NA,NA,NA,NA,NA,NA,NA,NA,NA,NA,NA,NA,NA,NA,NA,NA,NA,NA,NA,NA,NA,NA,NA,NA,NA,NA,NA,NA,NA,NA,NA,NA,NA,NA,NA,High,High,High,NA,NA,NA,NA,NA,NA,NA,NA,NA,NA,NA,NA,NA,NA,NA,NA,NA,NA,NA,NA,NA,NA,NA,NA,NA,NA,NA,NA,NA,NA,NA,NA,NA,NA
52,2025-11-15,13:27:59,"McNeillie, Luke",703667,Right,FLA_GAT,Undefined,1,1,BallCalled,TwoSeamFastBall,NA,NA,93.34349,-2.213338,-2.077028,2302.744483,211.231606,01:00:00,5.7922,2.47637,5.26583,-15.04678,18.09702,10.27532,2.45666,1.38061,84.57656,-5.066545,-0.255369,0.414355,-5.72611,10.02516,-2.29406,50,5.57891,4.40213,-135.17643,-5.71856,-10.51683,31.49526,-13.76131,0c515877-4727-4b4d-8504-9a25974e02df,NA,NA,NA,NA,NA,10106056,"Kendall, Jacob",NA,NA,NA,Left,NA,NA,NA,NA,NA,NA,NA,NA,NA,NA,NA,NA,NA,NA,NA,NA,d159c960-c250-11f0-a0a7-8d861a32580b,3,3,FLA_GAT,2,Bottom,1,Four-Seam,Undefined,Undefined,Undefined,0,0,NA,FLA_GAT,FLA_GAT,CondronBallpark,TeamExclusive,Team,20251115-CondronBallpark-Private-2,90.96656,NA,NA,8.76693,NA,NA,NA,0da46085-2dd1-4a37-b86a-f3dac27fc572,2025-11-15,18:27:59,2025-11-15T18:27:59Z,2025-11-15T18:27:59Z,NA,v3,471297,471297,NA,"Bowen, Karson",702710,Right,FLA_GAT,55.23042,-136.38965,15.74763,5.78899,-5.18847,-6.88065,-2.47144,4.80724,-5.25842,NA,NA,NA,NA,NA,NA,NA,NA,NA,NA,NA,NA,NA,NA,NA,NA,NA,NA,NA,NA,NA,NA,NA,NA,NA,NA,NA,NA,NA,NA,NA,NA,NA,NA,NA,NA,NA,NA,NA,NA,NA,NA,NA,NA,NA,NA,NA,NA,NA,NA,High,High,High,NA,NA,NA,NA,NA,NA,NA,NA,NA,NA,NA,NA,NA,NA,NA,NA,NA,NA,NA,NA,NA,NA,NA,NA,NA,NA,NA,NA,NA,NA,NA,NA,NA,NA
53,2025-11-15,13:28:15,"McNeillie, Luke",703667,Right,FLA_GAT,Undefined,2,1,BallCalled,Fastball,NA,NA,95.06265,-1.688783,-2.080893,2497.174139,209.601337,01:00:00,5.9244,2.16255,5.24755,-11.288,21.33229,11.35969,3.39523,1.15285,84.30437,-3.918151,-0.068138,0.411069,-6.37615,11.58481,-1.98013,50,5.76175,4.41639,-137.37626,-4.34572,-11.83893,38.48104,-10.66385,0dc83d0e-23b6-4312-9bd7-e3b911673c70,NA,NA,NA,NA,NA,10106056,"Kendall, Jacob",NA,NA,NA,Left,NA,NA,NA,NA,NA,NA,NA,NA,NA,NA,NA,NA,NA,NA,NA,NA,daa58c20-c250-11f0-a0a7-8d861a32580b,3,4,FLA_GAT,2,Bottom,1,Four-Seam,Undefined,Undefined,Undefined,0,0,NA,FLA_GAT,FLA_GAT,CondronBallpark,TeamExclusive,Team,20251115-CondronBallpark-Private-2,91.6936,NA,NA,10.75828,NA,NA,NA,0da46085-2dd1-4a37-b86a-f3dac27fc572,2025-11-15,18:28:15,2025-11-15T18:28:15Z,2025-11-15T18:28:15Z,NA,v3,471297,471297,NA,"Bowen, Karson",702710,Right,FLA_GAT,55.24548,-138.83782,19.24052,5.91911,-3.94069,-5.33192,-2.15641,4.86604,-5.91947,NA,NA,NA,NA,NA,NA,NA,NA,NA,NA,NA,NA,NA,NA,NA,NA,NA,NA,NA,NA,NA,NA,NA,NA,NA,NA,NA,NA,NA,NA,NA,NA,NA,NA,NA,NA,NA,NA,NA,NA,NA,NA,NA,NA,NA,NA,NA,NA,NA,NA,High,High,High,NA,NA,NA,NA,NA,NA,NA,NA,NA,NA,NA,NA,NA,NA,NA,NA,NA,NA,NA,NA,NA,NA,NA,NA,NA,NA,NA,NA,NA,NA,NA,NA,NA,NA
54,2025-11-15,13:28:33,"McNeillie, Luke",703667,Right,FLA_GAT,Undefined,3,1,StrikeCalled,TwoSeamFastBall,NA,NA,93.81192,-2.938486,-4.037856,2381.740038,225.162032,01:30:00,5.77476,2.36059,5.33324,-14.10501,19.01036,17.8608,1.83306,0.05425,84.28923,-5.644589,-0.875167,0.414177,-10.20382,10.80568,-2.00864,50,5.499,8.69362,-135.46684,-7.40522,-18.67359,33.78251,-12.39902,715e925d-146e-449c-8895-a7fb1298fcd0,NA,NA,NA,NA,NA,10106056,"Kendall, Jacob",NA,NA,NA,Left,NA,NA,NA,NA,NA,NA,NA,NA,NA,NA,NA,NA,NA,NA,NA,NA,e5d4b4e0-c250-11f0-a0a7-8d861a32580b,3,5,FLA_GAT,2,Bottom,1,Four-Seam,Undefined,Undefined,Undefined,0,0,NA,FLA_GAT,FLA_GAT,CondronBallpark,TeamExclusive,Team,20251115-CondronBallpark-Private-2,91.00559,NA,NA,9.52269,NA,NA,NA,0da46085-2dd1-4a37-b86a-f3dac27fc572,2025-11-15,18:28:33,2025-11-15T18:28:33Z,2025-11-15T18:28:33Z,NA,v3,471297,471297,NA,"Bowen, Karson",702710,Right,FLA_GAT,55.16334,-136.7484,16.89126,5.771,-6.93486,-6.19951,-2.35187,9.40201,-9.33679,NA,NA,NA,NA,NA,NA,NA,NA,NA,NA,NA,NA,NA,NA,NA,NA,NA,NA,NA,NA,NA,NA,NA,NA,NA,NA,NA,NA,NA,NA,NA,NA,NA,NA,NA,NA,NA,NA,NA,NA,NA,NA,NA,NA,NA,NA,NA,NA,NA,NA,High,High,High,NA,NA,NA,NA,NA,NA,NA,NA,NA,NA,NA,NA,NA,NA,NA,NA,NA,NA,NA,NA,NA,NA,NA,NA,NA,NA,NA,NA,NA,NA,NA,NA,NA,NA
55,2025-11-15,13:28:54,"McNeillie, Luke",703667,Right,FLA_GAT,Undefined,3,2,BallinDirt,Slider,NA,NA,87.0935,-3.402925,-4.683639,2679.736811,60.140475,08:00:00,5.69741,2.49451,4.57211,-39.5249,1.04138,-1.21705,-0.84895,-2.07344,77.53958,-10.496606,-4.896177,0.45841,-1.26154,2.13599,-2.00704,50,5.30664,10.31022,-125.16867,-9.05441,-1.9199,34.82923,-28.92331,566f9e86-4b1a-45b0-ae41-a60f1bd28608,NA,NA,NA,NA,NA,10106056,"Kendall, Jacob",NA,NA,NA,Left,NA,NA,NA,NA,NA,NA,NA,NA,NA,NA,NA,NA,NA,NA,NA,NA,f2017780-c250-11f0-a0a7-8d861a32580b,3,6,FLA_GAT,2,Bottom,1,Slider,Walk,Undefined,Undefined,0,0,NA,FLA_GAT,FLA_GAT,CondronBallpark,TeamExclusive,Team,20251115-CondronBallpark-Private-2,82.22433,NA,NA,9.55392,NA,NA,NA,0da46085-2dd1-4a37-b86a-f3dac27fc572,2025-11-15,18:28:54,2025-11-15T18:28:54Z,2025-11-15T18:28:54Z,NA,v3,471297,471297,NA,"Bowen, Karson",702710,Right,FLA_GAT,55.92685,-126.80714,17.41461,5.70058,-7.69377,-14.46166,-2.49419,10.40054,-0.95995,NA,NA,NA,NA,NA,NA,NA,NA,NA,NA,NA,NA,NA,NA,NA,NA,NA,NA,NA,NA,NA,NA,NA,NA,NA,NA,NA,NA,NA,NA,NA,NA,NA,NA,NA,NA,NA,NA,NA,NA,NA,NA,NA,NA,NA,NA,NA,NA,NA,NA,High,High,High,NA,NA,NA,NA,NA,NA,NA,NA,NA,NA,NA,NA,NA,NA,NA,NA,NA,NA,NA,NA,NA,NA,NA,NA,NA,NA,NA,NA,NA,NA,NA,NA,NA,NA
56,2025-11-15,13:29:32,"McNeillie, Luke",703667,Right,FLA_GAT,Undefined,0,0,BallCalled,Slider,NA,NA,85.937970000000007,-1.165,-3.307266,2614.02999,15.153924,06:30:00,5.82548,2.61288,4.7397,-43.09061,-2.91173,-1.17394,1.12749,-0.62569,78.04038,-8.908941,-3.51342,0.456216,-0.48413,-0.6602,-2.27851,50,5.66983,7.23431,-124.24757,-4.28367,-0.74571,28.29698,-33.19097,c32b0ace-85c8-43f5-983f-c297ccd0a4d0,NA,NA,NA,NA,NA,807272,"Myers, Kolt",NA,NA,NA,Right,NA,NA,NA,NA,NA,NA,NA,NA,NA,NA,NA,NA,NA,NA,NA,NA,08a58490-c251-11f0-a0a7-8d861a32580b,4,1,FLA_GAT,2,Bottom,1,Slider,Undefined,Undefined,Undefined,0,0,NA,FLA_GAT,FLA_GAT,CondronBallpark,TeamExclusive,Team,20251115-CondronBallpark-Private-2,82.61975,NA,NA,7.89759,NA,NA,NA,0da46085-2dd1-4a37-b86a-f3dac27fc572,2025-11-15,18:29:32,2025-11-15T18:29:32Z,2025-11-15T18:29:32Z,NA,v3,471297,471297,NA,"Bowen, Karson",702710,Right,FLA_GAT,55.75843,-125.55218,14.14849,5.83205,-2.75342,-16.59549,-2.61284,7.26869,-0.37285,NA,NA,NA,NA,NA,NA,NA,NA,NA,NA,NA,NA,NA,NA,NA,NA,NA,NA,NA,NA,NA,NA,NA,NA,NA,NA,NA,NA,NA,NA,NA,NA,NA,NA,NA,NA,NA,NA,NA,NA,NA,NA,NA,NA,NA,NA,NA,NA,NA,NA,High,High,High,NA,NA,NA,NA,NA,NA,NA,NA,NA,NA,NA,NA,NA,NA,NA,NA,NA,NA,NA,NA,NA,NA,NA,NA,NA,NA,NA,NA,NA,NA,NA,NA,NA,NA
57,2025-11-15,13:30:38,"McNeillie, Luke",703667,Right,FLA_GAT,Undefined,1,0,StrikeSwinging,Fastball,NA,NA,94.03045,-1.806028,-3.737008,2406.847058,209.069381,01:00:00,5.90909,2.40896,5.28585,-9.36237,23.74592,12.48635,3.42874,-0.06478,83.97303,-3.686441,-1.528494,0.414133,-7.43489,12.77418,-2.07727,50,5.73799,8.24949,-135.82233,-4.48477,-13.61589,35.19395,-8.78003,4d48dcdb-dc58-484f-ab4f-a543ebb1d954,NA,NA,NA,NA,NA,807272,"Myers, Kolt",NA,NA,NA,Right,NA,NA,NA,NA,NA,NA,NA,NA,NA,NA,NA,NA,NA,NA,NA,NA,305c24d0-c251-11f0-a0a7-8d861a32580b,4,2,FLA_GAT,2,Bottom,1,Four-Seam,Undefined,Undefined,Undefined,0,0,NA,FLA_GAT,FLA_GAT,CondronBallpark,TeamExclusive,Team,20251115-CondronBallpark-Private-2,91.01533,NA,NA,10.05741,NA,NA,NA,0da46085-2dd1-4a37-b86a-f3dac27fc572,2025-11-15,18:30:38,2025-11-15T18:30:38Z,2025-11-15T18:30:38Z,NA,v3,471297,471297,NA,"Bowen, Karson",702710,Right,FLA_GAT,55.20843,-137.16529,17.59698,5.90273,-4.14973,-4.39001,-2.40198,8.76905,-6.80794,NA,NA,NA,NA,NA,NA,NA,NA,NA,NA,NA,NA,NA,NA,NA,NA,NA,NA,NA,NA,NA,NA,NA,NA,NA,NA,NA,NA,NA,NA,NA,NA,NA,NA,NA,NA,NA,NA,NA,NA,NA,NA,NA,NA,NA,NA,NA,NA,NA,NA,High,High,High,NA,NA,NA,NA,NA,NA,NA,NA,NA,NA,NA,NA,NA,NA,NA,NA,NA,NA,NA,NA,NA,NA,NA,NA,NA,NA,NA,NA,NA,NA,NA,NA,NA,NA
58,2025-11-15,13:30:55,"McNeillie, Luke",703667,Right,FLA_GAT,Undefined,1,1,StrikeCalled,Fastball,NA,NA,95.22292,-2.713112,-3.354958,2404.853535,202.86315,12:45:00,5.9282,2.42037,5.31146,-7.10032,25.09131,10.06048,2.78366,0.10612,85.26945,-4.181189,-1.573951,0.40836,-6.10016,13.74308,-2.12327,50,5.67716,7.56198,-137.56466,-6.62546,-11.48585,35.47551,-6.29757,4addec2c-17f5-49d5-8f46-6c4271ebbb07,NA,NA,NA,NA,NA,807272,"Myers, Kolt",NA,NA,NA,Right,NA,NA,NA,NA,NA,NA,NA,NA,NA,NA,NA,NA,NA,NA,NA,NA,3a62ac10-c251-11f0-a0a7-8d861a32580b,4,3,FLA_GAT,2,Bottom,1,Four-Seam,Undefined,Undefined,Undefined,0,0,NA,FLA_GAT,FLA_GAT,CondronBallpark,TeamExclusive,Team,20251115-CondronBallpark-Private-2,92.30203,NA,NA,9.95347,NA,NA,NA,0da46085-2dd1-4a37-b86a-f3dac27fc572,2025-11-15,18:30:55,2025-11-15T18:30:55Z,2025-11-15T18:30:55Z,NA,v3,471297,471297,NA,"Bowen, Karson",702710,Right,FLA_GAT,55.18356,-138.89497,17.73776,5.92118,-6.3893,-3.14878,-2.41492,7.99269,-5.74293,NA,NA,NA,NA,NA,NA,NA,NA,NA,NA,NA,NA,NA,NA,NA,NA,NA,NA,NA,NA,NA,NA,NA,NA,NA,NA,NA,NA,NA,NA,NA,NA,NA,NA,NA,NA,NA,NA,NA,NA,NA,NA,NA,NA,NA,NA,NA,NA,NA,NA,High,High,High,NA,NA,NA,NA,NA,NA,NA,NA,NA,NA,NA,NA,NA,NA,NA,NA,NA,NA,NA,NA,NA,NA,NA,NA,NA,NA,NA,NA,NA,NA,NA,NA,NA,NA
59,2025-11-15,13:31:15,"McNeillie, Luke",703667,Right,FLA_GAT,Undefined,1,2,FoulBallNotFieldable,Fastball,NA,NA,94.78348,-2.660292,-3.170425,2425.2780080000002,204.463241,12:45:00,6.04862,1.87039,5.19977,-8.72489,23.85572,10.2913,2.81373,-0.25704,84.99282,-4.411512,-1.35156,0.410819,-6.17189,13.11548,-1.58462,50,5.7961,7.0798,-136.97203,-6.56629,-11.52775,35.0081,-7.67722,f342a494-b635-4d9d-bebc-3d6812a3719d,NA,NA,NA,NA,134.96694,807272,"Myers, Kolt",4537.856279,NA,75.37364,Right,37.521157,NA,NA,NA,NA,59.82142,NA,NA,1.0843,3.09712,-0.0405,NA,NA,NA,NA,NA,45f46730-c251-11f0-a0a7-8d861a32580b,4,4,FLA_GAT,2,Bottom,1,Four-Seam,Undefined,Undefined,Undefined,0,0,NA,FLA_GAT,FLA_GAT,CondronBallpark,TeamExclusive,Team,20251115-CondronBallpark-Private-2,91.74943,43.34131,NA,9.79066,NA,NA,NA,0da46085-2dd1-4a37-b86a-f3dac27fc572,2025-11-15,18:31:15,2025-11-15T18:31:15Z,2025-11-15T18:31:15Z,NA,v3,471297,471297,NA,"Bowen, Karson",702710,Right,FLA_GAT,55.29681,-138.31919,17.50405,6.04309,-6.27086,-3.83861,-1.8656,7.5234,-5.76387,NA,1.0843,-61.96237,4.7347,-1.58683,0.42166,-0.11505,0.04775,-0.02658,0.0082,3.09712,67.32964,-21.43915,1.34457,0.06273,-0.08852,0.00858,0.01849,-0.00857,-0.0405,62.03392,-19.17781,5.97597,-1.5069,0.40368,-0.18175,0.10931,-0.03457,NA,NA,NA,NA,NA,NA,NA,NA,NA,NA,NA,NA,NA,NA,NA,NA,NA,NA,NA,NA,NA,NA,High,High,High,High,Undefined,NA,NA,NA,NA,NA,NA,NA,NA,NA,NA,NA,NA,NA,NA,NA,NA,NA,NA,NA,NA,NA,NA,NA,NA,NA,NA,NA,NA,NA,NA,NA,NA
60,2025-11-15,13:31:38,"McNeillie, Luke",703667,Right,FLA_GAT,Undefined,1,2,BallinDirt,Slider,NA,NA,87.43892,-2.985254,-4.014712,2770.173411,2.414296,06:00:00,5.72802,2.69864,4.61375,-45.54471,-5.47158,-0.30224,-0.91529,-1.14997,77.99841,-11.128565,-4.067691,0.455615,-1.44547,-1.22028,-2.28473,50,5.37773,8.846,-125.8386,-8.45932,-2.22532,35.01476,-34.05265,bb1122a5-e45d-4e31-b1b8-6faab308e582,NA,NA,NA,NA,NA,807272,"Myers, Kolt",NA,NA,NA,Right,NA,NA,NA,NA,NA,NA,NA,NA,NA,NA,NA,NA,NA,NA,NA,NA,53b51040-c251-11f0-a0a7-8d861a32580b,4,5,FLA_GAT,2,Bottom,1,Slider,Undefined,Undefined,Undefined,0,0,NA,FLA_GAT,FLA_GAT,CondronBallpark,TeamExclusive,Team,20251115-CondronBallpark-Private-2,82.72866,NA,NA,9.44051,NA,NA,NA,0da46085-2dd1-4a37-b86a-f3dac27fc572,2025-11-15,18:31:38,2025-11-15T18:31:38Z,2025-11-15T18:31:38Z,NA,v3,471297,471297,NA,"Bowen, Karson",702710,Right,FLA_GAT,55.88436,-127.46541,17.50738,5.73401,-6.8772,-17.02633,-2.69812,8.94939,-1.11266,NA,NA,NA,NA,NA,NA,NA,NA,NA,NA,NA,NA,NA,NA,NA,NA,NA,NA,NA,NA,NA,NA,NA,NA,NA,NA,NA,NA,67.88116,NA,NA,NA,NA,NA,NA,0.63508,4.81499,1.19921,NA,NA,NA,0.64344,66.07605,-3.46234,4.82939,5.66303,-13.04605,1.15573,-73.41302,9.56728,High,High,High,NA,NA,High,Medium,Medium,NA,NA,NA,NA,NA,NA,NA,NA,NA,NA,NA,NA,NA,NA,NA,NA,NA,NA,NA,NA,NA,NA,NA,NA,NA,NA,NA,NA,NA
61,2025-11-15,13:32:08,"McNeillie, Luke",703667,Right,FLA_GAT,Undefined,2,2,BallCalled,Fastball,NA,NA,96.02118,-3.8204,-2.737665,2465.029278,209.919089,01:00:00,5.92621,1.8262100000000001,5.41566,-10.43993,21.24076,11.50264,1.46787,0.21818,85.83766,-5.877208,-0.694639,0.405106,-6.67134,12.29009,-1.59094,50,5.57918,6.05625,-138.61678,-9.5276,-12.70367,37.1412,-8.77106,33515296-51b4-44db-8ee2-4c98d2f32ce2,NA,NA,NA,NA,NA,807272,"Myers, Kolt",NA,NA,NA,Right,NA,NA,NA,NA,NA,NA,NA,NA,NA,NA,NA,NA,NA,NA,NA,NA,65d3e350-c251-11f0-a0a7-8d861a32580b,4,6,FLA_GAT,2,Bottom,1,Four-Seam,Undefined,Undefined,Undefined,0,0,NA,FLA_GAT,FLA_GAT,CondronBallpark,TeamExclusive,Team,20251115-CondronBallpark-Private-2,93.04339,NA,NA,10.18352,NA,NA,NA,0da46085-2dd1-4a37-b86a-f3dac27fc572,2025-11-15,18:32:08,2025-11-15T18:32:08Z,2025-11-15T18:32:08Z,NA,v3,471297,471297,NA,"Bowen, Karson",702710,Right,FLA_GAT,55.07904,-139.97104,18.5706,5.92075,-9.20778,-4.38553,-1.82022,6.51947,-6.35183,NA,NA,NA,NA,NA,NA,NA,NA,NA,NA,NA,NA,NA,NA,NA,NA,NA,NA,NA,NA,NA,NA,NA,NA,NA,NA,NA,NA,NA,NA,NA,NA,NA,NA,NA,NA,NA,NA,NA,NA,NA,NA,NA,NA,NA,NA,NA,NA,NA,NA,High,High,High,NA,NA,NA,NA,NA,NA,NA,NA,NA,NA,NA,NA,NA,NA,NA,NA,NA,NA,NA,NA,NA,NA,NA,NA,NA,NA,NA,NA,NA,NA,NA,NA,NA,NA
62,2025-11-15,13:32:24,"McNeillie, Luke",703667,Right,FLA_GAT,Undefined,3,2,InPlay,Fastball,NA,NA,94.87741,-1.720882,-3.817468,2497.837973,223.807929,01:30:00,5.89328,1.67736,5.10944,-16.62899,16.14509,14.26048,2.88213,-0.73619,84.74721,-4.871974,-1.302243,0.412037,-8.36654,8.95552,-1.32892,50,5.71863,8.42464,-137.00375,-4.70869,-15.56688,36.21972,-15.51132,d9d27596-980d-404d-8b8c-7c56c82616c2,NA,NA,NA,NA,7.535535,807272,"Myers, Kolt",1186.586738,NA,100.84754,Right,3.168685,NA,NA,NA,75.32909,74.07251,0.549509,9.718035,1.18844,2.95042,0.73302,NA,NA,NA,NA,NA,6f0edd30-c251-11f0-a0a7-8d861a32580b,4,7,FLA_GAT,2,Bottom,1,Four-Seam,Undefined,GroundBall,Out,1,1,NA,FLA_GAT,FLA_GAT,CondronBallpark,TeamExclusive,Team,20251115-CondronBallpark-Private-2,91.4782,3.57998,NA,10.1302,NA,NA,NA,0da46085-2dd1-4a37-b86a-f3dac27fc572,2025-11-15,18:32:24,2025-11-15T18:32:24Z,2025-11-15T18:32:24Z,GroundBall,v3,471297,471297,NA,"Bowen, Karson",702710,Right,FLA_GAT,55.38614,-138.42036,18.10986,5.89093,-4.10201,-7.75566,-1.67033,9.03348,-7.78344,316.654841,1.21882,145.66176,-23.31926,NA,NA,NA,NA,NA,NA,2.98327,7.36512,-23.38332,NA,NA,NA,NA,NA,NA,0.71835,19.7315,3.86778,NA,NA,NA,NA,NA,NA,NA,NA,NA,NA,NA,NA,NA,NA,NA,NA,NA,NA,NA,NA,NA,NA,NA,NA,NA,NA,NA,NA,High,High,High,High,High,NA,NA,NA,NA,NA,NA,NA,NA,NA,NA,NA,NA,NA,NA,NA,NA,NA,NA,NA,NA,NA,NA,NA,NA,NA,NA,NA,NA,NA,66.22274,7.69813,-1.97335
63,2025-11-15,13:33:06,"McNeillie, Luke",703667,Right,FLA_GAT,Undefined,0,0,BallCalled,Fastball,NA,NA,95.39505,-1.57438,-1.857406,2455.506294,207.975534,01:00:00,5.9866,1.94789,5.20124,-10.20556,22.1421,11.0728,3.65423,1.12304,84.8126,-3.604199,0.103121,0.409348,-6.1141,11.88926,-1.78439,50,5.83386,3.90487,-137.90852,-4.03641,-11.47677,37.90298,-9.85666,fe865d1f-be85-480b-a0d8-0987a24ca7e1,NA,NA,NA,NA,NA,806035,"Brookins, Blake",NA,NA,NA,Left,NA,NA,NA,NA,NA,NA,NA,NA,NA,NA,NA,NA,NA,NA,NA,NA,883b90f0-c251-11f0-a0a7-8d861a32580b,5,1,FLA_GAT,2,Bottom,2,Four-Seam,Undefined,Undefined,Undefined,0,0,NA,FLA_GAT,FLA_GAT,CondronBallpark,TeamExclusive,Team,20251115-CondronBallpark-Private-2,92.07916,NA,NA,10.58245,NA,NA,NA,0da46085-2dd1-4a37-b86a-f3dac27fc572,2025-11-15,18:33:06,2025-11-15T18:33:06Z,2025-11-15T18:33:06Z,NA,v3,471297,471297,NA,"Bowen, Karson",702710,Right,FLA_GAT,55.29173,-139.35532,18.95149,5.98075,-3.66017,-4.92833,-1.9418,4.34295,-5.73838,NA,NA,NA,NA,NA,NA,NA,NA,NA,NA,NA,NA,NA,NA,NA,NA,NA,NA,NA,NA,NA,NA,NA,NA,NA,NA,NA,NA,NA,NA,NA,NA,NA,NA,NA,NA,NA,NA,NA,NA,NA,NA,NA,NA,NA,NA,NA,NA,NA,NA,High,High,High,NA,NA,NA,NA,NA,NA,NA,NA,NA,NA,NA,NA,NA,NA,NA,NA,NA,NA,NA,NA,NA,NA,NA,NA,NA,NA,NA,NA,NA,NA,NA,NA,NA,NA
64,2025-11-15,13:33:18,"McNeillie, Luke",703667,Right,FLA_GAT,Undefined,1,0,BallCalled,Fastball,NA,NA,95.6881,-1.25319,-2.226809,2450.935041,208.960568,01:00:00,5.91926,1.92347,5.32517,-9.61733,22.3432,11.6652,3.94077,0.80493,85.14979,-3.180014,-0.157341,0.406891,-6.54528,11.9043,-1.73047,50,5.79953,4.78693,-138.37228,-3.23831,-12.38578,37.77694,-9.64721,88197418-bf84-4d35-8558-8d586c30fa4f,NA,NA,NA,NA,NA,806035,"Brookins, Blake",NA,NA,NA,Left,NA,NA,NA,NA,NA,NA,NA,NA,NA,NA,NA,NA,NA,NA,NA,NA,8f36fb10-c251-11f0-a0a7-8d861a32580b,5,2,FLA_GAT,2,Bottom,2,Four-Seam,Undefined,Undefined,Undefined,0,0,NA,FLA_GAT,FLA_GAT,CondronBallpark,TeamExclusive,Team,20251115-CondronBallpark-Private-2,92.63515,NA,NA,10.53831,NA,NA,NA,0da46085-2dd1-4a37-b86a-f3dac27fc572,2025-11-15,18:33:18,2025-11-15T18:33:18Z,2025-11-15T18:33:18Z,NA,v3,471297,471297,NA,"Bowen, Karson",702710,Right,FLA_GAT,55.16789,-139.77604,18.88847,5.9132,-2.87983,-4.82361,-1.9169,5.24717,-6.19289,NA,NA,NA,NA,NA,NA,NA,NA,NA,NA,NA,NA,NA,NA,NA,NA,NA,NA,NA,NA,NA,NA,NA,NA,NA,NA,NA,NA,NA,NA,NA,NA,NA,NA,NA,NA,NA,NA,NA,NA,NA,NA,NA,NA,NA,NA,NA,NA,NA,NA,High,High,High,NA,NA,NA,NA,NA,NA,NA,NA,NA,NA,NA,NA,NA,NA,NA,NA,NA,NA,NA,NA,NA,NA,NA,NA,NA,NA,NA,NA,NA,NA,NA,NA,NA,NA
65,2025-11-15,13:33:32,"McNeillie, Luke",703667,Right,FLA_GAT,Undefined,2,0,BallCalled,Fastball,NA,NA,94.79696,-1.4774,-1.507466,2494.113528,219.609596,01:15:00,5.99168,2.00562,5.43027,-14.6532,17.83021,13.67831,3.38615,1.73334,84.32706,-4.30451,0.92606,0.410206,-7.32835,9.80882,-1.8815,50,5.8511,2.92639,-137.12341,-3.98414,-13.58559,37.76169,-13.99004,631e9296-7902-4a06-ba07-83d1300bf177,NA,NA,NA,NA,NA,806035,"Brookins, Blake",NA,NA,NA,Left,NA,NA,NA,NA,NA,NA,NA,NA,NA,NA,NA,NA,NA,NA,NA,NA,98077350-c251-11f0-a0a7-8d861a32580b,5,3,FLA_GAT,2,Bottom,2,Four-Seam,Undefined,Undefined,Undefined,0,0,NA,FLA_GAT,FLA_GAT,CondronBallpark,TeamExclusive,Team,20251115-CondronBallpark-Private-2,91.88655,NA,NA,10.4699,NA,NA,NA,0da46085-2dd1-4a37-b86a-f3dac27fc572,2025-11-15,18:33:32,2025-11-15T18:33:32Z,2025-11-15T18:33:32Z,NA,v3,471297,471297,NA,"Bowen, Karson",702710,Right,FLA_GAT,55.06261,-138.51056,18.88085,5.98802,-3.47023,-6.99502,-1.99817,3.42545,-6.7928,NA,NA,NA,NA,NA,NA,NA,NA,NA,NA,NA,NA,NA,NA,NA,NA,NA,NA,NA,NA,NA,NA,NA,NA,NA,NA,NA,NA,NA,NA,NA,NA,NA,NA,NA,NA,NA,NA,NA,NA,NA,NA,NA,NA,NA,NA,NA,NA,NA,NA,High,High,High,NA,NA,NA,NA,NA,NA,NA,NA,NA,NA,NA,NA,NA,NA,NA,NA,NA,NA,NA,NA,NA,NA,NA,NA,NA,NA,NA,NA,NA,NA,NA,NA,NA,NA
66,2025-11-15,13:33:44,"McNeillie, Luke",703667,Right,FLA_GAT,Undefined,3,0,BallCalled,Fastball,NA,NA,94.25567,-1.562115,-4.490666,2439.494011,222.401391,01:30:00,5.91353,2.08403,5.27688,-16.69493,16.29001,13.71654,3.05023,-0.9993,84.31805,-4.732359,-2.067597,0.413361,-8.29449,8.99662,-1.68361,50,5.75884,10.00331,-136.05293,-4.28435,-15.25506,35.07616,-15.62764,19097f2d-be0e-4adb-84b1-1b79fec06926,NA,NA,NA,NA,NA,806035,"Brookins, Blake",NA,NA,NA,Left,NA,NA,NA,NA,NA,NA,NA,NA,NA,NA,NA,NA,NA,NA,NA,NA,9f183a30-c251-11f0-a0a7-8d861a32580b,5,4,FLA_GAT,2,Bottom,2,Four-Seam,Walk,Undefined,Undefined,0,0,NA,FLA_GAT,FLA_GAT,CondronBallpark,TeamExclusive,Team,20251115-CondronBallpark-Private-2,91.18535,NA,NA,9.93761,NA,NA,NA,0da46085-2dd1-4a37-b86a-f3dac27fc572,2025-11-15,18:33:44,2025-11-15T18:33:44Z,2025-11-15T18:33:44Z,NA,v3,471297,471297,NA,"Bowen, Karson",702710,Right,FLA_GAT,55.21785,-137.39157,17.53808,5.91096,-3.68794,-7.81382,-2.07648,10.5855,-7.62753,NA,NA,NA,NA,NA,NA,NA,NA,NA,NA,NA,NA,NA,NA,NA,NA,NA,NA,NA,NA,NA,NA,NA,NA,NA,NA,NA,NA,NA,NA,NA,NA,NA,NA,NA,NA,NA,NA,NA,NA,NA,NA,NA,NA,NA,NA,NA,NA,NA,NA,High,High,High,NA,NA,NA,NA,NA,NA,NA,NA,NA,NA,NA,NA,NA,NA,NA,NA,NA,NA,NA,NA,NA,NA,NA,NA,NA,NA,NA,NA,NA,NA,NA,NA,NA,NA
67,2025-11-15,13:34:26,"McNeillie, Luke",703667,Right,FLA_GAT,Undefined,0,0,StrikeCalled,ChangeUp,NA,NA,85.96227,-1.690304,-4.298256,1583.451166,239.13536,02:00:00,5.69603,2.59073,5.45905,-27.39899,11.7319,17.23154,1.82567,-0.00421,77.61459,-6.782245,-1.239203,0.450227,-9.98327,6.85788,-2.22336,50,5.52828,8.58105,-124.24902,-4.60922,-15.40145,27.94395,-21.59426,7fe38ac0-a28b-4bc9-a3e5-2601d2bceb44,NA,NA,NA,NA,NA,10147779,"Strayer, Cash",NA,NA,NA,Left,NA,NA,NA,NA,NA,NA,NA,NA,NA,NA,NA,NA,NA,NA,NA,NA,b83e1020-c251-11f0-a0a7-8d861a32580b,6,1,FLA_GAT,2,Bottom,2,Changeup,Undefined,Undefined,Undefined,0,0,NA,FLA_GAT,FLA_GAT,CondronBallpark,TeamExclusive,Team,20251115-CondronBallpark-Private-2,83.71879,NA,NA,8.34767,NA,NA,NA,0da46085-2dd1-4a37-b86a-f3dac27fc572,2025-11-15,18:34:26,2025-11-15T18:34:26Z,2025-11-15T18:34:26Z,NA,v3,471297,471297,NA,"Bowen, Karson",702710,Right,FLA_GAT,55.03754,-125.37685,13.97198,5.69672,-3.73766,-10.79713,-2.58224,9.20267,-7.70073,NA,NA,NA,NA,NA,NA,NA,NA,NA,NA,NA,NA,NA,NA,NA,NA,NA,NA,NA,NA,NA,NA,NA,NA,NA,NA,NA,NA,NA,NA,NA,NA,NA,NA,NA,NA,NA,NA,NA,NA,NA,NA,NA,NA,NA,NA,NA,NA,NA,NA,High,High,High,NA,NA,NA,NA,NA,NA,NA,NA,NA,NA,NA,NA,NA,NA,NA,NA,NA,NA,NA,NA,NA,NA,NA,NA,NA,NA,NA,NA,NA,NA,NA,NA,NA,NA
68,2025-11-15,13:34:41,"McNeillie, Luke",703667,Right,FLA_GAT,Undefined,0,1,InPlay,Fastball,NA,NA,95.26679,-1.994741,-3.434676,2518.862501,219.219841,01:15:00,5.84952,2.37458,5.26889,-11.34394,21.11269,16.15339,3.02629,0.49043,84.60799,-4.231416,-0.575736,0.410037,-9.27008,11.60611,-2.07264,50,5.65936,7.45006,-137.56955,-5.10378,-17.29399,38.06052,-10.52205,99c7d6c1-45e0-42fd-b750-fd8752263c3b,NA,NA,NA,NA,3.832961,10147779,"Strayer, Cash",1274.479023,NA,100.90474,Left,17.994673,109.73379,33.33343,7.63687,325.32299,316.44118,3.510456,4.319703,1.56158,3.07409,-0.50114,NA,NA,NA,NA,NA,c0f42290-c251-11f0-a0a7-8d861a32580b,6,2,FLA_GAT,2,Bottom,2,Four-Seam,Undefined,LineDrive,Out,1,0,NA,FLA_GAT,FLA_GAT,CondronBallpark,TeamExclusive,Team,20251115-CondronBallpark-Private-2,91.92443,41.7809,NA,10.6588,NA,NA,NA,0da46085-2dd1-4a37-b86a-f3dac27fc572,2025-11-15,18:34:41,2025-11-15T18:34:41Z,2025-11-15T18:34:41Z,LineDrive,v3,471297,471297,NA,"Bowen, Karson",702710,Right,FLA_GAT,55.2262,-139.00793,19.03026,5.84472,-4.70614,-5.26103,-2.36654,8.10364,-8.647,188.509102,1.56166,140.43926,-27.37368,6.95682,-1.46204,0.24504,-0.02821,0.00153,2e-5,3.07397,45.71943,-12.80345,-0.99104,0.48819,-0.09787,0.00416,0.0021,-2.8e-4,-0.5011,9.40677,0.01111,-0.62363,0.27638,-0.08117,0.01695,-0.00225,1.4e-4,NA,NA,NA,NA,NA,NA,NA,NA,NA,NA,NA,NA,NA,NA,NA,NA,NA,NA,NA,NA,NA,NA,High,High,High,High,High,NA,NA,NA,NA,NA,NA,NA,NA,NA,NA,NA,NA,NA,NA,NA,NA,NA,NA,NA,NA,NA,NA,NA,NA,NA,NA,NA,NA,NA,75.92745,17.33253,9.35692
69,2025-11-15,13:37:11,"Biemiller, McCall",803538,Left,FLA_GAT,Undefined,0,0,BallCalled,Fastball,NA,NA,91.68381,-2.369127,4.369004,2368.403487,151.622275,11:00:00,5.76952,-2.16753,5.80693,-18.50662,15.07028,-7.54918,2.01641,1.27429,83.71467,-5.848878,3.022198,0.417054,5.0528,8.67422,1.81288,50,5.56351,-9.80066,-132.67415,-6.09608,9.00167,28.51942,-16.72073,f88ac825-c869-4387-94bb-0c448d7f89c2,NA,NA,NA,NA,NA,812807,"Jones, Kyle",NA,NA,NA,Right,NA,NA,NA,NA,NA,NA,NA,NA,NA,NA,NA,NA,NA,NA,NA,NA,1a10c9a0-c252-11f0-a0a7-8d861a32580b,1,1,FLA_GAT,3,Top,0,Four-Seam,Undefined,Undefined,Undefined,0,0,NA,FLA_GAT,FLA_GAT,CondronBallpark,TeamExclusive,Team,20251115-CondronBallpark-Private-2,90.37792,NA,NA,7.96914,NA,NA,NA,0da46085-2dd1-4a37-b86a-f3dac27fc572,2025-11-15,18:37:11,2025-11-15T18:37:11Z,2025-11-15T18:37:11Z,NA,v3,471297,471297,NA,"Malzone, Aj",1000352389,Right,FLA_GAT,54.6904,-133.67859,14.25971,5.76784,-5.50718,-8.36036,2.16363,-10.11769,4.50084,NA,NA,NA,NA,NA,NA,NA,NA,NA,NA,NA,NA,NA,NA,NA,NA,NA,NA,NA,NA,NA,NA,NA,NA,NA,NA,NA,NA,NA,NA,NA,NA,NA,NA,NA,NA,NA,NA,NA,NA,NA,NA,NA,NA,NA,NA,NA,NA,NA,NA,High,High,High,NA,NA,NA,NA,NA,NA,NA,NA,NA,NA,NA,NA,NA,NA,NA,NA,NA,NA,NA,NA,NA,NA,NA,NA,NA,NA,NA,NA,NA,NA,NA,NA,NA,NA
70,2025-11-15,13:37:23,"Biemiller, McCall",803538,Left,FLA_GAT,Undefined,1,0,StrikeCalled,Fastball,NA,NA,91.27112,-2.558486,3.508461,2196.587531,148.062343,11:00:00,5.7284,-2.42318,6.01532,-20.21237,13.43485,-7.67544,1.668,0.19127,83.20975,-6.360338,2.130829,0.41749000000000003,4.95343,7.98654,2.15189,50,5.51631,-7.777,-132.21035,-6.55636,8.73259,29.23643,-18.09433,add1880a-c812-4738-9c52-9559f257efc6,NA,NA,NA,NA,NA,812807,"Jones, Kyle",NA,NA,NA,Right,NA,NA,NA,NA,NA,NA,NA,NA,NA,NA,NA,NA,NA,NA,NA,NA,21a195f0-c252-11f0-a0a7-8d861a32580b,1,2,FLA_GAT,3,Top,0,Four-Seam,Undefined,Undefined,Undefined,0,0,NA,FLA_GAT,FLA_GAT,CondronBallpark,TeamExclusive,Team,20251115-CondronBallpark-Private-2,90.28346,NA,NA,8.06137,NA,NA,NA,0da46085-2dd1-4a37-b86a-f3dac27fc572,2025-11-15,18:37:23,2025-11-15T18:37:23Z,2025-11-15T18:37:23Z,NA,v3,471297,471297,NA,"Malzone, Aj",1000352389,Right,FLA_GAT,54.48234,-133.19787,14.61821,5.72744,-5.94518,-9.04717,2.41955,-8.07196,4.3663,NA,NA,NA,NA,NA,NA,NA,NA,NA,NA,NA,NA,NA,NA,NA,NA,NA,NA,NA,NA,NA,NA,NA,NA,NA,NA,NA,NA,NA,NA,NA,NA,NA,NA,NA,NA,NA,NA,NA,NA,NA,NA,NA,NA,NA,NA,NA,NA,NA,NA,High,High,High,NA,NA,NA,NA,NA,NA,NA,NA,NA,NA,NA,NA,NA,NA,NA,NA,NA,NA,NA,NA,NA,NA,NA,NA,NA,NA,NA,NA,NA,NA,NA,NA,NA,NA
71,2025-11-15,13:37:37,"Biemiller, McCall",803538,Left,FLA_GAT,Undefined,1,1,BallCalled,Slider,NA,NA,82.34537,-2.284515,1.46903,2846.15889,240.264436,02:00:00,5.98892,-1.92747,5.20049,-35.62659,7.50721,10.34268,0.86949,0.31642,74.5303,-8.796396,3.303673,0.472694,-4.68914,4.9615,1.78319,50,5.7507,-3.49309,-119.15528,-6.00494,-6.61091,27.03243,-25.17914,0e0a8ff9-eabc-40bc-8e2b-321120bb7c18,NA,NA,NA,NA,NA,812807,"Jones, Kyle",NA,NA,NA,Right,NA,NA,NA,NA,NA,NA,NA,NA,NA,NA,NA,NA,NA,NA,NA,NA,29f7d520-c252-11f0-a0a7-8d861a32580b,1,3,FLA_GAT,3,Top,0,Slider,Undefined,Undefined,Undefined,0,0,NA,FLA_GAT,FLA_GAT,CondronBallpark,TeamExclusive,Team,20251115-CondronBallpark-Private-2,79.73959,NA,NA,7.81507,NA,NA,NA,0da46085-2dd1-4a37-b86a-f3dac27fc572,2025-11-15,18:37:37,2025-11-15T18:37:37Z,2025-11-15T18:37:37Z,NA,v3,471297,471297,NA,"Malzone, Aj",1000352389,Right,FLA_GAT,55.29632,-120.35085,13.51622,5.99165,-4.89135,-12.58957,1.93121,-3.20071,-3.30545,NA,NA,NA,NA,NA,NA,NA,NA,NA,NA,NA,NA,NA,NA,NA,NA,NA,NA,NA,NA,NA,NA,NA,NA,NA,NA,NA,NA,NA,NA,NA,NA,NA,NA,NA,NA,NA,NA,NA,NA,NA,NA,NA,NA,NA,NA,NA,NA,NA,NA,High,High,High,NA,NA,NA,NA,NA,NA,NA,NA,NA,NA,NA,NA,NA,NA,NA,NA,NA,NA,NA,NA,NA,NA,NA,NA,NA,NA,NA,NA,NA,NA,NA,NA,NA,NA
72,2025-11-15,13:37:53,"Biemiller, McCall",803538,Left,FLA_GAT,Undefined,2,1,StrikeCalled,Fastball,NA,NA,89.17013,-1.468774,2.287369,2306.089919,167.295778,11:30:00,5.75338,-2.43458,5.81624,-20.57021,14.76812,-3.07142,2.67214,-0.56259,81.40237,-5.334993,1.737417,0.427853,2.21043,8.29685,2.24903,50,5.62087,-5.03501,-129.36196,-3.97125,3.73905,27.43053,-18.13952,07a09535-d554-4afa-b738-076fb361036d,NA,NA,NA,NA,NA,812807,"Jones, Kyle",NA,NA,NA,Right,NA,NA,NA,NA,NA,NA,NA,NA,NA,NA,NA,NA,NA,NA,NA,NA,331cfd10-c252-11f0-a0a7-8d861a32580b,1,4,FLA_GAT,3,Top,0,Four-Seam,Undefined,Undefined,Undefined,0,0,NA,FLA_GAT,FLA_GAT,CondronBallpark,TeamExclusive,Team,20251115-CondronBallpark-Private-2,88.09675,NA,NA,7.76776,NA,NA,NA,0da46085-2dd1-4a37-b86a-f3dac27fc572,2025-11-15,18:37:53,2025-11-15T18:37:53Z,2025-11-15T18:37:53Z,NA,v3,471297,471297,NA,"Malzone, Aj",1000352389,Right,FLA_GAT,54.68102,-130.35076,13.71527,5.75224,-3.31736,-9.06976,2.43296,-5.1698,1.86952,NA,NA,NA,NA,NA,NA,NA,NA,NA,NA,NA,NA,NA,NA,NA,NA,NA,NA,NA,NA,NA,NA,NA,NA,NA,NA,NA,NA,NA,NA,NA,NA,NA,NA,NA,NA,NA,NA,NA,NA,NA,NA,NA,NA,NA,NA,NA,NA,NA,NA,High,High,High,NA,NA,NA,NA,NA,NA,NA,NA,NA,NA,NA,NA,NA,NA,NA,NA,NA,NA,NA,NA,NA,NA,NA,NA,NA,NA,NA,NA,NA,NA,NA,NA,NA,NA
73,2025-11-15,13:38:14,"Biemiller, McCall",803538,Left,FLA_GAT,Undefined,2,2,FoulBallNotFieldable,Slider,NA,NA,81.85443,-1.707672,0.748609,1437.773031,243.848476,02:15:00,6.05865,-1.84099,5.16166,-37.38093,6.37178,9.61481,1.33565,-0.3351,73.8763,-8.547065,2.45387,0.476073,-4.57059,4.19843,1.76332,50,5.87102,-1.95207,-118.49001,-4.84812,-6.35673,27.22693,-26.33491,cc2152e9-1e20-4339-9fed-f6db84cede1f,NA,NA,NA,NA,NA,812807,"Jones, Kyle",NA,NA,NA,Right,NA,NA,NA,NA,NA,NA,NA,NA,NA,NA,NA,NA,NA,NA,NA,NA,3ffa4b00-c252-11f0-a0a7-8d861a32580b,1,5,FLA_GAT,3,Top,0,Slider,Undefined,Undefined,Undefined,0,0,NA,FLA_GAT,FLA_GAT,CondronBallpark,TeamExclusive,Team,20251115-CondronBallpark-Private-2,79.1736,NA,NA,7.97813,NA,NA,NA,0da46085-2dd1-4a37-b86a-f3dac27fc572,2025-11-15,18:38:14,2025-11-15T18:38:14Z,2025-11-15T18:38:14Z,NA,v3,471297,471297,NA,"Malzone, Aj",1000352389,Right,FLA_GAT,55.33558,-119.70976,13.61347,6.06179,-3.66834,-13.16746,1.8444,-1.66729,-3.17836,NA,NA,NA,NA,NA,NA,NA,NA,NA,NA,NA,NA,NA,NA,NA,NA,NA,NA,NA,NA,NA,NA,NA,NA,NA,NA,NA,NA,NA,NA,NA,NA,NA,NA,NA,NA,NA,NA,NA,NA,NA,NA,NA,NA,NA,NA,NA,NA,NA,NA,High,High,High,NA,NA,NA,NA,NA,NA,NA,NA,NA,NA,NA,NA,NA,NA,NA,NA,NA,NA,NA,NA,NA,NA,NA,NA,NA,NA,NA,NA,NA,NA,NA,NA,NA,NA
74,2025-11-15,13:38:34,"Biemiller, McCall",803538,Left,FLA_GAT,Undefined,2,2,BallCalled,ChangeUp,NA,NA,86.90825,-2.417762,7.144977,1671.820101,123.848824,10:15:00,5.653,-2.52025,5.709,-31.22923,7.05953,-8.46867,0.77901,3.46556,78.77258,-8.161691,5.648319,0.445356,6.50315,4.78229,1.92396,50,5.42982,-15.30157,-124.98537,-6.39393,10.1668,27.93391,-24.69757,72489ae3-9719-492c-8237-641cec688f69,NA,NA,NA,NA,NA,812807,"Jones, Kyle",NA,NA,NA,Right,NA,NA,NA,NA,NA,NA,NA,NA,NA,NA,NA,NA,NA,NA,NA,NA,4ba1d810-c252-11f0-a0a7-8d861a32580b,1,6,FLA_GAT,3,Top,0,Changeup,Undefined,Undefined,Undefined,0,0,NA,FLA_GAT,FLA_GAT,CondronBallpark,TeamExclusive,Team,20251115-CondronBallpark-Private-2,84.63443,NA,NA,8.13566,NA,NA,NA,0da46085-2dd1-4a37-b86a-f3dac27fc572,2025-11-15,18:38:34,2025-11-15T18:38:34Z,2025-11-15T18:38:34Z,NA,v3,471297,471297,NA,"Malzone, Aj",1000352389,Right,FLA_GAT,54.78672,-126.05066,13.96696,5.6557,-5.45207,-12.34879,2.51489,-15.68929,5.0834,NA,NA,NA,NA,NA,NA,NA,NA,NA,NA,NA,NA,NA,NA,NA,NA,NA,NA,NA,NA,NA,NA,NA,NA,NA,NA,NA,NA,NA,NA,NA,NA,NA,NA,NA,NA,NA,NA,NA,NA,NA,NA,NA,NA,NA,NA,NA,NA,NA,NA,High,High,High,NA,NA,NA,NA,NA,NA,NA,NA,NA,NA,NA,NA,NA,NA,NA,NA,NA,NA,NA,NA,NA,NA,NA,NA,NA,NA,NA,NA,NA,NA,NA,NA,NA,NA
75,2025-11-15,13:38:50,"Biemiller, McCall",803538,Left,FLA_GAT,Undefined,3,2,BallCalled,Fastball,NA,NA,91.23174,-3.878757,3.687803,2366.376635,150.860456,11:00:00,5.7229,-2.27565,5.90319,-16.62446,17.3228,-9.00997,0.72393,0.4016,83.09467,-7.028469,2.074673,0.419347,5.71559,10.36867,1.9842,50,5.40073,-8.11991,-131.94195,-9.46144,10.02338,29.42949,-13.99061,ec4a5c7f-9327-4b93-b3c6-080960a09da6,NA,NA,NA,NA,NA,812807,"Jones, Kyle",NA,NA,NA,Right,NA,NA,NA,NA,NA,NA,NA,NA,NA,NA,NA,NA,NA,NA,NA,NA,556fea30-c252-11f0-a0a7-8d861a32580b,1,7,FLA_GAT,3,Top,0,Four-Seam,Walk,Undefined,Undefined,0,0,NA,FLA_GAT,FLA_GAT,CondronBallpark,TeamExclusive,Team,20251115-CondronBallpark-Private-2,89.8836,NA,NA,8.13707,NA,NA,NA,0da46085-2dd1-4a37-b86a-f3dac27fc572,2025-11-15,18:38:50,2025-11-15T18:38:50Z,2025-11-15T18:38:50Z,NA,v3,471297,471297,NA,"Malzone, Aj",1000352389,Right,FLA_GAT,54.59555,-132.96303,14.71474,5.72058,-8.97603,-6.99531,2.27196,-8.46768,5.01169,NA,NA,NA,NA,NA,NA,NA,NA,NA,NA,NA,NA,NA,NA,NA,NA,NA,NA,NA,NA,NA,NA,NA,NA,NA,NA,NA,NA,NA,NA,NA,NA,NA,NA,NA,NA,NA,NA,NA,NA,NA,NA,NA,NA,NA,NA,NA,NA,NA,NA,High,High,High,NA,NA,NA,NA,NA,NA,NA,NA,NA,NA,NA,NA,NA,NA,NA,NA,NA,NA,NA,NA,NA,NA,NA,NA,NA,NA,NA,NA,NA,NA,NA,NA,NA,NA
76,2025-11-15,13:39:24,"Biemiller, McCall",803538,Left,FLA_GAT,Undefined,0,0,BallCalled,Slider,NA,NA,82.24341,-0.524537,3.546133,2681.544834,258.352193,02:30:00,5.91277,-2.01032,5.324,-38.56675,4.64658,14.83556,2.2057,2.55792,74.2658,-7.582518,6.17061,0.47313,-6.16776,3.01091,1.67833,50,5.83806,-8.00341,-118.89219,-2.44568,-8.6391,27.34763,-27.95673,6c5545e3-b1c5-4f22-a4f5-7833b4491807,NA,NA,NA,NA,NA,803734,"Yost, Hayden",NA,NA,NA,Left,NA,NA,NA,NA,NA,NA,NA,NA,NA,NA,NA,NA,NA,NA,NA,NA,6991e040-c252-11f0-a0a7-8d861a32580b,2,1,FLA_GAT,3,Top,0,Slider,Undefined,Undefined,Undefined,0,0,NA,FLA_GAT,FLA_GAT,CondronBallpark,TeamExclusive,Team,20251115-CondronBallpark-Private-2,79.66619,NA,NA,7.97761,NA,NA,NA,0da46085-2dd1-4a37-b86a-f3dac27fc572,2025-11-15,18:39:24,2025-11-15T18:39:24Z,2025-11-15T18:39:24Z,NA,v3,471297,471297,NA,"Malzone, Aj",1000352389,Right,FLA_GAT,55.17118,-120.07577,13.67382,5.91772,-1.23573,-13.97836,2.01662,-7.62951,-4.31955,NA,NA,NA,NA,NA,NA,NA,NA,NA,NA,NA,NA,NA,NA,NA,NA,NA,NA,NA,NA,NA,NA,NA,NA,NA,NA,NA,NA,NA,NA,NA,NA,NA,NA,NA,NA,NA,NA,NA,NA,NA,NA,NA,NA,NA,NA,NA,NA,NA,NA,High,High,High,NA,NA,NA,NA,NA,NA,NA,NA,NA,NA,NA,NA,NA,NA,NA,NA,NA,NA,NA,NA,NA,NA,NA,NA,NA,NA,NA,NA,NA,NA,NA,NA,NA,NA
77,2025-11-15,13:39:41,"Biemiller, McCall",803538,Left,FLA_GAT,Undefined,1,0,BallinDirt,Slider,NA,NA,81.5641,-2.730995,3.652095,2664.436154,246.770764,02:15:00,5.83324,-2.40306,5.39256,-37.33211,6.33303,11.14882,0.15559,1.95339,74.32237,-9.520968,5.629655,0.475597,-4.43898,4.51988,2.06851,50,5.56285,-7.9777,-117.87749,-6.90526,-6.14653,25.72915,-25.91551,c2eae559-8aa9-472d-bc69-ab8da286bab1,NA,NA,NA,NA,NA,803734,"Yost, Hayden",NA,NA,NA,Left,NA,NA,NA,NA,NA,NA,NA,NA,NA,NA,NA,NA,NA,NA,NA,NA,73eb9090-c252-11f0-a0a7-8d861a32580b,2,2,FLA_GAT,3,Top,0,Slider,Undefined,Undefined,Undefined,0,0,NA,FLA_GAT,FLA_GAT,CondronBallpark,TeamExclusive,Team,20251115-CondronBallpark-Private-2,79.25293,NA,NA,7.24174,NA,NA,NA,0da46085-2dd1-4a37-b86a-f3dac27fc572,2025-11-15,18:39:41,2025-11-15T18:39:41Z,2025-11-15T18:39:41Z,NA,v3,471297,471297,NA,"Malzone, Aj",1000352389,Right,FLA_GAT,55.10494,-118.98653,12.86458,5.83642,-5.78819,-12.95775,2.40667,-7.71276,-3.07326,NA,NA,NA,NA,NA,NA,NA,NA,NA,NA,NA,NA,NA,NA,NA,NA,NA,NA,NA,NA,NA,NA,NA,NA,NA,NA,NA,NA,NA,NA,NA,NA,NA,NA,NA,NA,NA,NA,NA,NA,NA,NA,NA,NA,NA,NA,NA,NA,NA,NA,High,High,High,NA,NA,NA,NA,NA,NA,NA,NA,NA,NA,NA,NA,NA,NA,NA,NA,NA,NA,NA,NA,NA,NA,NA,NA,NA,NA,NA,NA,NA,NA,NA,NA,NA,NA
78,2025-11-15,13:40:06,"Biemiller, McCall",803538,Left,FLA_GAT,Undefined,2,0,StrikeCalled,Fastball,NA,NA,91.69773,-2.785845,3.781418,2291.941355,162.419992,11:30:00,5.69346,-2.29414,6.10704,-16.23379,17.11859,-5.06028,1.75684,0.78605,83.29153,-5.885496,2.872647,0.415657,3.7231900000000002,9.98863,2.00584,50,5.47028,-8.5543,-132.72564,-6.92951,6.59517,30.25771,-14.48048,13472314-6aa7-4035-8b37-b2a012d980c5,NA,NA,NA,NA,NA,803734,"Yost, Hayden",NA,NA,NA,Left,NA,NA,NA,NA,NA,NA,NA,NA,NA,NA,NA,NA,NA,NA,NA,NA,82629150-c252-11f0-a0a7-8d861a32580b,2,3,FLA_GAT,3,Top,0,Four-Seam,Undefined,Undefined,Undefined,0,0,NA,FLA_GAT,FLA_GAT,CondronBallpark,TeamExclusive,Team,20251115-CondronBallpark-Private-2,90.68166,NA,NA,8.4062,NA,NA,NA,0da46085-2dd1-4a37-b86a-f3dac27fc572,2025-11-15,18:40:06,2025-11-15T18:40:06Z,2025-11-15T18:40:06Z,NA,v3,471297,471297,NA,"Malzone, Aj",1000352389,Right,FLA_GAT,54.38941,-133.72256,15.12885,5.69073,-6.45241,-7.24024,2.29127,-8.7716,3.29759,NA,NA,NA,NA,NA,NA,NA,NA,NA,NA,NA,NA,NA,NA,NA,NA,NA,NA,NA,NA,NA,NA,NA,NA,NA,NA,NA,NA,NA,NA,NA,NA,NA,NA,NA,NA,NA,NA,NA,NA,NA,NA,NA,NA,NA,NA,NA,NA,NA,NA,High,High,High,NA,NA,NA,NA,NA,NA,NA,NA,NA,NA,NA,NA,NA,NA,NA,NA,NA,NA,NA,NA,NA,NA,NA,NA,NA,NA,NA,NA,NA,NA,NA,NA,NA,NA
79,2025-11-15,13:40:22,"Biemiller, McCall",803538,Left,FLA_GAT,Undefined,2,1,BallCalled,Fastball,NA,NA,91.07437,-3.232042,3.070848,2285.964556,153.165902,11:00:00,5.78095,-2.24692,5.89784,-17.62316,16.39816,-7.70674,1.30428,-0.03549,82.86892,-6.566347,1.68977,0.419804,4.84563,9.6941,2.00405,50,5.51027,-6.73937,-131.85381,-7.99149,8.47991,29.58821,-15.20927,84a1ae5b-2331-453c-a4e0-880f9eb4e3fb,NA,NA,NA,NA,NA,803734,"Yost, Hayden",NA,NA,NA,Left,NA,NA,NA,NA,NA,NA,NA,NA,NA,NA,NA,NA,NA,NA,NA,NA,8bfd8580-c252-11f0-a0a7-8d861a32580b,2,4,FLA_GAT,3,Top,0,Four-Seam,Undefined,Undefined,Undefined,0,0,NA,FLA_GAT,FLA_GAT,CondronBallpark,TeamExclusive,Team,20251115-CondronBallpark-Private-2,89.78574,NA,NA,8.20546,NA,NA,NA,0da46085-2dd1-4a37-b86a-f3dac27fc572,2025-11-15,18:40:22,2025-11-15T18:40:22Z,2025-11-15T18:40:22Z,NA,v3,471297,471297,NA,"Malzone, Aj",1000352389,Right,FLA_GAT,54.59961,-132.88196,14.7941,5.77878,-7.46299,-7.60464,2.24335,-7.03404,4.23995,NA,NA,NA,NA,NA,NA,NA,NA,NA,NA,NA,NA,NA,NA,NA,NA,NA,NA,NA,NA,NA,NA,NA,NA,NA,NA,NA,NA,NA,NA,NA,NA,NA,NA,NA,NA,NA,NA,NA,NA,NA,NA,NA,NA,NA,NA,NA,NA,NA,NA,High,High,High,NA,NA,NA,NA,NA,NA,NA,NA,NA,NA,NA,NA,NA,NA,NA,NA,NA,NA,NA,NA,NA,NA,NA,NA,NA,NA,NA,NA,NA,NA,NA,NA,NA,NA
80,2025-11-15,13:40:58,"Biemiller, McCall",803538,Left,FLA_GAT,Undefined,3,1,BallCalled,Fastball,NA,NA,90.21986,0.020566,2.128282,2236.542539,158.396101,11:15:00,5.65275,-2.40941,6.07378,-19.30895,14.88792,-5.45674,4.06271,-0.89391,82.09128,-3.64651,1.146583,0.420886,3.40441,7.98776,2.24741,50,5.644,-4.63445,-130.97073,-0.53067,5.89415,28.49683,-18.34457,cffa2d94-a017-4010-8d0b-899f140876e0,NA,NA,NA,NA,NA,803734,"Yost, Hayden",NA,NA,NA,Left,NA,NA,NA,NA,NA,NA,NA,NA,NA,NA,NA,NA,NA,NA,NA,NA,a1776a70-c252-11f0-a0a7-8d861a32580b,2,5,FLA_GAT,3,Top,0,Four-Seam,Walk,Undefined,Undefined,0,0,NA,FLA_GAT,FLA_GAT,CondronBallpark,TeamExclusive,Team,20251115-CondronBallpark-Private-2,89.55492,NA,NA,8.12858,NA,NA,NA,0da46085-2dd1-4a37-b86a-f3dac27fc572,2025-11-15,18:40:58,2025-11-15T18:40:58Z,2025-11-15T18:40:58Z,NA,v3,471297,471297,NA,"Malzone, Aj",1000352389,Right,FLA_GAT,54.42292,-131.92957,14.24842,5.65147,0.08657,-9.17228,2.40668,-4.83277,2.94708,NA,NA,NA,NA,NA,NA,NA,NA,NA,NA,NA,NA,NA,NA,NA,NA,NA,NA,NA,NA,NA,NA,NA,NA,NA,NA,NA,NA,NA,NA,NA,NA,NA,NA,NA,NA,NA,NA,NA,NA,NA,NA,NA,NA,NA,NA,NA,NA,NA,NA,High,High,High,NA,NA,NA,NA,NA,NA,NA,NA,NA,NA,NA,NA,NA,NA,NA,NA,NA,NA,NA,NA,NA,NA,NA,NA,NA,NA,NA,NA,NA,NA,NA,NA,NA,NA
81,2025-11-15,13:42:06,"Biemiller, McCall",803538,Left,FLA_GAT,Undefined,0,0,InPlay,Slider,NA,NA,82.53407,-1.573195,1.871338,2578.167703,232.898745,01:45:00,5.96367,-2.13475,5.34105,-33.99309,8.48733,9.22875,1.65395,0.39043,74.92549,-7.815201,3.510795,0.4691,-4.06492,5.18032,1.95899,50,5.79763,-4.28691,-119.55505,-4.44858,-5.79718,26.20003,-24.78614,a73b0d21-7cce-4d0f-a328-e24fa63d0934,NA,NA,NA,NA,49.643937,803724,"McDonald, Caden",NA,NA,40.17574,Right,-24.572836,NA,NA,NA,6.57233,5.27376,0.088807,33.931135,2.34143,2.19734,0.00674,NA,NA,NA,NA,NA,ca2a9320-c252-11f0-a0a7-8d861a32580b,3,1,FLA_GAT,3,Top,0,Slider,Undefined,GroundBall,Out,1,0,NA,FLA_GAT,FLA_GAT,CondronBallpark,TeamExclusive,Team,20251115-CondronBallpark-Private-2,80.35049,2.19734,NA,7.60858,NA,NA,NA,0da46085-2dd1-4a37-b86a-f3dac27fc572,2025-11-15,18:42:06,2025-11-15T18:42:06Z,2025-11-15T18:42:06Z,GroundBall,v3,471297,471297,NA,"Malzone, Aj",1000352389,Right,FLA_GAT,55.15695,-120.67989,13.10001,5.96578,-3.38444,-12.39307,2.13769,-4.03802,-2.89859,180,2.33659,35.03866,NA,NA,NA,NA,NA,NA,NA,2.20076,-24.74282,NA,NA,NA,NA,NA,NA,NA,0.00104,41.23431,NA,NA,NA,NA,NA,NA,NA,NA,NA,NA,NA,NA,NA,NA,NA,NA,NA,NA,NA,NA,NA,NA,NA,NA,NA,NA,NA,NA,NA,High,High,High,High,High,NA,NA,NA,NA,NA,NA,NA,NA,NA,NA,NA,NA,NA,NA,NA,NA,NA,NA,NA,NA,NA,NA,NA,NA,NA,NA,NA,NA,NA,50.63762,26.9284,-58.14713
82,2025-11-15,13:42:36,"Biemiller, McCall",803538,Left,FLA_GAT,Undefined,0,0,InPlay,Slider,NA,NA,82.17058,-0.649286,1.782397,2584.172012,239.409231,02:00:00,5.95772,-1.97832,5.14639,-34.59687,8.81965,12.18379,2.46303,0.71566,74.04552,-7.010202,3.937798,0.474241,-5.50461,5.05205,1.80153,50,5.8708,-4.21668,-118.94694,-2.55487,-7.72058,27.2846,-25.0882,2cfbb7ca-4ff1-4b66-aeb8-3bad659ce2c8,NA,NA,NA,NA,8.504097,806235,"Stripling, Landon",1929.474547,NA,78.18074,Left,19.982159,108.92315,30.55565,15.35264,245.92208,245.92208,3.149622,8.642086,2.15544,2.60162,-0.66314,NA,NA,NA,NA,NA,dbd0dad0-c252-11f0-a0a7-8d861a32580b,4,1,FLA_GAT,3,Top,1,Slider,Undefined,LineDrive,Single,0,2,NA,FLA_GAT,FLA_GAT,CondronBallpark,TeamExclusive,Team,20251115-CondronBallpark-Private-2,79.47953,32.03682,NA,8.12506,NA,NA,NA,0da46085-2dd1-4a37-b86a-f3dac27fc572,2025-11-15,18:42:36,2025-11-15T18:42:36Z,2025-11-15T18:42:36Z,LineDrive,v3,471297,471297,NA,"Malzone, Aj",1000352389,Right,FLA_GAT,55.35078,-120.16806,13.6423,5.96002,-1.43205,-12.5441,1.98251,-3.87115,-3.86029,179.039523,2.15554,106.57285,-16.79472,3.70162,-0.64947,0.08284,-0.00467,-8.5e-4,1.7e-4,2.60132,39.1962,-13.22743,0.11937,-0.04159,0.04985,-0.02204,0.00565,-6e-4,-0.66305,15.93272,-2.64899,0.76616,-0.16883,0.03586,-0.0084,0.0015,-1.2e-4,NA,NA,NA,NA,NA,NA,NA,NA,NA,NA,NA,NA,NA,NA,NA,NA,NA,NA,NA,NA,NA,NA,High,High,High,High,High,NA,NA,NA,NA,NA,NA,NA,NA,NA,NA,NA,NA,NA,NA,NA,NA,NA,NA,NA,NA,NA,NA,NA,NA,NA,NA,NA,NA,NA,66.9058,11.70868,11.28519
83,2025-11-15,13:43:14,"Biemiller, McCall",803538,Left,FLA_GAT,Undefined,0,0,StrikeSwinging,Fastball,NA,NA,91.44812,-1.894893,3.125605,2352.382857,153.722725,11:00:00,5.72519,-2.30706,5.94579,-17.20572,16.37745,-7.52977,2.53052,-0.03252,83.16837,-5.165353,1.775572,0.417092,4.7517,9.27469,2.0621,50,5.56438,-6.90764,-132.53816,-4.90561,8.41259,29.56672,-15.75375,8d04b20d-0999-4ef6-ae64-647accb8b24c,NA,NA,NA,NA,NA,833422,"Miller, Sam",NA,NA,NA,Right,NA,NA,NA,NA,NA,NA,NA,NA,NA,NA,NA,NA,NA,NA,NA,NA,f2ae2050-c252-11f0-a0a7-8d861a32580b,5,1,FLA_GAT,3,Top,1,Four-Seam,Undefined,Undefined,Undefined,0,0,NA,FLA_GAT,FLA_GAT,CondronBallpark,TeamExclusive,Team,20251115-CondronBallpark-Private-2,90.36955,NA,NA,8.27974,NA,NA,NA,0da46085-2dd1-4a37-b86a-f3dac27fc572,2025-11-15,18:43:14,2025-11-15T18:43:14Z,2025-11-15T18:43:14Z,NA,v3,471297,471297,NA,"Malzone, Aj",1000352389,Right,FLA_GAT,54.55109,-133.54956,14.78336,5.72297,-4.36671,-7.87688,2.30332,-7.19541,4.20629,NA,NA,NA,NA,NA,NA,NA,NA,NA,NA,NA,NA,NA,NA,NA,NA,NA,NA,NA,NA,NA,NA,NA,NA,NA,NA,NA,NA,NA,NA,NA,NA,NA,NA,NA,NA,NA,NA,NA,NA,NA,NA,NA,NA,NA,NA,NA,NA,NA,NA,High,High,High,NA,NA,NA,NA,NA,NA,NA,NA,NA,NA,NA,NA,NA,NA,NA,NA,NA,NA,NA,NA,NA,NA,NA,NA,NA,NA,NA,NA,NA,NA,NA,NA,NA,NA
84,2025-11-15,13:43:30,"Biemiller, McCall",803538,Left,FLA_GAT,Undefined,0,1,FoulBallNotFieldable,Fastball,NA,NA,91.50217,-2.552779,3.041654,2313.245428,144.519255,10:45:00,5.7317,-2.38466,5.92531,-18.76355,14.71143,-9.70804,1.79443,-0.36865,83.58448,-6.087209,1.300686,0.41642,5.71146,8.54815,2.14597,50,5.51634,-6.59842,-132.56972,-6.50277,10.16595,28.29489,-16.95899,b4253414-4f2c-4a3d-bf6f-ebc344b9fc6e,NA,NA,NA,NA,NA,833422,"Miller, Sam",NA,NA,NA,Right,NA,NA,NA,NA,NA,NA,NA,NA,NA,NA,NA,NA,NA,NA,NA,NA,fbd989d0-c252-11f0-a0a7-8d861a32580b,5,2,FLA_GAT,3,Top,1,Four-Seam,Undefined,Undefined,Undefined,0,0,NA,FLA_GAT,FLA_GAT,CondronBallpark,TeamExclusive,Team,20251115-CondronBallpark-Private-2,90.51546,NA,NA,7.91769,NA,NA,NA,0da46085-2dd1-4a37-b86a-f3dac27fc572,2025-11-15,18:43:30,2025-11-15T18:43:30Z,2025-11-15T18:43:30Z,NA,v3,471297,471297,NA,"Malzone, Aj",1000352389,Right,FLA_GAT,54.56903,-133.54134,14.14744,5.72964,-5.92041,-8.4795,2.37855,-6.94751,5.08298,NA,NA,NA,NA,NA,NA,NA,NA,NA,NA,NA,NA,NA,NA,NA,NA,NA,NA,NA,NA,NA,NA,NA,NA,NA,NA,NA,NA,NA,NA,NA,NA,NA,NA,NA,NA,NA,NA,NA,NA,NA,NA,NA,NA,NA,NA,NA,NA,NA,NA,High,High,High,NA,NA,NA,NA,NA,NA,NA,NA,NA,NA,NA,NA,NA,NA,NA,NA,NA,NA,NA,NA,NA,NA,NA,NA,NA,NA,NA,NA,NA,NA,NA,NA,NA,NA
85,2025-11-15,13:43:47,"Biemiller, McCall",803538,Left,FLA_GAT,Undefined,0,2,BallCalled,ChangeUp,NA,NA,87.33916,-2.097249,4.281211,1931.608239,121.150592,10:00:00,5.63259,-2.57994,5.98856,-29.20572,7.28725,-10.22312,1.24874,0.54336,80.48569,-7.493294,2.448201,0.434787,6.41406,4.63142,2.24743,50,5.45041,-9.06881,-126.58391,-5.61219,10.45903,24.63228,-24.6219,3cb5f34c-2080-4bac-8a9d-cf2b836bde4c,NA,NA,NA,NA,NA,833422,"Miller, Sam",NA,NA,NA,Right,NA,NA,NA,NA,NA,NA,NA,NA,NA,NA,NA,NA,NA,NA,NA,NA,0629c440-c253-11f0-a0a7-8d861a32580b,5,3,FLA_GAT,3,Top,1,Sinker,Undefined,Undefined,Undefined,0,0,NA,FLA_GAT,FLA_GAT,CondronBallpark,TeamExclusive,Team,20251115-CondronBallpark-Private-2,86.69183,NA,NA,6.85347,NA,NA,NA,0da46085-2dd1-4a37-b86a-f3dac27fc572,2025-11-15,18:43:47,2025-11-15T18:43:47Z,2025-11-15T18:43:47Z,NA,v3,471297,471297,NA,"Malzone, Aj",1000352389,Right,FLA_GAT,54.51192,-127.45887,12.31614,5.63423,-4.7376,-12.31095,2.57616,-9.44033,5.22951,NA,NA,NA,NA,NA,NA,NA,NA,NA,NA,NA,NA,NA,NA,NA,NA,NA,NA,NA,NA,NA,NA,NA,NA,NA,NA,NA,NA,80.36489,2.19431,0.962816,1.231494,0.71018,1.15524,-0.57341,0.31449,5.97606,1.16364,127.27898,1.33956,2.15582,0.44763,115.76788,-10.48721,5.99678,10.85463,-11.90571,1.11352,-2.62858,2.86271,High,High,High,NA,NA,High,High,High,NA,NA,NA,NA,NA,NA,NA,NA,NA,NA,NA,NA,NA,NA,NA,NA,NA,NA,NA,NA,NA,NA,NA,NA,NA,NA,NA,NA,NA
86,2025-11-15,13:44:39,"Biemiller, McCall",803538,Left,FLA_GAT,Undefined,1,2,StrikeSwinging,Slider,NA,NA,82.39754,-1.590832,2.676346,2671.741355,271.539232,03:00:00,6.06983,-2.2349,5.23649,-41.42081,1.19484,8.5056,1.12082,0.99129,75.41509,-9.096565,4.184414,0.469846,-3.45189,1.48823,1.98191,50,5.8925,-5.93467,-119.35174,-4.81275,-4.93359,24.93617,-30.047,141f3615-3a13-444c-a1c2-c7a859f90145,NA,NA,NA,NA,NA,833422,"Miller, Sam",NA,NA,NA,Right,NA,NA,NA,NA,NA,NA,NA,NA,NA,NA,NA,NA,NA,NA,NA,NA,257f01c0-c253-11f0-a0a7-8d861a32580b,5,4,FLA_GAT,3,Top,1,Slider,Strikeout,Undefined,Undefined,0,0,NA,FLA_GAT,FLA_GAT,CondronBallpark,TeamExclusive,Team,20251115-CondronBallpark-Private-2,80.22289,NA,NA,6.98244,NA,NA,NA,0da46085-2dd1-4a37-b86a-f3dac27fc572,2025-11-15,18:44:39,2025-11-15T18:44:39Z,2025-11-15T18:44:39Z,NA,v3,471297,471297,NA,"Malzone, Aj",1000352389,Right,FLA_GAT,55.26238,-120.44619,12.46808,6.07479,-3.49398,-15.0235,2.23763,-5.71813,-2.46679,NA,NA,NA,NA,NA,NA,NA,NA,NA,NA,NA,NA,NA,NA,NA,NA,NA,NA,NA,NA,NA,NA,NA,NA,NA,NA,NA,NA,NA,NA,NA,NA,NA,NA,NA,NA,NA,NA,NA,NA,NA,NA,NA,NA,NA,NA,NA,NA,NA,NA,High,High,High,NA,NA,NA,NA,NA,NA,NA,NA,NA,NA,NA,NA,NA,NA,NA,NA,NA,NA,NA,NA,NA,NA,NA,NA,NA,NA,NA,NA,NA,NA,NA,NA,NA,NA
87,2025-11-15,13:45:07,"Biemiller, McCall",803538,Left,FLA_GAT,Undefined,0,0,StrikeCalled,ChangeUp,NA,NA,87.53075,-1.127161,3.363658,1684.109739,116.232829,09:45:00,5.63003,-2.715,5.93445,-31.39395,5.51658,-8.55945,1.96621,-0.30408,79.33147,-6.958514,1.828146,0.437267,5.40626,3.5915,2.4509,50,5.52251,-7.08961,-126.79703,-3.56348,8.69672,28.80571,-26.3966,c9e50a45-36be-4cb7-a495-1f48a6fc0374,NA,NA,NA,NA,NA,1000098001,"Stanford, Cole",NA,NA,NA,Right,NA,NA,NA,NA,NA,NA,NA,NA,NA,NA,NA,NA,NA,NA,NA,NA,36465b20-c253-11f0-a0a7-8d861a32580b,6,1,FLA_GAT,3,Top,2,Changeup,Undefined,Undefined,Undefined,0,0,NA,FLA_GAT,FLA_GAT,CondronBallpark,TeamExclusive,Team,20251115-CondronBallpark-Private-2,86.20007,NA,NA,8.19928,NA,NA,NA,0da46085-2dd1-4a37-b86a-f3dac27fc572,2025-11-15,18:45:07,2025-11-15T18:45:07Z,2025-11-15T18:45:07Z,NA,v3,471297,471297,NA,"Malzone, Aj",1000352389,Right,FLA_GAT,54.5619,-127.8292,14.40285,5.63325,-2.61764,-13.1983,2.71052,-7.40124,4.34836,NA,NA,NA,NA,NA,NA,NA,NA,NA,NA,NA,NA,NA,NA,NA,NA,NA,NA,NA,NA,NA,NA,NA,NA,NA,NA,NA,NA,NA,NA,NA,NA,NA,NA,NA,NA,NA,NA,NA,NA,NA,NA,NA,NA,NA,NA,NA,NA,NA,NA,High,High,High,NA,NA,NA,NA,NA,NA,NA,NA,NA,NA,NA,NA,NA,NA,NA,NA,NA,NA,NA,NA,NA,NA,NA,NA,NA,NA,NA,NA,NA,NA,NA,NA,NA,NA
88,2025-11-15,13:45:20,"Biemiller, McCall",803538,Left,FLA_GAT,Undefined,0,1,InPlay,ChangeUp,NA,NA,86.4672,-1.045072,3.524021,1776.612242,113.638642,09:45:00,5.68115,-2.68702,5.87023,-32.04399,5.79154,-10.2456,2.03815,-0.26335,78.53786,-6.986384,1.688618,0.442712,6.33536,3.6602,2.40751,50,5.57789,-7.29521,-125.28499,-3.36566,9.96857,27.68044,-26.41482,878922b8-35bf-442e-9071-a5b5a490a8e1,NA,NA,NA,NA,-5.239944,1000098001,"Stanford, Cole",4128.772304,NA,106.33025,Right,-1.261354,NA,NA,NA,39.76112,37.53098,0.25996,-4.033153,0.89856,1.9711,0.22817,NA,NA,NA,NA,NA,3df44c60-c253-11f0-a0a7-8d861a32580b,6,2,FLA_GAT,3,Top,2,Changeup,Undefined,GroundBall,Single,0,1,NA,FLA_GAT,FLA_GAT,CondronBallpark,TeamExclusive,Team,20251115-CondronBallpark-Private-2,85.13983,1.9711,NA,7.92934,NA,NA,NA,0da46085-2dd1-4a37-b86a-f3dac27fc572,2025-11-15,18:45:20,2025-11-15T18:45:20Z,2025-11-15T18:45:20Z,GroundBall,v3,471297,471297,NA,"Malzone, Aj",1000352389,Right,FLA_GAT,54.62821,-126.30341,13.84022,5.68385,-2.3938,-13.20741,2.68266,-7.66197,4.98428,276.114149,0.90208,155.08124,-23.05186,NA,NA,NA,NA,NA,NA,1.97248,-3.50357,-15.73011,NA,NA,NA,NA,NA,NA,0.22593,-14.12404,9.63863,NA,NA,NA,NA,NA,NA,NA,NA,NA,NA,NA,NA,NA,NA,NA,NA,NA,NA,NA,NA,NA,NA,NA,NA,NA,NA,NA,NA,High,High,High,High,High,NA,NA,NA,NA,NA,NA,NA,NA,NA,NA,NA,NA,NA,NA,NA,NA,NA,NA,NA,NA,NA,NA,NA,NA,NA,NA,NA,NA,NA,74.81482,1.27139,-8.088
89,2025-11-15,13:45:58,"Biemiller, McCall",803538,Left,FLA_GAT,Undefined,0,0,StrikeCalled,Fastball,NA,NA,90.85857,-1.546352,4.139866,2231.270361,145.843724,10:45:00,5.69866,-2.32774,5.87503,-19.18198,15.23544,-9.49993,2.65984,0.73232,82.01776,-5.185134,2.441841,0.422241,6.10937,8.61666,1.99781,50,5.5623,-9.09081,-131.44168,-4.14872,10.56195,30.93133,-17.27749,1d909ad7-c71d-4fe7-b464-f90687e4bbda,NA,NA,NA,NA,NA,703630,"Nadeau, Justin",NA,NA,NA,Left,NA,NA,NA,NA,NA,NA,NA,NA,NA,NA,NA,NA,NA,NA,NA,NA,54708620-c253-11f0-a0a7-8d861a32580b,7,1,FLA_GAT,3,Top,2,Four-Seam,Undefined,Undefined,Undefined,0,0,NA,FLA_GAT,FLA_GAT,CondronBallpark,TeamExclusive,Team,20251115-CondronBallpark-Private-2,89.26755,NA,NA,8.84081,NA,NA,NA,0da46085-2dd1-4a37-b86a-f3dac27fc572,2025-11-15,18:45:58,2025-11-15T18:45:58Z,2025-11-15T18:45:58Z,NA,v3,471297,471297,NA,"Malzone, Aj",1000352389,Right,FLA_GAT,54.62047,-132.52452,15.46566,5.69695,-3.54387,-8.63874,2.32253,-9.46056,5.28098,NA,NA,NA,NA,NA,NA,NA,NA,NA,NA,NA,NA,NA,NA,NA,NA,NA,NA,NA,NA,NA,NA,NA,NA,NA,NA,NA,NA,NA,NA,NA,NA,NA,NA,NA,NA,NA,NA,NA,NA,NA,NA,NA,NA,NA,NA,NA,NA,NA,NA,High,High,High,NA,NA,NA,NA,NA,NA,NA,NA,NA,NA,NA,NA,NA,NA,NA,NA,NA,NA,NA,NA,NA,NA,NA,NA,NA,NA,NA,NA,NA,NA,NA,NA,NA,NA
90,2025-11-15,13:46:13,"Biemiller, McCall",803538,Left,FLA_GAT,Undefined,0,1,BallCalled,Slider,NA,NA,79.83848,0.517037,2.945708,2628.174734,269.976374,03:00:00,5.62123,-2.28962,5.25518,-43.90416,1.53772,12.08603,2.44902,1.48777,72.72543,-7.482491,5.084187,0.485176,-5.09898,1.10114,2.01024,50,5.63657,-6.45079,-115.62057,-0.49417,-6.82751,23.73671,-30.69962,07473056-897e-47f4-8178-a53af035c4ce,NA,NA,NA,NA,NA,703630,"Nadeau, Justin",NA,NA,NA,Left,NA,NA,NA,NA,NA,NA,NA,NA,NA,NA,NA,NA,NA,NA,NA,NA,5d107880-c253-11f0-a0a7-8d861a32580b,7,2,FLA_GAT,3,Top,2,Slider,Undefined,Undefined,Undefined,0,0,NA,FLA_GAT,FLA_GAT,CondronBallpark,TeamExclusive,Team,20251115-CondronBallpark-Private-2,77.68817,NA,NA,7.11305,NA,NA,NA,0da46085-2dd1-4a37-b86a-f3dac27fc572,2025-11-15,18:46:13,2025-11-15T18:46:13Z,2025-11-15T18:46:13Z,NA,v3,471297,471297,NA,"Malzone, Aj",1000352389,Right,FLA_GAT,55.24226,-116.69184,11.86836,5.62761,0.89134,-15.34981,2.29442,-6.14266,-3.41376,NA,NA,NA,NA,NA,NA,NA,NA,NA,NA,NA,NA,NA,NA,NA,NA,NA,NA,NA,NA,NA,NA,NA,NA,NA,NA,NA,NA,NA,NA,NA,NA,NA,NA,NA,NA,NA,NA,NA,NA,NA,NA,NA,NA,NA,NA,NA,NA,NA,NA,High,High,High,NA,NA,NA,NA,NA,NA,NA,NA,NA,NA,NA,NA,NA,NA,NA,NA,NA,NA,NA,NA,NA,NA,NA,NA,NA,NA,NA,NA,NA,NA,NA,NA,NA,NA
91,2025-11-15,13:46:27,"Biemiller, McCall",803538,Left,FLA_GAT,Undefined,1,1,StrikeSwinging,Slider,NA,NA,82.57016,-1.306798,1.515424,2448.155439,210.618604,01:00:00,5.97453,-2.30784,5.37081,-29.37462,13.45965,6.97355,2.30077,-0.30555,73.98021,-6.780961,2.754773,0.47105,-2.93134,7.69264,2.16701,50,5.83724,-3.46257,-119.43514,-3.68701,-4.13198,28.17761,-21.33058,d5432cbe-ae20-44fc-a549-054f4de36e5f,NA,NA,NA,NA,NA,703630,"Nadeau, Justin",NA,NA,NA,Left,NA,NA,NA,NA,NA,NA,NA,NA,NA,NA,NA,NA,NA,NA,NA,NA,65a435e0-c253-11f0-a0a7-8d861a32580b,7,3,FLA_GAT,3,Top,2,Slider,Undefined,Undefined,Undefined,0,0,NA,FLA_GAT,FLA_GAT,CondronBallpark,TeamExclusive,Team,20251115-CondronBallpark-Private-2,80.01789,NA,NA,8.58995,NA,NA,NA,0da46085-2dd1-4a37-b86a-f3dac27fc572,2025-11-15,18:46:27,2025-11-15T18:46:27Z,2025-11-15T18:46:27Z,NA,v3,471297,471297,NA,"Malzone, Aj",1000352389,Right,FLA_GAT,55.12141,-120.63735,14.08881,5.97514,-2.77693,-10.66529,2.31098,-3.28628,-2.06599,NA,NA,NA,NA,NA,NA,NA,NA,NA,NA,NA,NA,NA,NA,NA,NA,NA,NA,NA,NA,NA,NA,NA,NA,NA,NA,NA,NA,NA,NA,NA,NA,NA,NA,NA,NA,NA,NA,NA,NA,NA,NA,NA,NA,NA,NA,NA,NA,NA,NA,High,High,High,NA,NA,NA,NA,NA,NA,NA,NA,NA,NA,NA,NA,NA,NA,NA,NA,NA,NA,NA,NA,NA,NA,NA,NA,NA,NA,NA,NA,NA,NA,NA,NA,NA,NA
92,2025-11-15,13:46:45,"Biemiller, McCall",803538,Left,FLA_GAT,Undefined,1,2,BallCalled,Fastball,NA,NA,91.99955,-1.810912,4.586682,2383.756631,167.949334,11:30:00,5.5238,-2.55494,5.73178,-15.66489,18.0821,-3.60666,2.52594,1.42514,83.19632,-4.801006,3.945015,0.418108,3.23488,10.08319,2.17407,50,5.36289,-10.50511,-132.98627,-4.68079,5.73526,31.17903,-14.29719,25601bfe-2cd5-471a-88ed-61a235b718d2,NA,NA,NA,NA,NA,703630,"Nadeau, Justin",NA,NA,NA,Left,NA,NA,NA,NA,NA,NA,NA,NA,NA,NA,NA,NA,NA,NA,NA,NA,707deba0-c253-11f0-a0a7-8d861a32580b,7,4,FLA_GAT,3,Top,2,Four-Seam,Undefined,Undefined,Undefined,0,0,NA,FLA_GAT,FLA_GAT,CondronBallpark,TeamExclusive,Team,20251115-CondronBallpark-Private-2,90.14992,NA,NA,8.80323,NA,NA,NA,0da46085-2dd1-4a37-b86a-f3dac27fc572,2025-11-15,18:46:45,2025-11-15T18:46:45Z,2025-11-15T18:46:45Z,NA,v3,471297,471297,NA,"Malzone, Aj",1000352389,Right,FLA_GAT,54.76409,-134.09858,15.58951,5.52077,-4.17074,-7.1485900000000004,2.55248,-10.70971,2.86763,NA,NA,NA,NA,NA,NA,NA,NA,NA,NA,NA,NA,NA,NA,NA,NA,NA,NA,NA,NA,NA,NA,NA,NA,NA,NA,NA,NA,NA,NA,NA,NA,NA,NA,NA,NA,NA,NA,NA,NA,NA,NA,NA,NA,NA,NA,NA,NA,NA,NA,High,High,High,NA,NA,NA,NA,NA,NA,NA,NA,NA,NA,NA,NA,NA,NA,NA,NA,NA,NA,NA,NA,NA,NA,NA,NA,NA,NA,NA,NA,NA,NA,NA,NA,NA,NA
93,2025-11-15,13:47:02,"Biemiller, McCall",803538,Left,FLA_GAT,Undefined,2,2,BallCalled,Fastball,NA,NA,90.96545,-2.9942,3.392442,2344.403603,165.683168,11:30:00,5.68378,-2.27931,5.94527,-15.1654,19.09946,-4.55831,1.63531,0.49118,82.19881,-5.908982,2.57578,0.421304,3.38965,11.07508,2.01139,50,5.43627,-7.60102,-131.59077,-7.30721,5.87029,31.13477,-12.99382,67512192-f236-45b6-882d-9592765a02b4,NA,NA,NA,NA,NA,703630,"Nadeau, Justin",NA,NA,NA,Left,NA,NA,NA,NA,NA,NA,NA,NA,NA,NA,NA,NA,NA,NA,NA,NA,7ace4d20-c253-11f0-a0a7-8d861a32580b,7,5,FLA_GAT,3,Top,2,Four-Seam,Undefined,Undefined,Undefined,0,0,NA,FLA_GAT,FLA_GAT,CondronBallpark,TeamExclusive,Team,20251115-CondronBallpark-Private-2,89.46611,NA,NA,8.76664,NA,NA,NA,0da46085-2dd1-4a37-b86a-f3dac27fc572,2025-11-15,18:47:02,2025-11-15T18:47:02Z,2025-11-15T18:47:02Z,NA,v3,471297,471297,NA,"Malzone, Aj",1000352389,Right,FLA_GAT,54.55048,-132.66305,15.56739,5.68023,-6.8597,-6.49691,2.27666,-7.8032,2.93514,NA,NA,NA,NA,NA,NA,NA,NA,NA,NA,NA,NA,NA,NA,NA,NA,NA,NA,NA,NA,NA,NA,NA,NA,NA,NA,NA,NA,NA,NA,NA,NA,NA,NA,NA,NA,NA,NA,NA,NA,NA,NA,NA,NA,NA,NA,NA,NA,NA,NA,High,High,High,NA,NA,NA,NA,NA,NA,NA,NA,NA,NA,NA,NA,NA,NA,NA,NA,NA,NA,NA,NA,NA,NA,NA,NA,NA,NA,NA,NA,NA,NA,NA,NA,NA,NA
94,2025-11-15,13:47:40,"Biemiller, McCall",803538,Left,FLA_GAT,Undefined,3,2,StrikeSwinging,Slider,NA,NA,80.01691,-0.7075,1.518726,2624.310741,259.942288,02:45:00,5.91837,-2.17311,5.15859,-41.70093,4.1878,13.7917,1.77707,0.40608,72.10332,-8.329535,3.96177,0.487556,-6.31095,2.85689,2.02039,50,5.82096,-3.653,-115.79602,-2.89299,-8.3676,26.35551,-28.38612,3fde0c49-f9f3-4fd0-9f96-953f3f0def48,NA,NA,NA,NA,NA,703630,"Nadeau, Justin",NA,NA,NA,Left,NA,NA,NA,NA,NA,NA,NA,NA,NA,NA,NA,NA,NA,NA,NA,NA,91871ab0-c253-11f0-a0a7-8d861a32580b,7,6,FLA_GAT,3,Top,2,Slider,Strikeout,Undefined,Undefined,0,0,NA,FLA_GAT,FLA_GAT,CondronBallpark,TeamExclusive,Team,20251115-CondronBallpark-Private-2,77.30895,NA,NA,7.91359,NA,NA,NA,0da46085-2dd1-4a37-b86a-f3dac27fc572,2025-11-15,18:47:40,2025-11-15T18:47:40Z,2025-11-15T18:47:40Z,NA,v3,471297,471297,NA,"Malzone, Aj",1000352389,Right,FLA_GAT,55.33684,-117.0044,13.17775,5.92376,-1.59151,-14.19305,2.17908,-3.26935,-4.1838,NA,NA,NA,NA,NA,NA,NA,NA,NA,NA,NA,NA,NA,NA,NA,NA,NA,NA,NA,NA,NA,NA,NA,NA,NA,NA,NA,NA,NA,NA,NA,NA,NA,NA,NA,NA,NA,NA,NA,NA,NA,NA,NA,NA,NA,NA,NA,NA,NA,NA,High,High,High,NA,NA,NA,NA,NA,NA,NA,NA,NA,NA,NA,NA,NA,NA,NA,NA,NA,NA,NA,NA,NA,NA,NA,NA,NA,NA,NA,NA,NA,NA,NA,NA,NA,NA
95,2025-11-15,13:50:36,"Hoyt, Jackson",10119764,Left,FLA_GAT,Undefined,0,0,BallCalled,Fastball,NA,NA,92.79625,-0.568959,0.78234,2268.325484,142.027835,10:45:00,5.71523,-1.56877,4.87191,-17.63505,16.52721,-11.93938,3.70718,-1.82335,83.5381,-3.88136,-1.320325,0.420673,6.06788,8.64741,1.5023,50,5.64518,-1.22408,-134.356,-1.97068,10.94707,32.6472,-16.57322,90d46cc0-63c7-4f99-b99d-a308c6e27847,NA,NA,NA,NA,NA,804404,"Kurland, Cade",NA,NA,NA,Right,NA,NA,NA,NA,NA,NA,NA,NA,NA,NA,NA,NA,NA,NA,NA,NA,f9cf4570-c253-11f0-a0a7-8d861a32580b,1,1,FLA_GAT,3,Bottom,0,Four-Seam,Undefined,Undefined,Undefined,0,0,NA,FLA_GAT,FLA_GAT,CondronBallpark,TeamExclusive,Team,20251115-CondronBallpark-Private-2,89.60033,NA,NA,9.25816,NA,NA,NA,0da46085-2dd1-4a37-b86a-f3dac27fc572,2025-11-15,18:50:36,2025-11-15T18:50:36Z,2025-11-15T18:50:36Z,NA,v3,471297,471297,NA,"Bowen, Karson",702710,Right,FLA_GAT,55.62252,-135.71534,16.3236,5.71287,-1.28061,-8.28661,1.56276,-1.67988,5.47354,NA,NA,NA,NA,NA,NA,NA,NA,NA,NA,NA,NA,NA,NA,NA,NA,NA,NA,NA,NA,NA,NA,NA,NA,NA,NA,NA,NA,NA,NA,NA,NA,NA,NA,NA,NA,NA,NA,NA,NA,NA,NA,NA,NA,NA,NA,NA,NA,NA,NA,High,High,High,NA,NA,NA,NA,NA,NA,NA,NA,NA,NA,NA,NA,NA,NA,NA,NA,NA,NA,NA,NA,NA,NA,NA,NA,NA,NA,NA,NA,NA,NA,NA,NA,NA,NA
96,2025-11-15,13:50:50,"Hoyt, Jackson",10119764,Left,FLA_GAT,Undefined,1,0,BallCalled,Fastball,NA,NA,94.10195,-0.722141,1.017052,2343.054983,142.899523,10:45:00,5.63708,-1.31002,5.14862,-14.59792,18.42808,-13.00347,3.74058,-1.43603,84.31923,-3.516969,-1.284442,0.413618,6.73863,9.71938,1.22513,50,5.55903,-1.76093,-136.23395,-2.18577,12.43746,34.93032,-14.23504,6fef2c5a-b0b9-4306-978d-4ed06a1e0eca,NA,NA,NA,NA,NA,804404,"Kurland, Cade",NA,NA,NA,Right,NA,NA,NA,NA,NA,NA,NA,NA,NA,NA,NA,NA,NA,NA,NA,NA,028f6a00-c254-11f0-a0a7-8d861a32580b,1,2,FLA_GAT,3,Bottom,0,Four-Seam,Undefined,Undefined,Undefined,0,0,NA,FLA_GAT,FLA_GAT,CondronBallpark,TeamExclusive,Team,20251115-CondronBallpark-Private-2,91.12865,NA,NA,9.78272,NA,NA,NA,0da46085-2dd1-4a37-b86a-f3dac27fc572,2025-11-15,18:50:50,2025-11-15T18:50:50Z,2025-11-15T18:50:50Z,NA,v3,471297,471297,NA,"Bowen, Karson",702710,Right,FLA_GAT,55.34551,-137.59771,17.46516,5.63352,-1.63,-7.11752,1.30336,-2.24651,6.21873,NA,NA,NA,NA,NA,NA,NA,NA,NA,NA,NA,NA,NA,NA,NA,NA,NA,NA,NA,NA,NA,NA,NA,NA,NA,NA,NA,NA,NA,NA,NA,NA,NA,NA,NA,NA,NA,NA,NA,NA,NA,NA,NA,NA,NA,NA,NA,NA,NA,NA,High,High,High,NA,NA,NA,NA,NA,NA,NA,NA,NA,NA,NA,NA,NA,NA,NA,NA,NA,NA,NA,NA,NA,NA,NA,NA,NA,NA,NA,NA,NA,NA,NA,NA,NA,NA
97,2025-11-15,13:51:05,"Hoyt, Jackson",10119764,Left,FLA_GAT,Undefined,2,0,BallCalled,Fastball,NA,NA,93.00693,-3.225435,1.138788,2361.959955,147.468276,11:00:00,5.74097,-1.24335,5.13706,-13.45985,20.46568,-12.22627,1.57825,-1.18971,83.47961,-5.809005,-1.0249220000000001,0.419213,6.39599,11.56922,1.14629,50,5.42869,-2.06224,-134.43887,-7.981,11.49683,33.99597,-11.37827,5acd94a0-974d-4001-a9a8-1e68ea2996b5,NA,NA,NA,NA,NA,804404,"Kurland, Cade",NA,NA,NA,Right,NA,NA,NA,NA,NA,NA,NA,NA,NA,NA,NA,NA,NA,NA,NA,NA,0b529bd0-c254-11f0-a0a7-8d861a32580b,1,3,FLA_GAT,3,Bottom,0,Four-Seam,Undefined,Undefined,Undefined,0,0,NA,FLA_GAT,FLA_GAT,CondronBallpark,TeamExclusive,Team,20251115-CondronBallpark-Private-2,89.91239,NA,NA,9.52732,NA,NA,NA,0da46085-2dd1-4a37-b86a-f3dac27fc572,2025-11-15,18:51:05,2025-11-15T18:51:05Z,2025-11-15T18:51:05Z,NA,v3,471297,471297,NA,"Bowen, Karson",702710,Right,FLA_GAT,55.35709,-135.78678,16.99799,5.73618,-7.52987,-5.68914,1.23709,-2.51807,5.74842,NA,NA,NA,NA,NA,NA,NA,NA,NA,NA,NA,NA,NA,NA,NA,NA,NA,NA,NA,NA,NA,NA,NA,NA,NA,NA,NA,NA,NA,NA,NA,NA,NA,NA,NA,NA,NA,NA,NA,NA,NA,NA,NA,NA,NA,NA,NA,NA,NA,NA,High,High,High,NA,NA,NA,NA,NA,NA,NA,NA,NA,NA,NA,NA,NA,NA,NA,NA,NA,NA,NA,NA,NA,NA,NA,NA,NA,NA,NA,NA,NA,NA,NA,NA,NA,NA
98,2025-11-15,13:51:21,"Hoyt, Jackson",10119764,Left,FLA_GAT,Undefined,3,0,InPlay,Fastball,NA,NA,92.84471,-1.083734,2.135805,2362.930545,139.652595,10:45:00,5.67837,-1.443,4.93498,-16.46796,17.66288,-13.93831,3.28088,-0.58485,83.44526,-4.196348,-0.320083,0.42048,7.57453,9.42666,1.24747,50,5.56022,-4.31899,-134.36348,-3.12062,13.63781,33.219,-15.20156,690df3bf-e959-401f-9049-4f968704e9ec,NA,NA,NA,NA,9.442962,804404,"Kurland, Cade",4585.240718,NA,100.63282,Right,59.550571,NA,NA,NA,NA,67.99117,NA,NA,0.52365,3.07551,0.56598,NA,NA,NA,NA,NA,14c2af70-c254-11f0-a0a7-8d861a32580b,1,4,FLA_GAT,3,Bottom,0,Four-Seam,Undefined,Popup,Out,1,0,NA,FLA_GAT,FLA_GAT,CondronBallpark,TeamExclusive,Team,20251115-CondronBallpark-Private-2,89.64153,126.06773,NA,9.39945,NA,NA,NA,0da46085-2dd1-4a37-b86a-f3dac27fc572,2025-11-15,18:51:21,2025-11-15T18:51:21Z,2025-11-15T18:51:21Z,NA,v3,471297,471297,NA,"Bowen, Karson",702710,Right,FLA_GAT,55.56169,-135.73154,16.6095,5.67585,-2.49457,-7.60078,1.43691,-4.88064,6.8189,190.443939,0.52368,73.77704,-26.06218,6.99195,0.99531,-3.98927,3.53823,-1.51338,0.25787,3.07549,127.24123,-28.75727,3.74055,-2.05287,2.39288,-1.91245,0.80641,-0.13794,0.56597,12.27341,1.6145,-0.68863,-0.43617,1.02203,-0.88248,0.37665,-0.06435,NA,NA,NA,NA,NA,NA,NA,NA,NA,NA,NA,NA,NA,NA,NA,NA,NA,NA,NA,NA,NA,NA,High,High,High,High,Undefined,NA,NA,NA,NA,NA,NA,NA,NA,NA,NA,NA,NA,NA,NA,NA,NA,NA,NA,NA,NA,NA,NA,NA,NA,NA,NA,NA,NA,NA,80.61486,19.3933,1.64798
99,2025-11-15,13:51:56,"Hoyt, Jackson",10119764,Left,FLA_GAT,Undefined,0,0,BallCalled,Fastball,NA,NA,94.14279,-3.654301,2.38654,2385.562398,145.724699,10:45:00,5.83314,-1.34471,5.10026,-13.738,19.3941,-12.36749,1.23719,-0.12519,84.7114,-6.274262,0.201061,0.414282,6.89681,11.15847,1.12952,50,5.47764,-5.0525,-135.99124,-9.13357,12.71795,34.07756,-11.59748,71654459-bbd2-477c-a691-246df301190c,NA,NA,NA,NA,NA,814065,"Surowiec, Ethan",NA,NA,NA,Right,NA,NA,NA,NA,NA,NA,NA,NA,NA,NA,NA,NA,NA,NA,NA,NA,29a50f50-c254-11f0-a0a7-8d861a32580b,2,1,FLA_GAT,3,Bottom,1,Four-Seam,Undefined,Undefined,Undefined,0,0,NA,FLA_GAT,FLA_GAT,CondronBallpark,TeamExclusive,Team,20251115-CondronBallpark-Private-2,90.98259,NA,NA,9.43139,NA,NA,NA,0da46085-2dd1-4a37-b86a-f3dac27fc572,2025-11-15,18:51:56,2025-11-15T18:51:56Z,2025-11-15T18:51:56Z,NA,v3,471297,471297,NA,"Bowen, Karson",702710,Right,FLA_GAT,55.39582,-137.3367,17.03878,5.82922,-8.67567,-5.79874,1.33892,-5.55464,6.35898,NA,NA,NA,NA,NA,NA,NA,NA,NA,NA,NA,NA,NA,NA,NA,NA,NA,NA,NA,NA,NA,NA,NA,NA,NA,NA,NA,NA,NA,NA,NA,NA,NA,NA,NA,NA,NA,NA,NA,NA,NA,NA,NA,NA,NA,NA,NA,NA,NA,NA,High,High,High,NA,NA,NA,NA,NA,NA,NA,NA,NA,NA,NA,NA,NA,NA,NA,NA,NA,NA,NA,NA,NA,NA,NA,NA,NA,NA,NA,NA,NA,NA,NA,NA,NA,NA
100,2025-11-15,13:52:09,"Hoyt, Jackson",10119764,Left,FLA_GAT,Undefined,1,0,BallCalled,Fastball,NA,NA,94.23511,-0.815784,1.630231,2386.906159,142.309111,10:45:00,5.66902,-1.32507,4.99967,-14.9932,18.08631,-13.02733,3.64907,-0.87123,84.5482,-3.670257,-0.668587,0.413953,6.91496,9.52934,1.17926,50,5.57926,-3.21373,-136.38428,-2.44682,12.81538,34.48708,-14.51357,acaa4609-6612-4a2e-92f2-151fb543adc3,NA,NA,NA,NA,NA,814065,"Surowiec, Ethan",NA,NA,NA,Right,NA,NA,NA,NA,NA,NA,NA,NA,NA,NA,NA,NA,NA,NA,NA,NA,3158ccf0-c254-11f0-a0a7-8d861a32580b,2,2,FLA_GAT,3,Bottom,1,Four-Seam,Undefined,Undefined,Undefined,0,0,NA,FLA_GAT,FLA_GAT,CondronBallpark,TeamExclusive,Team,20251115-CondronBallpark-Private-2,91.05488,NA,NA,9.68692,NA,NA,NA,0da46085-2dd1-4a37-b86a-f3dac27fc572,2025-11-15,18:52:09,2025-11-15T18:52:09Z,2025-11-15T18:52:09Z,NA,v3,471297,471297,NA,"Bowen, Karson",702710,Right,FLA_GAT,55.49483,-137.76674,17.24354,5.66568,-1.86503,-7.25679,1.31838,-3.72745,6.40769,NA,NA,NA,NA,NA,NA,NA,NA,NA,NA,NA,NA,NA,NA,NA,NA,NA,NA,NA,NA,NA,NA,NA,NA,NA,NA,NA,NA,NA,NA,NA,NA,NA,NA,NA,NA,NA,NA,NA,NA,NA,NA,NA,NA,NA,NA,NA,NA,NA,NA,High,High,High,NA,NA,NA,NA,NA,NA,NA,NA,NA,NA,NA,NA,NA,NA,NA,NA,NA,NA,NA,NA,NA,NA,NA,NA,NA,NA,NA,NA,NA,NA,NA,NA,NA,NA
101,2025-11-15,13:52:23,"Hoyt, Jackson",10119764,Left,FLA_GAT,Undefined,2,0,BallCalled,Fastball,NA,NA,92.14741,-1.228719,0.281688,2309.237362,140.874474,10:45:00,5.70774,-1.42259,4.93784,-16.31788,18.26225,-13.83658,3.18642,-2.3094,82.99165,-4.311359,-2.158098,0.423238,6.86288,9.73985,1.40709,50,5.57565,0.03931,-133.42157,-3.41907,12.2011,32.38054,-14.85809,1e5972dc-50c6-4868-9fbd-12da4cd0be3f,NA,NA,NA,NA,NA,814065,"Surowiec, Ethan",NA,NA,NA,Right,NA,NA,NA,NA,NA,NA,NA,NA,NA,NA,NA,NA,NA,NA,NA,NA,39a56f30-c254-11f0-a0a7-8d861a32580b,2,3,FLA_GAT,3,Bottom,1,Four-Seam,Undefined,Undefined,Undefined,0,0,NA,FLA_GAT,FLA_GAT,CondronBallpark,TeamExclusive,Team,20251115-CondronBallpark-Private-2,89.05731,NA,NA,9.15576,NA,NA,NA,0da46085-2dd1-4a37-b86a-f3dac27fc572,2025-11-15,18:52:23,2025-11-15T18:52:23Z,2025-11-15T18:52:23Z,NA,v3,471297,471297,NA,"Bowen, Karson",702710,Right,FLA_GAT,55.55707,-134.76349,16.19027,5.70458,-2.80332,-7.42905,1.41594,-0.46633,6.10055,NA,NA,NA,NA,NA,NA,NA,NA,NA,NA,NA,NA,NA,NA,NA,NA,NA,NA,NA,NA,NA,NA,NA,NA,NA,NA,NA,NA,NA,NA,NA,NA,NA,NA,NA,NA,NA,NA,NA,NA,NA,NA,NA,NA,NA,NA,NA,NA,NA,NA,High,High,High,NA,NA,NA,NA,NA,NA,NA,NA,NA,NA,NA,NA,NA,NA,NA,NA,NA,NA,NA,NA,NA,NA,NA,NA,NA,NA,NA,NA,NA,NA,NA,NA,NA,NA
102,2025-11-15,13:52:40,"Hoyt, Jackson",10119764,Left,FLA_GAT,Undefined,3,0,BallCalled,Fastball,NA,NA,93.57721,-2.232066,3.542344,2424.890409,143.305735,10:45:00,5.76403,-1.3205,5.20515,-15.12828,17.94832,-12.52485,2.39906,0.97149,84.85243,-5.09474,1.328605,0.413935,7.24697,9.91981,1.002,50,5.54611,-7.76451,-135.36391,-5.78845,13.3728,31.05565,-13.86905,f4f4b82f-0b9a-4e7d-854a-4c46ca59183d,NA,NA,NA,NA,NA,814065,"Surowiec, Ethan",NA,NA,NA,Right,NA,NA,NA,NA,NA,NA,NA,NA,NA,NA,NA,NA,NA,NA,NA,NA,44191020-c254-11f0-a0a7-8d861a32580b,2,4,FLA_GAT,3,Bottom,1,Four-Seam,Walk,Undefined,Undefined,0,0,NA,FLA_GAT,FLA_GAT,CondronBallpark,TeamExclusive,Team,20251115-CondronBallpark-Private-2,91.05892,NA,NA,8.72478,NA,NA,NA,0da46085-2dd1-4a37-b86a-f3dac27fc572,2025-11-15,18:52:40,2025-11-15T18:52:40Z,2025-11-15T18:52:40Z,NA,v3,471297,471297,NA,"Bowen, Karson",702710,Right,FLA_GAT,55.29154,-136.57251,15.52783,5.76088,-5.2487,-6.93452,1.31431,-8.28495,6.6864,NA,NA,NA,NA,NA,NA,NA,NA,NA,NA,NA,NA,NA,NA,NA,NA,NA,NA,NA,NA,NA,NA,NA,NA,NA,NA,NA,NA,NA,NA,NA,NA,NA,NA,NA,NA,NA,NA,NA,NA,NA,NA,NA,NA,NA,NA,NA,NA,NA,NA,High,High,High,NA,NA,NA,NA,NA,NA,NA,NA,NA,NA,NA,NA,NA,NA,NA,NA,NA,NA,NA,NA,NA,NA,NA,NA,NA,NA,NA,NA,NA,NA,NA,NA,NA,NA
103,2025-11-15,13:53:40,"Hoyt, Jackson",10119764,Left,FLA_GAT,Undefined,0,0,BallCalled,Fastball,NA,NA,92.70199,-3.823011,3.925415,2408.952056,135.850347,10:30:00,5.55137,-1.61123,5.11404,-16.37568,17.69025,-15.97383,0.57138,0.76139,83.86936,-6.90182,1.107223,0.420079,9.19666,10.34319,1.25448,50,5.17818,-8.41978,-133.81302,-9.5282,16.50797,31.57548,-13.60808,2f5531dd-b650-4c50-baf5-e1635e50c3aa,NA,NA,NA,NA,NA,1000352389,"Malzone, Aj",NA,NA,NA,Left,NA,NA,NA,NA,NA,NA,NA,NA,NA,NA,NA,NA,NA,NA,NA,NA,67df8a70-c254-11f0-a0a7-8d861a32580b,3,1,FLA_GAT,3,Bottom,1,Four-Seam,Undefined,Undefined,Undefined,0,0,NA,FLA_GAT,FLA_GAT,CondronBallpark,TeamExclusive,Team,20251115-CondronBallpark-Private-2,89.72693,NA,NA,8.83263,NA,NA,NA,0da46085-2dd1-4a37-b86a-f3dac27fc572,2025-11-15,18:53:40,2025-11-15T18:53:40Z,2025-11-15T18:53:40Z,NA,v3,471297,471297,NA,"Bowen, Karson",702710,Right,FLA_GAT,55.38469,-135.07766,15.78774,5.54888,-8.98318,-6.80404,1.60494,-9.08095,8.25399,NA,NA,NA,NA,NA,NA,NA,NA,NA,NA,NA,NA,NA,NA,NA,NA,NA,NA,NA,NA,NA,NA,NA,NA,NA,NA,NA,NA,NA,NA,NA,NA,NA,NA,NA,NA,NA,NA,NA,NA,NA,NA,NA,NA,NA,NA,NA,NA,NA,NA,High,High,High,NA,NA,NA,NA,NA,NA,NA,NA,NA,NA,NA,NA,NA,NA,NA,NA,NA,NA,NA,NA,NA,NA,NA,NA,NA,NA,NA,NA,NA,NA,NA,NA,NA,NA
104,2025-11-15,13:53:56,"Hoyt, Jackson",10119764,Left,FLA_GAT,Undefined,1,0,BallCalled,Slider,NA,NA,82.33899,-1.683431,1.487812,2463.130741,224.732852,01:30:00,5.2952,-1.73132,5.18739,-34.77864,8.41457,6.72567,0.81225,0.22917,74.27581,-8.067279,2.680176,0.47302,-2.86272,5.22024,1.58778,50,5.11292,-3.38047,-119.1571,-4.71776,-4.03064,27.31618,-24.82408,f44558b1-145a-4ac0-bd7e-2089dd2c6b8e,NA,NA,NA,NA,NA,1000352389,"Malzone, Aj",NA,NA,NA,Left,NA,NA,NA,NA,NA,NA,NA,NA,NA,NA,NA,NA,NA,NA,NA,NA,71445370-c254-11f0-a0a7-8d861a32580b,3,2,FLA_GAT,3,Bottom,1,Slider,Undefined,Undefined,Undefined,0,0,NA,FLA_GAT,FLA_GAT,CondronBallpark,TeamExclusive,Team,20251115-CondronBallpark-Private-2,79.68473,NA,NA,8.06319,NA,NA,NA,0da46085-2dd1-4a37-b86a-f3dac27fc572,2025-11-15,18:53:56,2025-11-15T18:53:56Z,2025-11-15T18:53:56Z,NA,v3,471297,471297,NA,"Bowen, Karson",702710,Right,FLA_GAT,55.3089,-120.36798,13.65809,5.29766,-3.61735,-12.41204,1.73367,-3.2018,-2.01532,NA,NA,NA,NA,NA,NA,NA,NA,NA,NA,NA,NA,NA,NA,NA,NA,NA,NA,NA,NA,NA,NA,NA,NA,NA,NA,NA,NA,NA,NA,NA,NA,NA,NA,NA,NA,NA,NA,NA,NA,NA,NA,NA,NA,NA,NA,NA,NA,NA,NA,High,High,High,NA,NA,NA,NA,NA,NA,NA,NA,NA,NA,NA,NA,NA,NA,NA,NA,NA,NA,NA,NA,NA,NA,NA,NA,NA,NA,NA,NA,NA,NA,NA,NA,NA,NA
105,2025-11-15,13:54:14,"Hoyt, Jackson",10119764,Left,FLA_GAT,Undefined,2,0,BallCalled,Fastball,NA,NA,92.0017,-2.642407,4.534966,2344.365841,134.257857,10:30:00,5.47168,-1.61158,5.37402,-17.73025,16.59241,-15.72871,1.50729,1.33823,82.91919,-5.990892,1.750402,0.421659,9.24052,9.49516,1.21574,50,5.22195,-9.78159,-132.8237,-6.73498,16.30586,31.69668,-15.41887,aafdf272-d587-4080-bdf9-068cef629eb1,NA,NA,NA,NA,NA,1000352389,"Malzone, Aj",NA,NA,NA,Left,NA,NA,NA,NA,NA,NA,NA,NA,NA,NA,NA,NA,NA,NA,NA,NA,7bdf2b70-c254-11f0-a0a7-8d861a32580b,3,3,FLA_GAT,3,Bottom,1,Four-Seam,Undefined,Undefined,Undefined,0,0,NA,FLA_GAT,FLA_GAT,CondronBallpark,TeamExclusive,Team,20251115-CondronBallpark-Private-2,89.39072,NA,NA,9.08251,NA,NA,NA,0da46085-2dd1-4a37-b86a-f3dac27fc572,2025-11-15,18:54:14,2025-11-15T18:54:14Z,2025-11-15T18:54:14Z,NA,v3,471297,471297,NA,"Bowen, Karson",702710,Right,FLA_GAT,55.12173,-134.04036,15.84834,5.4691,-6.14313,-7.70944,1.60322,-10.40748,8.15293,NA,NA,NA,NA,NA,NA,NA,NA,NA,NA,NA,NA,NA,NA,NA,NA,NA,NA,NA,NA,NA,NA,NA,NA,NA,NA,NA,NA,NA,NA,NA,NA,NA,NA,NA,NA,NA,NA,NA,NA,NA,NA,NA,NA,NA,NA,NA,NA,NA,NA,High,High,High,NA,NA,NA,NA,NA,NA,NA,NA,NA,NA,NA,NA,NA,NA,NA,NA,NA,NA,NA,NA,NA,NA,NA,NA,NA,NA,NA,NA,NA,NA,NA,NA,NA,NA
106,2025-11-15,13:54:31,"Hoyt, Jackson",10119764,Left,FLA_GAT,Undefined,3,0,StrikeCalled,Fastball,NA,NA,90.9279,-1.005897,2.743437,2398.031125,147.507588,11:00:00,5.43023,-1.97202,5.37904,-16.47812,18.38907,-10.92611,3.11291,-0.30876,82.08443,-4.140958,0.804066,0.424991,6.29615,9.87623,1.73419,50,5.32893,-5.79685,-131.67422,-2.8332,10.93942,30.66175,-15.01425,2a899962-d811-479b-932e-444197de2708,NA,NA,NA,NA,NA,1000352389,"Malzone, Aj",NA,NA,NA,Left,NA,NA,NA,NA,NA,NA,NA,NA,NA,NA,NA,NA,NA,NA,NA,NA,8601ed40-c254-11f0-a0a7-8d861a32580b,3,4,FLA_GAT,3,Bottom,1,Four-Seam,Undefined,Undefined,Undefined,0,0,NA,FLA_GAT,FLA_GAT,CondronBallpark,TeamExclusive,Team,20251115-CondronBallpark-Private-2,88.689940000000007,NA,NA,8.84347,NA,NA,NA,0da46085-2dd1-4a37-b86a-f3dac27fc572,2025-11-15,18:54:31,2025-11-15T18:54:31Z,2025-11-15T18:54:31Z,NA,v3,471297,471297,NA,"Bowen, Karson",702710,Right,FLA_GAT,55.11688,-132.86039,15.33088,5.4273,-2.25236,-7.50712,1.96663,-6.22005,5.46971,NA,NA,NA,NA,NA,NA,NA,NA,NA,NA,NA,NA,NA,NA,NA,NA,NA,NA,NA,NA,NA,NA,NA,NA,NA,NA,NA,NA,NA,NA,NA,NA,NA,NA,NA,NA,NA,NA,NA,NA,NA,NA,NA,NA,NA,NA,NA,NA,NA,NA,High,High,High,NA,NA,NA,NA,NA,NA,NA,NA,NA,NA,NA,NA,NA,NA,NA,NA,NA,NA,NA,NA,NA,NA,NA,NA,NA,NA,NA,NA,NA,NA,NA,NA,NA,NA
107,2025-11-15,13:54:47,"Hoyt, Jackson",10119764,Left,FLA_GAT,Undefined,3,1,InPlay,Fastball,NA,NA,92.89164,-2.175287,3.20898,2384.235128,146.388192,11:00:00,5.54526,-1.70686,5.17057,-14.30363,19.53029,-12.15493,2.30198,0.30328,83.62187,-4.910012,1.061035,0.418647,7.08359,10.77879,1.41748,50,5.33218,-6.94437,-134.32167,-5.56547,12.76448,32.80934,-12.75092,0ce3c010-dad8-445f-82a5-e175a71f31ab,NA,NA,NA,NA,44.743646,1000352389,"Malzone, Aj",NA,NA,70.04784,Left,-75.880543,NA,NA,NA,1.43524,1.43524,0.022692,3.644454,1.02705,2.26843,-0.31044,NA,NA,NA,NA,NA,8ff47750-c254-11f0-a0a7-8d861a32580b,3,5,FLA_GAT,3,Bottom,1,Four-Seam,Undefined,GroundBall,Out,1,0,NA,FLA_GAT,FLA_GAT,CondronBallpark,TeamExclusive,Team,20251115-CondronBallpark-Private-2,90.03403,2.26843,NA,9.26977,NA,NA,NA,0da46085-2dd1-4a37-b86a-f3dac27fc572,2025-11-15,18:54:47,2025-11-15T18:54:47Z,2025-11-15T18:54:47Z,GroundBall,v3,471297,471297,NA,"Bowen, Karson",702710,Right,FLA_GAT,55.32647,-135.61647,16.40467,5.54189,-5.06226,-6.37546,1.70147,-7.44811,6.38224,NA,1.02684,17.86052,NA,NA,NA,NA,NA,NA,NA,2.26965,-99.96805,NA,NA,NA,NA,NA,NA,NA,-0.31066,17.70141,NA,NA,NA,NA,NA,NA,NA,NA,NA,NA,NA,NA,NA,NA,NA,NA,NA,NA,NA,NA,NA,NA,NA,NA,NA,NA,NA,NA,NA,High,High,High,Estimated,Estimated,NA,NA,NA,NA,NA,NA,NA,NA,NA,NA,NA,NA,NA,NA,NA,NA,NA,NA,NA,NA,NA,NA,NA,NA,NA,NA,NA,NA,NA,74.13688,1.07642,-14.16978
108,2025-11-15,13:55:25,"Hoyt, Jackson",10119764,Left,FLA_GAT,Undefined,0,0,InPlay,Fastball,NA,NA,94.40538,-1.5645,2.827098,2403.689739,132.67374,10:30:00,5.78738,-1.52145,5.18538,-17.25651,15.47009,-15.47521,2.87527,-0.14911,84.91886,-4.818355,0.089118,0.411739,8.60847,8.55,1.27097,50,5.62942,-5.98194,-136.59718,-4.34669,16.02549,34.22003,-16.25739,c99d05ee-39c5-4673-979d-3251ca56ece6,NA,NA,NA,NA,8.738676,10106329,"Schwarz, Colton",1888.316992,NA,99.78564,Right,17.002282,107.3545,26.10684,23.97777,269.71063,269.71063,2.688826,17.510669,0.85622,2.79254,0.1333,NA,NA,NA,NA,NA,a69242d0-c254-11f0-a0a7-8d861a32580b,4,1,FLA_GAT,3,Bottom,2,Four-Seam,Undefined,LineDrive,Single,0,1,NA,FLA_GAT,FLA_GAT,CondronBallpark,TeamExclusive,Team,20251115-CondronBallpark-Private-2,91.54451,28.03657,NA,9.48653,NA,NA,NA,0da46085-2dd1-4a37-b86a-f3dac27fc572,2025-11-15,18:55:25,2025-11-15T18:55:25Z,2025-11-15T18:55:25Z,LineDrive,v3,471297,471297,NA,"Bowen, Karson",702710,Right,FLA_GAT,55.31146,-137.92137,17.11001,5.78545,-3.71759,-8.12869,1.51445,-6.60207,8.01275,255.325247,0.85632,138.32568,-24.37367,4.88418,-0.77367,-0.04914,0.07984,-0.02383,0.00259,2.79248,42.79734,-20.22265,2.09017,-0.4155,0.14194,-0.0531,0.01314,-0.0014,0.1333,21.26333,9.38727,-4.52373,1.48961,-0.39378,0.08283,-0.01186,7.9e-4,NA,NA,NA,NA,NA,NA,NA,NA,NA,NA,NA,NA,NA,NA,NA,NA,NA,NA,NA,NA,NA,NA,High,High,High,High,High,NA,NA,NA,NA,NA,NA,NA,NA,NA,NA,NA,NA,NA,NA,NA,NA,NA,NA,NA,NA,NA,NA,NA,NA,NA,NA,NA,NA,NA,NA,NA,NA
109,2025-11-15,13:56:16,"Hoyt, Jackson",10119764,Left,FLA_GAT,Undefined,0,0,BallCalled,Fastball,NA,NA,93.73576,-2.832696,2.335995,2374.347382,139.307042,10:45:00,5.58,-1.54447,5.31291,-15.21497,18.0656,-14.41816,1.64896,-0.55222,83.88213,-5.740254,-0.222404,0.415209,7.98347,10.35965,1.3434,50,5.31247,-4.82364,-135.48443,-7.19435,14.52375,35.46789,-13.32754,08c9b61f-b83d-4446-9407-8ec597633208,NA,NA,NA,NA,NA,10106056,"Kendall, Jacob",NA,NA,NA,Left,NA,NA,NA,NA,NA,NA,NA,NA,NA,NA,NA,NA,NA,NA,NA,NA,c4ddb170-c254-11f0-a0a7-8d861a32580b,5,1,FLA_GAT,3,Bottom,2,Four-Seam,Undefined,Undefined,Undefined,0,0,NA,FLA_GAT,FLA_GAT,CondronBallpark,TeamExclusive,Team,20251115-CondronBallpark-Private-2,90.77941,NA,NA,9.85362,NA,NA,NA,0da46085-2dd1-4a37-b86a-f3dac27fc572,2025-11-15,18:56:16,2025-11-15T18:56:16Z,2025-11-15T18:56:16Z,NA,v3,471297,471297,NA,"Bowen, Karson",702710,Right,FLA_GAT,55.18243,-136.83439,17.73394,5.57664,-6.68708,-6.66377,1.53752,-5.37644,7.26188,NA,NA,NA,NA,NA,NA,NA,NA,NA,NA,NA,NA,NA,NA,NA,NA,NA,NA,NA,NA,NA,NA,NA,NA,NA,NA,NA,NA,NA,NA,NA,NA,NA,NA,NA,NA,NA,NA,NA,NA,NA,NA,NA,NA,NA,NA,NA,NA,NA,NA,High,High,High,NA,NA,NA,NA,NA,NA,NA,NA,NA,NA,NA,NA,NA,NA,NA,NA,NA,NA,NA,NA,NA,NA,NA,NA,NA,NA,NA,NA,NA,NA,NA,NA,NA,NA
110,2025-11-15,13:56:31,"Hoyt, Jackson",10119764,Left,FLA_GAT,Undefined,1,0,StrikeCalled,Fastball,NA,NA,92.85512,-2.56854,3.409037,2418.919738,149.428395,11:00:00,5.74784,-1.62275,4.99982,-12.91099,21.42651,-11.86532,2.24115,0.61059,83.02958,-5.065178,1.319813,0.421751,6.97296,11.80343,1.30475,50,5.49096,-7.38785,-134.03413,-6.40513,12.43662,34.25846,-11.12204,2673bb49-09c1-477c-9397-f2dc5905a26e,NA,NA,NA,NA,NA,10106056,"Kendall, Jacob",NA,NA,NA,Left,NA,NA,NA,NA,NA,NA,NA,NA,NA,NA,NA,NA,NA,NA,NA,NA,cde89aa0-c254-11f0-a0a7-8d861a32580b,5,2,FLA_GAT,3,Bottom,2,Four-Seam,Undefined,Undefined,Undefined,0,0,NA,FLA_GAT,FLA_GAT,CondronBallpark,TeamExclusive,Team,20251115-CondronBallpark-Private-2,89.37135,NA,NA,9.82554,NA,NA,NA,0da46085-2dd1-4a37-b86a-f3dac27fc572,2025-11-15,18:56:31,2025-11-15T18:56:31Z,2025-11-15T18:56:31Z,NA,v3,471297,471297,NA,"Bowen, Karson",702710,Right,FLA_GAT,55.49459,-135.43124,17.12923,5.74292,-5.95156,-5.56102,1.61638,-7.89503,6.21831,NA,NA,NA,NA,NA,NA,NA,NA,NA,NA,NA,NA,NA,NA,NA,NA,NA,NA,NA,NA,NA,NA,NA,NA,NA,NA,NA,NA,NA,NA,NA,NA,NA,NA,NA,NA,NA,NA,NA,NA,NA,NA,NA,NA,NA,NA,NA,NA,NA,NA,High,High,High,NA,NA,NA,NA,NA,NA,NA,NA,NA,NA,NA,NA,NA,NA,NA,NA,NA,NA,NA,NA,NA,NA,NA,NA,NA,NA,NA,NA,NA,NA,NA,NA,NA,NA
111,2025-11-15,13:57:01,"Hoyt, Jackson",10119764,Left,FLA_GAT,Undefined,1,1,StrikeCalled,Fastball,NA,NA,93.40861,-0.667127,3.074909,2385.402721,132.274642,10:30:00,5.62826,-1.48108,5.18517,-17.38324,16.02111,-16.28296,3.55108,0.05772,83.97942,-3.951659,0.195465,0.41598,9.02,8.51977,1.20791,50,5.55362,-6.4515,-135.15585,-2.17789,16.45745,33.19973,-16.62929,55f855cf-a10b-4e5c-9603-83fa4384e92e,NA,NA,NA,NA,NA,10106056,"Kendall, Jacob",NA,NA,NA,Left,NA,NA,NA,NA,NA,NA,NA,NA,NA,NA,NA,NA,NA,NA,NA,NA,dfa17ff0-c254-11f0-a0a7-8d861a32580b,5,3,FLA_GAT,3,Bottom,2,Four-Seam,Undefined,Undefined,Undefined,0,0,NA,FLA_GAT,FLA_GAT,CondronBallpark,TeamExclusive,Team,20251115-CondronBallpark-Private-2,90.61109,NA,NA,9.4292,NA,NA,NA,0da46085-2dd1-4a37-b86a-f3dac27fc572,2025-11-15,18:57:01,2025-11-15T18:57:01Z,2025-11-15T18:57:01Z,NA,v3,471297,471297,NA,"Bowen, Karson",702710,Right,FLA_GAT,55.31051,-136.4541,16.59986,5.62607,-1.52761,-8.31465,1.47278,-7.09505,8.22873,NA,NA,NA,NA,NA,NA,NA,NA,NA,NA,NA,NA,NA,NA,NA,NA,NA,NA,NA,NA,NA,NA,NA,NA,NA,NA,NA,NA,NA,NA,NA,NA,NA,NA,NA,NA,NA,NA,NA,NA,NA,NA,NA,NA,NA,NA,NA,NA,NA,NA,High,High,High,NA,NA,NA,NA,NA,NA,NA,NA,NA,NA,NA,NA,NA,NA,NA,NA,NA,NA,NA,NA,NA,NA,NA,NA,NA,NA,NA,NA,NA,NA,NA,NA,NA,NA
112,2025-11-15,13:57:19,"Hoyt, Jackson",10119764,Left,FLA_GAT,Undefined,1,2,BallCalled,Slider,NA,NA,82.83883,-1.453216,3.347586,2554.600016,244.350609,02:15:00,5.41536,-1.74779,4.97212,-37.71797,4.2341,6.31406,0.89694,1.94391,76.85153,-8.240923,4.459511,0.466174,-2.2876,2.8313,1.41862,50,5.24376,-7.29425,-120.08123,-4.46052,-3.36803,21.43765,-28.00555,71e1595d-6ecd-4a8f-b286-b6d769d0346c,NA,NA,NA,NA,NA,10106056,"Kendall, Jacob",NA,NA,NA,Left,NA,NA,NA,NA,NA,NA,NA,NA,NA,NA,NA,NA,NA,NA,NA,NA,ea9a0850-c254-11f0-a0a7-8d861a32580b,5,4,FLA_GAT,3,Bottom,2,Slider,Undefined,Undefined,Undefined,0,0,NA,FLA_GAT,FLA_GAT,CondronBallpark,TeamExclusive,Team,20251115-CondronBallpark-Private-2,80.85488,NA,NA,5.9873,NA,NA,NA,0da46085-2dd1-4a37-b86a-f3dac27fc572,2025-11-15,18:57:19,2025-11-15T18:57:19Z,2025-11-15T18:57:19Z,NA,v3,471297,471297,NA,"Bowen, Karson",702710,Right,FLA_GAT,55.52799,-121.0641,10.71883,5.41883,-3.17653,-14.00278,1.7495,-7.13983,-1.68402,NA,NA,NA,NA,NA,NA,NA,NA,NA,NA,NA,NA,NA,NA,NA,NA,NA,NA,NA,NA,NA,NA,NA,NA,NA,NA,NA,NA,NA,NA,NA,NA,NA,NA,NA,NA,NA,NA,NA,NA,NA,NA,NA,NA,NA,NA,NA,NA,NA,NA,High,High,High,NA,NA,NA,NA,NA,NA,NA,NA,NA,NA,NA,NA,NA,NA,NA,NA,NA,NA,NA,NA,NA,NA,NA,NA,NA,NA,NA,NA,NA,NA,NA,NA,NA,NA
113,2025-11-15,13:57:52,"Hoyt, Jackson",10119764,Left,FLA_GAT,Undefined,2,2,BallinDirt,Fastball,NA,NA,93.01267,-3.300465,4.241266,2415.239987,154.357552,11:15:00,5.55731,-1.62397,5.10615,-13.47603,20.59521,-9.26256,1.31262,1.60758,83.52365,-5.885608,2.61007,0.420112,5.94752,11.64162,1.23097,50,5.23534,-9.48713,-134.122,-8.16487,10.66151,33.31003,-11.3054,0c880e94-d6fd-4da6-9828-e038f450128f,NA,NA,NA,NA,NA,10106056,"Kendall, Jacob",NA,NA,NA,Left,NA,NA,NA,NA,NA,NA,NA,NA,NA,NA,NA,NA,NA,NA,NA,NA,fdfc30d0-c254-11f0-a0a7-8d861a32580b,5,5,FLA_GAT,3,Bottom,2,Four-Seam,Undefined,Undefined,Undefined,0,0,NA,FLA_GAT,FLA_GAT,CondronBallpark,TeamExclusive,Team,20251115-CondronBallpark-Private-2,89.71992,NA,NA,9.48902,NA,NA,NA,0da46085-2dd1-4a37-b86a-f3dac27fc572,2025-11-15,18:57:52,2025-11-15T18:57:52Z,2025-11-15T18:57:52Z,NA,v3,471297,471297,NA,"Bowen, Karson",702710,Right,FLA_GAT,55.38869,-135.45371,16.65501,5.55273,-7.71289,-5.6527,1.61878,-9.91336,5.33075,NA,NA,NA,NA,NA,NA,NA,NA,NA,NA,NA,NA,NA,NA,NA,NA,NA,NA,NA,NA,NA,NA,NA,NA,NA,NA,NA,NA,NA,NA,NA,NA,NA,NA,NA,NA,NA,NA,NA,NA,NA,NA,NA,NA,NA,NA,NA,NA,NA,NA,High,High,High,NA,NA,NA,NA,NA,NA,NA,NA,NA,NA,NA,NA,NA,NA,NA,NA,NA,NA,NA,NA,NA,NA,NA,NA,NA,NA,NA,NA,NA,NA,NA,NA,NA,NA
114,2025-11-15,13:58:21,"Hoyt, Jackson",10119764,Left,FLA_GAT,Undefined,3,2,BallCalled,Fastball,NA,NA,93.0934,-2.399298,3.861042,2488.920157,154.611487,11:15:00,5.52116,-1.64782,4.9304,-13.36497,20.70257,-9.22599,2.13295,1.2386,83.74491,-4.95771,2.240374,0.42009,5.74725,11.30827,1.27948,50,5.27688,-8.6054,-134.40573,-6.06453,10.37505,32.70303,-11.76009,7796d14c-34c4-4167-a10c-70f4b3cf2e04,NA,NA,NA,NA,NA,10106056,"Kendall, Jacob",NA,NA,NA,Left,NA,NA,NA,NA,NA,NA,NA,NA,NA,NA,NA,NA,NA,NA,NA,NA,0f010860-c255-11f0-a0a7-8d861a32580b,5,6,FLA_GAT,3,Bottom,2,Four-Seam,Walk,Undefined,Undefined,0,0,NA,FLA_GAT,FLA_GAT,CondronBallpark,TeamExclusive,Team,20251115-CondronBallpark-Private-2,89.72478,NA,NA,9.34849,NA,NA,NA,0da46085-2dd1-4a37-b86a-f3dac27fc572,2025-11-15,18:58:21,2025-11-15T18:58:21Z,2025-11-15T18:58:21Z,NA,v3,471297,471297,NA,"Bowen, Karson",702710,Right,FLA_GAT,55.56477,-135.75298,16.35151,5.51673,-5.58006,-5.88004,1.6428,-9.03282,5.18752,NA,NA,NA,NA,NA,NA,NA,NA,NA,NA,NA,NA,NA,NA,NA,NA,NA,NA,NA,NA,NA,NA,NA,NA,NA,NA,NA,NA,NA,NA,NA,NA,NA,NA,NA,NA,NA,NA,NA,NA,NA,NA,NA,NA,NA,NA,NA,NA,NA,NA,High,High,High,NA,NA,NA,NA,NA,NA,NA,NA,NA,NA,NA,NA,NA,NA,NA,NA,NA,NA,NA,NA,NA,NA,NA,NA,NA,NA,NA,NA,NA,NA,NA,NA,NA,NA
115,2025-11-15,13:58:56,"Hoyt, Jackson",10119764,Left,FLA_GAT,Undefined,0,0,StrikeCalled,Fastball,NA,NA,93.45029,-2.786668,2.964149,2404.208395,140.695548,10:45:00,5.68792,-1.53695,5.12548,-15.56843,18.0758,-13.74548,1.76031,0.11191,83.85209,-5.743971,0.535536,0.417471,7.78544,10.25603,1.26945,50,5.41438,-6.31094,-135.01167,-7.09849,14.11672,34.23302,-13.57768,e9493e98-ab77-4125-bc90-01a36b40e663,NA,NA,NA,NA,NA,807272,"Myers, Kolt",NA,NA,NA,Right,NA,NA,NA,NA,NA,NA,NA,NA,NA,NA,NA,NA,NA,NA,NA,NA,24587130-c255-11f0-a0a7-8d861a32580b,6,1,FLA_GAT,3,Bottom,2,Four-Seam,Undefined,Undefined,Undefined,0,0,NA,FLA_GAT,FLA_GAT,CondronBallpark,TeamExclusive,Team,20251115-CondronBallpark-Private-2,90.2875,NA,NA,9.5982,NA,NA,NA,0da46085-2dd1-4a37-b86a-f3dac27fc572,2025-11-15,18:58:56,2025-11-15T18:58:56Z,2025-11-15T18:58:56Z,NA,v3,471297,471297,NA,"Bowen, Karson",702710,Right,FLA_GAT,55.3702,-136.36652,17.11651,5.68469,-6.56113,-6.78884,1.53027,-6.86964,7.05836,NA,NA,NA,NA,NA,NA,NA,NA,NA,NA,NA,NA,NA,NA,NA,NA,NA,NA,NA,NA,NA,NA,NA,NA,NA,NA,NA,NA,NA,NA,NA,NA,NA,NA,NA,NA,NA,NA,NA,NA,NA,NA,NA,NA,NA,NA,NA,NA,NA,NA,High,High,High,NA,NA,NA,NA,NA,NA,NA,NA,NA,NA,NA,NA,NA,NA,NA,NA,NA,NA,NA,NA,NA,NA,NA,NA,NA,NA,NA,NA,NA,NA,NA,NA,NA,NA
116,2025-11-15,13:59:15,"Hoyt, Jackson",10119764,Left,FLA_GAT,Undefined,0,1,StrikeSwinging,Fastball,NA,NA,92.50603,-2.071076,1.867543,2419.723297,150.635003,11:00:00,5.69,-1.35353,5.03437,-13.54894,20.7767,-10.96611,2.60507,-0.50481,83.0595,-4.674687,-0.068364,0.421678,6.05827,11.34764,1.18443,50,5.48223,-3.82872,-133.82954,-5.26489,10.80262,33.41209,-11.9399,aee7cb5d-c8cf-49fe-9560-8bb48eeace19,NA,NA,NA,NA,NA,807272,"Myers, Kolt",NA,NA,NA,Right,NA,NA,NA,NA,NA,NA,NA,NA,NA,NA,NA,NA,NA,NA,NA,NA,2f3f6d60-c255-11f0-a0a7-8d861a32580b,6,2,FLA_GAT,3,Bottom,2,Four-Seam,Undefined,Undefined,Undefined,0,0,NA,FLA_GAT,FLA_GAT,CondronBallpark,TeamExclusive,Team,20251115-CondronBallpark-Private-2,89.3868,NA,NA,9.44652,NA,NA,NA,0da46085-2dd1-4a37-b86a-f3dac27fc572,2025-11-15,18:59:15,2025-11-15T18:59:15Z,2025-11-15T18:59:15Z,NA,v3,471297,471297,NA,"Bowen, Karson",702710,Right,FLA_GAT,55.46219,-135.18636,16.70604,5.68618,-4.78003,-5.96995,1.34882,-4.2674,5.40131,NA,NA,NA,NA,NA,NA,NA,NA,NA,NA,NA,NA,NA,NA,NA,NA,NA,NA,NA,NA,NA,NA,NA,NA,NA,NA,NA,NA,NA,NA,NA,NA,NA,NA,NA,NA,NA,NA,NA,NA,NA,NA,NA,NA,NA,NA,NA,NA,NA,NA,High,High,High,NA,NA,NA,NA,NA,NA,NA,NA,NA,NA,NA,NA,NA,NA,NA,NA,NA,NA,NA,NA,NA,NA,NA,NA,NA,NA,NA,NA,NA,NA,NA,NA,NA,NA
117,2025-11-15,13:59:32,"Hoyt, Jackson",10119764,Left,FLA_GAT,Undefined,0,2,StrikeCalled,Fastball,NA,NA,94.84293,-2.130054,3.592943,2437.621191,141.871452,10:45:00,5.74116,-1.39703,5.26763,-13.29398,19.03261,-14.01249,2.62753,0.81483,85.40603,-4.682426,1.113624,0.409215,8.07441,10.48579,1.07864,50,5.53669,-7.91149,-137.11377,-5.52,15.18493,33.74948,-12.45423,4cc0bac5-1053-46b4-9d62-96d8f5b73deb,NA,NA,NA,NA,NA,807272,"Myers, Kolt",NA,NA,NA,Right,NA,NA,NA,NA,NA,NA,NA,NA,NA,NA,NA,NA,NA,NA,NA,NA,39e39430-c255-11f0-a0a7-8d861a32580b,6,3,FLA_GAT,3,Bottom,3,Four-Seam,Strikeout,Undefined,Undefined,0,0,NA,FLA_GAT,FLA_GAT,CondronBallpark,TeamExclusive,Team,20251115-CondronBallpark-Private-2,92.10919,NA,NA,9.43691,NA,NA,NA,0da46085-2dd1-4a37-b86a-f3dac27fc572,2025-11-15,18:59:32,2025-11-15T18:59:32Z,2025-11-15T18:59:32Z,NA,v3,471297,471297,NA,"Bowen, Karson",702710,Right,FLA_GAT,55.22824,-138.39468,16.87474,5.73722,-5.04732,-6.22711,1.38984,-8.48781,7.59247,NA,NA,NA,NA,NA,NA,NA,NA,NA,NA,NA,NA,NA,NA,NA,NA,NA,NA,NA,NA,NA,NA,NA,NA,NA,NA,NA,NA,NA,NA,NA,NA,NA,NA,NA,NA,NA,NA,NA,NA,NA,NA,NA,NA,NA,NA,NA,NA,NA,NA,High,High,High,NA,NA,NA,NA,NA,NA,NA,NA,NA,NA,NA,NA,NA,NA,NA,NA,NA,NA,NA,NA,NA,NA,NA,NA,NA,NA,NA,NA,NA,NA,NA,NA,NA,NA
118,2025-11-15,14:02:43,"Blair, Eli",1000097419,Left,FLA_GAT,Undefined,0,0,StrikeCalled,Fastball,NA,NA,88.63414,-2.535454,2.926624,2146.704588,159.576681,11:15:00,6.21019,-2.61566,7.36585,-17.22698,16.56131,-5.75363,2.48121,-0.45079,80.91434,-5.888131,1.86637,0.418364,3.94626,10.03071,2.45598,50,6.06556,-6.38482,-128.74404,-6.05615,6.59508,27.79654,-15.41062,65964e33-4c00-421d-9bff-d2cda86837b7,NA,NA,NA,NA,NA,701341,"Wilson, Ashton",NA,NA,NA,Right,NA,NA,NA,NA,NA,NA,NA,NA,NA,NA,NA,NA,NA,NA,NA,NA,ab29d6e0-c255-11f0-a0a7-8d861a32580b,1,1,FLA_GAT,4,Top,0,Four-Seam,Undefined,Undefined,Undefined,0,0,NA,FLA_GAT,FLA_GAT,CondronBallpark,TeamExclusive,Team,20251115-CondronBallpark-Private-2,90.0948,NA,NA,7.7198,NA,NA,NA,0da46085-2dd1-4a37-b86a-f3dac27fc572,2025-11-15,19:02:43,2025-11-15T19:02:43Z,2025-11-15T19:02:43Z,NA,v3,471297,471297,NA,"Malzone, Aj",1000352389,Right,FLA_GAT,53.13167,-129.41842,13.89827,6.20796,-5.68226,-7.70531,2.61282,-6.54482,3.29754,NA,NA,NA,NA,NA,NA,NA,NA,NA,NA,NA,NA,NA,NA,NA,NA,NA,NA,NA,NA,NA,NA,NA,NA,NA,NA,NA,NA,NA,NA,NA,NA,NA,NA,NA,NA,NA,NA,NA,NA,NA,NA,NA,NA,NA,NA,NA,NA,NA,NA,High,High,High,NA,NA,NA,NA,NA,NA,NA,NA,NA,NA,NA,NA,NA,NA,NA,NA,NA,NA,NA,NA,NA,NA,NA,NA,NA,NA,NA,NA,NA,NA,NA,NA,NA,NA
119,2025-11-15,14:02:59,"Blair, Eli",1000097419,Left,FLA_GAT,Undefined,0,1,FoulBallNotFieldable,Fastball,NA,NA,89.08695,-1.080255,3.081181,2152.648821,150.779896,11:00:00,6.19783,-2.83691,6.94383,-18.96096,14.79332,-7.6951599999999996,3.63304,-0.6712,81.67712,-4.721446,1.675035,0.418153,4.94138,8.50052,2.64735,50,6.12359,-6.69405,-129.48821,-2.91101,8.4079,26.48983,-17.71018,3c15ec20-56d9-4f25-a331-b9839f4f2042,NA,NA,NA,NA,163.525845,701341,"Wilson, Ashton",2808.913244,NA,75.40999,Right,29.780911,NA,NA,NA,NA,46.21187,NA,NA,1.09617,3.23684,0.53835,NA,NA,NA,NA,NA,b4b33ee0-c255-11f0-a0a7-8d861a32580b,1,2,FLA_GAT,4,Top,0,Four-Seam,Undefined,Undefined,Undefined,0,0,NA,FLA_GAT,FLA_GAT,CondronBallpark,TeamExclusive,Team,20251115-CondronBallpark-Private-2,90.1402,24.0353,NA,7.40983,NA,NA,NA,0da46085-2dd1-4a37-b86a-f3dac27fc572,2025-11-15,19:02:59,2025-11-15T19:02:59Z,2025-11-15T19:02:59Z,NA,v3,471297,471297,NA,"Malzone, Aj",1000352389,Right,FLA_GAT,53.5555,-130.21354,13.24492,6.19666,-2.42608,-8.85509,2.8338,-6.92427,4.20395,1.640094,1.09617,-92.05338,6.79455,-0.29885,0.02316,0.01807,-0.00433,7.3e-4,0,3.23684,54.93391,-29.3905,3.77856,-0.83289,0.18071,-0.03886,0.00991,-0.002,0.53835,27.22229,-1.74454,0.26541,-0.05414,0.00913,-0.00118,-6.2e-4,4.6e-4,NA,NA,NA,NA,NA,NA,NA,NA,NA,NA,NA,NA,NA,NA,NA,NA,NA,NA,NA,NA,NA,NA,High,High,High,High,Undefined,NA,NA,NA,NA,NA,NA,NA,NA,NA,NA,NA,NA,NA,NA,NA,NA,NA,NA,NA,NA,NA,NA,NA,NA,NA,NA,NA,NA,NA,65.79038,13.65602,10.98582
120,2025-11-15,14:03:17,"Blair, Eli",1000097419,Left,FLA_GAT,Undefined,0,2,InPlay,Fastball,NA,NA,90.43954,-2.760414,4.08451,2181.439394,145.486763,10:45:00,6.26347,-2.46407,7.09191,-19.73911,12.81859,-8.14843,2.10504,0.57004,83.40747,-6.523172,2.593288,0.410675,5.46315,7.90626,2.22247,50,6.09181,-9.09417,-131.27989,-6.84068,9.59357,26.16829,-18.29023,3b972db4-38e8-43e8-b0f0-5bbddbcef4fe,NA,NA,NA,NA,-27.374654,701341,"Wilson, Ashton",2374.794653,NA,103.52714,Right,21.473297,93.91016,36.97576,-57.27827,310.47291,275.7093,3.318644,-38.410358,1.56366,2.16739,-0.42417,NA,NA,NA,NA,NA,bfdd1070-c255-11f0-a0a7-8d861a32580b,1,3,FLA_GAT,4,Top,0,Four-Seam,Undefined,LineDrive,Double,0,0,NA,FLA_GAT,FLA_GAT,CondronBallpark,TeamExclusive,Team,20251115-CondronBallpark-Private-2,91.78168,44.48314,NA,7.03207,NA,NA,NA,0da46085-2dd1-4a37-b86a-f3dac27fc572,2025-11-15,19:03:17,2025-11-15T19:03:17Z,2025-11-15T19:03:17Z,LineDrive,v3,471297,471297,NA,"Malzone, Aj",1000352389,Right,FLA_GAT,53.409,-131.95766,13.08414,6.26285,-6.36695,-9.14512,2.46123,-9.34265,4.79678,125.512431,1.56385,125.46387,-31.62981,8.38533,-1.63584,0.18276,0.00365,-0.00434,4.4e-4,2.16727,55.59271,-19.51046,0.92151,-0.18719,0.13368,-0.05245,0.01,-7.4e-4,-0.4241,-64.97655,1.45307,0.70514,-0.21429,-0.00772,0.01812,-0.00419,3.3e-4,NA,NA,NA,NA,NA,NA,NA,NA,NA,NA,NA,NA,NA,NA,NA,NA,NA,NA,NA,NA,NA,NA,High,High,High,High,Medium,NA,NA,NA,NA,NA,NA,NA,NA,NA,NA,NA,NA,NA,NA,NA,NA,NA,NA,NA,NA,NA,NA,NA,NA,NA,NA,NA,NA,NA,71.83899,24.25344,-15.34039
121,2025-11-15,14:04:01,"Blair, Eli",1000097419,Left,FLA_GAT,Undefined,0,0,InPlay,Fastball,NA,NA,87.01456,-0.957179,3.748224,2155.062524,153.945163,11:15:00,6.17093,-2.67264,7.08252,-20.90489,14.17658,-6.42906,3.55807,0.19875,80.15736,-4.957951,2.571831,0.426295,4.4352,8.17725,2.45006,50,6.10653,-8.07052,-126.4745,-2.6179,7.2312,24.20282,-18.84175,4909723e-687f-4675-a000-8f3b5b1377e2,NA,NA,NA,NA,-10.299103,812807,"Jones, Kyle",3518.043853,NA,94.70782,Right,36.096332,108.94451,77.15054,-15.20149,357.56301,357.56301,5.603805,-4.746556,1.61427,3.62733,-0.21132,NA,NA,NA,NA,NA,d9b1eb10-c255-11f0-a0a7-8d861a32580b,2,1,FLA_GAT,4,Top,0,Four-Seam,Undefined,FlyBall,Out,1,0,NA,FLA_GAT,FLA_GAT,CondronBallpark,TeamExclusive,Team,20251115-CondronBallpark-Private-2,88.41863,107.60737,NA,6.8572,NA,NA,NA,0da46085-2dd1-4a37-b86a-f3dac27fc572,2025-11-15,19:04:01,2025-11-15T19:04:01Z,2025-11-15T19:04:01Z,FlyBall,v3,471297,471297,NA,"Malzone, Aj",1000352389,Right,FLA_GAT,53.41785,-127.12687,12.10141,6.17025,-2.11003,-9.42088,2.67022,-8.26544,3.6156,197.406094,1.61899,110.33671,-21.96919,4.94946,-0.62332,-0.0219,0.02177,-0.00296,1.3e-4,3.62386,81.89207,-17.73679,0.80752,-0.11973,0.01791,0.00211,-9e-4,7e-5,-0.2122,-20.04529,8.69298,-2.52801,0.4504,-0.03144,-0.00433,9.8e-4,-5e-5,NA,NA,NA,NA,NA,NA,NA,NA,NA,NA,NA,NA,NA,NA,NA,NA,NA,NA,NA,NA,NA,NA,High,High,High,High,Medium,NA,NA,NA,NA,NA,NA,NA,NA,NA,NA,NA,NA,NA,NA,NA,NA,NA,NA,NA,NA,NA,NA,NA,NA,NA,NA,NA,NA,NA,69.2681,17.58465,-16.61244
122,2025-11-15,14:04:41,"Blair, Eli",1000097419,Left,FLA_GAT,Undefined,0,0,BallCalled,Slider,NA,NA,80.28478,-1.640148,4.906762,2563.879056,260.092796,02:45:00,6.0058,-3.2516,6.36962,-40.00073,3.30776,10.64438,1.15726,2.16145,73.49682,-9.025693,6.822592,0.47365,-3.97677,2.72941,2.89204,50,5.86899,-10.35725,-116.15963,-4.51157,-5.36766,24.22015,-28.49004,5c087688-8105-4f99-b115-df6dedc89e66,NA,NA,NA,NA,NA,803734,"Yost, Hayden",NA,NA,NA,Left,NA,NA,NA,NA,NA,NA,NA,NA,NA,NA,NA,NA,NA,NA,NA,NA,f1eec090-c255-11f0-a0a7-8d861a32580b,3,1,FLA_GAT,4,Top,1,Slider,Undefined,Undefined,Undefined,0,0,NA,FLA_GAT,FLA_GAT,CondronBallpark,TeamExclusive,Team,20251115-CondronBallpark-Private-2,79.57862,NA,NA,6.78796,NA,NA,NA,0da46085-2dd1-4a37-b86a-f3dac27fc572,2025-11-15,19:04:41,2025-11-15T19:04:41Z,2025-11-15T19:04:41Z,NA,v3,471297,471297,NA,"Malzone, Aj",1000352389,Right,FLA_GAT,54.12761,-117.0171,12.11007,6.01085,-3.50293,-14.24502,3.25535,-10.16721,-2.68383,NA,NA,NA,NA,NA,NA,NA,NA,NA,NA,NA,NA,NA,NA,NA,NA,NA,NA,NA,NA,NA,NA,NA,NA,NA,NA,NA,NA,NA,NA,NA,NA,NA,NA,NA,NA,NA,NA,NA,NA,NA,NA,NA,NA,NA,NA,NA,NA,NA,NA,High,High,High,NA,NA,NA,NA,NA,NA,NA,NA,NA,NA,NA,NA,NA,NA,NA,NA,NA,NA,NA,NA,NA,NA,NA,NA,NA,NA,NA,NA,NA,NA,NA,NA,NA,NA
123,2025-11-15,14:05:00,"Blair, Eli",1000097419,Left,FLA_GAT,Undefined,1,0,InPlay,Slider,NA,NA,80.83268,-0.585882,2.72024,2369.681786,248.517879,02:15:00,5.96759,-3.38513,6.29382,-37.75514,3.91323,7.06926,2.28082,-0.28752,75.23076,-7.557574,3.997133,0.464595,-3.03917,2.50543,3.18153,50,5.906,-5.83002,-117.55117,-2.3202,-4.29877,20.01458,-28.63021,964ac832-f148-4cd6-b884-6b7ea826051b,NA,NA,NA,NA,11.330779,803734,"Yost, Hayden",2971.155653,NA,93.88471,Left,32.681969,108.3265,66.32903,19.11177,362.44106,361.13744,5.217804,6.997553,1.91627,2.42556,0.32434,NA,NA,NA,NA,NA,fcd74360-c255-11f0-a0a7-8d861a32580b,3,2,FLA_GAT,4,Top,1,Slider,Undefined,FlyBall,Out,1,1,NA,FLA_GAT,FLA_GAT,CondronBallpark,TeamExclusive,Team,20251115-CondronBallpark-Private-2,81.12963,91.96539,NA,5.60192,NA,NA,NA,0da46085-2dd1-4a37-b86a-f3dac27fc572,2025-11-15,19:05:00,2025-11-15T19:05:00Z,2025-11-15T19:05:00Z,FlyBall,v3,471297,471297,NA,"Malzone, Aj",1000352389,Right,FLA_GAT,54.2079,-118.26544,10.00729,5.97057,-1.29845,-14.31511,3.38686,-5.6766,-2.14939,170.597349,1.92051,113.55203,-22.90183,5.77725,-0.97263,0.08194,0.00217,-9.1e-4,4e-5,2.42319,74.39374,-16.14384,-0.08153,0.34112,-0.13915,0.03442,-0.00453,2.3e-4,0.32572,22.74292,-7.08112,1.70834,-0.26752,0.01708,0.00185,-3.6e-4,2e-5,NA,NA,NA,NA,NA,NA,NA,NA,NA,NA,NA,NA,NA,NA,NA,NA,NA,NA,NA,NA,NA,NA,High,High,High,High,Medium,NA,NA,NA,NA,NA,NA,NA,NA,NA,NA,NA,NA,NA,NA,NA,NA,NA,NA,NA,NA,NA,NA,NA,NA,NA,NA,NA,NA,NA,69.58174,14.46145,15.86856
124,2025-11-15,14:05:38,"Blair, Eli",1000097419,Left,FLA_GAT,Undefined,0,0,StrikeSwinging,TwoSeamFastBall,NA,NA,88.36211,-2.739331,3.886832,2147.047022,113.420484,09:45:00,6.08104,-2.62366,6.8943,-27.10316,8.18678,-15.78938,1.31928,-0.39314,79.50753,-7.890544,1.002332,0.42756,9.67355,5.69563,2.38256,50,5.89847,-8.09992,-127.94741,-6.88241,15.68294,31.81369,-22.94022,a3226a44-8184-4ebb-946f-95e9afa11a8d,NA,NA,NA,NA,NA,803724,"McDonald, Caden",NA,NA,NA,Right,NA,NA,NA,NA,NA,NA,NA,NA,NA,NA,NA,NA,NA,NA,NA,NA,13d7ef60-c256-11f0-a0a7-8d861a32580b,4,1,FLA_GAT,4,Top,2,Sinker,Undefined,Undefined,Undefined,0,0,NA,FLA_GAT,FLA_GAT,CondronBallpark,TeamExclusive,Team,20251115-CondronBallpark-Private-2,88.1571,NA,NA,8.85458,NA,NA,NA,0da46085-2dd1-4a37-b86a-f3dac27fc572,2025-11-15,19:05:38,2025-11-15T19:05:38Z,2025-11-15T19:05:38Z,NA,v3,471297,471297,NA,"Malzone, Aj",1000352389,Right,FLA_GAT,53.60231,-128.84,15.90684,6.08254,-6.23879,-11.47011,2.61599,-8.53993,7.84147,NA,NA,NA,NA,NA,NA,NA,NA,NA,NA,NA,NA,NA,NA,NA,NA,NA,NA,NA,NA,NA,NA,NA,NA,NA,NA,NA,NA,NA,NA,NA,NA,NA,NA,NA,NA,NA,NA,NA,NA,NA,NA,NA,NA,NA,NA,NA,NA,NA,NA,High,High,High,NA,NA,NA,NA,NA,NA,NA,NA,NA,NA,NA,NA,NA,NA,NA,NA,NA,NA,NA,NA,NA,NA,NA,NA,NA,NA,NA,NA,NA,NA,NA,NA,NA,NA
125,2025-11-15,14:05:51,"Blair, Eli",1000097419,Left,FLA_GAT,Undefined,0,1,BallCalled,TwoSeamFastBall,NA,NA,90.47758,-2.154188,4.899711,2194.365852,134.700715,10:30:00,6.08529,-2.54085,7.06613,-20.76135,12.44796,-11.38253,2.39109,0.97038,81.84313,-6.147435,2.82131,0.414764,7.57504,7.68449,2.24838,50,5.94849,-10.8021,-130.99972,-5.46252,12.99839,30.9103,-18.98791,160355a0-a27b-4b32-8d19-fca367aa9259,NA,NA,NA,NA,NA,803724,"McDonald, Caden",NA,NA,NA,Right,NA,NA,NA,NA,NA,NA,NA,NA,NA,NA,NA,NA,NA,NA,NA,NA,1bbbe4c0-c256-11f0-a0a7-8d861a32580b,4,2,FLA_GAT,4,Top,2,Sinker,Undefined,Undefined,Undefined,0,0,NA,FLA_GAT,FLA_GAT,CondronBallpark,TeamExclusive,Team,20251115-CondronBallpark-Private-2,90.87675,NA,NA,8.63445,NA,NA,NA,0da46085-2dd1-4a37-b86a-f3dac27fc572,2025-11-15,19:05:51,2025-11-15T19:05:51Z,2025-11-15T19:05:51Z,NA,v3,471297,471297,NA,"Malzone, Aj",1000352389,Right,FLA_GAT,53.43036,-131.80665,15.45515,6.08462,-4.96682,-9.49395,2.5348,-11.14143,6.49919,NA,NA,NA,NA,NA,NA,NA,NA,NA,NA,NA,NA,NA,NA,NA,NA,NA,NA,NA,NA,NA,NA,NA,NA,NA,NA,NA,NA,NA,NA,NA,NA,NA,NA,NA,NA,NA,NA,NA,NA,NA,NA,NA,NA,NA,NA,NA,NA,NA,NA,High,High,High,NA,NA,NA,NA,NA,NA,NA,NA,NA,NA,NA,NA,NA,NA,NA,NA,NA,NA,NA,NA,NA,NA,NA,NA,NA,NA,NA,NA,NA,NA,NA,NA,NA,NA
126,2025-11-15,14:06:03,"Blair, Eli",1000097419,Left,FLA_GAT,Undefined,1,1,BallCalled,ChangeUp,NA,NA,84.01249,-1.081191,2.566295,1809.576137,137.212301,10:30:00,5.9952,-3.01718,6.47673,-27.4762,11.61343,-9.50099,2.71157,-1.45078,76.28556,-6.278141,0.843088,0.449989,5.73177,6.81603,2.84027,50,5.90701,-5.10756,-121.92354,-3.06948,8.54177,26.20543,-22.01648,95e45d04-8454-428a-a8cc-4b0e86aacc3a,NA,NA,NA,NA,NA,803724,"McDonald, Caden",NA,NA,NA,Right,NA,NA,NA,NA,NA,NA,NA,NA,NA,NA,NA,NA,NA,NA,NA,NA,22bb4680-c256-11f0-a0a7-8d861a32580b,4,3,FLA_GAT,4,Top,2,Changeup,Undefined,Undefined,Undefined,0,0,NA,FLA_GAT,FLA_GAT,CondronBallpark,TeamExclusive,Team,20251115-CondronBallpark-Private-2,83.76295,NA,NA,7.72694,NA,NA,NA,0da46085-2dd1-4a37-b86a-f3dac27fc572,2025-11-15,19:06:03,2025-11-15T19:06:03Z,2025-11-15T19:06:03Z,NA,v3,471297,471297,NA,"Malzone, Aj",1000352389,Right,FLA_GAT,54.01998,-122.78452,13.10271,5.99597,-2.34612,-11.00824,3.01269,-5.3882,4.27089,NA,NA,NA,NA,NA,NA,NA,NA,NA,NA,NA,NA,NA,NA,NA,NA,NA,NA,NA,NA,NA,NA,NA,NA,NA,NA,NA,NA,NA,NA,NA,NA,NA,NA,NA,NA,NA,NA,NA,NA,NA,NA,NA,NA,NA,NA,NA,NA,NA,NA,High,High,High,NA,NA,NA,NA,NA,NA,NA,NA,NA,NA,NA,NA,NA,NA,NA,NA,NA,NA,NA,NA,NA,NA,NA,NA,NA,NA,NA,NA,NA,NA,NA,NA,NA,NA
127,2025-11-15,14:06:19,"Blair, Eli",1000097419,Left,FLA_GAT,Undefined,2,1,InPlay,TwoSeamFastBall,NA,NA,87.35692,-1.663418,3.316629,2045.272265,114.05285,09:45:00,6.00108,-2.25936,7.02375,-28.69927,6.82977,-12.50662,2.09492,-0.28428,79.23533,-7.11317,1.025184,0.429006,7.76465,4.53977,2.06096,50,5.89044,-6.91184,-126.80616,-4.45695,12.46739,29.28615,-24.88474,3df172d5-100f-4ca4-986c-587b0d844f35,NA,NA,NA,NA,-32.749827,803724,"McDonald, Caden",NA,NA,70.29275,Right,-31.738976,NA,NA,NA,4.81836,4.81836,0.039078,-19.021933,1.66478,2.12582,0.28875,NA,NA,NA,NA,NA,2c43c420-c256-11f0-a0a7-8d861a32580b,4,4,FLA_GAT,4,Top,2,Sinker,Undefined,GroundBall,Out,1,0,NA,FLA_GAT,FLA_GAT,CondronBallpark,TeamExclusive,Team,20251115-CondronBallpark-Private-2,87.85997,2.12582,NA,8.12159,NA,NA,NA,0da46085-2dd1-4a37-b86a-f3dac27fc572,2025-11-15,19:06:19,2025-11-15T19:06:19Z,2025-11-15T19:06:19Z,GroundBall,v3,471297,471297,NA,"Malzone, Aj",1000352389,Right,FLA_GAT,53.47529,-127.60626,14.64308,6.00292,-3.77709,-12.44237,2.25445,-7.25245,6.2337,NA,1.66336,73.96708,NA,NA,NA,NA,NA,NA,NA,2.12687,-54.39992,NA,NA,NA,NA,NA,NA,NA,0.28966,-47.57691,NA,NA,NA,NA,NA,NA,NA,NA,NA,NA,NA,NA,NA,NA,NA,NA,NA,NA,NA,NA,NA,NA,NA,NA,NA,NA,NA,NA,NA,High,High,High,Estimated,Estimated,NA,NA,NA,NA,NA,NA,NA,NA,NA,NA,NA,NA,NA,NA,NA,NA,NA,NA,NA,NA,NA,NA,NA,NA,NA,NA,NA,NA,NA,72.77195,6.36576,9.114
128,2025-11-15,14:09:40,"Lugo-Canchola, Ernesto",809836,Left,FLA_GAT,Undefined,0,0,StrikeCalled,Fastball,NA,NA,90.68922,-3.712379,3.109945,2152.041578,155.210722,11:15:00,6.91041,-1.84816,5.79536,-11.35402,22.86686,-10.04788,2.50115,0.21014,82.96781,-5.916176,1.313823,0.421034,5.93886,12.97619,1.59811,50,6.5974,-6.69167,-131.30402,-8.8027,10.39329,27.1696,-9.46512,6cc38dbe-f97e-4344-a98b-6a81c12e0958,NA,NA,NA,NA,NA,806035,"Brookins, Blake",NA,NA,NA,Left,NA,NA,NA,NA,NA,NA,NA,NA,NA,NA,NA,NA,NA,NA,NA,NA,a3ed9dc0-c256-11f0-a0a7-8d861a32580b,1,1,FLA_GAT,4,Bottom,0,Four-Seam,Undefined,Undefined,Undefined,0,0,NA,FLA_GAT,FLA_GAT,CondronBallpark,TeamExclusive,Team,20251115-CondronBallpark-Private-2,89.5235,NA,NA,7.72141,NA,NA,NA,0da46085-2dd1-4a37-b86a-f3dac27fc572,2025-11-15,19:09:40,2025-11-15T19:09:40Z,2025-11-15T19:09:40Z,NA,v3,471297,471297,NA,"Stanford, Cole",1000098001,Right,FLA_GAT,54.7026,-132.27351,13.5848,6.90548,-8.46496,-4.73256,1.8435,-7.06253,5.19664,NA,NA,NA,NA,NA,NA,NA,NA,NA,NA,NA,NA,NA,NA,NA,NA,NA,NA,NA,NA,NA,NA,NA,NA,NA,NA,NA,NA,NA,NA,NA,NA,NA,NA,NA,NA,NA,NA,NA,NA,NA,NA,NA,NA,NA,NA,NA,NA,NA,NA,High,High,High,NA,NA,NA,NA,NA,NA,NA,NA,NA,NA,NA,NA,NA,NA,NA,NA,NA,NA,NA,NA,NA,NA,NA,NA,NA,NA,NA,NA,NA,NA,NA,NA,NA,NA
129,2025-11-15,14:09:50,"Lugo-Canchola, Ernesto",809836,Left,FLA_GAT,Undefined,0,1,StrikeSwinging,Slider,NA,NA,80.81361,-1.822868,2.839819,2779.132612,253.982416,02:30:00,6.47012,-2.61914,5.20341,-40.3879,3.66681,7.9726,1.38737,0.71829,74.5112,-9.126126,4.251894,0.477714,-3.18961,2.76417,2.34982,50,6.27074,-6.1368,-117.10438,-5.16057,-4.42452,22.33023,-28.33967,53449517-73bd-4e86-a017-887e48ebbebd,NA,NA,NA,NA,NA,806035,"Brookins, Blake",NA,NA,NA,Left,NA,NA,NA,NA,NA,NA,NA,NA,NA,NA,NA,NA,NA,NA,NA,NA,aa480cf0-c256-11f0-a0a7-8d861a32580b,1,2,FLA_GAT,4,Bottom,0,Slider,Undefined,Undefined,Undefined,0,0,NA,FLA_GAT,FLA_GAT,CondronBallpark,TeamExclusive,Team,20251115-CondronBallpark-Private-2,78.90176,NA,NA,6.30241,NA,NA,NA,0da46085-2dd1-4a37-b86a-f3dac27fc572,2025-11-15,19:09:50,2025-11-15T19:09:50Z,2025-11-15T19:09:50Z,NA,v3,471297,471297,NA,"Stanford, Cole",1000098001,Right,FLA_GAT,55.29562,-118.10987,11.16512,6.47438,-3.88449,-14.16983,2.62166,-5.93757,-2.21226,NA,NA,NA,NA,NA,NA,NA,NA,NA,NA,NA,NA,NA,NA,NA,NA,NA,NA,NA,NA,NA,NA,NA,NA,NA,NA,NA,NA,NA,NA,NA,NA,NA,NA,NA,NA,NA,NA,NA,NA,NA,NA,NA,NA,NA,NA,NA,NA,NA,NA,High,High,High,NA,NA,NA,NA,NA,NA,NA,NA,NA,NA,NA,NA,NA,NA,NA,NA,NA,NA,NA,NA,NA,NA,NA,NA,NA,NA,NA,NA,NA,NA,NA,NA,NA,NA
130,2025-11-15,14:10:03,"Lugo-Canchola, Ernesto",809836,Left,FLA_GAT,Undefined,0,2,BallCalled,Slider,NA,NA,81.27834,-1.723355,3.560637,2650.422223,286.794671,03:30:00,6.33746,-2.4404,4.96015,-45.86865,-2.08819,11.11804,0.8833,1.85434,75.54344,-9.914576,5.518934,0.476224,-4.56992,-0.18532,2.08573,50,6.13241,-7.79643,-117.76092,-5.26761,-6.44351,21.50615,-32.43535,aa42db2a-6059-4b18-bc62-49f5ef8d9bfd,NA,NA,NA,NA,NA,806035,"Brookins, Blake",NA,NA,NA,Left,NA,NA,NA,NA,NA,NA,NA,NA,NA,NA,NA,NA,NA,NA,NA,NA,b1e47200-c256-11f0-a0a7-8d861a32580b,1,3,FLA_GAT,4,Bottom,0,Slider,Undefined,Undefined,Undefined,0,0,NA,FLA_GAT,FLA_GAT,CondronBallpark,TeamExclusive,Team,20251115-CondronBallpark-Private-2,79.14848,NA,NA,5.73489,NA,NA,NA,0da46085-2dd1-4a37-b86a-f3dac27fc572,2025-11-15,19:10:03,2025-11-15T19:10:03Z,2025-11-15T19:10:03Z,NA,v3,471297,471297,NA,"Stanford, Cole",1000098001,Right,FLA_GAT,55.54087,-118.76851,10.75307,6.3436,-3.74797,-16.21767,2.44394,-7.49455,-3.22175,NA,NA,NA,NA,NA,NA,NA,NA,NA,NA,NA,NA,NA,NA,NA,NA,NA,NA,NA,NA,NA,NA,NA,NA,NA,NA,NA,NA,NA,NA,NA,NA,NA,NA,NA,NA,NA,NA,NA,NA,NA,NA,NA,NA,NA,NA,NA,NA,NA,NA,High,High,High,NA,NA,NA,NA,NA,NA,NA,NA,NA,NA,NA,NA,NA,NA,NA,NA,NA,NA,NA,NA,NA,NA,NA,NA,NA,NA,NA,NA,NA,NA,NA,NA,NA,NA
131,2025-11-15,14:10:16,"Lugo-Canchola, Ernesto",809836,Left,FLA_GAT,Undefined,1,2,StrikeSwinging,Slider,NA,NA,80.65229,-1.435972,3.184009,2681.485731,283.209444,03:30:00,6.42577,-2.49271,4.99966,-45.24124,-0.99264,9.60315,1.29765,1.31654,75.02333,-9.537015,4.877961,0.478764,-3.95158,0.26343,2.17822,50,6.25062,-6.90483,-116.94604,-4.60462,-5.50852,20.69297,-31.80681,1eaa8393-416f-49ed-82fe-834c1b838a15,NA,NA,NA,NA,NA,806035,"Brookins, Blake",NA,NA,NA,Left,NA,NA,NA,NA,NA,NA,NA,NA,NA,NA,NA,NA,NA,NA,NA,NA,b9904060-c256-11f0-a0a7-8d861a32580b,1,4,FLA_GAT,4,Bottom,0,Slider,Strikeout,Undefined,Undefined,0,0,NA,FLA_GAT,FLA_GAT,CondronBallpark,TeamExclusive,Team,20251115-CondronBallpark-Private-2,78.72871,NA,NA,5.62896,NA,NA,NA,0da46085-2dd1-4a37-b86a-f3dac27fc572,2025-11-15,19:10:16,2025-11-15T19:10:16Z,2025-11-15T19:10:16Z,NA,v3,471297,471297,NA,"Stanford, Cole",1000098001,Right,FLA_GAT,55.5014,-117.91547,10.34648,6.43143,-3.11453,-15.90341,2.49565,-6.64677,-2.75426,NA,NA,NA,NA,NA,NA,NA,NA,NA,NA,NA,NA,NA,NA,NA,NA,NA,NA,NA,NA,NA,NA,NA,NA,NA,NA,NA,NA,62.90394,NA,NA,NA,NA,NA,NA,-1.32647,6.35387,-3.02178,NA,NA,NA,-1.26989,83.69094,-5.33772,6.3914,16.57062,-13.86856,-3.07653,-32.66361,4.24858,High,High,High,NA,NA,High,Medium,Low,NA,NA,NA,NA,NA,NA,NA,NA,NA,NA,NA,NA,NA,NA,NA,NA,NA,NA,NA,NA,NA,NA,NA,NA,NA,NA,NA,NA,NA
132,2025-11-15,14:10:40,"Lugo-Canchola, Ernesto",809836,Left,FLA_GAT,Undefined,0,0,BallCalled,Slider,NA,NA,80.44599,-1.92611,3.103172,2584.898211,278.315137,03:15:00,6.53995,-2.69102,5.11788,-44.11089,0.09862,7.81717,1.04632,0.88644,74.99872,-9.834066,4.485727,0.478552,-3.12658,0.90453,2.39251,50,6.32388,-6.64272,-116.66792,-5.51955,-4.34613,20.19514,-30.9167,10710bcf-56b8-4cef-a51f-ef269653bcfa,NA,NA,NA,NA,NA,10147779,"Strayer, Cash",NA,NA,NA,Left,NA,NA,NA,NA,NA,NA,NA,NA,NA,NA,NA,NA,NA,NA,NA,NA,c7d311c0-c256-11f0-a0a7-8d861a32580b,2,1,FLA_GAT,4,Bottom,1,Slider,Undefined,Undefined,Undefined,0,0,NA,FLA_GAT,FLA_GAT,CondronBallpark,TeamExclusive,Team,20251115-CondronBallpark-Private-2,78.76351,NA,NA,5.44727,NA,NA,NA,0da46085-2dd1-4a37-b86a-f3dac27fc572,2025-11-15,19:10:40,2025-11-15T19:10:40Z,2025-11-15T19:10:40Z,NA,v3,471297,471297,NA,"Stanford, Cole",1000098001,Right,FLA_GAT,55.38336,-117.59609,10.09757,6.54491,-4.09863,-15.45835,2.69322,-6.44297,-2.17306,NA,NA,NA,NA,NA,NA,NA,NA,NA,NA,NA,NA,NA,NA,NA,NA,NA,NA,NA,NA,NA,NA,NA,NA,NA,NA,NA,NA,NA,NA,NA,NA,NA,NA,NA,NA,NA,NA,NA,NA,NA,NA,NA,NA,NA,NA,NA,NA,NA,NA,High,High,High,NA,NA,NA,NA,NA,NA,NA,NA,NA,NA,NA,NA,NA,NA,NA,NA,NA,NA,NA,NA,NA,NA,NA,NA,NA,NA,NA,NA,NA,NA,NA,NA,NA,NA
133,2025-11-15,14:10:50,"Lugo-Canchola, Ernesto",809836,Left,FLA_GAT,Undefined,1,0,BallCalled,Fastball,NA,NA,92.32276,-4.638142,1.268145,2248.985782,142.77681,10:45:00,6.77864,-1.81823,5.74983,-14.61706,18.46095,-13.21536,1.23209,-1.73873,84.69072,-7.396693,-1.098179,0.413944,7.04847,10.97926,1.72094,50,6.38372,-2.36766,-133.67838,-11.28465,12.78142,28.24292,-12.26473,220ff551-ca7f-49a0-a5cb-9d68ae24d2fb,NA,NA,NA,NA,NA,10147779,"Strayer, Cash",NA,NA,NA,Left,NA,NA,NA,NA,NA,NA,NA,NA,NA,NA,NA,NA,NA,NA,NA,NA,cdfa14e0-c256-11f0-a0a7-8d861a32580b,2,2,FLA_GAT,4,Bottom,1,Four-Seam,Undefined,Undefined,Undefined,0,0,NA,FLA_GAT,FLA_GAT,CondronBallpark,TeamExclusive,Team,20251115-CondronBallpark-Private-2,91.05696,NA,NA,7.63204,NA,NA,NA,0da46085-2dd1-4a37-b86a-f3dac27fc572,2025-11-15,19:10:50,2025-11-15T19:10:50Z,2025-11-15T19:10:50Z,NA,v3,471297,471297,NA,"Stanford, Cole",1000098001,Right,FLA_GAT,54.74867,-134.67792,14.12146,6.77541,-10.85059,-6.13237,1.81274,-2.82001,6.39071,NA,NA,NA,NA,NA,NA,NA,NA,NA,NA,NA,NA,NA,NA,NA,NA,NA,NA,NA,NA,NA,NA,NA,NA,NA,NA,NA,NA,NA,NA,NA,NA,NA,NA,NA,NA,NA,NA,NA,NA,NA,NA,NA,NA,NA,NA,NA,NA,NA,NA,High,High,High,NA,NA,NA,NA,NA,NA,NA,NA,NA,NA,NA,NA,NA,NA,NA,NA,NA,NA,NA,NA,NA,NA,NA,NA,NA,NA,NA,NA,NA,NA,NA,NA,NA,NA
134,2025-11-15,14:11:06,"Lugo-Canchola, Ernesto",809836,Left,FLA_GAT,Undefined,2,0,StrikeCalled,Fastball,NA,NA,91.6895,-4.079611,3.188063,2226.708762,150.048313,11:00:00,6.82277,-1.79226,5.81491,-13.32379,20.13812,-10.98288,1.9068,0.25991,84.0124,-6.624826,1.223652,0.416339,6.45323,11.70075,1.53744,50,6.4797,-6.90963,-132.70999,-9.84939,11.5427,27.61286,-11.24518,0ef0ace2-9b58-4bfc-aca2-ad2655fd4824,NA,NA,NA,NA,NA,10147779,"Strayer, Cash",NA,NA,NA,Left,NA,NA,NA,NA,NA,NA,NA,NA,NA,NA,NA,NA,NA,NA,NA,NA,d77e25b0-c256-11f0-a0a7-8d861a32580b,2,3,FLA_GAT,4,Bottom,1,Four-Seam,Undefined,Undefined,Undefined,0,0,NA,FLA_GAT,FLA_GAT,CondronBallpark,TeamExclusive,Team,20251115-CondronBallpark-Private-2,90.53309,NA,NA,7.6771,NA,NA,NA,0da46085-2dd1-4a37-b86a-f3dac27fc572,2025-11-15,19:11:06,2025-11-15T19:11:06Z,2025-11-15T19:11:06Z,NA,v3,471297,471297,NA,"Stanford, Cole",1000098001,Right,FLA_GAT,54.68379,-133.68099,13.80643,6.8191,-9.45395,-5.62259,1.78755,-7.31552,5.77135,NA,NA,NA,NA,NA,NA,NA,NA,NA,NA,NA,NA,NA,NA,NA,NA,NA,NA,NA,NA,NA,NA,NA,NA,NA,NA,NA,NA,NA,NA,NA,NA,NA,NA,NA,NA,NA,NA,NA,NA,NA,NA,NA,NA,NA,NA,NA,NA,NA,NA,High,High,High,NA,NA,NA,NA,NA,NA,NA,NA,NA,NA,NA,NA,NA,NA,NA,NA,NA,NA,NA,NA,NA,NA,NA,NA,NA,NA,NA,NA,NA,NA,NA,NA,NA,NA
135,2025-11-15,14:11:19,"Lugo-Canchola, Ernesto",809836,Left,FLA_GAT,Undefined,2,1,FoulBallNotFieldable,Fastball,NA,NA,91.90024,-3.374049,3.057065,2166.097518,154.157355,11:15:00,6.88762,-1.68694,5.66853,-11.52296,22.07352,-10.14465,2.77334,0.32074,83.71571,-5.609573,1.247747,0.417175,6.0415,12.52351,1.43518,50,6.59505,-6.65608,-133.05439,-8.15688,10.80342,29.21041,-9.77945,a7628c3e-a435-4f90-99f3-4fddc9066fcb,NA,NA,NA,NA,-162.728051,10147779,"Strayer, Cash",2881.483213,NA,73.40691,Left,21.210499,NA,NA,NA,NA,45.43312,NA,NA,1.56812,2.50307,-0.19144,NA,NA,NA,NA,NA,df0506f0-c256-11f0-a0a7-8d861a32580b,2,4,FLA_GAT,4,Bottom,1,Four-Seam,Undefined,Undefined,Undefined,0,0,NA,FLA_GAT,FLA_GAT,CondronBallpark,TeamExclusive,Team,20251115-CondronBallpark-Private-2,90.35159,15.75673,NA,8.18454,NA,NA,NA,0da46085-2dd1-4a37-b86a-f3dac27fc572,2025-11-15,19:11:19,2025-11-15T19:11:19Z,2025-11-15T19:11:19Z,NA,v3,471297,471297,NA,"Stanford, Cole",1000098001,Right,FLA_GAT,54.83048,-134.11067,14.6052,6.88362,-7.80324,-4.88972,1.68293,-7.04675,5.40171,55.480412,1.57308,-95.98266,3.86052,NA,NA,NA,NA,NA,NA,2.51269,38.68592,-23.30592,NA,NA,NA,NA,NA,NA,-0.20102,-29.53512,10.30471,NA,NA,NA,NA,NA,NA,NA,NA,NA,NA,NA,NA,NA,NA,NA,NA,NA,NA,NA,NA,NA,NA,NA,NA,NA,NA,NA,NA,High,High,High,Medium,Undefined,NA,NA,NA,NA,NA,NA,NA,NA,NA,NA,NA,NA,NA,NA,NA,NA,NA,NA,NA,NA,NA,NA,NA,NA,NA,NA,NA,NA,NA,NA,NA,NA
136,2025-11-15,14:11:33,"Lugo-Canchola, Ernesto",809836,Left,FLA_GAT,Undefined,2,2,BallCalled,Slider,NA,NA,81.31663,-0.530013,3.393944,2775.330637,305.542197,04:15:00,6.46113,-2.57464,4.93228,-49.59251,-4.96803,9.15997,1.82655,1.40052,73.95702,-9.45421,5.006963,0.480793,-3.39335,-1.76319,2.23616,50,6.36864,-7.3747,-117.59538,-2.97677,-4.67282,25.75325,-34.60206,af18115a-3f1e-4a46-83e4-be14442bdc4b,NA,NA,NA,NA,NA,10147779,"Strayer, Cash",NA,NA,NA,Left,NA,NA,NA,NA,NA,NA,NA,NA,NA,NA,NA,NA,NA,NA,NA,NA,e7a4ab30-c256-11f0-a0a7-8d861a32580b,2,5,FLA_GAT,4,Bottom,1,Slider,Undefined,Undefined,Undefined,0,0,NA,FLA_GAT,FLA_GAT,CondronBallpark,TeamExclusive,Team,20251115-CondronBallpark-Private-2,78.39641,NA,NA,7.3596,NA,NA,NA,0da46085-2dd1-4a37-b86a-f3dac27fc572,2025-11-15,19:11:33,2025-11-15T19:11:33Z,2025-11-15T19:11:33Z,NA,v3,471297,471297,NA,"Stanford, Cole",1000098001,Right,FLA_GAT,55.56538,-118.80794,12.87663,6.47044,-1.34757,-17.30103,2.57822,-7.15468,-2.33641,NA,NA,NA,NA,NA,NA,NA,NA,NA,NA,NA,NA,NA,NA,NA,NA,NA,NA,NA,NA,NA,NA,NA,NA,NA,NA,NA,NA,NA,NA,NA,NA,NA,NA,NA,NA,NA,NA,NA,NA,NA,NA,NA,NA,NA,NA,NA,NA,NA,NA,High,High,High,NA,NA,NA,NA,NA,NA,NA,NA,NA,NA,NA,NA,NA,NA,NA,NA,NA,NA,NA,NA,NA,NA,NA,NA,NA,NA,NA,NA,NA,NA,NA,NA,NA,NA
137,2025-11-15,14:11:47,"Lugo-Canchola, Ernesto",809836,Left,FLA_GAT,Undefined,3,2,BallCalled,Fastball,NA,NA,92.08059,-5.114157,2.415133,2269.13442,144.264409,10:45:00,6.80598,-1.75677,5.84461,-14.74198,19.33371,-12.9182,0.80795,-0.58755,82.37597,-7.953664,0.099881,0.42014,7.4393,12.05851,1.56777,50,6.38005,-5.02516,-132.81797,-12.30082,12.95868,35.032470000000004,-11.16905,6f5a8962-4880-437e-a190-ddbf5a922e9f,NA,NA,NA,NA,NA,10147779,"Strayer, Cash",NA,NA,NA,Left,NA,NA,NA,NA,NA,NA,NA,NA,NA,NA,NA,NA,NA,NA,NA,NA,ef68bc80-c256-11f0-a0a7-8d861a32580b,2,6,FLA_GAT,4,Bottom,1,Four-Seam,Walk,Undefined,Undefined,0,0,NA,FLA_GAT,FLA_GAT,CondronBallpark,TeamExclusive,Team,20251115-CondronBallpark-Private-2,89.71406,NA,NA,9.70462,NA,NA,NA,0da46085-2dd1-4a37-b86a-f3dac27fc572,2025-11-15,19:11:47,2025-11-15T19:11:47Z,2025-11-15T19:11:47Z,NA,v3,471297,471297,NA,"Stanford, Cole",1000098001,Right,FLA_GAT,54.65111,-134.03915,17.51624,6.80205,-11.91149,-5.58452,1.75081,-5.47688,6.47934,NA,NA,NA,NA,NA,NA,NA,NA,NA,NA,NA,NA,NA,NA,NA,NA,NA,NA,NA,NA,NA,NA,NA,NA,NA,NA,NA,NA,NA,NA,NA,NA,NA,NA,NA,NA,NA,NA,NA,NA,NA,NA,NA,NA,NA,NA,NA,NA,NA,NA,High,High,High,NA,NA,NA,NA,NA,NA,NA,NA,NA,NA,NA,NA,NA,NA,NA,NA,NA,NA,NA,NA,NA,NA,NA,NA,NA,NA,NA,NA,NA,NA,NA,NA,NA,NA
138,2025-11-15,14:12:18,"Lugo-Canchola, Ernesto",809836,Left,FLA_GAT,Undefined,0,0,StrikeSwinging,Slider,NA,NA,79.03733,-1.300315,1.221918,2663.51392,251.754244,02:30:00,6.51409,-1.48827,5.36298,-43.42077,2.40433,2.75992,1.67588,-0.1123,72.57037,-9.200288,1.713471,0.487218,-1.03024,2.03898,1.37653,50,6.36653,-2.55539,-114.65575,-4.08188,-1.36475,22.15669,-29.47298,07eac6aa-1624-46e1-b969-2d3cd51317c8,NA,NA,NA,NA,NA,804404,"Kurland, Cade",NA,NA,NA,Right,NA,NA,NA,NA,NA,NA,NA,NA,NA,NA,NA,NA,NA,NA,NA,NA,0261ea00-c257-11f0-a0a7-8d861a32580b,3,1,FLA_GAT,4,Bottom,1,Slider,Undefined,Undefined,Undefined,0,0,NA,FLA_GAT,FLA_GAT,CondronBallpark,TeamExclusive,Team,20251115-CondronBallpark-Private-2,77.36262,NA,NA,6.46696,NA,NA,NA,0da46085-2dd1-4a37-b86a-f3dac27fc572,2025-11-15,19:12:18,2025-11-15T19:12:18Z,2025-11-15T19:12:18Z,NA,v3,471297,471297,NA,"Stanford, Cole",1000098001,Right,FLA_GAT,55.13556,-115.64391,11.07834,6.51927,-2.76741,-14.73649,1.48914,-2.49452,-0.68238,NA,NA,NA,NA,NA,NA,NA,NA,NA,NA,NA,NA,NA,NA,NA,NA,NA,NA,NA,NA,NA,NA,NA,NA,NA,NA,NA,NA,NA,NA,NA,NA,NA,NA,NA,NA,NA,NA,NA,NA,NA,NA,NA,NA,NA,NA,NA,NA,NA,NA,High,High,High,NA,NA,NA,NA,NA,NA,NA,NA,NA,NA,NA,NA,NA,NA,NA,NA,NA,NA,NA,NA,NA,NA,NA,NA,NA,NA,NA,NA,NA,NA,NA,NA,NA,NA
139,2025-11-15,14:12:35,"Lugo-Canchola, Ernesto",809836,Left,FLA_GAT,Undefined,0,1,BallCalled,Fastball,NA,NA,92.1575,-4.405271,3.160114,2227.898898,146.208044,10:45:00,6.8167,-0.8958,5.57691,-16.02127,17.72717,-11.07449,1.35275,1.13582,83.80544,-7.428373,1.18724,0.418117,6.5028,10.60205,0.6309,50,6.42609,-6.84058,-133.14922,-10.77481,11.60517,30.16231,-13.25321,981aee9a-e528-455f-881b-7cbaf58b728e,NA,NA,NA,NA,NA,804404,"Kurland, Cade",NA,NA,NA,Right,NA,NA,NA,NA,NA,NA,NA,NA,NA,NA,NA,NA,NA,NA,NA,NA,0c0f2db0-c257-11f0-a0a7-8d861a32580b,3,2,FLA_GAT,4,Bottom,1,Four-Seam,Undefined,Undefined,Undefined,0,0,NA,FLA_GAT,FLA_GAT,CondronBallpark,TeamExclusive,Team,20251115-CondronBallpark-Private-2,90.14799,NA,NA,8.35206,NA,NA,NA,0da46085-2dd1-4a37-b86a-f3dac27fc572,2025-11-15,19:12:35,2025-11-15T19:12:35Z,2025-11-15T19:12:35Z,NA,v3,471297,471297,NA,"Stanford, Cole",1000098001,Right,FLA_GAT,54.91998,-134.25912,15.08116,6.8136,-10.28713,-6.6266,0.89048,-7.26762,5.80258,NA,NA,NA,NA,NA,NA,NA,NA,NA,NA,NA,NA,NA,NA,NA,NA,NA,NA,NA,NA,NA,NA,NA,NA,NA,NA,NA,NA,NA,NA,NA,NA,NA,NA,NA,NA,NA,NA,NA,NA,NA,NA,NA,NA,NA,NA,NA,NA,NA,NA,High,High,High,NA,NA,NA,NA,NA,NA,NA,NA,NA,NA,NA,NA,NA,NA,NA,NA,NA,NA,NA,NA,NA,NA,NA,NA,NA,NA,NA,NA,NA,NA,NA,NA,NA,NA
140,2025-11-15,14:12:53,"Lugo-Canchola, Ernesto",809836,Left,FLA_GAT,Undefined,1,1,StrikeSwinging,Slider,NA,NA,78.68495,-0.027101,0.592363,2644.972025,274.284253,03:15:00,6.52142,-1.69378,5.15001,-46.39853,0.77658,12.52375,2.62937,-0.09245,71.24486,-8.482339,2.812879,0.494342,-5.98752,0.95803,1.62856,50,6.48381,-1.70335,-113.98495,-1.69039,-7.73719,24.42929,-30.93607,e1a76340-35ff-4c93-a71d-a7214c2fe458,NA,NA,NA,NA,NA,804404,"Kurland, Cade",NA,NA,NA,Right,NA,NA,NA,NA,NA,NA,NA,NA,NA,NA,NA,NA,NA,NA,NA,NA,16ecdb10-c257-11f0-a0a7-8d861a32580b,3,3,FLA_GAT,4,Bottom,1,Slider,Undefined,Undefined,Undefined,0,0,NA,FLA_GAT,FLA_GAT,CondronBallpark,TeamExclusive,Team,20251115-CondronBallpark-Private-2,76.24765,NA,NA,7.4401,NA,NA,NA,0da46085-2dd1-4a37-b86a-f3dac27fc572,2025-11-15,19:12:53,2025-11-15T19:12:53Z,2025-11-15T19:12:53Z,NA,v3,471297,471297,NA,"Stanford, Cole",1000098001,Right,FLA_GAT,55.34611,-115.12503,12.21465,6.52901,-0.24665,-15.46804,1.69963,-1.34226,-3.8686,NA,NA,NA,NA,NA,NA,NA,NA,NA,NA,NA,NA,NA,NA,NA,NA,NA,NA,NA,NA,NA,NA,NA,NA,NA,NA,NA,NA,NA,NA,NA,NA,NA,NA,NA,NA,NA,NA,NA,NA,NA,NA,NA,NA,NA,NA,NA,NA,NA,NA,High,High,High,NA,NA,NA,NA,NA,NA,NA,NA,NA,NA,NA,NA,NA,NA,NA,NA,NA,NA,NA,NA,NA,NA,NA,NA,NA,NA,NA,NA,NA,NA,NA,NA,NA,NA
141,2025-11-15,14:13:13,"Lugo-Canchola, Ernesto",809836,Left,FLA_GAT,Undefined,1,2,FoulBallNotFieldable,Slider,NA,NA,79.91839,-0.789326,1.341657,2658.260495,255.672023,02:30:00,6.5326,-1.4769,5.17821,-42.59632,2.72587,4.64772,2.23994,0.17307,72.95239,-8.538897,2.16601,0.484537,-1.91654,2.0337,1.34838,50,6.42683,-2.90395,-115.86104,-3.09262,-2.5806,23.55208,-29.43568,0b4c02b0-2b42-4035-8c10-2a52651e379d,NA,NA,NA,NA,-75.77316,804404,"Kurland, Cade",NA,NA,103.46571,Right,-31.493177,NA,NA,NA,4.21175,4.21175,0.02777,-60.621165,1.18183,2.20458,-0.18196,NA,NA,NA,NA,NA,22b3d700-c257-11f0-a0a7-8d861a32580b,3,4,FLA_GAT,4,Bottom,1,Slider,Undefined,Undefined,Undefined,0,0,NA,FLA_GAT,FLA_GAT,CondronBallpark,TeamExclusive,Team,20251115-CondronBallpark-Private-2,77.79068,2.20458,NA,6.966,NA,NA,NA,0da46085-2dd1-4a37-b86a-f3dac27fc572,2025-11-15,19:13:13,2025-11-15T19:13:13Z,2025-11-15T19:13:13Z,GroundBall,v3,471297,471297,NA,"Stanford, Cole",1000098001,Right,FLA_GAT,55.3202,-116.93753,11.77604,6.53743,-1.74722,-14.71784,1.47841,-2.786,-1.2903,NA,1.18163,31.84655,NA,NA,NA,NA,NA,NA,NA,2.20509,-79.38744,NA,NA,NA,NA,NA,NA,NA,-0.18115,-125.60889,NA,NA,NA,NA,NA,NA,NA,NA,NA,NA,NA,NA,NA,NA,NA,NA,NA,NA,NA,NA,NA,NA,NA,NA,NA,NA,NA,NA,NA,High,High,High,Estimated,Estimated,NA,NA,NA,NA,NA,NA,NA,NA,NA,NA,NA,NA,NA,NA,NA,NA,NA,NA,NA,NA,NA,NA,NA,NA,NA,NA,NA,NA,NA,NA,NA,NA
142,2025-11-15,14:13:35,"Lugo-Canchola, Ernesto",809836,Left,FLA_GAT,Undefined,1,2,BallinDirt,Slider,NA,NA,80.67899,-3.748177,3.037432,2759.70809,270.579859,03:00:00,6.49894,-1.43254,5.38046,-43.13148,1.46862,8.33437,-0.6189,2.11199,73.95136,-11.518731,4.520799,0.480661,-3.33445,2.20169,1.1541,50,6.13173,-6.50417,-116.64509,-9.10508,-4.51986,25.24807,-29.18968,0b4a3c07-d222-4043-ab54-ad65cd08b3fb,NA,NA,NA,NA,NA,804404,"Kurland, Cade",NA,NA,NA,Right,NA,NA,NA,NA,NA,NA,NA,NA,NA,NA,NA,NA,NA,NA,NA,NA,2ff6eba0-c257-11f0-a0a7-8d861a32580b,3,5,FLA_GAT,4,Bottom,1,Slider,Undefined,Undefined,Undefined,1,0,NA,FLA_GAT,FLA_GAT,CondronBallpark,TeamExclusive,Team,20251115-CondronBallpark-Private-2,78.41786,NA,NA,6.7276300000000004,NA,NA,NA,0da46085-2dd1-4a37-b86a-f3dac27fc572,2025-11-15,19:13:35,2025-11-15T19:13:35Z,2025-11-15T19:13:35Z,NA,v3,471297,471297,NA,"Stanford, Cole",1000098001,Right,FLA_GAT,55.12158,-117.74845,12.62404,6.50176,-7.82948,-14.59484,1.43402,-6.30664,-2.25993,NA,NA,NA,NA,NA,NA,NA,NA,NA,NA,NA,NA,NA,NA,NA,NA,NA,NA,NA,NA,NA,NA,NA,NA,NA,NA,NA,NA,82.30008,NA,NA,1.148193,NA,NA,NA,5.66852,5.83074,2.7732,127.27812,0.23048,1.66053,5.791,118.85256,-11.48943,5.83035,7.21387,-10.53358,2.72448,-4.76345,3.39123,High,High,High,NA,NA,High,High,High,NA,NA,NA,NA,NA,NA,NA,NA,NA,NA,NA,NA,NA,NA,NA,NA,NA,NA,NA,NA,NA,NA,NA,NA,NA,NA,NA,NA,NA
143,2025-11-15,14:14:04,"Lugo-Canchola, Ernesto",809836,Left,FLA_GAT,Undefined,2,2,BallCalled,Fastball,NA,NA,93.18912,-4.466328,-0.304638,2227.164273,151.327411,11:00:00,7.00507,-0.8269,5.60471,-12.23489,20.758,-10.70918,1.80766,-2.00372,84.50127,-6.816878,-2.2163,0.413411,5.28331,12.18312,0.85983,50,6.61443,1.21939,-134.77884,-10.85568,9.62668,31.87066,-9.97528,67c1bf8e-5a40-4097-8200-a5bf87a4d4cd,NA,NA,NA,NA,NA,804404,"Kurland, Cade",NA,NA,NA,Right,NA,NA,NA,NA,NA,NA,NA,NA,NA,NA,NA,NA,NA,NA,NA,NA,41816df0-c257-11f0-a0a7-8d861a32580b,3,6,FLA_GAT,4,Bottom,2,Four-Seam,Undefined,Undefined,Undefined,0,0,NA,FLA_GAT,FLA_GAT,CondronBallpark,TeamExclusive,Team,20251115-CondronBallpark-Private-2,91.17433,NA,NA,8.68785,NA,NA,NA,0da46085-2dd1-4a37-b86a-f3dac27fc572,2025-11-15,19:14:04,2025-11-15T19:14:04Z,2025-11-15T19:14:04Z,NA,v3,471297,471297,NA,"Stanford, Cole",1000098001,Right,FLA_GAT,54.89119,-135.93052,15.93533,7.0002,-10.49521,-4.98764,0.82205,0.87152,4.81334,NA,NA,NA,NA,NA,NA,NA,NA,NA,NA,NA,NA,NA,NA,NA,NA,NA,NA,NA,NA,NA,NA,NA,NA,NA,NA,NA,NA,NA,NA,NA,NA,NA,NA,NA,NA,NA,NA,NA,NA,NA,NA,NA,NA,NA,NA,NA,NA,NA,NA,High,High,High,NA,NA,NA,NA,NA,NA,NA,NA,NA,NA,NA,NA,NA,NA,NA,NA,NA,NA,NA,NA,NA,NA,NA,NA,NA,NA,NA,NA,NA,NA,NA,NA,NA,NA
144,2025-11-15,14:14:22,"Lugo-Canchola, Ernesto",809836,Left,FLA_GAT,Undefined,3,2,FoulBallNotFieldable,Fastball,NA,NA,92.41873,-3.119391,2.243556,2201.895311,145.200652,10:45:00,6.84503,-0.82945,5.62486,-16.79395,16.71276,-10.7815,2.52957,0.36673,83.62543,-6.300416,0.318989,0.416617,6.17457,9.79619,0.64533,50,6.56834,-4.7531,-133.78758,-7.83169,11.06235,31.96694,-14.62325,f127e166-e918-4297-9456-3d0867325f9d,NA,NA,NA,NA,-60.32188,804404,"Kurland, Cade",4936.148957,NA,98.91959,Right,0.491888,NA,NA,NA,73.59317,72.80807,0.533553,-62.958812,1.54859,3.34322,-0.76051,NA,NA,NA,NA,NA,4bfcd710-c257-11f0-a0a7-8d861a32580b,3,7,FLA_GAT,4,Bottom,2,Four-Seam,Undefined,Undefined,Undefined,0,0,NA,FLA_GAT,FLA_GAT,CondronBallpark,TeamExclusive,Team,20251115-CondronBallpark-Private-2,90.47257,3.36924,NA,8.7933,NA,NA,NA,0da46085-2dd1-4a37-b86a-f3dac27fc572,2025-11-15,19:14:22,2025-11-15T19:14:22Z,2025-11-15T19:14:22Z,GroundBall,v3,471297,471297,NA,"Stanford, Cole",1000098001,Right,FLA_GAT,54.87277,-134.94685,15.98347,6.84273,-7.30138,-7.31162,0.82498,-5.15427,5.53117,NA,1.54859,71.83127,-25.09292,5.37854,-1.23926,0.26504,-0.05688,0.01137,-0.00145,3.34322,1.24552,-14.67176,1.21841,-0.22528,0.0555,-0.01175,0.00244,-3.4e-4,-0.76051,-126.04544,8.71146,0.01116,-0.26612,0.11565,-0.03268,0.00582,0,NA,NA,NA,NA,NA,NA,NA,NA,NA,NA,NA,NA,NA,NA,NA,NA,NA,NA,NA,NA,NA,NA,High,High,High,Medium,High,NA,NA,NA,NA,NA,NA,NA,NA,NA,NA,NA,NA,NA,NA,NA,NA,NA,NA,NA,NA,NA,NA,NA,NA,NA,NA,NA,NA,NA,72.04239,23.19747,-28.75015
145,2025-11-15,14:14:47,"Lugo-Canchola, Ernesto",809836,Left,FLA_GAT,Undefined,3,2,StrikeSwinging,Slider,NA,NA,78.41543,-0.557832,0.866814,2588.400461,267.054334,03:00:00,6.5376,-1.74084,5.06373,-45.30034,2.2141,10.26367,2.2365,-0.06812,71.27381,-8.789926,2.68388,0.496117,-4.78949,1.81154,1.65008,50,6.44916,-2.14725,-113.60257,-2.70544,-6.16887,23.60761,-29.84077,d60af08c-12b3-4356-88d7-2ee83195ab52,NA,NA,NA,NA,NA,804404,"Kurland, Cade",NA,NA,NA,Right,NA,NA,NA,NA,NA,NA,NA,NA,NA,NA,NA,NA,NA,NA,NA,NA,5b23edf0-c257-11f0-a0a7-8d861a32580b,3,8,FLA_GAT,4,Bottom,2,Slider,Strikeout,Undefined,Undefined,0,0,NA,FLA_GAT,FLA_GAT,CondronBallpark,TeamExclusive,Team,20251115-CondronBallpark-Private-2,75.9749,NA,NA,7.14162,NA,NA,NA,0da46085-2dd1-4a37-b86a-f3dac27fc572,2025-11-15,19:14:47,2025-11-15T19:14:47Z,2025-11-15T19:14:47Z,NA,v3,471297,471297,NA,"Stanford, Cole",1000098001,Right,FLA_GAT,55.43278,-114.72599,11.8038,6.54412,-1.28539,-14.92039,1.74528,-1.85368,-3.08444,NA,NA,NA,NA,NA,NA,NA,NA,NA,NA,NA,NA,NA,NA,NA,NA,NA,NA,NA,NA,NA,NA,NA,NA,NA,NA,NA,NA,66.13829,NA,NA,1.035913,NA,NA,NA,0.21833,6.28745,2.25446,73.85973,5.11125,-50.91918,0.26342,77.46243,-6.25789,6.30338,12.06088,-12.7788,2.22307,-55.79618,4.38413,High,High,High,NA,NA,High,Medium,Medium,NA,NA,NA,NA,NA,NA,NA,NA,NA,NA,NA,NA,NA,NA,NA,NA,NA,NA,NA,NA,NA,NA,NA,NA,NA,NA,NA,NA,NA
146,2025-11-15,14:17:58,"Moss, Cooper",1000110959,Right,FLA_GAT,Undefined,0,0,BallCalled,Fastball,NA,NA,93.66667,-1.900393,-0.615349,2141.247249,204.43483,12:45:00,6.28766,0.68328,5.15546,-13.27513,19.83383,8.4778,3.39173,0.81049,84.5934,-4.442464,0.885525,0.414137,-4.38859,10.77918,-0.63254,50,6.10061,1.0381,-135.6755,-4.9145,-8.09294,32.64124,-12.29623,55632589-cdda-4a89-ae0c-95e2930ee6ef,NA,NA,NA,NA,NA,806235,"Stripling, Landon",NA,NA,NA,Left,NA,NA,NA,NA,NA,NA,NA,NA,NA,NA,NA,NA,NA,NA,NA,NA,cc6ec480-c257-11f0-a0a7-8d861a32580b,1,1,FLA_GAT,5,Top,0,Four-Seam,Undefined,Undefined,Undefined,0,0,NA,FLA_GAT,FLA_GAT,CondronBallpark,TeamExclusive,Team,20251115-CondronBallpark-Private-2,91.01438,NA,NA,9.07327,NA,NA,NA,0da46085-2dd1-4a37-b86a-f3dac27fc572,2025-11-15,19:17:58,2025-11-15T19:17:58Z,2025-11-15T19:17:58Z,NA,v3,471297,471297,NA,"Malzone, Aj",1000352389,Right,FLA_GAT,55.34033,-136.95427,16.32062,6.28371,-4.43278,-6.14811,-0.67942,1.35515,-4.04647,NA,NA,NA,NA,NA,NA,NA,NA,NA,NA,NA,NA,NA,NA,NA,NA,NA,NA,NA,NA,NA,NA,NA,NA,NA,NA,NA,NA,NA,NA,NA,NA,NA,NA,NA,NA,NA,NA,NA,NA,NA,NA,NA,NA,NA,NA,NA,NA,NA,NA,High,High,High,NA,NA,NA,NA,NA,NA,NA,NA,NA,NA,NA,NA,NA,NA,NA,NA,NA,NA,NA,NA,NA,NA,NA,NA,NA,NA,NA,NA,NA,NA,NA,NA,NA,NA
147,NA,NA,"Moss, Cooper",1000110959,Right,FLA_GAT,Undefined,1,0,BallCalled,Fastball,NA,NA,NA,NA,NA,NA,NA,NA,NA,NA,NA,NA,NA,NA,NA,NA,NA,NA,NA,NA,NA,NA,NA,NA,NA,NA,NA,NA,NA,NA,NA,43e8efec-62ad-4cc9-b8c7-efaf95c097b0,NA,NA,NA,NA,NA,806235,"Stripling, Landon",NA,NA,NA,Left,NA,NA,NA,NA,NA,NA,NA,NA,NA,NA,NA,NA,NA,NA,NA,NA,d2c87060-c257-11f0-a0a7-8d861a32580b,1,2,FLA_GAT,5,Top,0,NA,Undefined,Undefined,Undefined,0,0,NA,FLA_GAT,FLA_GAT,CondronBallpark,TeamExclusive,Team,20251115-CondronBallpark-Private-2,NA,NA,NA,NA,NA,NA,NA,0da46085-2dd1-4a37-b86a-f3dac27fc572,NA,NA,NA,NA,NA,v3,471297,471297,NA,"Malzone, Aj",1000352389,Right,FLA_GAT,NA,NA,NA,NA,NA,NA,NA,NA,NA,NA,NA,NA,NA,NA,NA,NA,NA,NA,NA,NA,NA,NA,NA,NA,NA,NA,NA,NA,NA,NA,NA,NA,NA,NA,NA,NA,NA,NA,NA,NA,NA,NA,NA,NA,NA,NA,NA,NA,NA,NA,NA,NA,NA,NA,NA,NA,NA,NA,NA,NA,NA,NA,NA,NA,NA,NA,NA,NA,NA,NA,NA,NA,NA,NA,NA,NA,NA,NA,NA,NA,NA,NA,NA,NA,NA,NA,NA,NA,NA,NA,NA,NA,NA,NA,NA,NA
148,2025-11-15,14:18:11,"Moss, Cooper",1000110959,Right,FLA_GAT,Undefined,1,0,BallCalled,Slider,NA,NA,81.42912,-0.070773,-1.418697,2451.733658,31.452832,07:00:00,6.16466,0.47884,5.04347,-52.92912,-9.3491,-6.55126,1.68712,-1.40562,74.98217,-9.587029,-2.579093,0.475133,2.85028,-4.22587,-0.33805,50,6.11527,3.20415,-118.18195,-2.14927,4.01777,23.22115,-38.13085,41573afa-5bd4-49ad-8c60-28485f070b8a,NA,NA,NA,NA,NA,806235,"Stripling, Landon",NA,NA,NA,Left,NA,NA,NA,NA,NA,NA,NA,NA,NA,NA,NA,NA,NA,NA,NA,NA,d4ddbbd0-c257-11f0-a0a7-8d861a32580b,1,3,FLA_GAT,5,Top,0,Curveball,Undefined,Undefined,Undefined,0,0,NA,FLA_GAT,FLA_GAT,CondronBallpark,TeamExclusive,Team,20251115-CondronBallpark-Private-2,79.33029,NA,NA,6.44695,NA,NA,NA,0da46085-2dd1-4a37-b86a-f3dac27fc572,2025-11-15,19:18:11,2025-11-15T19:18:11Z,2025-11-15T19:18:11Z,NA,v3,471297,471297,NA,"Malzone, Aj",1000352389,Right,FLA_GAT,55.45815,-119.24958,11.61058,6.17379,-0.39614,-19.06542,-0.48113,3.01943,2.00888,NA,NA,NA,NA,NA,NA,NA,NA,NA,NA,NA,NA,NA,NA,NA,NA,NA,NA,NA,NA,NA,NA,NA,NA,NA,NA,NA,NA,NA,NA,NA,NA,NA,NA,NA,NA,NA,NA,NA,NA,NA,NA,NA,NA,NA,NA,NA,NA,NA,NA,High,High,High,NA,NA,NA,NA,NA,NA,NA,NA,NA,NA,NA,NA,NA,NA,NA,NA,NA,NA,NA,NA,NA,NA,NA,NA,NA,NA,NA,NA,NA,NA,NA,NA,NA,NA
149,2025-11-15,14:18:26,"Moss, Cooper",1000110959,Right,FLA_GAT,Undefined,2,0,StrikeCalled,Fastball,NA,NA,91.83047,-3.255712,-2.138771,2063.926179,211.771696,01:00:00,6.37803,0.30462,5.33063,-15.49021,18.8593,10.9093,2.02699,-0.79398,82.99317,-6.196109,-0.202169,0.421825,-6.10355,10.80642,-0.11936,50,6.07278,4.44255,-132.82698,-8.0490100000000009,-10.78011,31.47274,-13.08766,0ee9f3a5-5ada-4b98-affc-34b7deee6fe0,NA,NA,NA,NA,NA,806235,"Stripling, Landon",NA,NA,NA,Left,NA,NA,NA,NA,NA,NA,NA,NA,NA,NA,NA,NA,NA,NA,NA,NA,ddc3b7e0-c257-11f0-a0a7-8d861a32580b,1,4,FLA_GAT,5,Top,0,Four-Seam,Undefined,Undefined,Undefined,0,0,NA,FLA_GAT,FLA_GAT,CondronBallpark,TeamExclusive,Team,20251115-CondronBallpark-Private-2,89.35573,NA,NA,8.8373,NA,NA,NA,0da46085-2dd1-4a37-b86a-f3dac27fc572,2025-11-15,19:18:26,2025-11-15T19:18:26Z,2025-11-15T19:18:26Z,NA,v3,471297,471297,NA,"Malzone, Aj",1000352389,Right,FLA_GAT,55.16538,-134.0453,15.73637,6.37456,-7.54238,-6.54383,-0.29941,4.85985,-5.39006,NA,NA,NA,NA,NA,NA,NA,NA,NA,NA,NA,NA,NA,NA,NA,NA,NA,NA,NA,NA,NA,NA,NA,NA,NA,NA,NA,NA,NA,NA,NA,NA,NA,NA,NA,NA,NA,NA,NA,NA,NA,NA,NA,NA,NA,NA,NA,NA,NA,NA,High,High,High,NA,NA,NA,NA,NA,NA,NA,NA,NA,NA,NA,NA,NA,NA,NA,NA,NA,NA,NA,NA,NA,NA,NA,NA,NA,NA,NA,NA,NA,NA,NA,NA,NA,NA
150,2025-11-15,14:18:39,"Moss, Cooper",1000110959,Right,FLA_GAT,Undefined,2,1,StrikeCalled,Slider,NA,NA,80.76416,0.306602,0.065402,2414.185054,42.22489,07:30:00,6.1387,0.42424,4.99407,-49.63318,-5.00796,-5.90386,2.29209,-0.006,73.72713,-8.663773,-0.9792,0.480797,2.93929,-2.11524,-0.42551,50,6.12783,0.119,-117.12747,-1.23432,4.04696,23.95615,-35.0864,64d28fff-a6ed-40a8-af58-480e5c5255af,NA,NA,NA,NA,NA,806235,"Stripling, Landon",NA,NA,NA,Left,NA,NA,NA,NA,NA,NA,NA,NA,NA,NA,NA,NA,NA,NA,NA,NA,e551ec20-c257-11f0-a0a7-8d861a32580b,1,5,FLA_GAT,5,Top,0,Curveball,Undefined,Undefined,Undefined,0,0,NA,FLA_GAT,FLA_GAT,CondronBallpark,TeamExclusive,Team,20251115-CondronBallpark-Private-2,78.39576,NA,NA,7.03703,NA,NA,NA,0da46085-2dd1-4a37-b86a-f3dac27fc572,2025-11-15,19:18:39,2025-11-15T19:18:39Z,2025-11-15T19:18:39Z,NA,v3,471297,471297,NA,"Malzone, Aj",1000352389,Right,FLA_GAT,55.50518,-118.24809,11.97808,6.14718,0.40695,-17.5432,-0.42665,-0.07031,2.02348,NA,NA,NA,NA,NA,NA,NA,NA,NA,NA,NA,NA,NA,NA,NA,NA,NA,NA,NA,NA,NA,NA,NA,NA,NA,NA,NA,NA,NA,NA,NA,NA,NA,NA,NA,NA,NA,NA,NA,NA,NA,NA,NA,NA,NA,NA,NA,NA,NA,NA,High,High,High,NA,NA,NA,NA,NA,NA,NA,NA,NA,NA,NA,NA,NA,NA,NA,NA,NA,NA,NA,NA,NA,NA,NA,NA,NA,NA,NA,NA,NA,NA,NA,NA,NA,NA
151,2025-11-15,14:18:53,"Moss, Cooper",1000110959,Right,FLA_GAT,Undefined,2,2,FoulBallNotFieldable,Fastball,NA,NA,92.28963,-2.355946,-1.686348,2135.074728,197.655396,12:30:00,6.24819,0.29032,5.44358,-14.7604,19.02903,5.67201,2.81006,-0.81641,83.37871,-5.175876,-0.677278,0.418371,-3.40244,10.69028,-0.14539,50,6.03022,3.67587,-133.68151,-5.96076,-6.08214,32.09216,-13.0644,ffb4e33c-6f5b-4b20-87b9-07c3ad8f2654,NA,NA,NA,NA,52.479276,806235,"Stripling, Landon",4121.10041,NA,78.01105,Left,1.094252,NA,NA,NA,68.0701,65.31918,0.618323,52.936668,3.2146,3.37631,0.87191,NA,NA,NA,NA,NA,eddf40e0-c257-11f0-a0a7-8d861a32580b,1,6,FLA_GAT,5,Top,0,Four-Seam,Undefined,Undefined,Undefined,0,0,NA,FLA_GAT,FLA_GAT,CondronBallpark,TeamExclusive,Team,20251115-CondronBallpark-Private-2,90.09327,3.47108,NA,8.91092,NA,NA,NA,0da46085-2dd1-4a37-b86a-f3dac27fc572,2025-11-15,19:18:53,2025-11-15T19:18:53Z,2025-11-15T19:18:53Z,GroundBall,v3,471297,471297,NA,"Malzone, Aj",1000352389,Right,FLA_GAT,55.05427,-134.8894,16.04608,6.24532,-5.46904,-6.5322,-0.28805,3.90479,-3.04107,NA,3.2146,69.67218,-15.3911,2.94581,-0.6171,0.1153,-0.02037,0.00253,1.1e-4,3.37631,2.18502,-12.62744,0.4305,-0.01197,0.00368,0.00125,-6e-4,1.5e-4,0.87191,90.73058,-7.3835,0.745,-0.05119,-0.00916,0.00646,-0.00311,9.9e-4,NA,NA,NA,NA,NA,NA,NA,NA,NA,NA,NA,NA,NA,NA,NA,NA,NA,NA,NA,NA,NA,NA,High,High,High,High,High,NA,NA,NA,NA,NA,NA,NA,NA,NA,NA,NA,NA,NA,NA,NA,NA,NA,NA,NA,NA,NA,NA,NA,NA,NA,NA,NA,NA,NA,NA,NA,NA
152,2025-11-15,14:19:14,"Moss, Cooper",1000110959,Right,FLA_GAT,Undefined,2,2,InPlay,Splitter,NA,NA,89.07082,-2.422709,-1.099573,1752.434331,230.627462,01:45:00,6.1813,0.31498,5.46742,-25.87092,10.10894,10.86213,1.75622,0.19095,81.32671,-7.196984,0.836878,0.431719,-5.87571,6.14973,-0.22619,50,5.9505,2.01245,-129.17808,-6.38644,-9.87213,28.33319,-21.84158,f1571419-cd4e-4d95-a8d6-194f01a648aa,NA,NA,NA,NA,22.807567,806235,"Stripling, Landon",1841.145437,NA,100.52068,Left,8.850528,99.62219,12.33378,46.64114,222.93082,222.93082,1.925403,28.322167,2.50525,1.86211,-0.25643,NA,NA,NA,NA,NA,f9e9d580-c257-11f0-a0a7-8d861a32580b,1,7,FLA_GAT,5,Top,0,Changeup,Undefined,LineDrive,Single,0,0,NA,FLA_GAT,FLA_GAT,CondronBallpark,TeamExclusive,Team,20251115-CondronBallpark-Private-2,87.3078,12.42857,NA,7.74411,NA,NA,NA,0da46085-2dd1-4a37-b86a-f3dac27fc572,2025-11-15,19:19:14,2025-11-15T19:19:14Z,2025-11-15T19:19:14Z,LineDrive,v3,471297,471297,NA,"Malzone, Aj",1000352389,Right,FLA_GAT,55.03281,-130.27727,14.16659,6.18182,-5.53909,-10.92079,-0.31169,2.39544,-4.93607,231.977309,2.50524,134.28586,-25.78097,6.13848,-1.30101,0.23742,-0.03379,0.00268,0,1.86212,22.68121,-11.65616,-0.90248,0.47586,-0.12559,0.01901,-1.6e-4,-2.6e-4,-0.25642,56.46771,0.37654,-1.13837,0.46374,-0.12366,0.02175,-0.00184,-1e-5,NA,NA,NA,NA,NA,NA,NA,NA,NA,NA,NA,NA,NA,NA,NA,NA,NA,NA,NA,NA,NA,NA,High,High,High,High,High,NA,NA,NA,NA,NA,NA,NA,NA,NA,NA,NA,NA,NA,NA,NA,NA,NA,NA,NA,NA,NA,NA,NA,NA,NA,NA,NA,NA,NA,77.5692,6.80277,19.02114
153,2025-11-15,14:19:48,"Moss, Cooper",1000110959,Right,FLA_GAT,Undefined,0,0,StrikeCalled,Slider,NA,NA,79.45151,1.533043,0.7574,2440.613126,41.52642,07:30:00,6.17409,0.49959,4.74998,-51.76487,-5.49961,-6.16756,3.31479,0.704,72.79419,-7.781325,-0.32771,0.489552,3.23583,-2.68043,-0.56995,50,6.28223,-1.25719,-115.22397,1.11216,4.34275,21.7516,-35.77141,a5e8346e-05f3-41cb-8eaf-b0cea03b2437,NA,NA,NA,NA,NA,833422,"Miller, Sam",NA,NA,NA,Right,NA,NA,NA,NA,NA,NA,NA,NA,NA,NA,NA,NA,NA,NA,NA,NA,0e70f600-c258-11f0-a0a7-8d861a32580b,2,1,FLA_GAT,5,Top,0,Curveball,Undefined,Undefined,Undefined,0,0,NA,FLA_GAT,FLA_GAT,CondronBallpark,TeamExclusive,Team,20251115-CondronBallpark-Private-2,76.99374,NA,NA,6.65732,NA,NA,NA,0da46085-2dd1-4a37-b86a-f3dac27fc572,2025-11-15,19:19:48,2025-11-15T19:19:48Z,2025-11-15T19:19:48Z,NA,v3,471297,471297,NA,"Malzone, Aj",1000352389,Right,FLA_GAT,55.75029,-116.30442,10.8758,6.18286,2.88902,-17.8857,-0.50215,-1.4729,2.17137,NA,NA,NA,NA,NA,NA,NA,NA,NA,NA,NA,NA,NA,NA,NA,NA,NA,NA,NA,NA,NA,NA,NA,NA,NA,NA,NA,NA,NA,NA,NA,NA,NA,NA,NA,NA,NA,NA,NA,NA,NA,NA,NA,NA,NA,NA,NA,NA,NA,NA,High,High,High,NA,NA,NA,NA,NA,NA,NA,NA,NA,NA,NA,NA,NA,NA,NA,NA,NA,NA,NA,NA,NA,NA,NA,NA,NA,NA,NA,NA,NA,NA,NA,NA,NA,NA
154,2025-11-15,14:20:04,"Moss, Cooper",1000110959,Right,FLA_GAT,Undefined,0,1,StrikeCalled,Slider,NA,NA,80.97343,1.682755,-0.466518,2473.602064,25.349655,06:45:00,6.06985,0.64335,5.02963,-54.04168,-10.13599,-5.42918,3.15463,-0.24926,74.52925,-8.056524,-1.426883,0.476905,2.55669,-5.0463,-0.59423,50,6.18708,1.18913,-117.55834,1.3984,3.5838,21.94072,-39.24758,9d6980e4-9380-4e6f-be2d-f7090b98c2bf,NA,NA,NA,NA,NA,833422,"Miller, Sam",NA,NA,NA,Right,NA,NA,NA,NA,NA,NA,NA,NA,NA,NA,NA,NA,NA,NA,NA,NA,180ad8c0-c258-11f0-a0a7-8d861a32580b,2,2,FLA_GAT,5,Top,0,Curveball,Undefined,Undefined,Undefined,0,0,NA,FLA_GAT,FLA_GAT,CondronBallpark,TeamExclusive,Team,20251115-CondronBallpark-Private-2,79.03555,NA,NA,6.44418,NA,NA,NA,0da46085-2dd1-4a37-b86a-f3dac27fc572,2025-11-15,19:20:04,2025-11-15T19:20:04Z,2025-11-15T19:20:04Z,NA,v3,471297,471297,NA,"Malzone, Aj",1000352389,Right,FLA_GAT,55.47229,-118.57527,10.97036,6.08011,3.21749,-19.62379,-0.64549,1.02303,1.7919,NA,NA,NA,NA,NA,NA,NA,NA,NA,NA,NA,NA,NA,NA,NA,NA,NA,NA,NA,NA,NA,NA,NA,NA,NA,NA,NA,NA,NA,NA,NA,NA,NA,NA,NA,NA,NA,NA,NA,NA,NA,NA,NA,NA,NA,NA,NA,NA,NA,NA,High,High,High,NA,NA,NA,NA,NA,NA,NA,NA,NA,NA,NA,NA,NA,NA,NA,NA,NA,NA,NA,NA,NA,NA,NA,NA,NA,NA,NA,NA,NA,NA,NA,NA,NA,NA
155,2025-11-15,14:20:19,"Moss, Cooper",1000110959,Right,FLA_GAT,Undefined,0,2,BallCalled,Slider,NA,NA,82.87078,-0.487352,-1.29277,2566.073514,39.569106,07:15:00,5.91602,0.63419,4.63905,-53.20637,-10.75634,-9.90878,1.01887,-1.42034,76.8658,-9.949268,-3.035635,0.468933,4.54457,-4.85555,-0.49211,50,5.81653,3.15151,-120.31273,-3.16721,6.68258,22.64172,-39.31392,f41b3b18-7a30-48f3-b016-8e0a57afd611,NA,NA,NA,NA,NA,833422,"Miller, Sam",NA,NA,NA,Right,NA,NA,NA,NA,NA,NA,NA,NA,NA,NA,NA,NA,NA,NA,NA,NA,210f3240-c258-11f0-a0a7-8d861a32580b,2,3,FLA_GAT,5,Top,0,Curveball,Undefined,Undefined,Undefined,0,0,NA,FLA_GAT,FLA_GAT,CondronBallpark,TeamExclusive,Team,20251115-CondronBallpark-Private-2,80.37922,NA,NA,6.00498,NA,NA,NA,0da46085-2dd1-4a37-b86a-f3dac27fc572,2025-11-15,19:20:19,2025-11-15T19:20:19Z,2025-11-15T19:20:19Z,NA,v3,471297,471297,NA,"Malzone, Aj",1000352389,Right,FLA_GAT,55.86442,-121.41134,11.32086,5.92392,-1.25964,-19.65696,-0.63716,2.82726,3.34129,NA,NA,NA,NA,NA,NA,NA,NA,NA,NA,NA,NA,NA,NA,NA,NA,NA,NA,NA,NA,NA,NA,NA,NA,NA,NA,NA,NA,79.12768,NA,NA,0.795581,NA,NA,NA,0.83948,5.0482,4.98162,64.13028,3.70701,60.64778,0.87451,86.93016,-9.41122,5.0469,6.60827,-10.42188,5.00638,75.45302,-6.99095,High,High,High,NA,NA,High,High,High,NA,NA,NA,NA,NA,NA,NA,NA,NA,NA,NA,NA,NA,NA,NA,NA,NA,NA,NA,NA,NA,NA,NA,NA,NA,NA,NA,NA,NA
156,2025-11-15,14:20:51,"Moss, Cooper",1000110959,Right,FLA_GAT,Undefined,1,2,FoulBallNotFieldable,Slider,NA,NA,82.22248,1.019053,-0.161211,2507.662773,34.770955,07:15:00,6.17805,0.19314,4.94899,-50.75294,-8.17847,-6.54615,2.9117,-0.50471,75.9143,-8.109881,-1.317948,0.469619,3.23414,-4.06792,-0.1717,50,6.23409,0.61184,-119.43701,0.18573,4.69084,22.12162,-38.07422,b09039b2-d2f2-4d19-9ad2-3e7c464006b5,NA,NA,NA,NA,169.578604,833422,"Miller, Sam",4285.254928,NA,65.89285,Right,34.020644,-107.14936,32.66813,24.87816,179.04694,84.83442,2.712239,163.829932,2.72217,2.97737,0.49044,NA,NA,NA,NA,NA,33ecc170-c258-11f0-a0a7-8d861a32580b,2,4,FLA_GAT,5,Top,0,Curveball,Undefined,Undefined,Undefined,0,0,NA,FLA_GAT,FLA_GAT,CondronBallpark,TeamExclusive,Team,20251115-CondronBallpark-Private-2,80.26166,34.35888,NA,6.30818,NA,NA,NA,0da46085-2dd1-4a37-b86a-f3dac27fc572,2025-11-15,19:20:51,2025-11-15T19:20:51Z,2025-11-15T19:20:51Z,FlyBall,v3,471297,471297,NA,"Malzone, Aj",1000352389,Right,FLA_GAT,55.55409,-120.46133,11.06081,6.18468,1.94871,-19.03711,-0.195,0.39464,2.34542,2.027276,2.72178,-78.75793,4.66195,1.07701,-1.30415,1.00542,-0.41815,0.08667,-0.00717,2.97736,54.06953,-26.779419999999998,3.54253,-0.47873,-0.17997,0.168,-0.04829,0.00488,0.49024,14.49939,-0.71947,1.59165,-0.83554,0.4615,-0.16137,0.02925,-0.00215,NA,NA,NA,NA,NA,NA,NA,NA,NA,NA,NA,NA,NA,NA,NA,NA,NA,NA,NA,NA,NA,NA,High,High,High,High,Low,NA,NA,NA,NA,NA,NA,NA,NA,NA,NA,NA,NA,NA,NA,NA,NA,NA,NA,NA,NA,NA,NA,NA,NA,NA,NA,NA,NA,NA,65.87038,5.01127,-4.10341
157,2025-11-15,14:21:10,"Moss, Cooper",1000110959,Left,FLA_GAT,Undefined,1,2,FoulBallNotFieldable,Fastball,NA,NA,93.97812,-3.471178,0.068676,2152.213339,197.580397,12:30:00,6.28912,-0.0122,4.99507,-13.33749,20.43139,6.02973,1.8963699999999999,0.55512,83.5107,-6.042512,1.133128,0.418244,-2.98268,11.80186,3.2e-4,50,5.94532,-0.46096,-135.67167,-8.64894,-5.39311,37.95014,-10.83464,d55ef501-4f76-424a-9725-ef49248998e2,NA,NA,NA,NA,-37.748063,833422,"Miller, Sam",3098.857055,NA,90.86945,Right,18.842285,83.07028,27.80411,-72.10584,249.52242,196.35779,2.810469,-47.683543,3.54075,2.15858,-0.4462,NA,NA,NA,NA,NA,3f205700-c258-11f0-a0a7-8d861a32580b,2,5,FLA_GAT,5,Top,0,Four-Seam,Undefined,Undefined,Undefined,0,0,NA,FLA_GAT,FLA_GAT,CondronBallpark,TeamExclusive,Team,20251115-CondronBallpark-Private-2,90.12071,29.52051,NA,10.46742,NA,NA,NA,0da46085-2dd1-4a37-b86a-f3dac27fc572,2025-11-15,19:21:10,2025-11-15T19:21:10Z,2025-11-15T19:21:10Z,LineDrive,v3,471297,471297,NA,"Malzone, Aj",1000352389,Right,FLA_GAT,55.50051,-137.20165,18.97507,6.2852,-8.21214,-5.41732,0.01452,-0.24354,-2.69655,119.41121,3.54076,99.73422,-23.48455,5.26399,-1.20459,0.24673,-0.04398,0.00552,-3.3e-4,2.15858,43.043,-18.54293,1.51215,-0.25501,0.04361,-0.00546,6.6e-4,-5e-5,-0.44619,-77.21759,4.55913,0.10007,-0.19652,0.06818,-0.01448,0.00189,-1.2e-4,NA,NA,NA,NA,NA,NA,NA,NA,NA,NA,NA,NA,NA,NA,NA,NA,NA,NA,NA,NA,NA,NA,High,High,High,High,Medium,NA,NA,NA,NA,NA,NA,NA,NA,NA,NA,NA,NA,NA,NA,NA,NA,NA,NA,NA,NA,NA,NA,NA,NA,NA,NA,NA,NA,NA,72.14739,18.56198,-27.44084
158,2025-11-15,14:21:37,"Moss, Cooper",1000110959,Left,FLA_GAT,Undefined,1,2,StrikeSwinging,Slider,NA,NA,82.56656,-0.196759,-0.548497,2530.757052,34.439991,07:15:00,6.07579,0.2742,4.95823,-53.71027,-11.0615,-8.5293,1.41403,-0.9548,75.79877,-9.838609,-2.058387,0.470029,4.07433,-5.05174,-0.21367,50,6.01202,1.51536,-119.81382,-2.49733,5.8803,24.69494,-39.46496,a4fbaa7d-3ebc-464d-9fe3-896f9b64f355,NA,NA,NA,NA,NA,833422,"Miller, Sam",NA,NA,NA,Right,NA,NA,NA,NA,NA,NA,NA,NA,NA,NA,NA,NA,NA,NA,NA,NA,4f7e4030-c258-11f0-a0a7-8d861a32580b,2,6,FLA_GAT,5,Top,0,Curveball,Strikeout,Undefined,Undefined,0,0,NA,FLA_GAT,FLA_GAT,CondronBallpark,TeamExclusive,Team,20251115-CondronBallpark-Private-2,80.19175,NA,NA,6.76779,NA,NA,NA,0da46085-2dd1-4a37-b86a-f3dac27fc572,2025-11-15,19:21:37,2025-11-15T19:21:37Z,2025-11-15T19:21:37Z,NA,v3,471297,471297,NA,"Malzone, Aj",1000352389,Right,FLA_GAT,55.54365,-120.95103,12.34747,6.08518,-0.67996,-19.73248,-0.27722,1.24457,2.94015,NA,NA,NA,NA,NA,NA,NA,NA,NA,NA,NA,NA,NA,NA,NA,NA,NA,NA,NA,NA,NA,NA,NA,NA,NA,NA,NA,NA,59.01891,NA,NA,1.247363,NA,NA,NA,-3.47055,3.06632,1.52653,70.47245,7.81003,-54.31067,-3.46606,63.17088,-3.13366,3.11995,24.9109,-17.12287,1.47509,-52.58415,6.44933,High,High,High,NA,NA,High,Low,Low,NA,NA,NA,NA,NA,NA,NA,NA,NA,NA,NA,NA,NA,NA,NA,NA,NA,NA,NA,NA,NA,NA,NA,NA,NA,NA,NA,NA,NA
159,2025-11-15,14:22:02,"Moss, Cooper",1000110959,Left,FLA_GAT,Undefined,0,0,BallCalled,Slider,NA,NA,80.91768,-0.126836,-0.89095,2431.9671,44.266482,07:30:00,6.06836,0.30661,4.76516,-53.58869,-9.01189,-10.14119,1.48237,-1.38331,74.54467,-9.712303,-2.678741,0.480536,4.70831,-3.9165,-0.20805,50,6.00847,2.27129,-117.40692,-2.35911,6.55363,22.80605,-37.62553,407ee597-64d3-425e-8ea7-fd17a249c879,NA,NA,NA,NA,NA,1000098001,"Stanford, Cole",NA,NA,NA,Right,NA,NA,NA,NA,NA,NA,NA,NA,NA,NA,NA,NA,NA,NA,NA,NA,5e1ec1f0-c258-11f0-a0a7-8d861a32580b,3,1,FLA_GAT,5,Top,1,Curveball,Undefined,Undefined,Undefined,0,0,NA,FLA_GAT,FLA_GAT,CondronBallpark,TeamExclusive,Team,20251115-CondronBallpark-Private-2,78.43832,NA,NA,6.373,NA,NA,NA,0da46085-2dd1-4a37-b86a-f3dac27fc572,2025-11-15,19:22:02,2025-11-15T19:22:02Z,2025-11-15T19:22:02Z,NA,v3,471297,471297,NA,"Malzone, Aj",1000352389,Right,FLA_GAT,55.73595,-118.51588,11.40302,6.07871,-0.52955,-18.81277,-0.31074,1.95261,3.27681,NA,NA,NA,NA,NA,NA,NA,NA,NA,NA,NA,NA,NA,NA,NA,NA,NA,NA,NA,NA,NA,NA,NA,NA,NA,NA,NA,NA,NA,NA,NA,NA,NA,NA,NA,NA,NA,NA,NA,NA,NA,NA,NA,NA,NA,NA,NA,NA,NA,NA,High,High,High,NA,NA,NA,NA,NA,NA,NA,NA,NA,NA,NA,NA,NA,NA,NA,NA,NA,NA,NA,NA,NA,NA,NA,NA,NA,NA,NA,NA,NA,NA,NA,NA,NA,NA
160,2025-11-15,14:22:13,"Moss, Cooper",1000110959,Left,FLA_GAT,Undefined,1,0,InPlay,Fastball,NA,NA,93.69659,-2.867487,-0.623993,2187.352837,204.040178,12:45:00,6.21651,0.39246,5.1915,-11.70611,21.44592,9.02741,2.54112,0.55773,84.49015,-5.133042,0.975141,0.414406,-4.70331,11.95205,-0.34177,50,5.94226,1.03881,-135.62368,-7.13173,-8.64433,33.32431,-10.2071,a6e57938-0096-49f4-9538-067b01a7a565,NA,NA,NA,NA,-22.285013,1000098001,"Stanford, Cole",3997.152416,NA,102.76102,Right,42.371464,102.45151,103.24705,-40.04516,327.96271,326.43761,6.394526,-19.965257,1.66431,2.70569,-0.57216,NA,NA,NA,NA,NA,64bd3f00-c258-11f0-a0a7-8d861a32580b,3,2,FLA_GAT,5,Top,2,Four-Seam,Undefined,FlyBall,Out,1,0,NA,FLA_GAT,FLA_GAT,CondronBallpark,TeamExclusive,Team,20251115-CondronBallpark-Private-2,90.95525,148.82216,NA,9.20644,NA,NA,NA,0da46085-2dd1-4a37-b86a-f3dac27fc572,2025-11-15,19:22:13,2025-11-15T19:22:13Z,2025-11-15T19:22:13Z,FlyBall,v3,471297,471297,NA,"Malzone, Aj",1000352389,Right,FLA_GAT,55.30536,-136.92106,16.66216,6.21218,-6.73434,-5.10355,-0.38876,1.37535,-4.32217,184.063745,1.67168,102.90214,-26.89643,6.80319,-1.15085,0.11895,-0.00633,1.6e-4,-1e-5,2.70826,101.5203,-19.71193,0.47532,0.31531,-0.15441,0.03512,-0.00397,1.7e-4,-0.57529,-42.16821,12.64797,-3.34257,0.58937,-0.06392,0.00347,-5e-5,0,NA,NA,NA,NA,NA,NA,NA,NA,NA,NA,NA,NA,NA,NA,NA,NA,NA,NA,NA,NA,NA,NA,High,High,High,Medium,Low,NA,NA,NA,NA,NA,NA,NA,NA,NA,NA,NA,NA,NA,NA,NA,NA,NA,NA,NA,NA,NA,NA,NA,NA,NA,NA,NA,NA,NA,72.97974,17.96831,-28.89978
161,2025-11-15,14:24:50,"Lugo-Canchola, Ernesto",809836,Left,FLA_GAT,Undefined,0,0,BallCalled,Fastball,NA,NA,78.44381,-0.768488,-0.073687,2635.268698,281.244424,03:15:00,6.52759,-1.6824,4.83427,-49.33853,-1.66079,16.50741,1.68829,-0.37656,71.73938,-9.648872,2.840026,0.496969,-8.14622,-0.09146,1.67482,50,6.40929,-0.54949,-113.70977,-3.33771,-10.55225,22.92172,-32.29253,d1f7c222-963f-4602-81d5-433509e23b27,NA,NA,NA,NA,NA,703630,"Nadeau, Justin",NA,NA,NA,Left,NA,NA,NA,NA,NA,NA,NA,NA,NA,NA,NA,NA,NA,NA,NA,NA,c23fd840-c258-11f0-a0a7-8d861a32580b,4,1,FLA_GAT,5,Top,2,Slider,Undefined,Undefined,Undefined,1,0,NA,FLA_GAT,FLA_GAT,CondronBallpark,TeamExclusive,Team,20251115-CondronBallpark-Private-2,75.84467,NA,NA,6.70443,NA,NA,NA,0da46085-2dd1-4a37-b86a-f3dac27fc572,2025-11-15,19:24:50,2025-11-15T19:24:50Z,2025-11-15T19:24:50Z,NA,v3,471297,471297,NA,"Malzone, Aj",1000352389,Right,FLA_GAT,55.66511,-114.84607,11.46086,6.53508,-1.73687,-16.14627,1.6891,-0.02638,-5.27613,NA,NA,NA,NA,NA,NA,NA,NA,NA,NA,NA,NA,NA,NA,NA,NA,NA,NA,NA,NA,NA,NA,NA,NA,NA,NA,NA,NA,NA,NA,NA,NA,NA,NA,NA,NA,NA,NA,NA,NA,NA,NA,NA,NA,NA,NA,NA,NA,NA,NA,High,High,High,NA,NA,NA,NA,NA,NA,NA,NA,NA,NA,NA,NA,NA,NA,NA,NA,NA,NA,NA,NA,NA,NA,NA,NA,NA,NA,NA,NA,NA,NA,NA,NA,NA,NA
162,2025-11-15,14:25:02,"Lugo-Canchola, Ernesto",809836,Left,FLA_GAT,Undefined,0,0,BallCalled,Fastball,NA,NA,91.92882,-3.449139,-0.420872,2255.1282,154.435873,11:15:00,6.99006,-0.64164,5.45867,-12.97701,20.96367,-9.46453,2.6761,-1.82432,83.47544,-5.935172,-2.105667,0.419306,4.62181,11.92095,0.68533,50,6.6773,1.4184,-133.12273,-8.39212,8.23273,30.54492,-10.93959,9e63af0c-f76a-4219-b03e-801605bf10e5,NA,NA,NA,NA,NA,701341,"Wilson, Ashton",NA,NA,NA,Right,NA,NA,NA,NA,NA,NA,NA,NA,NA,NA,NA,NA,NA,NA,NA,NA,c94aabb0-c258-11f0-a0a7-8d861a32580b,4,2,FLA_GAT,5,Top,0,Four-Seam,Undefined,Undefined,Undefined,0,0,NA,FLA_GAT,FLA_GAT,CondronBallpark,TeamExclusive,Team,20251115-CondronBallpark-Private-2,89.89233,NA,NA,8.45338,NA,NA,NA,0da46085-2dd1-4a37-b86a-f3dac27fc572,2025-11-15,19:25:02,2025-11-15T19:25:02Z,2025-11-15T19:25:02Z,NA,v3,471297,471297,NA,"Malzone, Aj",1000352389,Right,FLA_GAT,55.03806,-134.27373,15.27246,6.98577,-7.97989,-5.4698,0.63773,1.10817,4.11636,NA,NA,NA,NA,NA,NA,NA,NA,NA,NA,NA,NA,NA,NA,NA,NA,NA,NA,NA,NA,NA,NA,NA,NA,NA,NA,NA,NA,NA,NA,NA,NA,NA,NA,NA,NA,NA,NA,NA,NA,NA,NA,NA,NA,NA,NA,NA,NA,NA,NA,High,High,High,NA,NA,NA,NA,NA,NA,NA,NA,NA,NA,NA,NA,NA,NA,NA,NA,NA,NA,NA,NA,NA,NA,NA,NA,NA,NA,NA,NA,NA,NA,NA,NA,NA,NA
163,2025-11-15,14:25:13,"Lugo-Canchola, Ernesto",809836,Left,FLA_GAT,Undefined,1,0,BallCalled,Fastball,NA,NA,90.7993,-3.286205,0.358332,2175.970102,143.331563,10:45:00,6.86012,-1.01567,5.63993,-14.03363,20.46348,-14.35509,2.62157,-1.87764,82.57024,-5.969447,-2.206249,0.42273,7.32965,11.66914,0.9943,50,6.57185,-0.17095,-131.5689,-7.94564,12.76761,29.54209,-11.84742,df3edc0b-7d8f-44d0-a7e2-cc0f7da43052,NA,NA,NA,NA,NA,701341,"Wilson, Ashton",NA,NA,NA,Right,NA,NA,NA,NA,NA,NA,NA,NA,NA,NA,NA,NA,NA,NA,NA,NA,d02ac5a0-c258-11f0-a0a7-8d861a32580b,4,3,FLA_GAT,5,Top,0,Sinker,Undefined,Undefined,Undefined,0,0,NA,FLA_GAT,FLA_GAT,CondronBallpark,TeamExclusive,Team,20251115-CondronBallpark-Private-2,89.16441,NA,NA,8.22906,NA,NA,NA,0da46085-2dd1-4a37-b86a-f3dac27fc572,2025-11-15,19:25:13,2025-11-15T19:25:13Z,2025-11-15T19:25:13Z,NA,v3,471297,471297,NA,"Malzone, Aj",1000352389,Right,FLA_GAT,54.85687,-132.65496,14.77104,6.85595,-7.51009,-5.92371,1.00921,-0.64033,6.3838,NA,NA,NA,NA,NA,NA,NA,NA,NA,NA,NA,NA,NA,NA,NA,NA,NA,NA,NA,NA,NA,NA,NA,NA,NA,NA,NA,NA,NA,NA,NA,NA,NA,NA,NA,NA,NA,NA,NA,NA,NA,NA,NA,NA,NA,NA,NA,NA,NA,NA,High,High,High,NA,NA,NA,NA,NA,NA,NA,NA,NA,NA,NA,NA,NA,NA,NA,NA,NA,NA,NA,NA,NA,NA,NA,NA,NA,NA,NA,NA,NA,NA,NA,NA,NA,NA
164,2025-11-15,14:25:28,"Lugo-Canchola, Ernesto",809836,Left,FLA_GAT,Undefined,2,0,BallCalled,Slider,NA,NA,78.57322,0.656966,0.424965,2590.498804,278.499781,03:15:00,6.62406,-1.62789,4.85105,-46.79983,0.25953,8.1463,3.34604,-0.54674,72.1404,-7.794743,1.860915,0.493736,-3.89103,0.39665,1.57864,50,6.64899,-1.18816,-113.99391,-0.40557,-5.11699,21.06744,-31.6524,186fccb3-fd57-4b64-8822-cbded7fcffee,NA,NA,NA,NA,NA,814065,"Surowiec, Ethan",NA,NA,NA,Right,NA,NA,NA,NA,NA,NA,NA,NA,NA,NA,NA,NA,NA,NA,NA,NA,d8e5ba10-c258-11f0-a0a7-8d861a32580b,4,4,FLA_GAT,5,Top,0,Curveball,Undefined,Undefined,Undefined,0,0,NA,FLA_GAT,FLA_GAT,CondronBallpark,TeamExclusive,Team,20251115-CondronBallpark-Private-2,76.34136,NA,NA,6.43283,NA,NA,NA,0da46085-2dd1-4a37-b86a-f3dac27fc572,2025-11-15,19:25:28,2025-11-15T19:25:28Z,2025-11-15T19:25:28Z,NA,v3,471297,471297,NA,"Malzone, Aj",1000352389,Right,FLA_GAT,55.64821,-115.03304,10.53372,6.63049,1.15564,-15.8262,1.63102,-0.93577,-2.5585,NA,NA,NA,NA,NA,NA,NA,NA,NA,NA,NA,NA,NA,NA,NA,NA,NA,NA,NA,NA,NA,NA,NA,NA,NA,NA,NA,NA,NA,NA,NA,NA,NA,NA,NA,NA,NA,NA,NA,NA,NA,NA,NA,NA,NA,NA,NA,NA,NA,NA,High,High,High,NA,NA,NA,NA,NA,NA,NA,NA,NA,NA,NA,NA,NA,NA,NA,NA,NA,NA,NA,NA,NA,NA,NA,NA,NA,NA,NA,NA,NA,NA,NA,NA,NA,NA
165,2025-11-15,14:25:43,"Lugo-Canchola, Ernesto",809836,Left,FLA_GAT,Undefined,3,0,BallCalled,Slider,NA,NA,79.94949,-1.651199,1.36995,2586.743008,289.230811,03:45:00,6.56149,-1.30564,5.18919,-47.44396,-2.57567,11.29288,1.05358,0.92446,74.02509,-10.188255,3.375911,0.482105,-5.29634,-0.45921,1.16948,50,6.37187,-3.22853,-116.0348,-5.03704,-7.21928,21.75748,-32.79999,3fdceaa9-be6f-4a9d-9d50-fc67c7db8cb7,NA,NA,NA,NA,NA,814065,"Surowiec, Ethan",NA,NA,NA,Right,NA,NA,NA,NA,NA,NA,NA,NA,NA,NA,NA,NA,NA,NA,NA,NA,e1f64890-c258-11f0-a0a7-8d861a32580b,4,5,FLA_GAT,5,Top,0,Slider,Walk,Undefined,Undefined,0,0,NA,FLA_GAT,FLA_GAT,CondronBallpark,TeamExclusive,Team,20251115-CondronBallpark-Private-2,78.18312,NA,NA,5.92439,NA,NA,NA,0da46085-2dd1-4a37-b86a-f3dac27fc572,2025-11-15,19:25:43,2025-11-15T19:25:43Z,2025-11-15T19:25:43Z,NA,v3,471297,471297,NA,"Malzone, Aj",1000352389,Right,FLA_GAT,55.31222,-117.02664,10.87874,6.56741,-3.54181,-16.39999,1.30915,-2.89943,-3.60964,NA,NA,NA,NA,NA,NA,NA,NA,NA,NA,NA,NA,NA,NA,NA,NA,NA,NA,NA,NA,NA,NA,NA,NA,NA,NA,NA,NA,NA,NA,NA,NA,NA,NA,NA,NA,NA,NA,NA,NA,NA,NA,NA,NA,NA,NA,NA,NA,NA,NA,High,High,High,NA,NA,NA,NA,NA,NA,NA,NA,NA,NA,NA,NA,NA,NA,NA,NA,NA,NA,NA,NA,NA,NA,NA,NA,NA,NA,NA,NA,NA,NA,NA,NA,NA,NA
166,2025-11-15,14:25:57,"Lugo-Canchola, Ernesto",809836,Left,FLA_GAT,Undefined,0,0,StrikeCalled,Slider,NA,NA,77.89729,-0.175888,0.318898,2708.23684,295.670085,03:45:00,6.46975,-1.62253,4.71334,-51.02204,-3.20307,9.57501,2.05098,-0.52196,72.22755,-9.30481,2.004665,0.497704,-4.61382,-1.0876,1.5813,50,6.40615,-1.03124,-113.10592,-2.25075,-6.01072,19.53523,-33.59094,3942cddc-6923-4c22-aab6-edd2c3b9638c,NA,NA,NA,NA,NA,1000352389,"Malzone, Aj",NA,NA,NA,Right,NA,NA,NA,NA,NA,NA,NA,NA,NA,NA,NA,NA,NA,NA,NA,NA,ea791600-c258-11f0-a0a7-8d861a32580b,5,1,FLA_GAT,5,Top,0,Curveball,Undefined,Undefined,Undefined,0,0,NA,FLA_GAT,FLA_GAT,CondronBallpark,TeamExclusive,Team,20251115-CondronBallpark-Private-2,75.7326,NA,NA,5.66974,NA,NA,NA,0da46085-2dd1-4a37-b86a-f3dac27fc572,2025-11-15,19:25:57,2025-11-15T19:25:57Z,2025-11-15T19:25:57Z,NA,v3,471297,471297,NA,"Malzone, Aj",1000352389,Right,FLA_GAT,55.78777,-114.10118,9.76762,6.47722,-0.53939,-16.79547,1.62604,-0.72501,-3.00536,NA,NA,NA,NA,NA,NA,NA,NA,NA,NA,NA,NA,NA,NA,NA,NA,NA,NA,NA,NA,NA,NA,NA,NA,NA,NA,NA,NA,64.44403,NA,NA,1.081616,NA,NA,NA,-2.60122,5.67612,-1.21287,69.93288,8.94161,-54.84565,-2.55099,71.86864,-4.47572,5.75103,19.10988,-14.92027,-1.31459,-56.30093,6.27068,High,High,High,NA,NA,High,Medium,High,NA,NA,NA,NA,NA,NA,NA,NA,NA,NA,NA,NA,NA,NA,NA,NA,NA,NA,NA,NA,NA,NA,NA,NA,NA,NA,NA,NA,NA
167,2025-11-15,14:26:22,"Lugo-Canchola, Ernesto",809836,Left,FLA_GAT,Undefined,0,1,StrikeCalled,Slider,NA,NA,79.37368,-0.467842,0.911536,2744.534327,284.647451,03:30:00,6.51744,-2.59192,4.8808,-47.75404,-1.83819,12.3052,2.09523,-0.70398,73.39123,-9.045973,3.083334,0.4877,-5.82744,-0.35272,2.49153,50,6.43104,-2.35038,-115.21943,-2.71086,-7.8531,20.91291,-32.64936,d8df2068-c4b1-4d5d-8742-baae7657740c,NA,NA,NA,NA,NA,1000352389,"Malzone, Aj",NA,NA,NA,Right,NA,NA,NA,NA,NA,NA,NA,NA,NA,NA,NA,NA,NA,NA,NA,NA,f98bba80-c258-11f0-a0a7-8d861a32580b,5,2,FLA_GAT,5,Top,0,Curveball,Undefined,Undefined,Undefined,0,0,NA,FLA_GAT,FLA_GAT,CondronBallpark,TeamExclusive,Team,20251115-CondronBallpark-Private-2,77.28611,NA,NA,5.98245,NA,NA,NA,0da46085-2dd1-4a37-b86a-f3dac27fc572,2025-11-15,19:26:22,2025-11-15T19:26:22Z,2025-11-15T19:26:22Z,NA,v3,471297,471297,NA,"Malzone, Aj",1000352389,Right,FLA_GAT,55.61987,-116.23499,10.45645,6.52418,-1.12536,-16.32468,2.5964,-1.96902,-3.92655,NA,NA,NA,NA,NA,NA,NA,NA,NA,NA,NA,NA,NA,NA,NA,NA,NA,NA,NA,NA,NA,NA,NA,NA,NA,NA,NA,NA,NA,NA,NA,NA,NA,NA,NA,NA,NA,NA,NA,NA,NA,NA,NA,NA,NA,NA,NA,NA,NA,NA,High,High,High,NA,NA,NA,NA,NA,NA,NA,NA,NA,NA,NA,NA,NA,NA,NA,NA,NA,NA,NA,NA,NA,NA,NA,NA,NA,NA,NA,NA,NA,NA,NA,NA,NA,NA
168,2025-11-15,14:26:34,"Lugo-Canchola, Ernesto",809836,Left,FLA_GAT,Undefined,0,2,FoulBallNotFieldable,Slider,NA,NA,80.40323,-0.994205,1.981297,2809.78053,280.239908,03:15:00,6.51005,-2.47147,4.9929500000000004,-46.3892,-1.43803,15.90359,1.70493,0.72527,73.95191,-9.340133,4.790457,0.48255,-7.39056,-0.08224,2.26691,50,6.37629,-4.68565,-116.58949,-3.71391,-10.10799,23.22164,-32.28654,84554a0b-543d-4b10-b40c-e264b896490d,NA,NA,NA,NA,NA,1000352389,"Malzone, Aj",NA,NA,NA,Right,NA,NA,NA,NA,NA,NA,NA,NA,NA,NA,NA,NA,NA,NA,NA,NA,00a16360-c259-11f0-a0a7-8d861a32580b,5,3,FLA_GAT,5,Top,0,Curveball,Undefined,Undefined,Undefined,0,0,NA,FLA_GAT,FLA_GAT,CondronBallpark,TeamExclusive,Team,20251115-CondronBallpark-Private-2,78.11103,NA,NA,6.45132,NA,NA,NA,0da46085-2dd1-4a37-b86a-f3dac27fc572,2025-11-15,19:26:34,2025-11-15T19:26:34Z,2025-11-15T19:26:34Z,NA,v3,471297,471297,NA,"Malzone, Aj",1000352389,Right,FLA_GAT,55.50855,-117.68154,11.61082,6.51524,-2.19557,-16.14327,2.47609,-4.2103,-5.054,NA,NA,NA,NA,NA,NA,NA,NA,NA,NA,NA,NA,NA,NA,NA,NA,NA,NA,NA,NA,NA,NA,NA,NA,NA,NA,NA,NA,NA,NA,NA,NA,NA,NA,NA,NA,NA,NA,NA,NA,NA,NA,NA,NA,NA,NA,NA,NA,NA,NA,High,High,High,NA,NA,NA,NA,NA,NA,NA,NA,NA,NA,NA,NA,NA,NA,NA,NA,NA,NA,NA,NA,NA,NA,NA,NA,NA,NA,NA,NA,NA,NA,NA,NA,NA,NA
169,2025-11-15,14:26:57,"Lugo-Canchola, Ernesto",809836,Left,FLA_GAT,Undefined,0,2,BallCalled,Fastball,NA,NA,92.97157,-4.451281,3.186036,2334.598863,154.167263,11:15:00,6.97787,-1.44508,5.66859,-11.38906,21.66474,-9.92512,1.86367,0.7015,84.40419,-6.660847,1.41615,0.413792,5.95107,12.62757,1.18202,50,6.59364,-7.0203,-134.33268,-10.76135,10.80757,30.76538,-9.24151,7e2268a2-b159-4a93-a27e-78b7ce3c1dfb,NA,NA,NA,NA,NA,1000352389,"Malzone, Aj",NA,NA,NA,Right,NA,NA,NA,NA,NA,NA,NA,NA,NA,NA,NA,NA,NA,NA,NA,NA,0e35cc50-c259-11f0-a0a7-8d861a32580b,5,4,FLA_GAT,5,Top,0,Four-Seam,Undefined,Undefined,Undefined,0,0,NA,FLA_GAT,FLA_GAT,CondronBallpark,TeamExclusive,Team,20251115-CondronBallpark-Private-2,91.09033,NA,NA,8.56738,NA,NA,NA,0da46085-2dd1-4a37-b86a-f3dac27fc572,2025-11-15,19:26:57,2025-11-15T19:26:57Z,2025-11-15T19:26:57Z,NA,v3,471297,471297,NA,"Malzone, Aj",1000352389,Right,FLA_GAT,54.828360000000004,-135.43398,15.38269,6.97294,-10.43054,-4.62075,1.44025,-7.40717,5.40379,NA,NA,NA,NA,NA,NA,NA,NA,NA,NA,NA,NA,NA,NA,NA,NA,NA,NA,NA,NA,NA,NA,NA,NA,NA,NA,NA,NA,NA,NA,NA,NA,NA,NA,NA,NA,NA,NA,NA,NA,NA,NA,NA,NA,NA,NA,NA,NA,NA,NA,High,High,High,NA,NA,NA,NA,NA,NA,NA,NA,NA,NA,NA,NA,NA,NA,NA,NA,NA,NA,NA,NA,NA,NA,NA,NA,NA,NA,NA,NA,NA,NA,NA,NA,NA,NA
170,2025-11-15,14:27:12,"Lugo-Canchola, Ernesto",809836,Left,FLA_GAT,Undefined,1,2,InPlay,Slider,NA,NA,80.63843,0.638052,2.005305,2737.683352,294.759115,03:45:00,6.43248,-2.33668,5.08629,-47.27314,-3.02646,9.47036,3.09484,0.34338,74.26629,-7.903471,3.679721,0.478753,-4.17571,-1.30937,2.13904,50,6.45537,-4.48943,-117.01909,-0.42524,-5.79422,21.9335,-33.99094,04ebfbe8-282b-4601-9b58-7c822b427389,NA,NA,NA,NA,17.969647,1000352389,"Malzone, Aj",NA,NA,99.44087,Right,-10.775127,NA,NA,NA,18.34367,17.62389,0.124301,15.938474,0.95877,3.26982,-0.39245,NA,NA,NA,NA,NA,16fb9630-c259-11f0-a0a7-8d861a32580b,5,5,FLA_GAT,5,Top,0,Slider,Undefined,GroundBall,Out,1,0,NA,FLA_GAT,FLA_GAT,CondronBallpark,TeamExclusive,Team,20251115-CondronBallpark-Private-2,78.73042,3.26982,NA,6.37214,NA,NA,NA,0da46085-2dd1-4a37-b86a-f3dac27fc572,2025-11-15,19:27:12,2025-11-15T19:27:12Z,2025-11-15T19:27:12Z,GroundBall,v3,471297,471297,NA,"Malzone, Aj",1000352389,Right,FLA_GAT,55.41476,-118.02965,10.96675,6.43889,1.14085,-16.99547,2.33973,-4.22247,-2.89711,183.64306,0.95898,136.26368,-16.72171,NA,NA,NA,NA,NA,NA,3.26945,-27.226680000000002,7.46557,NA,NA,NA,NA,NA,NA,-0.39241,44.19812,-4.15619,NA,NA,NA,NA,NA,NA,NA,NA,NA,NA,NA,NA,NA,NA,NA,NA,NA,NA,NA,NA,NA,NA,NA,NA,NA,NA,NA,NA,High,High,High,High,High,NA,NA,NA,NA,NA,NA,NA,NA,NA,NA,NA,NA,NA,NA,NA,NA,NA,NA,NA,NA,NA,NA,NA,NA,NA,NA,NA,NA,NA,75.67071,10.04563,7.52118
171,2025-11-15,14:27:41,"Lugo-Canchola, Ernesto",809836,Left,FLA_GAT,Undefined,0,0,StrikeCalled,Fastball,NA,NA,92.5395,-4.325541,1.762478,2281.329632,159.570683,11:15:00,6.85809,-0.87265,5.72548,-12.08938,21.06056,-7.42119,1.81229,0.15099,84.24638,-6.655077,0.435368,0.414393,4.27666,12.2978,0.73012,50,6.48897,-3.78567,-133.91412,-10.45342,7.73158,30.11498,-9.94138,b1ba82da-fb85-42eb-97cf-5cc12d2c01af,NA,NA,NA,NA,NA,10106329,"Schwarz, Colton",NA,NA,NA,Right,NA,NA,NA,NA,NA,NA,NA,NA,NA,NA,NA,NA,NA,NA,NA,NA,285ee170-c259-11f0-a0a7-8d861a32580b,6,1,FLA_GAT,5,Top,1,Four-Seam,Undefined,Undefined,Undefined,0,0,NA,FLA_GAT,FLA_GAT,CondronBallpark,TeamExclusive,Team,20251115-CondronBallpark-Private-2,90.95812,NA,NA,8.29312,NA,NA,NA,0da46085-2dd1-4a37-b86a-f3dac27fc572,2025-11-15,19:27:41,2025-11-15T19:27:41Z,2025-11-15T19:27:41Z,NA,v3,471297,471297,NA,"Malzone, Aj",1000352389,Right,FLA_GAT,54.77196,-134.98299,15.05749,6.85373,-10.10057,-4.97069,0.86935,-4.06009,3.86579,NA,NA,NA,NA,NA,NA,NA,NA,NA,NA,NA,NA,NA,NA,NA,NA,NA,NA,NA,NA,NA,NA,NA,NA,NA,NA,NA,NA,NA,NA,NA,NA,NA,NA,NA,NA,NA,NA,NA,NA,NA,NA,NA,NA,NA,NA,NA,NA,NA,NA,High,High,High,NA,NA,NA,NA,NA,NA,NA,NA,NA,NA,NA,NA,NA,NA,NA,NA,NA,NA,NA,NA,NA,NA,NA,NA,NA,NA,NA,NA,NA,NA,NA,NA,NA,NA
172,2025-11-15,14:27:53,"Lugo-Canchola, Ernesto",809836,Left,FLA_GAT,Undefined,0,1,StrikeCalled,Slider,NA,NA,79.15168,0.120429,-0.122598,2759.144612,285.974151,03:30:00,6.53681,-1.60209,4.93097,-50.20621,-3.49209,17.7984,2.46679,-0.23478,72.15419,-8.947389,3.022534,0.491921,-8.7804,-1.2341,1.59869,50,6.50711,-0.51473,-114.74913,-1.61635,-11.56521,23.63724,-33.79953,7ddc4bc8-b756-4bee-813c-9d9159478078,NA,NA,NA,NA,NA,10106329,"Schwarz, Colton",NA,NA,NA,Right,NA,NA,NA,NA,NA,NA,NA,NA,NA,NA,NA,NA,NA,NA,NA,NA,2fb16c40-c259-11f0-a0a7-8d861a32580b,6,2,FLA_GAT,5,Top,1,Slider,Undefined,Undefined,Undefined,0,0,NA,FLA_GAT,FLA_GAT,CondronBallpark,TeamExclusive,Team,20251115-CondronBallpark-Private-2,76.62292,NA,NA,6.99749,NA,NA,NA,0da46085-2dd1-4a37-b86a-f3dac27fc572,2025-11-15,19:27:53,2025-11-15T19:27:53Z,2025-11-15T19:27:53Z,NA,v3,471297,471297,NA,"Malzone, Aj",1000352389,Right,FLA_GAT,55.56814,-115.89044,11.81862,6.54575,0.01564,-16.89977,1.61006,0.04369,-5.7826,NA,NA,NA,NA,NA,NA,NA,NA,NA,NA,NA,NA,NA,NA,NA,NA,NA,NA,NA,NA,NA,NA,NA,NA,NA,NA,NA,NA,NA,NA,NA,NA,NA,NA,NA,NA,NA,NA,NA,NA,NA,NA,NA,NA,NA,NA,NA,NA,NA,NA,High,High,High,NA,NA,NA,NA,NA,NA,NA,NA,NA,NA,NA,NA,NA,NA,NA,NA,NA,NA,NA,NA,NA,NA,NA,NA,NA,NA,NA,NA,NA,NA,NA,NA,NA,NA
173,2025-11-15,14:28:06,"Lugo-Canchola, Ernesto",809836,Left,FLA_GAT,Undefined,0,2,BallCalled,Fastball,NA,NA,93.0226,-1.982762,0.73816,2285.212735,162.876717,11:30:00,7.07069,-0.59087,5.3325,-12.01796,21.11481,-6.16311,4.20797,-0.41184,84.53677,-4.298632,-0.356379,0.414286,3.27851,11.44768,0.52869,50,6.8833,-1.44021,-134.86234,-5.00836,6.01501,30.37594,-11.1713,d324c2d1-8caa-4c4d-bea8-d08e8b7710fa,NA,NA,NA,NA,NA,10106329,"Schwarz, Colton",NA,NA,NA,Right,NA,NA,NA,NA,NA,NA,NA,NA,NA,NA,NA,NA,NA,NA,NA,NA,37579550-c259-11f0-a0a7-8d861a32580b,6,3,FLA_GAT,5,Top,1,Four-Seam,Undefined,Undefined,Undefined,0,0,NA,FLA_GAT,FLA_GAT,CondronBallpark,TeamExclusive,Team,20251115-CondronBallpark-Private-2,90.9817,NA,NA,8.48583,NA,NA,NA,0da46085-2dd1-4a37-b86a-f3dac27fc572,2025-11-15,19:28:06,2025-11-15T19:28:06Z,2025-11-15T19:28:06Z,NA,v3,471297,471297,NA,"Malzone, Aj",1000352389,Right,FLA_GAT,55.16366,-136.02041,15.18797,7.06612,-4.58245,-5.58565,0.58797,-1.66953,3.0075,NA,NA,NA,NA,NA,NA,NA,NA,NA,NA,NA,NA,NA,NA,NA,NA,NA,NA,NA,NA,NA,NA,NA,NA,NA,NA,NA,NA,NA,NA,NA,NA,NA,NA,NA,NA,NA,NA,NA,NA,NA,NA,NA,NA,NA,NA,NA,NA,NA,NA,High,High,High,NA,NA,NA,NA,NA,NA,NA,NA,NA,NA,NA,NA,NA,NA,NA,NA,NA,NA,NA,NA,NA,NA,NA,NA,NA,NA,NA,NA,NA,NA,NA,NA,NA,NA
174,2025-11-15,14:28:20,"Lugo-Canchola, Ernesto",809836,Left,FLA_GAT,Undefined,1,2,InPlay,Slider,NA,NA,78.79979,0.141607,0.27693,2781.204003,285.671732,03:30:00,6.50824,-1.42588,5.24875,-49.38613,-3.01063,16.16922,2.52581,0.18179,72.14092,-8.821506,3.150295,0.490135,-8.07008,-1.17276,1.38775,50,6.48428,-1.19297,-114.37179,-1.43493,-10.59613,22.814,-33.71388,e5452dc3-d5ba-4d7c-97a7-9fcff3a2d690,NA,NA,NA,NA,-42.207387,10106329,"Schwarz, Colton",NA,NA,70.83908,Right,-18.81683,NA,NA,NA,10.10655,10.10655,0.08056,-32.693065,2.61508,2.70976,-0.11651,NA,NA,NA,NA,NA,3f6a3bd0-c259-11f0-a0a7-8d861a32580b,6,4,FLA_GAT,5,Top,1,Curveball,Undefined,GroundBall,Out,2,0,NA,FLA_GAT,FLA_GAT,CondronBallpark,TeamExclusive,Team,20251115-CondronBallpark-Private-2,76.90219,2.70976,NA,6.65887,NA,NA,NA,0da46085-2dd1-4a37-b86a-f3dac27fc572,2025-11-15,19:28:20,2025-11-15T19:28:20Z,2025-11-15T19:28:20Z,GroundBall,v3,471297,471297,NA,"Malzone, Aj",1000352389,Right,FLA_GAT,55.25253,-115.41477,11.407,6.51466,0.10635,-16.85694,1.43121,-0.70855,-5.29806,NA,2.61156,73.11728,NA,NA,NA,NA,NA,NA,NA,2.71138,-33.63644,NA,NA,NA,NA,NA,NA,NA,-0.11331,-66.31588,NA,NA,NA,NA,NA,NA,NA,NA,NA,NA,NA,NA,NA,NA,NA,NA,NA,NA,NA,NA,NA,NA,NA,NA,NA,NA,NA,NA,NA,High,High,High,Estimated,Estimated,NA,NA,NA,NA,NA,NA,NA,NA,NA,NA,NA,NA,NA,NA,NA,NA,NA,NA,NA,NA,NA,NA,NA,NA,NA,NA,NA,NA,NA,69.20647,19.78036,-27.97255
