PitchNo,Date,Time,Pitcher,PitcherId,PitcherThrows,PitcherTeam,PitcherSet,Balls,Strikes,PitchCall,TaggedPitchType,PitchSession,Flag,RelSpeed,VertRelAngle,HorzRelAngle,SpinRate,SpinAxis,Tilt,RelHeight,RelSide,Extension,VertBreak,InducedVertBreak,HorzBreak,PlateLocHeight,PlateLocSide,ZoneSpeed,VertApprAngle,HorzApprAngle,ZoneTime,pfxx,pfxz,x0,y0,z0,vx0,vy0,vz0,ax0,ay0,az0,PlayID,CalibrationId,EffVelocity,PracticeType,Device,Direction,BatterId,Batter,HitSpinRate,HitType,ExitSpeed,BatterSide,Angle,PositionAt110X,PositionAt110Y,PositionAt110Z,Distance,LastTrackedDistance,HangTime,Bearing,ContactPositionX,ContactPositionY,ContactPositionZ,SpinAxis3dTransverseAngle,SpinAxis3dLongitudinalAngle,SpinAxis3dActiveSpinRate,SpinAxis3dSpinEfficiency,SpinAxis3dTilt,PitchUID,PAofInning,PitchofPA,BatterTeam,Inning,Top/Bottom,Outs,AutoPitchType,KorBB,TaggedHitType,PlayResult,OutsOnPlay,RunsScored,Notes,HomeTeam,AwayTeam,Stadium,Level,League,GameID,EffectiveVelo,MaxHeight,MeasuredDuration,SpeedDrop,PitchLastMeasuredX,PitchLastMeasuredY,PitchLastMeasuredZ,GameUID,UTCDate,UTCTime,LocalDateTime,UTCDateTime,AutoHitType,System,HomeTeamForeignID,AwayTeamForeignID,GameForeignID,Catcher,CatcherId,CatcherThrows,CatcherTeam,PitchTrajectoryXc0,PitchTrajectoryXc1,PitchTrajectoryXc2,PitchTrajectoryYc0,PitchTrajectoryYc1,PitchTrajectoryYc2,PitchTrajectoryZc0,PitchTrajectoryZc1,PitchTrajectoryZc2,HitSpinAxis,HitTrajectoryXc0,HitTrajectoryXc1,HitTrajectoryXc2,HitTrajectoryXc3,HitTrajectoryXc4,HitTrajectoryXc5,HitTrajectoryXc6,HitTrajectoryXc7,HitTrajectoryXc8,HitTrajectoryYc0,HitTrajectoryYc1,HitTrajectoryYc2,HitTrajectoryYc3,HitTrajectoryYc4,HitTrajectoryYc5,HitTrajectoryYc6,HitTrajectoryYc7,HitTrajectoryYc8,HitTrajectoryZc0,HitTrajectoryZc1,HitTrajectoryZc2,HitTrajectoryZc3,HitTrajectoryZc4,HitTrajectoryZc5,HitTrajectoryZc6,HitTrajectoryZc7,HitTrajectoryZc8,ThrowSpeed,PopTime,ExchangeTime,TimeToBase,CatchPositionX,CatchPositionY,CatchPositionZ,ThrowPositionX,ThrowPositionY,ThrowPositionZ,BasePositionX,BasePositionY,BasePositionZ,ThrowTrajectoryXc0,ThrowTrajectoryXc1,ThrowTrajectoryXc2,ThrowTrajectoryYc0,ThrowTrajectoryYc1,ThrowTrajectoryYc2,ThrowTrajectoryZc0,ThrowTrajectoryZc1,ThrowTrajectoryZc2,PitchReleaseConfidence,PitchLocationConfidence,PitchMovementConfidence,HitLaunchConfidence,HitLandingConfidence,CatcherThrowCatchConfidence,CatcherThrowReleaseConfidence,CatcherThrowLocationConfidence,SpinAxis3dVectorX,SpinAxis3dVectorY,SpinAxis3dVectorZ,SpinAxis3dSeamOrientationRotationX,SpinAxis3dSeamOrientationRotationY,SpinAxis3dSeamOrientationRotationZ,SpinAxis3dSeamOrientationBallYAmb1,SpinAxis3dSeamOrientationBallAngleHorizontalAmb1,SpinAxis3dSeamOrientationBallZAmb1,SpinAxis3dSeamOrientationBallAngleVerticalAmb2,SpinAxis3dSeamOrientationBallZAmb2,SpinAxis3dSeamOrientationBallXAmb4,SpinAxis3dSeamOrientationBallYAmb4,SpinAxis3dSeamOrientationBallAngleHorizontalAmb2,SpinAxis3dSeamOrientationBallAngleVerticalAmb1,SpinAxis3dSeamOrientationBallXAmb1,SpinAxis3dSeamOrientationBallYAmb2,SpinAxis3dSeamOrientationBallAngleHorizontalAmb4,SpinAxis3dSeamOrientationBallAngleVerticalAmb4,SpinAxis3dSeamOrientationBallXAmb2,SpinAxis3dSeamOrientationBallAngleVerticalAmb3,SpinAxis3dSeamOrientationBallAngleHorizontalAmb3,SpinAxis3dSeamOrientationBallXAmb3,SpinAxis3dSeamOrientationBallYAmb3,SpinAxis3dSeamOrientationBallZAmb3,SpinAxis3dSeamOrientationBallZAmb4,BatSpeed,VerticalAttackAngle,HorizontalAttackAngle
1,2025-10-31,18:33:03,"Walsh, Alex",703633,Left,JUD,Undefined,0,0,InPlay,Fastball,NA,NA,89.86418,-1.423304,3.813632,2127.672627,144.866069,10:45:00,5.74723,-2.46001,5.99351,-18.66092,16.37131,-10.62816,2.86998,0.19363,81.01583,-4.985481,1.908341,0.425996,6.68347,9.23209,2.16507,50,5.62473,-8.22321,-130.10335,-3.78735,11.29536,30.85974,-16.57142,5d403795-28ae-485b-b9f2-5fa5b59b4f71,NA,NA,NA,NA,-35.394189,812807,"Jones, Kyle",NA,NA,95.69242,Right,-4.599704,NA,NA,NA,31.17058,29.53782,0.212604,-33.63848,2.0629,2.91856,-0.15468,NA,NA,NA,NA,NA,90c2a910-b6a9-11f0-84b6-01d555e46d76,1,1,FLA_GAT,1,Top,0,Four-Seam,Undefined,GroundBall,Out,1,0,NA,JUD,FLA_GAT,121Financial,TeamExclusive,Team,20251031-121Financial-Private-2,88.48079,2.91856,NA,8.84835,NA,NA,NA,78e623f9-aa27-4d61-8f19-ec9f4998400f,2025-10-31,22:33:03,2025-10-31T22:33:03Z,2025-10-31T22:33:03Z,GroundBall,v3,471326,471297,NA,"Spelman, Conner",1000239666,Right,JUD,54.50301,-131.16709,15.42987,5.74543,-3.21614,-8.28571,2.45524,-8.61256,5.64768,138.837971,2.06323,114.02163,-7.83093,NA,NA,NA,NA,NA,NA,2.91864,-11.25987,-11.611510000000001,NA,NA,NA,NA,NA,NA,-0.15477,-81.02214,2.51164,NA,NA,NA,NA,NA,NA,NA,NA,NA,NA,NA,NA,NA,NA,NA,NA,NA,NA,NA,NA,NA,NA,NA,NA,NA,NA,NA,NA,High,High,High,High,High,NA,NA,NA,NA,NA,NA,NA,NA,NA,NA,NA,NA,NA,NA,NA,NA,NA,NA,NA,NA,NA,NA,NA,NA,NA,NA,NA,NA,NA,NA,NA,NA
2,2025-10-31,18:33:34,"Walsh, Alex",703633,Left,JUD,Undefined,0,0,StrikeCalled,Fastball,NA,NA,90.502,-1.723047,4.391945,2089.761077,138.191209,10:30:00,5.56673,-2.52186,6.05057,-19.62308,14.63461,-12.04796,2.33127,0.54776,82.21667,-5.438611,2.231838,0.42126,7.43355,8.37185,2.18573,50,5.42172,-9.54111,-131.00638,-4.5465,12.85181,29.01616,-17.70006,ee3b4dd7-8d7e-472b-b3c0-624b64b52423,NA,NA,NA,NA,NA,804404,"Kurland, Cade",NA,NA,NA,Right,NA,NA,NA,NA,NA,NA,NA,NA,NA,NA,NA,NA,NA,NA,NA,NA,a3066940-b6a9-11f0-84b6-01d555e46d76,2,1,FLA_GAT,1,Top,1,Four-Seam,Undefined,Undefined,Undefined,0,0,NA,JUD,FLA_GAT,121Financial,TeamExclusive,Team,20251031-121Financial-Private-2,89.47543,NA,NA,8.28533,NA,NA,NA,78e623f9-aa27-4d61-8f19-ec9f4998400f,2025-10-31,22:33:34,2025-10-31T22:33:34Z,2025-10-31T22:33:34Z,NA,v3,471326,471297,NA,"Spelman, Conner",1000239666,Right,JUD,54.44535,-131.98729,14.50808,5.5653,-3.94813,-8.85003,2.51561,-9.97557,6.42591,NA,NA,NA,NA,NA,NA,NA,NA,NA,NA,NA,NA,NA,NA,NA,NA,NA,NA,NA,NA,NA,NA,NA,NA,NA,NA,NA,NA,NA,NA,NA,NA,NA,NA,NA,NA,NA,NA,NA,NA,NA,NA,NA,NA,NA,NA,NA,NA,NA,NA,High,High,High,NA,NA,NA,NA,NA,NA,NA,NA,NA,NA,NA,NA,NA,NA,NA,NA,NA,NA,NA,NA,NA,NA,NA,NA,NA,NA,NA,NA,NA,NA,NA,NA,NA,NA
3,2025-10-31,18:33:50,"Walsh, Alex",703633,Left,JUD,Undefined,0,1,StrikeSwinging,Fastball,NA,NA,91.11363,-1.02207,4.031912,2249.992492,142.180559,10:45:00,5.66168,-2.42087,6.03401,-16.06993,17.79182,-12.89894,3.37364,0.24391,82.42722,-4.110764,1.718853,0.418819,7.77819,9.76871,2.11217,50,5.57286,-8.73339,-131.9475,-2.80291,13.60357,30.15985,-15.08921,db2ee5ea-1194-4fa0-8602-29f322dd0fe0,NA,NA,NA,NA,NA,804404,"Kurland, Cade",NA,NA,NA,Right,NA,NA,NA,NA,NA,NA,NA,NA,NA,NA,NA,NA,NA,NA,NA,NA,ac9f61a0-b6a9-11f0-84b6-01d555e46d76,2,2,FLA_GAT,1,Top,1,Four-Seam,Undefined,Undefined,Undefined,0,0,NA,JUD,FLA_GAT,121Financial,TeamExclusive,Team,20251031-121Financial-Private-2,89.99702,NA,NA,8.68641,NA,NA,NA,78e623f9-aa27-4d61-8f19-ec9f4998400f,2025-10-31,22:33:50,2025-10-31T22:33:50Z,2025-10-31T22:33:50Z,NA,v3,471326,471297,NA,"Spelman, Conner",1000239666,Right,JUD,54.46131,-132.96334,15.07993,5.65871,-2.29468,-7.5446,2.41404,-9.19158,6.80179,NA,NA,NA,NA,NA,NA,NA,NA,NA,NA,NA,NA,NA,NA,NA,NA,NA,NA,NA,NA,NA,NA,NA,NA,NA,NA,NA,NA,NA,NA,NA,NA,NA,NA,NA,NA,NA,NA,NA,NA,NA,NA,NA,NA,NA,NA,NA,NA,NA,NA,High,High,High,NA,NA,NA,NA,NA,NA,NA,NA,NA,NA,NA,NA,NA,NA,NA,NA,NA,NA,NA,NA,NA,NA,NA,NA,NA,NA,NA,NA,NA,NA,NA,NA,NA,NA
4,2025-10-31,18:34:06,"Walsh, Alex",703633,Left,JUD,Undefined,0,2,InPlay,Slider,NA,NA,82.41659,-1.109569,3.649668,1871.358763,120.89404,10:00:00,5.45358,-2.53861,6.06412,-29.61195,11.8191,-17.28359,1.95683,-0.59669,74.63174,-6.667473,0.542517,0.46327,10.07071,6.86343,2.2645,50,5.35167,-6.95592,-119.41571,-3.19462,14.36148,25.65965,-22.38639,e18aa837-b9fc-4319-b4cc-b0b22234e434,NA,NA,NA,NA,-12.084576,804404,"Kurland, Cade",2829.499417,NA,97.64582,Right,31.67244,107.02941,64.96064,-25.38985,361.11085,357.61334,5.355222,-15.100962000000001,1.62674,2.02944,0.58826,NA,NA,NA,NA,NA,b612a990-b6a9-11f0-84b6-01d555e46d76,2,3,FLA_GAT,1,Top,1,Changeup,Undefined,FlyBall,Out,1,0,NA,JUD,FLA_GAT,121Financial,TeamExclusive,Team,20251031-121Financial-Private-2,81.36165,92.99592,NA,7.78485,NA,NA,NA,78e623f9-aa27-4d61-8f19-ec9f4998400f,2025-10-31,22:34:06,2025-10-31T22:34:06Z,2025-10-31T22:34:06Z,FlyBall,v3,471326,471297,NA,"Spelman, Conner",1000239666,Right,JUD,54.43353,-120.3646,12.82982,5.4545,-2.36677,-11.1932,2.53155,-7.487,7.18074,164.751882,1.63276,119.05914,-26.84091,6.61208,-1.0229,0.02696,0.02271,-0.00379,1.9e-4,2.02423,75.2902,-16.63081,0.26395,0.12827,-0.05168,0.0163,-0.00268,1.6e-4,0.58821,-25.51813,1.22065,0.63044,-0.31726,0.08103,-0.01254,0.00109,-4e-5,NA,NA,NA,NA,NA,NA,NA,NA,NA,NA,NA,NA,NA,NA,NA,NA,NA,NA,NA,NA,NA,NA,High,High,High,High,Medium,NA,NA,NA,NA,NA,NA,NA,NA,NA,NA,NA,NA,NA,NA,NA,NA,NA,NA,NA,NA,NA,NA,NA,NA,NA,NA,NA,NA,NA,NA,NA,NA
5,2025-10-31,18:34:42,"Walsh, Alex",703633,Left,JUD,Undefined,0,0,BallCalled,Slider,NA,NA,74.82961,2.743031,1.247376,2009.645706,263.70106,02:45:00,5.66575,-2.30201,5.42461,-49.0964,2.41788,5.59315,4.14616,-0.6674,67.65426,-6.285631,2.241513,0.516577,-2.39406,0.92921,2.18744,50,5.87569,-2.5758,-108.34703,3.61893,-2.80916,21.20742,-31.08374,87873567-5858-4968-8f0c-b4b58821e5bb,NA,NA,NA,NA,NA,807116,"Lawson, Brendan",NA,NA,NA,Left,NA,NA,NA,NA,NA,NA,NA,NA,NA,NA,NA,NA,NA,NA,NA,NA,cbb9e010-b6a9-11f0-84b6-01d555e46d76,3,1,FLA_GAT,1,Top,2,Curveball,Undefined,Undefined,Undefined,0,0,NA,JUD,FLA_GAT,121Financial,TeamExclusive,Team,20251031-121Financial-Private-2,72.96574,NA,NA,7.17535,NA,NA,NA,78e623f9-aa27-4d61-8f19-ec9f4998400f,2025-10-31,22:34:42,2025-10-31T22:34:42Z,2025-10-31T22:34:42Z,NA,v3,471326,471297,NA,"Spelman, Conner",1000239666,Right,JUD,55.07075,-109.33505,10.60371,5.67336,5.06708,-15.54187,2.30439,-2.44492,-1.40458,NA,NA,NA,NA,NA,NA,NA,NA,NA,NA,NA,NA,NA,NA,NA,NA,NA,NA,NA,NA,NA,NA,NA,NA,NA,NA,NA,NA,NA,NA,NA,NA,NA,NA,NA,NA,NA,NA,NA,NA,NA,NA,NA,NA,NA,NA,NA,NA,NA,NA,High,High,High,NA,NA,NA,NA,NA,NA,NA,NA,NA,NA,NA,NA,NA,NA,NA,NA,NA,NA,NA,NA,NA,NA,NA,NA,NA,NA,NA,NA,NA,NA,NA,NA,NA,NA
6,2025-10-31,18:34:59,"Walsh, Alex",703633,Left,JUD,Undefined,1,0,FoulBallNotFieldable,Fastball,NA,NA,91.06435,-0.961497,3.571899,2259.43305,146.479063,11:00:00,5.79159,-2.09976,6.14209,-16.05048,17.88513,-11.02835,3.56371,0.28631,81.91612,-4.065386,1.588768,0.419275,6.84323,9.89914,1.83289,50,5.70994,-7.76657,-131.91037,-2.65056,11.87193,32.09188,-15.00065,9f672263-3095-45bb-bb61-214dac725ca0,NA,NA,NA,NA,-145.407283,807116,"Lawson, Brendan",4284.728716,NA,74.56579,Left,36.04917,NA,NA,NA,NA,53.14477,NA,NA,1.24108,3.56744,-0.44867,NA,NA,NA,NA,NA,d5a0d160-b6a9-11f0-84b6-01d555e46d76,3,2,FLA_GAT,1,Top,2,Four-Seam,Undefined,Undefined,Undefined,0,0,NA,JUD,FLA_GAT,121Financial,TeamExclusive,Team,20251031-121Financial-Private-2,89.89902,34.80576,NA,9.14823,NA,NA,NA,78e623f9-aa27-4d61-8f19-ec9f4998400f,2025-10-31,22:34:59,2025-10-31T22:34:59Z,2025-10-31T22:34:59Z,NA,v3,471326,471297,NA,"Spelman, Conner",1000239666,Right,JUD,54.35396,-132.9654,16.04594,5.78898,-2.15741,-7.50033,2.09463,-8.15687,5.93596,NA,1.24108,-72.78952,2.32904,0.65221,0.96567,-4.60407,8.99289,-8.57285,3.21703,3.56744,64.35768,-27.15852,3.24258,-0.08087,-2.11271,4.2253,-3.97952,1.47352,-0.44867,-50.19985,13.56762,-2.80459,-0.75448,4.99547,-9.714,9.18183,-3.41826,NA,NA,NA,NA,NA,NA,NA,NA,NA,NA,NA,NA,NA,NA,NA,NA,NA,NA,NA,NA,NA,NA,High,High,High,High,Undefined,NA,NA,NA,NA,NA,NA,NA,NA,NA,NA,NA,NA,NA,NA,NA,NA,NA,NA,NA,NA,NA,NA,NA,NA,NA,NA,NA,NA,NA,NA,NA,NA
7,2025-10-31,18:35:26,"Walsh, Alex",703633,Left,JUD,Undefined,1,1,InPlay,Slider,NA,NA,76.61674,0.653492,2.481269,1965.277975,282.943494,03:30:00,5.61213,-2.25326,5.59189,-47.33321,1.46169,1.08535,2.27847,0.15541,69.58103,-8.04175,2.674897,0.502758,0.24035,0.96732,2.03957,50,5.63738,-4.85243,-111.04713,-0.23228,0.29581,22.55567,-30.98355,e9ed3f61-b211-4f92-8057-e9094f2dcd94,NA,NA,NA,NA,29.049337,807116,"Lawson, Brendan",3049.232645,NA,103.11021,Left,7.109287,NA,NA,NA,114.26689,113.08573,0.83669,32.416358,2.88884,2.35051,0.04725,NA,NA,NA,NA,NA,e609de20-b6a9-11f0-84b6-01d555e46d76,3,3,FLA_GAT,1,Top,2,Curveball,Undefined,LineDrive,Single,0,0,NA,JUD,FLA_GAT,121Financial,TeamExclusive,Team,20251031-121Financial-Private-2,74.97139,5.50729,NA,7.0357,NA,NA,NA,78e623f9-aa27-4d61-8f19-ec9f4998400f,2025-10-31,22:35:26,2025-10-31T22:35:26Z,2025-10-31T22:35:26Z,GroundBall,v3,471326,471297,NA,"Spelman, Conner",1000239666,Right,JUD,54.90628,-112.03925,11.27784,5.61762,1.13054,-15.49178,2.25329,-4.86544,0.1479,299.649621,2.97547,129.77971,-21.68284,NA,NA,NA,NA,NA,NA,2.45078,17.07627,-24.03995,NA,NA,NA,NA,NA,NA,-0.00306,73.70205,-0.51993,NA,NA,NA,NA,NA,NA,NA,NA,NA,NA,NA,NA,NA,NA,NA,NA,NA,NA,NA,NA,NA,NA,NA,NA,NA,NA,NA,NA,High,High,High,High,High,NA,NA,NA,NA,NA,NA,NA,NA,NA,NA,NA,NA,NA,NA,NA,NA,NA,NA,NA,NA,NA,NA,NA,NA,NA,NA,NA,NA,NA,NA,NA,NA
8,2025-10-31,18:36:02,"Walsh, Alex",703633,Left,JUD,Undefined,0,0,BallCalled,Fastball,NA,NA,90.19464,-0.061913,2.633358,1945.747327,144.431944,10:45:00,5.7564,-2.39106,6.1742,-20.39265,14.17119,-9.2267,3.99978,-0.72621,80.99764,-3.959771,0.97085,0.423138,5.5724,7.69548,2.19604,50,5.74137,-5.61275,-130.72084,-0.73865,9.47816,31.92557,-19.08471,9c598607-be81-4968-addf-17dcaa69aa96,NA,NA,NA,NA,NA,814065,"Surowiec, Ethan",NA,NA,NA,Right,NA,NA,NA,NA,NA,NA,NA,NA,NA,NA,NA,NA,NA,NA,NA,NA,fb937a80-b6a9-11f0-84b6-01d555e46d76,4,1,FLA_GAT,1,Top,2,Four-Seam,Undefined,Undefined,Undefined,0,0,NA,JUD,FLA_GAT,121Financial,TeamExclusive,Team,20251031-121Financial-Private-2,89.0783,NA,NA,9.197,NA,NA,NA,78e623f9-aa27-4d61-8f19-ec9f4998400f,2025-10-31,22:36:02,2025-10-31T22:36:02Z,2025-10-31T22:36:02Z,NA,v3,471326,471297,NA,"Spelman, Conner",1000239666,Right,JUD,54.31917,-131.77148,15.96279,5.75534,-0.1106,-9.54235,2.38588,-5.92467,4.73908,NA,NA,NA,NA,NA,NA,NA,NA,NA,NA,NA,NA,NA,NA,NA,NA,NA,NA,NA,NA,NA,NA,NA,NA,NA,NA,NA,NA,NA,NA,NA,NA,NA,NA,NA,NA,NA,NA,NA,NA,NA,NA,NA,NA,NA,NA,NA,NA,NA,NA,High,High,High,NA,NA,NA,NA,NA,NA,NA,NA,NA,NA,NA,NA,NA,NA,NA,NA,NA,NA,NA,NA,NA,NA,NA,NA,NA,NA,NA,NA,NA,NA,NA,NA,NA,NA
9,2025-10-31,18:36:22,"Walsh, Alex",703633,Left,JUD,Undefined,1,0,BallCalled,Slider,NA,NA,76.20758,-0.370746,3.574254,1939.186564,248.402154,02:15:00,5.59692,-2.48499,5.82304,-45.91156,2.67559,2.77595,1.42561,1.07354,69.94627,-8.79457,4.070895,0.501686,-0.3652,1.97382,2.19084,50,5.53962,-7.00112,-110.46071,-2.12327,-0.4488,20.65794,-29.74835,d3fe7619-57b9-4f1d-872d-1c5d5d597956,NA,NA,NA,NA,NA,814065,"Surowiec, Ethan",NA,NA,NA,Right,NA,NA,NA,NA,NA,NA,NA,NA,NA,NA,NA,NA,NA,NA,NA,NA,07576930-b6aa-11f0-84b6-01d555e46d76,4,2,FLA_GAT,1,Top,2,Curveball,Undefined,Undefined,Undefined,0,0,NA,JUD,FLA_GAT,121Financial,TeamExclusive,Team,20251031-121Financial-Private-2,75.13151,NA,NA,6.2613,NA,NA,NA,78e623f9-aa27-4d61-8f19-ec9f4998400f,2025-10-31,22:36:22,2025-10-31T22:36:22Z,2025-10-31T22:36:22Z,NA,v3,471326,471297,NA,"Spelman, Conner",1000239666,Right,JUD,54.67444,-111.33148,10.32897,5.60269,-0.86933,-14.87418,2.48555,-6.9822,-0.2244,NA,NA,NA,NA,NA,NA,NA,NA,NA,NA,NA,NA,NA,NA,NA,NA,NA,NA,NA,NA,NA,NA,NA,NA,NA,NA,NA,NA,NA,NA,NA,NA,NA,NA,NA,NA,NA,NA,NA,NA,NA,NA,NA,NA,NA,NA,NA,NA,NA,NA,High,High,High,NA,NA,NA,NA,NA,NA,NA,NA,NA,NA,NA,NA,NA,NA,NA,NA,NA,NA,NA,NA,NA,NA,NA,NA,NA,NA,NA,NA,NA,NA,NA,NA,NA,NA
10,2025-10-31,18:36:39,"Walsh, Alex",703633,Left,JUD,Undefined,2,0,StrikeSwinging,Fastball,NA,NA,89.82069,-1.068753,4.046061,2075.742691,142.04088,10:45:00,5.69097,-2.33307,6.44983,-18.89879,15.36643,-11.07221,3.13161,0.46769,81.42344,-4.689661,2.044955,0.421306,6.94512,8.68079,2.05043,50,5.60642,-8.75543,-130.17036,-2.94465,11.82587,29.26217,-17.39279,abd7a1de-8ee2-4698-848d-3a2178fab7f9,NA,NA,NA,NA,NA,814065,"Surowiec, Ethan",NA,NA,NA,Right,NA,NA,NA,NA,NA,NA,NA,NA,NA,NA,NA,NA,NA,NA,NA,NA,11324c90-b6aa-11f0-84b6-01d555e46d76,4,3,FLA_GAT,1,Top,2,Four-Seam,Undefined,Undefined,Undefined,0,0,NA,JUD,FLA_GAT,121Financial,TeamExclusive,Team,20251031-121Financial-Private-2,89.46561,NA,NA,8.39725,NA,NA,NA,78e623f9-aa27-4d61-8f19-ec9f4998400f,2025-10-31,22:36:39,2025-10-31T22:36:39Z,2025-10-31T22:36:39Z,NA,v3,471326,471297,NA,"Spelman, Conner",1000239666,Right,JUD,54.0458,-131.07669,14.63108,5.68928,-2.40594,-8.69639,2.32728,-9.12171,5.91293,NA,NA,NA,NA,NA,NA,NA,NA,NA,NA,NA,NA,NA,NA,NA,NA,NA,NA,NA,NA,NA,NA,NA,NA,NA,NA,NA,NA,NA,NA,NA,NA,NA,NA,NA,NA,NA,NA,NA,NA,NA,NA,NA,NA,NA,NA,NA,NA,NA,NA,High,High,High,NA,NA,NA,NA,NA,NA,NA,NA,NA,NA,NA,NA,NA,NA,NA,NA,NA,NA,NA,NA,NA,NA,NA,NA,NA,NA,NA,NA,NA,NA,NA,NA,NA,NA
11,2025-10-31,18:36:58,"Walsh, Alex",703633,Left,JUD,Undefined,2,1,FoulBallNotFieldable,Fastball,NA,NA,92.02143,-1.197792,3.87545,2076.325138,153.879921,11:15:00,5.88751,-2.09424,6.50051,-16.12666,16.50745,-7.53926,3.44155,0.84,83.26727,-4.313995,2.511629,0.411157,5.02477,9.27347,1.82524,50,5.79588,-8.70232,-133.31322,-3.19675,8.96632,30.92313,-15.62628,0d48b171-7d94-4988-bfba-10366b7ea73f,NA,NA,NA,NA,NA,814065,"Surowiec, Ethan",NA,NA,NA,Right,NA,NA,NA,NA,NA,NA,NA,NA,NA,NA,NA,NA,NA,NA,NA,NA,1c975260-b6aa-11f0-84b6-01d555e46d76,4,4,FLA_GAT,1,Top,2,Four-Seam,Undefined,Undefined,Undefined,0,0,NA,JUD,FLA_GAT,121Financial,TeamExclusive,Team,20251031-121Financial-Private-2,91.67412,NA,NA,8.75416,NA,NA,NA,78e623f9-aa27-4d61-8f19-ec9f4998400f,2025-10-31,22:36:58,2025-10-31T22:36:58Z,2025-10-31T22:36:58Z,NA,v3,471326,471297,NA,"Spelman, Conner",1000239666,Right,JUD,53.99157,-134.23591,15.46156,5.88431,-2.73049,-7.81314,2.08888,-8.96985,4.48316,NA,NA,NA,NA,NA,NA,NA,NA,NA,NA,NA,NA,NA,NA,NA,NA,NA,NA,NA,NA,NA,NA,NA,NA,NA,NA,NA,NA,NA,NA,NA,NA,NA,NA,NA,NA,NA,NA,NA,NA,NA,NA,NA,NA,NA,NA,NA,NA,NA,NA,High,High,High,NA,NA,NA,NA,NA,NA,NA,NA,NA,NA,NA,NA,NA,NA,NA,NA,NA,NA,NA,NA,NA,NA,NA,NA,NA,NA,NA,NA,NA,NA,NA,NA,NA,NA
12,2025-10-31,18:37:22,"Walsh, Alex",703633,Left,JUD,Undefined,2,2,BallCalled,Fastball,NA,NA,92.43871,-0.776812,1.815353,2164.017607,142.215041,10:45:00,5.77764,-2.32065,6.04405,-17.70832,15.09209,-10.82264,3.58236,-1.54129,83.64248,-4.156199,-0.131961,0.412203,6.08292,8.32284,2.18475,50,5.70755,-3.77273,-134.12717,-2.35074,10.97379,31.63507,-17.15938,cb849b66-b5f1-497b-8205-3414b54f9da1,NA,NA,NA,NA,NA,814065,"Surowiec, Ethan",NA,NA,NA,Right,NA,NA,NA,NA,NA,NA,NA,NA,NA,NA,NA,NA,NA,NA,NA,NA,2b2c6270-b6aa-11f0-84b6-01d555e46d76,4,5,FLA_GAT,1,Top,2,Four-Seam,Undefined,Undefined,Undefined,0,0,NA,JUD,FLA_GAT,121Financial,TeamExclusive,Team,20251031-121Financial-Private-2,91.44151,NA,NA,8.79624,NA,NA,NA,78e623f9-aa27-4d61-8f19-ec9f4998400f,2025-10-31,22:37:22,2025-10-31T22:37:22Z,2025-10-31T22:37:22Z,NA,v3,471326,471297,NA,"Spelman, Conner",1000239666,Right,JUD,54.45146,-135.17301,15.81754,5.77589,-1.78346,-8.57969,2.31547,-4.13552,5.4869,NA,NA,NA,NA,NA,NA,NA,NA,NA,NA,NA,NA,NA,NA,NA,NA,NA,NA,NA,NA,NA,NA,NA,NA,NA,NA,NA,NA,NA,NA,NA,NA,NA,NA,NA,NA,NA,NA,NA,NA,NA,NA,NA,NA,NA,NA,NA,NA,NA,NA,High,High,High,NA,NA,NA,NA,NA,NA,NA,NA,NA,NA,NA,NA,NA,NA,NA,NA,NA,NA,NA,NA,NA,NA,NA,NA,NA,NA,NA,NA,NA,NA,NA,NA,NA,NA
13,2025-10-31,18:37:41,"Walsh, Alex",703633,Left,JUD,Undefined,3,2,BallCalled,Fastball,NA,NA,91.76806,-0.966819,1.839209,2136.348208,147.410249,11:00:00,5.72653,-2.06356,6.24975,-16.69899,16.24552,-9.67363,3.44278,-1.17295,83.24358,-4.172624,0.092029,0.413107,5.5365,9.03119,1.93127,50,5.64628,-3.86719,-133.22434,-2.71307,9.87641,30.6088,-16.06352,469e6730-25c2-4ad8-87bf-e2f0ea43399d,NA,NA,NA,NA,NA,814065,"Surowiec, Ethan",NA,NA,NA,Right,NA,NA,NA,NA,NA,NA,NA,NA,NA,NA,NA,NA,NA,NA,NA,NA,36467c90-b6aa-11f0-84b6-01d555e46d76,4,6,FLA_GAT,1,Top,2,Four-Seam,Walk,Undefined,Undefined,0,0,NA,JUD,FLA_GAT,121Financial,TeamExclusive,Team,20251031-121Financial-Private-2,91.24126,NA,NA,8.52448,NA,NA,NA,78e623f9-aa27-4d61-8f19-ec9f4998400f,2025-10-31,22:37:41,2025-10-31T22:37:41Z,2025-10-31T22:37:41Z,NA,v3,471326,471297,NA,"Spelman, Conner",1000239666,Right,JUD,54.24626,-134.19639,15.3044,5.72434,-2.20294,-8.03176,2.05906,-4.18084,4.93821,NA,NA,NA,NA,NA,NA,NA,NA,NA,NA,NA,NA,NA,NA,NA,NA,NA,NA,NA,NA,NA,NA,NA,NA,NA,NA,NA,NA,NA,NA,NA,NA,NA,NA,NA,NA,NA,NA,NA,NA,NA,NA,NA,NA,NA,NA,NA,NA,NA,NA,High,High,High,NA,NA,NA,NA,NA,NA,NA,NA,NA,NA,NA,NA,NA,NA,NA,NA,NA,NA,NA,NA,NA,NA,NA,NA,NA,NA,NA,NA,NA,NA,NA,NA,NA,NA
14,2025-10-31,18:38:13,"Walsh, Alex",703633,Left,JUD,Undefined,0,0,StrikeCalled,Slider,NA,NA,75.14846,2.069556,1.659095,1887.399645,310.208717,04:15:00,5.60733,-2.3744,5.61475,-52.63574,-2.54823,4.86374,3.15421,-0.42021,68.93212,-7.563714,2.527301,0.509373,-1.98555,-1.36606,2.22957,50,5.75036,-3.33977,-109.05269,2.2656,-2.38714,19.47217,-33.81642,9ab76797-7d2a-4363-9b6e-120381c89240,NA,NA,NA,NA,NA,833422,"Miller, Sam",NA,NA,NA,Right,NA,NA,NA,NA,NA,NA,NA,NA,NA,NA,NA,NA,NA,NA,NA,NA,497930a0-b6aa-11f0-84b6-01d555e46d76,5,1,FLA_GAT,1,Top,2,Curveball,Undefined,Undefined,Undefined,0,0,NA,JUD,FLA_GAT,121Financial,TeamExclusive,Team,20251031-121Financial-Private-2,73.99767,NA,NA,6.21634,NA,NA,NA,78e623f9-aa27-4d61-8f19-ec9f4998400f,2025-10-31,22:38:13,2025-10-31T22:38:13Z,2025-10-31T22:38:13Z,NA,v3,471326,471297,NA,"Spelman, Conner",1000239666,Right,JUD,54.88419,-109.92135,9.73608,5.61565,3.77415,-16.90821,2.37618,-3.23328,-1.19357,NA,NA,NA,NA,NA,NA,NA,NA,NA,NA,NA,NA,NA,NA,NA,NA,NA,NA,NA,NA,NA,NA,NA,NA,NA,NA,NA,NA,NA,NA,NA,NA,NA,NA,NA,NA,NA,NA,NA,NA,NA,NA,NA,NA,NA,NA,NA,NA,NA,NA,High,High,High,NA,NA,NA,NA,NA,NA,NA,NA,NA,NA,NA,NA,NA,NA,NA,NA,NA,NA,NA,NA,NA,NA,NA,NA,NA,NA,NA,NA,NA,NA,NA,NA,NA,NA
15,2025-10-31,18:38:29,"Walsh, Alex",703633,Left,JUD,Undefined,0,1,StrikeSwinging,Fastball,NA,NA,91.5743,0.083595,2.72573,2139.155083,148.888403,11:00:00,5.76981,-2.07543,6.30437,-18.55166,14.51552,-8.08603,4.30094,-0.23623,82.93509,-3.465224,1.265532,0.413876,4.99591,7.838,1.87892,50,5.76692,-5.9854,-132.879,-0.33752,8.86004,30.62655,-18.27372,f9fde494-6847-4f9a-95d6-9664d3c473be,NA,NA,NA,NA,NA,833422,"Miller, Sam",NA,NA,NA,Right,NA,NA,NA,NA,NA,NA,NA,NA,NA,NA,NA,NA,NA,NA,NA,NA,532d7930-b6aa-11f0-84b6-01d555e46d76,5,2,FLA_GAT,1,Top,2,Four-Seam,Undefined,Undefined,Undefined,0,0,NA,JUD,FLA_GAT,121Financial,TeamExclusive,Team,20251031-121Financial-Private-2,91.07188,NA,NA,8.63921,NA,NA,NA,78e623f9-aa27-4d61-8f19-ec9f4998400f,2025-10-31,22:38:29,2025-10-31T22:38:29Z,2025-10-31T22:38:29Z,NA,v3,471326,471297,NA,"Spelman, Conner",1000239666,Right,JUD,54.19141,-133.84157,15.31327,5.7685,0.23681,-9.13686,2.07142,-6.26387,4.43002,NA,NA,NA,NA,NA,NA,NA,NA,NA,NA,NA,NA,NA,NA,NA,NA,NA,NA,NA,NA,NA,NA,NA,NA,NA,NA,NA,NA,NA,NA,NA,NA,NA,NA,NA,NA,NA,NA,NA,NA,NA,NA,NA,NA,NA,NA,NA,NA,NA,NA,High,High,High,NA,NA,NA,NA,NA,NA,NA,NA,NA,NA,NA,NA,NA,NA,NA,NA,NA,NA,NA,NA,NA,NA,NA,NA,NA,NA,NA,NA,NA,NA,NA,NA,NA,NA
16,2025-10-31,18:38:49,"Walsh, Alex",703633,Left,JUD,Undefined,0,2,StrikeSwinging,Fastball,NA,NA,91.81027,-0.508499,2.796523,2109.986266,157.881203,11:15:00,5.72831,-2.29795,6.17041,-17.27977,15.67225,-5.93099,3.8181,-0.20725,83.48949,-3.808697,1.728407,0.413155,3.85725,8.56193,2.08899,50,5.68083,-6.25365,-133.22462,-1.68231,6.90491,29.68258,-16.84721,d989e3f3-8096-4eda-a23d-e515a4a012a3,NA,NA,NA,NA,NA,833422,"Miller, Sam",NA,NA,NA,Right,NA,NA,NA,NA,NA,NA,NA,NA,NA,NA,NA,NA,NA,NA,NA,NA,5ec500b0-b6aa-11f0-84b6-01d555e46d76,5,3,FLA_GAT,1,Top,2,Four-Seam,Strikeout,Undefined,Undefined,0,0,NA,JUD,FLA_GAT,121Financial,TeamExclusive,Team,20251031-121Financial-Private-2,91.23085,NA,NA,8.32078,NA,NA,NA,78e623f9-aa27-4d61-8f19-ec9f4998400f,2025-10-31,22:38:49,2025-10-31T22:38:49Z,2025-10-31T22:38:49Z,NA,v3,471326,471297,NA,"Spelman, Conner",1000239666,Right,JUD,54.32565,-134.18492,14.84129,5.72644,-1.13726,-8.42361,2.29492,-6.47704,3.45245,NA,NA,NA,NA,NA,NA,NA,NA,NA,NA,NA,NA,NA,NA,NA,NA,NA,NA,NA,NA,NA,NA,NA,NA,NA,NA,NA,NA,NA,NA,NA,NA,NA,NA,NA,NA,NA,NA,NA,NA,NA,NA,NA,NA,NA,NA,NA,NA,NA,NA,High,High,High,NA,NA,NA,NA,NA,NA,NA,NA,NA,NA,NA,NA,NA,NA,NA,NA,NA,NA,NA,NA,NA,NA,NA,NA,NA,NA,NA,NA,NA,NA,NA,NA,NA,NA
17,2025-10-31,18:41:05,"Peterson, Liam",805794,Right,FLA_GAT,Undefined,0,0,BallCalled,Fastball,NA,NA,96.11542,-4.852716,-2.889002,2403.595741,210.022164,01:00:00,6.50324,2.06087,6.2122,-10.36875,20.1393,10.98351,1.14424,0.30769,86.71593,-6.897492,-0.909036,0.397538,-6.59433,12.29713,-1.84942,50,6.13289,6.52181,-138.88277,-12.03301,-12.69831,35.19298,-8.49423,dcfc2b98-73b2-4e96-8d12-f76ef3642520,NA,NA,NA,NA,NA,1000091508,"Shields, Jonah",NA,NA,NA,Right,NA,NA,NA,NA,NA,NA,NA,NA,NA,NA,NA,NA,NA,NA,NA,NA,afc71200-b6aa-11f0-84b6-01d555e46d76,1,1,JUD,1,Bottom,0,Four-Seam,Undefined,Undefined,Undefined,0,0,NA,JUD,FLA_GAT,121Financial,TeamExclusive,Team,20251031-121Financial-Private-2,94.81469,NA,NA,9.39949,NA,NA,NA,78e623f9-aa27-4d61-8f19-ec9f4998400f,2025-10-31,22:41:05,2025-10-31T22:41:05Z,2025-10-31T22:41:05Z,NA,v3,471326,471297,NA,"Bowen, Karson",702710,Right,FLA_GAT,54.28414,-139.96416,17.59649,6.49863,-11.772,-4.24712,-2.05581,6.912,-6.34916,NA,NA,NA,NA,NA,NA,NA,NA,NA,NA,NA,NA,NA,NA,NA,NA,NA,NA,NA,NA,NA,NA,NA,NA,NA,NA,NA,NA,NA,NA,NA,NA,NA,NA,NA,NA,NA,NA,NA,NA,NA,NA,NA,NA,NA,NA,NA,NA,NA,NA,High,High,High,NA,NA,NA,NA,NA,NA,NA,NA,NA,NA,NA,NA,NA,NA,NA,NA,NA,NA,NA,NA,NA,NA,NA,NA,NA,NA,NA,NA,NA,NA,NA,NA,NA,NA
18,2025-10-31,18:41:17,"Peterson, Liam",805794,Right,FLA_GAT,Undefined,1,0,FoulBallNotFieldable,Fastball,NA,NA,96.05056,-3.242737,-1.253502,2498.424566,199.053911,12:45:00,6.60746,1.71003,6.28262,-6.23815,24.09832,7.93563,3.09503,1.21585,86.41104,-4.55862,0.180484,0.396418,-4.55142,13.93328,-1.6214,50,6.36507,2.70424,-139.2233,-7.94066,-8.78487,36.10132,-5.28094,a83446a7-c3e3-4223-b3ff-c4198940db74,NA,NA,NA,NA,-78.837241,1000091508,"Shields, Jonah",NA,NA,66.06615,Right,-24.045457,NA,NA,NA,9.64936,4.73456,0.083599,-60.317373,3.33851,3.31831,-1.08673,NA,NA,NA,NA,NA,b71752e0-b6aa-11f0-84b6-01d555e46d76,1,2,JUD,1,Bottom,0,Four-Seam,Undefined,Undefined,Undefined,0,0,NA,JUD,FLA_GAT,121Financial,TeamExclusive,Team,20251031-121Financial-Private-2,95.08248,3.31831,NA,9.63952,NA,NA,NA,78e623f9-aa27-4d61-8f19-ec9f4998400f,2025-10-31,22:41:17,2025-10-31T22:41:17Z,2025-10-31T22:41:17Z,GroundBall,v3,471326,471297,NA,"Bowen, Karson",702710,Right,FLA_GAT,54.21475,-140.31195,18.05066,6.60212,-7.78141,-2.64047,-1.70695,2.96915,-4.39243,NA,3.33727,17.22276,NA,NA,NA,NA,NA,NA,NA,3.32115,-39.69306,NA,NA,NA,NA,NA,NA,NA,-1.08048,-87.27899,NA,NA,NA,NA,NA,NA,NA,NA,NA,NA,NA,NA,NA,NA,NA,NA,NA,NA,NA,NA,NA,NA,NA,NA,NA,NA,NA,NA,NA,High,High,High,Low,Low,NA,NA,NA,NA,NA,NA,NA,NA,NA,NA,NA,NA,NA,NA,NA,NA,NA,NA,NA,NA,NA,NA,NA,NA,NA,NA,NA,NA,NA,NA,NA,NA
19,2025-10-31,18:41:36,"Peterson, Liam",805794,Right,FLA_GAT,Undefined,1,1,BallCalled,ChangeUp,NA,NA,83.78931,2.104483,-0.770267,2928.160713,28.663235,07:00:00,6.31738,2.37681,5.38661,-50.42385,-9.6713,-6.00548,4.08897,1.15435,76.45329,-7.067801,-1.838716,0.459461,2.77351,-5.02299,-2.30367,50,6.47005,1.8925,-121.57228,2.56798,4.12789,25.06616,-39.6499,e9004fba-f85a-4198-bb42-3c65257f4799,NA,NA,NA,NA,NA,1000091508,"Shields, Jonah",NA,NA,NA,Right,NA,NA,NA,NA,NA,NA,NA,NA,NA,NA,NA,NA,NA,NA,NA,NA,c2c8a3f0-b6aa-11f0-84b6-01d555e46d76,1,3,JUD,1,Bottom,0,Curveball,Undefined,Undefined,Undefined,0,0,NA,JUD,FLA_GAT,121Financial,TeamExclusive,Team,20251031-121Financial-Private-2,82.03617,NA,NA,7.33602,NA,NA,NA,78e623f9-aa27-4d61-8f19-ec9f4998400f,2025-10-31,22:41:36,2025-10-31T22:41:36Z,2025-10-31T22:41:36Z,NA,v3,471326,471297,NA,"Bowen, Karson",702710,Right,FLA_GAT,55.11311,-122.62198,12.53308,6.32775,4.22841,-19.82495,-2.37931,1.71964,2.06395,NA,NA,NA,NA,NA,NA,NA,NA,NA,NA,NA,NA,NA,NA,NA,NA,NA,NA,NA,NA,NA,NA,NA,NA,NA,NA,NA,NA,NA,NA,NA,NA,NA,NA,NA,NA,NA,NA,NA,NA,NA,NA,NA,NA,NA,NA,NA,NA,NA,NA,High,High,High,NA,NA,NA,NA,NA,NA,NA,NA,NA,NA,NA,NA,NA,NA,NA,NA,NA,NA,NA,NA,NA,NA,NA,NA,NA,NA,NA,NA,NA,NA,NA,NA,NA,NA
20,2025-10-31,18:41:51,"Peterson, Liam",805794,Right,FLA_GAT,Undefined,2,1,FoulBallNotFieldable,Fastball,NA,NA,96.96694,-3.397233,-2.614506,2562.368825,199.736713,12:45:00,6.50213,1.87741,6.11151,-6.8,23.47667,7.99012,2.78729,0.1241,86.46884,-4.825908,-1.177136,0.396028,-4.87705,13.38552,-1.67991,50,6.23605,5.99821,-140.11522,-8.33542,-9.48084,38.19053,-6.15289,29bec483-46c6-4f5c-803d-ce77dbab19c1,NA,NA,NA,NA,NA,1000091508,"Shields, Jonah",NA,NA,NA,Right,NA,NA,NA,NA,NA,NA,NA,NA,NA,NA,NA,NA,NA,NA,NA,NA,cb108b40-b6aa-11f0-84b6-01d555e46d76,1,4,JUD,1,Bottom,0,Four-Seam,Undefined,Undefined,Undefined,0,0,NA,JUD,FLA_GAT,121Financial,TeamExclusive,Team,20251031-121Financial-Private-2,95.17628,NA,NA,10.4981,NA,NA,NA,78e623f9-aa27-4d61-8f19-ec9f4998400f,2025-10-31,22:41:51,2025-10-31T22:41:51Z,2025-10-31T22:41:51Z,NA,v3,471326,471297,NA,"Bowen, Karson",702710,Right,FLA_GAT,54.37648,-141.30306,19.09527,6.49233,-8.14405,-3.07645,-1.87106,6.29309,-4.74042,NA,NA,NA,NA,NA,NA,NA,NA,NA,NA,NA,NA,NA,NA,NA,NA,NA,NA,NA,NA,NA,NA,NA,NA,NA,NA,NA,NA,NA,NA,NA,NA,NA,NA,NA,NA,NA,NA,NA,NA,NA,NA,NA,NA,NA,NA,NA,NA,NA,NA,High,High,High,NA,NA,NA,NA,NA,NA,NA,NA,NA,NA,NA,NA,NA,NA,NA,NA,NA,NA,NA,NA,NA,NA,NA,NA,NA,NA,NA,NA,NA,NA,NA,NA,NA,NA
21,2025-10-31,18:42:15,"Peterson, Liam",805794,Right,FLA_GAT,Undefined,2,2,FoulBallNotFieldable,Fastball,NA,NA,97.53441,-2.390666,-2.963511,2526.893908,205.736837,12:45:00,6.62475,1.85875,6.05192,-7.06965,22.58895,10.36792,3.81837,-0.02297,87.76563,-3.848977,-1.101007,0.391964,-6.13992,12.53717,-1.63284,50,6.43384,6.80169,-141.1973,-5.96087,-12.23958,35.91888,-7.18198,5ac07582-99fd-4ede-ac0f-661252b85ea4,NA,NA,NA,NA,173.667154,1000091508,"Shields, Jonah",2078.635898,NA,78.64854,Right,17.307737,NA,NA,NA,NA,54.41498,NA,NA,1.72899,3.67302,0.0267,NA,NA,NA,NA,NA,d97da0f0-b6aa-11f0-84b6-01d555e46d76,1,5,JUD,1,Bottom,0,Four-Seam,Undefined,Undefined,Undefined,0,0,NA,JUD,FLA_GAT,121Financial,TeamExclusive,Team,20251031-121Financial-Private-2,96.1629,15.25378,NA,9.76878,NA,NA,NA,78e623f9-aa27-4d61-8f19-ec9f4998400f,2025-10-31,22:42:15,2025-10-31T22:42:15Z,2025-10-31T22:42:15Z,NA,v3,471326,471297,NA,"Bowen, Karson",702710,Right,FLA_GAT,54.44023,-142.32236,17.95944,6.61702,-5.73592,-3.59099,-1.85189,7.18506,-6.11979,348.331964,1.72899,-109.456,8.61975,-0.93299,0.77112,-2.90272,7.73447,-10.01389,5.00309,3.67302,34.31723,-24.76656,2.3117,1.4132,-9.57816,25.32814,-32.0345,15.71191,0.0267,12.14754,-2.19045,0.29533,0.32226,-1.9601,5.15234,-6.50573,3.18724,NA,NA,NA,NA,NA,NA,NA,NA,NA,NA,NA,NA,NA,NA,NA,NA,NA,NA,NA,NA,NA,NA,High,High,High,Low,Undefined,NA,NA,NA,NA,NA,NA,NA,NA,NA,NA,NA,NA,NA,NA,NA,NA,NA,NA,NA,NA,NA,NA,NA,NA,NA,NA,NA,NA,NA,NA,NA,NA
22,2025-10-31,18:42:35,"Peterson, Liam",805794,Right,FLA_GAT,Undefined,2,2,InPlay,Slider,NA,NA,85.50614,-0.962212,-1.893794,2995.458277,43.00892,07:30:00,6.27539,2.29736,5.48792,-45.72191,-6.78433,-7.4717,1.56449,-0.09761,78.63245,-9.249895,-3.227294,0.449113,3.2561,-2.87134,-2.12611,50,6.1596,4.41255,-124.11996,-3.77082,5.05359,26.0264,-36.63046,3f8e37b5-080f-4574-8c31-61cb79680383,NA,NA,NA,NA,-9.972563,1000091508,"Shields, Jonah",2698.977243,NA,62.27886,Right,4.059374,NA,NA,NA,48.56566,47.0645,0.529274,-7.769439,2.93231,1.81486,0.01668,NA,NA,NA,NA,NA,e5d459c0-b6aa-11f0-84b6-01d555e46d76,1,6,JUD,1,Bottom,0,Curveball,Undefined,GroundBall,Out,1,0,NA,JUD,FLA_GAT,121Financial,TeamExclusive,Team,20251031-121Financial-Private-2,83.92639,2.35635,NA,6.87369,NA,NA,NA,78e623f9-aa27-4d61-8f19-ec9f4998400f,2025-10-31,22:42:35,2025-10-31T22:42:35Z,2025-10-31T22:42:35Z,GroundBall,v3,471326,471297,NA,"Bowen, Karson",702710,Right,FLA_GAT,55.0131,-125.16673,13.0132,6.28163,-2.29756,-18.31523,-2.29949,4.2093,2.52679,298.008104,2.9356,89.65232,-8.10159,NA,NA,NA,NA,NA,NA,1.82538,6.2001,-18.2664,NA,NA,NA,NA,NA,NA,0.00931,-15.5912,6.01208,NA,NA,NA,NA,NA,NA,NA,NA,NA,NA,NA,NA,NA,NA,NA,NA,NA,NA,NA,NA,NA,NA,NA,NA,NA,NA,NA,NA,High,High,High,High,High,NA,NA,NA,NA,NA,NA,NA,NA,NA,NA,NA,NA,NA,NA,NA,NA,NA,NA,NA,NA,NA,NA,NA,NA,NA,NA,NA,NA,NA,NA,NA,NA
23,2025-10-31,18:43:07,"Peterson, Liam",805794,Right,FLA_GAT,Undefined,0,0,FoulBallNotFieldable,Fastball,NA,NA,96.91099,-4.453594,-3.281553,2500.476253,204.66318,12:45:00,6.4468,2.08631,6.04563,-7.47563,22.83596,9.95024,1.68564,-0.12585,86.96004,-5.988073,-1.495411,0.396256,-6.2589,13.62457,-1.83608,50,6.09512,7.58312,-139.99419,-11.04123,-12.18534,37.19724,-5.64867,57c0e803-193d-45c7-819c-f2b03868c01d,NA,NA,NA,NA,-50.365998,816188,"Vergara, Roger",5637.17331,NA,81.78306,Left,50.499091,NA,NA,NA,NA,71.23242,NA,NA,1.51446,2.42368,-0.00245,NA,NA,NA,NA,NA,f8af50e0-b6aa-11f0-84b6-01d555e46d76,2,1,JUD,1,Bottom,1,Four-Seam,Undefined,Undefined,Undefined,0,0,NA,JUD,FLA_GAT,121Financial,TeamExclusive,Team,20251031-121Financial-Private-2,95.12146,77.46179,NA,9.95094,NA,NA,NA,78e623f9-aa27-4d61-8f19-ec9f4998400f,2025-10-31,22:43:07,2025-10-31T22:43:07Z,2025-10-31T22:43:07Z,NA,v3,471326,471297,NA,"Bowen, Karson",702710,Right,FLA_GAT,54.45196,-141.17215,18.59862,6.44194,-10.86236,-2.82433,-2.08233,7.96901,-6.09267,NA,1.51446,48.66903,-19.65849,6.32272,-1.68209,0.4052,-0.0898,0.01443,-0.001,2.42368,92.55384,-25.67938,2.55042,-0.29226,-0.01108,0.01832,-0.00647,0.00116,-0.00245,-58.75972,5.58455,-0.39241,-0.1455,0.08753,-0.03154,0.00889,-0.00142,NA,NA,NA,NA,NA,NA,NA,NA,NA,NA,NA,NA,NA,NA,NA,NA,NA,NA,NA,NA,NA,NA,High,High,High,Low,Undefined,NA,NA,NA,NA,NA,NA,NA,NA,NA,NA,NA,NA,NA,NA,NA,NA,NA,NA,NA,NA,NA,NA,NA,NA,NA,NA,NA,NA,NA,NA,NA,NA
24,2025-10-31,18:43:27,"Peterson, Liam",805794,Right,FLA_GAT,Undefined,0,1,BallCalled,Curveball,NA,NA,76.30416,2.840242,-0.672263,2772.454912,22.521205,06:45:00,6.61327,1.64003,5.10664,-66.25649,-15.65091,-7.28181,3.77029,0.39979,68.65827,-9.164188,-1.962206,0.512001,3.33162,-8.00398,-1.57089,50,6.83009,1.59877,-110.41636,3.07876,4.01338,24.09959,-41.81591,7e98029b-c8cc-46f6-8e46-ad1c3e551c2d,NA,NA,NA,NA,NA,816188,"Vergara, Roger",NA,NA,NA,Left,NA,NA,NA,NA,NA,NA,NA,NA,NA,NA,NA,NA,NA,NA,NA,NA,04847da0-b6ab-11f0-84b6-01d555e46d76,2,2,JUD,1,Bottom,1,Curveball,Undefined,Undefined,Undefined,0,0,NA,JUD,FLA_GAT,121Financial,TeamExclusive,Team,20251031-121Financial-Private-2,73.61793,NA,NA,7.64589,NA,NA,NA,78e623f9-aa27-4d61-8f19-ec9f4998400f,2025-10-31,22:43:27,2025-10-31T22:43:27Z,2025-10-31T22:43:27Z,NA,v3,471326,471297,NA,"Bowen, Karson",702710,Right,FLA_GAT,55.39204,-111.58702,12.04979,6.6312,5.11002,-20.90795,-1.64382,1.40382,2.00669,NA,NA,NA,NA,NA,NA,NA,NA,NA,NA,NA,NA,NA,NA,NA,NA,NA,NA,NA,NA,NA,NA,NA,NA,NA,NA,NA,NA,NA,NA,NA,NA,NA,NA,NA,NA,NA,NA,NA,NA,NA,NA,NA,NA,NA,NA,NA,NA,NA,NA,High,High,High,NA,NA,NA,NA,NA,NA,NA,NA,NA,NA,NA,NA,NA,NA,NA,NA,NA,NA,NA,NA,NA,NA,NA,NA,NA,NA,NA,NA,NA,NA,NA,NA,NA,NA
25,2025-10-31,18:43:42,"Peterson, Liam",805794,Right,FLA_GAT,Undefined,1,1,FoulBallNotFieldable,Fastball,NA,NA,98.35313,-3.204917,-2.216694,2630.919872,192.424267,12:30:00,6.39574,2.21427,6.09403,-6.51914,23.05111,4.81024,2.8828,0.56378,87.28978,-4.585812,-1.351349,0.39138,-3.27807,13.3589,-2.04592,50,6.14505,5.27838,-142.21005,-8.01716,-6.51381,41.62731,-5.62858,7b2e5872-1f2f-4913-ab55-8936fad2645e,NA,NA,NA,NA,-103.797845,816188,"Vergara, Roger",4041.04434,NA,69.35215,Left,36.999462,NA,NA,NA,NA,78.12467,NA,NA,1.65739,2.45366,-0.58183,NA,NA,NA,NA,NA,0d701f00-b6ab-11f0-84b6-01d555e46d76,2,3,JUD,1,Bottom,1,Four-Seam,Undefined,Undefined,Undefined,0,0,NA,JUD,FLA_GAT,121Financial,TeamExclusive,Team,20251031-121Financial-Private-2,96.30645,46.16052,NA,11.06335,NA,NA,NA,78e623f9-aa27-4d61-8f19-ec9f4998400f,2025-10-31,22:43:42,2025-10-31T22:43:42Z,2025-10-31T22:43:42Z,NA,v3,471326,471297,NA,"Bowen, Karson",702710,Right,FLA_GAT,54.3995,-143.49207,20.81366,6.38929,-7.84381,-2.81429,-2.21157,5.47899,-3.25691,NA,1.65739,-19.37424,2.1122,-0.1592,0.02505,0.03156,-0.04469,0.02665,-0.00617,2.45366,61.21343,-20.83451,1.64344,-0.03984,-0.41962,0.57457,-0.35244,0.08383,-0.58183,-78.89061,8.75703,-0.61309,0.13056,0.06784,-0.10748,0.06295,-0.01423,NA,NA,NA,NA,NA,NA,NA,NA,NA,NA,NA,NA,NA,NA,NA,NA,NA,NA,NA,NA,NA,NA,High,High,High,Medium,Undefined,NA,NA,NA,NA,NA,NA,NA,NA,NA,NA,NA,NA,NA,NA,NA,NA,NA,NA,NA,NA,NA,NA,NA,NA,NA,NA,NA,NA,NA,NA,NA,NA
26,2025-10-31,18:44:02,"Peterson, Liam",805794,Right,FLA_GAT,Undefined,1,2,BallCalled,Fastball,NA,NA,98.42908,-1.661276,-2.140559,2518.386895,215.59208,01:15:00,6.46731,2.11706,6.13573,-8.34422,20.74021,14.06765,4.23508,1.31011,88.24052,-3.355101,0.393836,0.388152,-7.89126,11.50599,-1.96039,50,6.33583,4.66712,-142.66242,-4.27724,-15.96902,38.35738,-8.89013,48d9ab67-add6-4795-a422-f1eb686ae7de,NA,NA,NA,NA,NA,816188,"Vergara, Roger",NA,NA,NA,Left,NA,NA,NA,NA,NA,NA,NA,NA,NA,NA,NA,NA,NA,NA,NA,NA,197ab3a0-b6ab-11f0-84b6-01d555e46d76,2,4,JUD,1,Bottom,1,Four-Seam,Undefined,Undefined,Undefined,0,0,NA,JUD,FLA_GAT,121Financial,TeamExclusive,Team,20251031-121Financial-Private-2,97.10743,NA,NA,10.18857,NA,NA,NA,78e623f9-aa27-4d61-8f19-ec9f4998400f,2025-10-31,22:44:02,2025-10-31T22:44:02Z,2025-10-31T22:44:02Z,NA,v3,471326,471297,NA,"Bowen, Karson",702710,Right,FLA_GAT,54.35889,-143.82961,19.17869,6.46186,-4.00672,-4.44507,-2.1098,5.15304,-7.98451,NA,NA,NA,NA,NA,NA,NA,NA,NA,NA,NA,NA,NA,NA,NA,NA,NA,NA,NA,NA,NA,NA,NA,NA,NA,NA,NA,NA,NA,NA,NA,NA,NA,NA,NA,NA,NA,NA,NA,NA,NA,NA,NA,NA,NA,NA,NA,NA,NA,NA,High,High,High,NA,NA,NA,NA,NA,NA,NA,NA,NA,NA,NA,NA,NA,NA,NA,NA,NA,NA,NA,NA,NA,NA,NA,NA,NA,NA,NA,NA,NA,NA,NA,NA,NA,NA
27,2025-10-31,18:44:15,"Peterson, Liam",805794,Right,FLA_GAT,Undefined,2,2,BallCalled,ChangeUp,NA,NA,83.68486,-0.619112,-0.428777,2920.823789,44.258112,07:30:00,6.21809,2.52123,5.45088,-49.65936,-9.25296,-10.17934,1.50018,1.27154,77.4658,-9.597576,-2.247114,0.457506,5.01422,-4.11587,-2.47626,50,6.1292,1.33297,-121.62997,-3.15214,7.52364,23.49338,-38.34978,ff16d3fb-8ab4-446e-98f9-2531cad4fac5,NA,NA,NA,NA,NA,816188,"Vergara, Roger",NA,NA,NA,Left,NA,NA,NA,NA,NA,NA,NA,NA,NA,NA,NA,NA,NA,NA,NA,NA,211e6bb0-b6ab-11f0-84b6-01d555e46d76,2,5,JUD,1,Bottom,1,Curveball,Undefined,Undefined,Undefined,0,0,NA,JUD,FLA_GAT,121Financial,TeamExclusive,Team,20251031-121Financial-Private-2,82.38679,NA,NA,6.21905,NA,NA,NA,78e623f9-aa27-4d61-8f19-ec9f4998400f,2025-10-31,22:44:15,2025-10-31T22:44:15Z,2025-10-31T22:44:15Z,NA,v3,471326,471297,NA,"Bowen, Karson",702710,Right,FLA_GAT,55.05068,-122.60165,11.74669,6.22677,-1.566,-19.17489,-2.52496,1.02179,3.76182,NA,NA,NA,NA,NA,NA,NA,NA,NA,NA,NA,NA,NA,NA,NA,NA,NA,NA,NA,NA,NA,NA,NA,NA,NA,NA,NA,NA,NA,NA,NA,NA,NA,NA,NA,NA,NA,NA,NA,NA,NA,NA,NA,NA,NA,NA,NA,NA,NA,NA,High,High,High,NA,NA,NA,NA,NA,NA,NA,NA,NA,NA,NA,NA,NA,NA,NA,NA,NA,NA,NA,NA,NA,NA,NA,NA,NA,NA,NA,NA,NA,NA,NA,NA,NA,NA
28,2025-10-31,18:44:30,"Peterson, Liam",805794,Right,FLA_GAT,Undefined,3,2,FoulBallNotFieldable,Fastball,NA,NA,97.55135,-3.910714,-2.210232,2505.34646,220.952249,01:15:00,6.56373,2.01148,6.17592,-14.38583,15.20001,12.24725,1.745,0.98989,88.00942,-6.670726,-8.96e-4,0.391483,-7.09091,9.46473,-1.85059,50,6.26027,4.90892,-141.21296,-10.08631,-14.09015,36.93589,-13.36692,a6dca97e-9a96-4917-b0e3-b807791fd6ef,NA,NA,NA,NA,NA,816188,"Vergara, Roger",NA,NA,NA,Left,NA,NA,NA,NA,NA,NA,NA,NA,NA,NA,NA,NA,NA,NA,NA,NA,2a1382f0-b6ab-11f0-84b6-01d555e46d76,2,6,JUD,1,Bottom,1,Four-Seam,Undefined,Undefined,Undefined,0,0,NA,JUD,FLA_GAT,121Financial,TeamExclusive,Team,20251031-121Financial-Private-2,96.2811,NA,NA,9.54193,NA,NA,NA,78e623f9-aa27-4d61-8f19-ec9f4998400f,2025-10-31,22:44:30,2025-10-31T22:44:30Z,2025-10-31T22:44:30Z,NA,v3,471326,471297,NA,"Bowen, Karson",702710,Right,FLA_GAT,54.32174,-142.33888,18.46794,6.56152,-9.67885,-6.68346,-2.00677,5.33843,-7.04507,NA,NA,NA,NA,NA,NA,NA,NA,NA,NA,NA,NA,NA,NA,NA,NA,NA,NA,NA,NA,NA,NA,NA,NA,NA,NA,NA,NA,NA,NA,NA,NA,NA,NA,NA,NA,NA,NA,NA,NA,NA,NA,NA,NA,NA,NA,NA,NA,NA,NA,High,High,High,NA,NA,NA,NA,NA,NA,NA,NA,NA,NA,NA,NA,NA,NA,NA,NA,NA,NA,NA,NA,NA,NA,NA,NA,NA,NA,NA,NA,NA,NA,NA,NA,NA,NA
29,2025-10-31,18:44:47,"Peterson, Liam",805794,Right,FLA_GAT,Undefined,3,2,BallCalled,Fastball,NA,NA,98.14998,-4.916481,-3.777188,2486.66268,195.80352,12:30:00,6.41703,2.05652,6.06296,-8.43922,20.903,5.62048,1.1425,-0.97591,88.91951,-6.595296,-2.769113,0.389868,-4.0191,12.52918,-1.76605,50,6.02929,9.09364,-141.69421,-12.37689,-8.10205,34.92589,-6.91669,fce57924-08df-493a-b5fe-5e2e7566f55a,NA,NA,NA,NA,NA,816188,"Vergara, Roger",NA,NA,NA,Left,NA,NA,NA,NA,NA,NA,NA,NA,NA,NA,NA,NA,NA,NA,NA,NA,3431ff00-b6ab-11f0-84b6-01d555e46d76,2,7,JUD,1,Bottom,1,Four-Seam,Walk,Undefined,Undefined,0,0,NA,JUD,FLA_GAT,121Financial,TeamExclusive,Team,20251031-121Financial-Private-2,96.67994,NA,NA,9.23047,NA,NA,NA,78e623f9-aa27-4d61-8f19-ec9f4998400f,2025-10-31,22:44:47,2025-10-31T22:44:47Z,2025-10-31T22:44:47Z,NA,v3,471326,471297,NA,"Bowen, Karson",702710,Right,FLA_GAT,54.43299,-142.78271,17.46294,6.41166,-12.16133,-3.45835,-2.05339,9.34615,-4.05102,NA,NA,NA,NA,NA,NA,NA,NA,NA,NA,NA,NA,NA,NA,NA,NA,NA,NA,NA,NA,NA,NA,NA,NA,NA,NA,NA,NA,NA,NA,NA,NA,NA,NA,NA,NA,NA,NA,NA,NA,NA,NA,NA,NA,NA,NA,NA,NA,NA,NA,High,High,High,NA,NA,NA,NA,NA,NA,NA,NA,NA,NA,NA,NA,NA,NA,NA,NA,NA,NA,NA,NA,NA,NA,NA,NA,NA,NA,NA,NA,NA,NA,NA,NA,NA,NA
30,2025-10-31,18:45:20,"Peterson, Liam",805794,Right,FLA_GAT,Undefined,0,0,StrikeSwinging,ChangeUp,NA,NA,83.3623,-1.705365,-2.448211,2904.967209,57.487131,08:00:00,6.20657,2.5283,5.52425,-43.86869,-2.90122,-6.58532,0.9546,-0.31068,76.75205,-9.660547,-3.623503,0.460671,2.62835,-0.59992,-2.31076,50,6.0287,5.43714,-120.9037,-5.16414,3.8728,24.57081,-33.05802,bd2d0de6-2859-42be-8502-491948e98e5e,NA,NA,NA,NA,NA,1000242117,"Grunberg, Sam",NA,NA,NA,Right,NA,NA,NA,NA,NA,NA,NA,NA,NA,NA,NA,NA,NA,NA,NA,NA,48430520-b6ab-11f0-84b6-01d555e46d76,3,1,JUD,1,Bottom,1,Slider,Undefined,Undefined,Undefined,0,0,NA,JUD,FLA_GAT,121Financial,TeamExclusive,Team,20251031-121Financial-Private-2,81.82072,NA,NA,6.61025,NA,NA,NA,78e623f9-aa27-4d61-8f19-ec9f4998400f,2025-10-31,22:45:20,2025-10-31T22:45:20Z,2025-10-31T22:45:20Z,NA,v3,471326,471297,NA,"Bowen, Karson",702710,Right,FLA_GAT,54.97525,-121.91061,12.2854,6.21257,-3.80943,-16.52901,-2.53032,5.27843,1.9364,NA,NA,NA,NA,NA,NA,NA,NA,NA,NA,NA,NA,NA,NA,NA,NA,NA,NA,NA,NA,NA,NA,NA,NA,NA,NA,NA,NA,NA,NA,NA,NA,NA,NA,NA,NA,NA,NA,NA,NA,NA,NA,NA,NA,NA,NA,NA,NA,NA,NA,High,High,High,NA,NA,NA,NA,NA,NA,NA,NA,NA,NA,NA,NA,NA,NA,NA,NA,NA,NA,NA,NA,NA,NA,NA,NA,NA,NA,NA,NA,NA,NA,NA,NA,NA,NA
31,2025-10-31,18:45:37,"Peterson, Liam",805794,Right,FLA_GAT,Undefined,0,1,StrikeSwinging,Slider,NA,NA,86.67577,-2.623628,-3.729531,3047.761634,69.776066,08:15:00,6.21341,2.51785,5.40064,-38.80943,-0.47114,-4.69811,0.51389,-1.37335,79.50031,-9.643028,-4.564001,0.445644,1.25209,0.91213,-2.18164,50,5.95177,8.37567,-125.39598,-7.20504,1.97845,27.15922,-30.73278,d6b3201b-912a-4447-aca5-98e614571ebd,NA,NA,NA,NA,NA,1000242117,"Grunberg, Sam",NA,NA,NA,Right,NA,NA,NA,NA,NA,NA,NA,NA,NA,NA,NA,NA,NA,NA,NA,NA,51fbba80-b6ab-11f0-84b6-01d555e46d76,3,2,JUD,1,Bottom,1,Slider,Undefined,Undefined,Undefined,0,0,NA,JUD,FLA_GAT,121Financial,TeamExclusive,Team,20251031-121Financial-Private-2,84.57977,NA,NA,7.17546,NA,NA,NA,78e623f9-aa27-4d61-8f19-ec9f4998400f,2025-10-31,22:45:37,2025-10-31T22:45:37Z,2025-10-31T22:45:37Z,NA,v3,471326,471297,NA,"Bowen, Karson",702710,Right,FLA_GAT,55.0978,-126.49528,13.57961,6.21822,-5.9611,-15.36639,-2.51904,8.29559,0.98923,NA,NA,NA,NA,NA,NA,NA,NA,NA,NA,NA,NA,NA,NA,NA,NA,NA,NA,NA,NA,NA,NA,NA,NA,NA,NA,NA,NA,NA,NA,NA,NA,NA,NA,NA,NA,NA,NA,NA,NA,NA,NA,NA,NA,NA,NA,NA,NA,NA,NA,High,High,High,NA,NA,NA,NA,NA,NA,NA,NA,NA,NA,NA,NA,NA,NA,NA,NA,NA,NA,NA,NA,NA,NA,NA,NA,NA,NA,NA,NA,NA,NA,NA,NA,NA,NA
32,2025-10-31,18:45:59,"Peterson, Liam",805794,Right,FLA_GAT,Undefined,0,2,BallCalled,Slider,NA,NA,85.99135,-1.932782,-4.098106,3007.966023,56.687007,08:00:00,6.27902,2.31622,5.55254,-42.23715,-3.80918,-7.54615,0.94796,-2.14842,79.54574,-9.561312,-5.440641,0.446165,2.69335,-1.05673,-1.95619,50,6.08337,9.23812,-124.56449,-5.76114,4.23165,25.02717,-33.83432,a33f74b5-7e6d-4375-aa88-a221df2fa222,NA,NA,NA,NA,NA,1000242117,"Grunberg, Sam",NA,NA,NA,Right,NA,NA,NA,NA,NA,NA,NA,NA,NA,NA,NA,NA,NA,NA,NA,NA,5f29c080-b6ab-11f0-84b6-01d555e46d76,3,3,JUD,1,Bottom,1,Slider,Undefined,Undefined,Undefined,0,0,NA,JUD,FLA_GAT,121Financial,TeamExclusive,Team,20251031-121Financial-Private-2,84.48098,NA,NA,6.44561,NA,NA,NA,78e623f9-aa27-4d61-8f19-ec9f4998400f,2025-10-31,22:45:59,2025-10-31T22:45:59Z,2025-10-31T22:45:59Z,NA,v3,471326,471297,NA,"Bowen, Karson",702710,Right,FLA_GAT,54.94767,-125.55463,12.51359,6.28482,-4.42258,-16.91716,-2.31836,9.07071,2.11582,NA,NA,NA,NA,NA,NA,NA,NA,NA,NA,NA,NA,NA,NA,NA,NA,NA,NA,NA,NA,NA,NA,NA,NA,NA,NA,NA,NA,NA,NA,NA,NA,NA,NA,NA,NA,NA,NA,NA,NA,NA,NA,NA,NA,NA,NA,NA,NA,NA,NA,High,High,High,NA,NA,NA,NA,NA,NA,NA,NA,NA,NA,NA,NA,NA,NA,NA,NA,NA,NA,NA,NA,NA,NA,NA,NA,NA,NA,NA,NA,NA,NA,NA,NA,NA,NA
33,2025-10-31,18:46:16,"Peterson, Liam",805794,Right,FLA_GAT,Undefined,1,2,FoulBallNotFieldable,Slider,NA,NA,85.80231,-1.093534,-2.255618,2969.308019,60.918548,08:00:00,6.29508,2.41898,5.42337,-43.56735,-4.68185,-10.66654,1.63929,-0.58371,78.71065,-8.989963,-4.154844,0.448813,4.74402,-1.73272,-2.21098,50,6.16738,5.34964,-124.46134,-3.9949,7.38469,26.75737,-34.87125,5b44e33f-e18a-4b93-8fe1-709dc2c25aba,NA,NA,NA,NA,109.461115,1000242117,"Grunberg, Sam",4767.089795,NA,67.18096,Right,65.261683,NA,NA,NA,NA,42.41775,NA,NA,3.14731,1.68545,0.70617,NA,NA,NA,NA,NA,691c4a90-b6ab-11f0-84b6-01d555e46d76,3,4,JUD,1,Bottom,1,Slider,Undefined,Undefined,Undefined,0,0,NA,JUD,FLA_GAT,121Financial,TeamExclusive,Team,20251031-121Financial-Private-2,83.98255,84.08356,NA,7.09165,NA,NA,NA,78e623f9-aa27-4d61-8f19-ec9f4998400f,2025-10-31,22:46:16,2025-10-31T22:46:16Z,2025-10-31T22:46:16Z,NA,v3,471326,471297,NA,"Bowen, Karson",702710,Right,FLA_GAT,55.07701,-125.54807,13.37868,6.30087,-2.57861,-17.43563,-2.42217,5.04971,3.69234,318.370172,3.14731,-13.73822,-1.61441,0.717,0.17502,-0.48655,0.3766,-0.14729,0.02381,1.68545,89.49004,-23.64894,2.37776,-0.7048,0.49066,-0.32612,0.12342,-0.01967,0.70617,38.87575,-11.4972,3.15722,0.17723,-1.06211,0.83928,-0.32955,0.05333,NA,NA,NA,NA,NA,NA,NA,NA,NA,NA,NA,NA,NA,NA,NA,NA,NA,NA,NA,NA,NA,NA,High,High,High,High,Undefined,NA,NA,NA,NA,NA,NA,NA,NA,NA,NA,NA,NA,NA,NA,NA,NA,NA,NA,NA,NA,NA,NA,NA,NA,NA,NA,NA,NA,NA,NA,NA,NA
34,2025-10-31,18:46:36,"Peterson, Liam",805794,Right,FLA_GAT,Undefined,1,2,BallCalled,Curveball,NA,NA,78.80991,0.706887,-0.052218,2712.76952,34.825452,07:15:00,6.55962,1.76277,5.17377,-56.66428,-10.25709,-8.17768,2.50282,1.03216,72.31291,-9.527124,-1.504871,0.490302,4.04496,-4.8174,-1.7515,50,6.58222,0.44068,-114.39615,-0.64745,5.32567,22.37125,-38.51669,d1abe3fc-99c7-483e-9ae2-32c7202417ea,NA,NA,NA,NA,NA,1000242117,"Grunberg, Sam",NA,NA,NA,Right,NA,NA,NA,NA,NA,NA,NA,NA,NA,NA,NA,NA,NA,NA,NA,NA,758cf400-b6ab-11f0-84b6-01d555e46d76,3,5,JUD,1,Bottom,1,Curveball,Undefined,Undefined,Undefined,0,0,NA,JUD,FLA_GAT,121Financial,TeamExclusive,Team,20251031-121Financial-Private-2,76.87591,NA,NA,6.49701,NA,NA,NA,78e623f9-aa27-4d61-8f19-ec9f4998400f,2025-10-31,22:46:36,2025-10-31T22:46:36Z,2025-10-31T22:46:36Z,NA,v3,471326,471297,NA,"Bowen, Karson",702710,Right,FLA_GAT,55.32666,-115.43312,11.18562,6.57086,1.13792,-19.25834,-1.7662,0.19382,2.66283,NA,NA,NA,NA,NA,NA,NA,NA,NA,NA,NA,NA,NA,NA,NA,NA,NA,NA,NA,NA,NA,NA,NA,NA,NA,NA,NA,NA,NA,NA,NA,NA,NA,NA,NA,NA,NA,NA,NA,NA,NA,NA,NA,NA,NA,NA,NA,NA,NA,NA,High,High,High,NA,NA,NA,NA,NA,NA,NA,NA,NA,NA,NA,NA,NA,NA,NA,NA,NA,NA,NA,NA,NA,NA,NA,NA,NA,NA,NA,NA,NA,NA,NA,NA,NA,NA
35,2025-10-31,18:46:54,"Peterson, Liam",805794,Right,FLA_GAT,Undefined,2,2,BallCalled,Slider,NA,NA,87.26969,-1.913937,-3.073846,2932.480867,60.343189,08:00:00,6.22095,2.41445,5.49284,-40.60943,-3.42189,-7.90733,1.04322,-1.12265,80.89433,-9.249547,-4.482153,0.438905,3.18512,-0.89835,-2.13973,50,6.02552,7.13359,-126.59014,-5.76067,5.18708,24.97265,-33.63703,6a19cd3e-072b-47c8-afa1-82c8040139b4,NA,NA,NA,NA,NA,1000242117,"Grunberg, Sam",NA,NA,NA,Right,NA,NA,NA,NA,NA,NA,NA,NA,NA,NA,NA,NA,NA,NA,NA,NA,7ffe23f0-b6ab-11f0-84b6-01d555e46d76,3,6,JUD,1,Bottom,1,Slider,Undefined,Undefined,Undefined,0,0,NA,JUD,FLA_GAT,121Financial,TeamExclusive,Team,20251031-121Financial-Private-2,85.87843,NA,NA,6.37537,NA,NA,NA,78e623f9-aa27-4d61-8f19-ec9f4998400f,2025-10-31,22:46:54,2025-10-31T22:46:54Z,2025-10-31T22:46:54Z,NA,v3,471326,471297,NA,"Bowen, Karson",702710,Right,FLA_GAT,55.00762,-127.57417,12.48633,6.2264,-4.43521,-16.81852,-2.4168,6.92919,2.59354,NA,NA,NA,NA,NA,NA,NA,NA,NA,NA,NA,NA,NA,NA,NA,NA,NA,NA,NA,NA,NA,NA,NA,NA,NA,NA,NA,NA,NA,NA,NA,NA,NA,NA,NA,NA,NA,NA,NA,NA,NA,NA,NA,NA,NA,NA,NA,NA,NA,NA,High,High,High,NA,NA,NA,NA,NA,NA,NA,NA,NA,NA,NA,NA,NA,NA,NA,NA,NA,NA,NA,NA,NA,NA,NA,NA,NA,NA,NA,NA,NA,NA,NA,NA,NA,NA
36,2025-10-31,18:47:11,"Peterson, Liam",805794,Right,FLA_GAT,Undefined,3,2,FoulBallNotFieldable,Fastball,NA,NA,83.51379,-0.561524,-1.699429,3007.842995,41.817873,07:30:00,6.15959,2.50172,5.70971,-47.43164,-6.96276,-7.37079,1.68357,0.30374,76.7783,-9.202147,-3.020432,0.457859,3.28709,-3.08862,-2.35464,50,6.08272,3.88858,-121.29375,-2.84331,4.8694,24.97283,-36.74941,cc8866f0-005d-4502-b9e7-56973b39df79,NA,NA,NA,NA,NA,1000242117,"Grunberg, Sam",NA,NA,NA,Right,NA,NA,NA,NA,NA,NA,NA,NA,NA,NA,NA,NA,NA,NA,NA,NA,8a527d10-b6ab-11f0-84b6-01d555e46d76,3,7,JUD,1,Bottom,1,Curveball,Undefined,Undefined,Undefined,0,0,NA,JUD,FLA_GAT,121Financial,TeamExclusive,Team,20251031-121Financial-Private-2,82.3232,NA,NA,6.73548,NA,NA,NA,78e623f9-aa27-4d61-8f19-ec9f4998400f,2025-10-31,22:47:11,2025-10-31T22:47:11Z,2025-10-31T22:47:11Z,NA,v3,471326,471297,NA,"Bowen, Karson",702710,Right,FLA_GAT,54.79138,-122.27625,12.48642,6.16614,-1.39748,-18.37471,-2.50386,3.697,2.4347,NA,NA,NA,NA,NA,NA,NA,NA,NA,NA,NA,NA,NA,NA,NA,NA,NA,NA,NA,NA,NA,NA,NA,NA,NA,NA,NA,NA,NA,NA,NA,NA,NA,NA,NA,NA,NA,NA,NA,NA,NA,NA,NA,NA,NA,NA,NA,NA,NA,NA,High,High,High,NA,NA,NA,NA,NA,NA,NA,NA,NA,NA,NA,NA,NA,NA,NA,NA,NA,NA,NA,NA,NA,NA,NA,NA,NA,NA,NA,NA,NA,NA,NA,NA,NA,NA
37,2025-10-31,18:47:33,"Peterson, Liam",805794,Right,FLA_GAT,Undefined,3,2,BallCalled,Fastball,NA,NA,97.32725,-3.530602,-3.604083,2430.015293,183.694674,12:00:00,6.58727,1.91398,6.21692,-7.08567,23.0021,1.4065,2.72817,-1.29905,86.605,-5.011458,-3.351121,0.39479,-2.00721,13.42446,-1.64444,50,6.31806,8.7858,-140.53387,-8.73968,-3.90613,39.83325,-6.04938,4f523b17-0183-4ad0-a92d-bdc53de9f707,NA,NA,NA,NA,NA,1000242117,"Grunberg, Sam",NA,NA,NA,Right,NA,NA,NA,NA,NA,NA,NA,NA,NA,NA,NA,NA,NA,NA,NA,NA,97334d70-b6ab-11f0-84b6-01d555e46d76,3,8,JUD,1,Bottom,1,Four-Seam,Walk,Undefined,Undefined,0,0,NA,JUD,FLA_GAT,121Financial,TeamExclusive,Team,20251031-121Financial-Private-2,95.47462,NA,NA,10.72225,NA,NA,NA,78e623f9-aa27-4d61-8f19-ec9f4998400f,2025-10-31,22:47:33,2025-10-31T22:47:33Z,2025-10-31T22:47:33Z,NA,v3,471326,471297,NA,"Bowen, Karson",702710,Right,FLA_GAT,54.27495,-141.74039,19.91663,6.58,-8.55644,-3.02469,-1.91235,8.90412,-1.95306,NA,NA,NA,NA,NA,NA,NA,NA,NA,NA,NA,NA,NA,NA,NA,NA,NA,NA,NA,NA,NA,NA,NA,NA,NA,NA,NA,NA,NA,NA,NA,NA,NA,NA,NA,NA,NA,NA,NA,NA,NA,NA,NA,NA,NA,NA,NA,NA,NA,NA,High,High,High,NA,NA,NA,NA,NA,NA,NA,NA,NA,NA,NA,NA,NA,NA,NA,NA,NA,NA,NA,NA,NA,NA,NA,NA,NA,NA,NA,NA,NA,NA,NA,NA,NA,NA
38,2025-10-31,18:48:25,"Peterson, Liam",805794,Right,FLA_GAT,Undefined,0,0,InPlay,Fastball,NA,NA,96.14228,-3.043043,-2.846942,2535.083958,202.026926,12:45:00,6.38813,2.13561,6.07868,-11.09564,19.70139,7.48119,2.64191,0.12285,85.90105,-5.240132,-1.501982,0.399416,-4.84524,11.55111,-1.91936,50,6.14671,6.57727,-139.06378,-7.66142,-9.26315,38.07864,-10.09057,4e1e1e5d-999e-4ded-8448-3a6e54d1f612,NA,NA,NA,NA,-22.278767,1000123232,"Souffrain, Manuel",3759.75264,NA,96.52808,Left,19.863671,98.09661,33.21191,-49.76997,281.50409,207.86336,3.173151,-34.252907,1.15919,2.6462,-0.13223,NA,NA,NA,NA,NA,b62905d0-b6ab-11f0-84b6-01d555e46d76,4,1,JUD,1,Bottom,1,Four-Seam,Undefined,FlyBall,Out,1,0,NA,JUD,FLA_GAT,121Financial,TeamExclusive,Team,20251031-121Financial-Private-2,94.36881,37.54486,NA,10.24123,NA,NA,NA,78e623f9-aa27-4d61-8f19-ec9f4998400f,2025-10-31,22:48:25,2025-10-31T22:48:25Z,2025-10-31T22:48:25Z,LineDrive,v3,471326,471297,NA,"Bowen, Karson",702710,Right,FLA_GAT,54.41651,-140.2679,19.03932,6.38394,-7.34234,-5.04528,-2.13198,6.87019,-4.63157,123.320433,1.15924,123.21145,-28.68499,7.14773,-1.58808,0.29086,-0.0412,0.00357,-1e-4,2.64616,48.10442,-17.50355,0.50272,0.15679,-0.06251,0.01042,-2.8e-4,-6e-5,-0.13223,-50.47761,-3.13194,2.58331,-0.95236,0.2543,-0.04938,0.00604,-3.4e-4,NA,NA,NA,NA,NA,NA,NA,NA,NA,NA,NA,NA,NA,NA,NA,NA,NA,NA,NA,NA,NA,NA,High,High,High,High,Medium,NA,NA,NA,NA,NA,NA,NA,NA,NA,NA,NA,NA,NA,NA,NA,NA,NA,NA,NA,NA,NA,NA,NA,NA,NA,NA,NA,NA,NA,NA,NA,NA
39,2025-10-31,18:49:00,"Peterson, Liam",805794,Right,FLA_GAT,Undefined,0,0,StrikeCalled,Slider,NA,NA,83.96763,-0.63259,-2.64813,2954.965092,39.539047,07:15:00,6.27546,2.34411,5.50751,-47.97113,-7.61394,-7.32315,1.68563,-0.7444,77.3033,-9.323523,-3.954038,0.457227,2.93307,-3.27654,-2.1079,50,6.18791,5.93851,-121.83451,-3.10212,4.39078,24.8409,-37.07898,74f71815-78fc-4f61-9665-43358807ce8e,NA,NA,NA,NA,NA,1000239666,"Spelman, Conner",NA,NA,NA,Right,NA,NA,NA,NA,NA,NA,NA,NA,NA,NA,NA,NA,NA,NA,NA,NA,cb08f4b0-b6ab-11f0-84b6-01d555e46d76,5,1,JUD,1,Bottom,2,Curveball,Undefined,Undefined,Undefined,0,0,NA,JUD,FLA_GAT,121Financial,TeamExclusive,Team,20251031-121Financial-Private-2,82.43701,NA,NA,6.66433,NA,NA,NA,78e623f9-aa27-4d61-8f19-ec9f4998400f,2025-10-31,22:49:00,2025-10-31T22:49:00Z,2025-10-31T22:49:00Z,NA,v3,471326,471297,NA,"Bowen, Karson",702710,Right,FLA_GAT,54.99271,-122.84825,12.42045,6.28363,-1.58894,-18.53949,-2.34659,5.75932,2.19539,NA,NA,NA,NA,NA,NA,NA,NA,NA,NA,NA,NA,NA,NA,NA,NA,NA,NA,NA,NA,NA,NA,NA,NA,NA,NA,NA,NA,NA,NA,NA,NA,NA,NA,NA,NA,NA,NA,NA,NA,NA,NA,NA,NA,NA,NA,NA,NA,NA,NA,High,High,High,NA,NA,NA,NA,NA,NA,NA,NA,NA,NA,NA,NA,NA,NA,NA,NA,NA,NA,NA,NA,NA,NA,NA,NA,NA,NA,NA,NA,NA,NA,NA,NA,NA,NA
40,2025-10-31,18:49:14,"Peterson, Liam",805794,Right,FLA_GAT,Undefined,0,1,StrikeSwinging,Fastball,NA,NA,97.61585,-3.520469,-3.773302,2570.801206,192.749567,12:30:00,6.54539,1.79405,6.0636,-4.92492,25.10293,5.40689,2.86568,-1.25253,86.93319,-4.612116,-2.803839,0.394397,-4.06799,14.39233,-1.50372,50,6.26845,9.03619,-140.92797,-8.64844,-7.98081,39.33699,-3.93848,5cec64a1-1ee2-49b8-a37b-48f033f7b805,NA,NA,NA,NA,NA,1000239666,"Spelman, Conner",NA,NA,NA,Right,NA,NA,NA,NA,NA,NA,NA,NA,NA,NA,NA,NA,NA,NA,NA,NA,d3a5d9d0-b6ab-11f0-84b6-01d555e46d76,5,2,JUD,1,Bottom,2,Four-Seam,Undefined,Undefined,Undefined,0,0,NA,JUD,FLA_GAT,121Financial,TeamExclusive,Team,20251031-121Financial-Private-2,95.56975,NA,NA,10.68266,NA,NA,NA,78e623f9-aa27-4d61-8f19-ec9f4998400f,2025-10-31,22:49:14,2025-10-31T22:49:14Z,2025-10-31T22:49:14Z,NA,v3,471326,471297,NA,"Bowen, Karson",702710,Right,FLA_GAT,54.42898,-142.15885,19.6685,6.53713,-8.5252,-1.96924,-1.79037,9.28591,-3.99041,NA,NA,NA,NA,NA,NA,NA,NA,NA,NA,NA,NA,NA,NA,NA,NA,NA,NA,NA,NA,NA,NA,NA,NA,NA,NA,NA,NA,NA,NA,NA,NA,NA,NA,NA,NA,NA,NA,NA,NA,NA,NA,NA,NA,NA,NA,NA,NA,NA,NA,High,High,High,NA,NA,NA,NA,NA,NA,NA,NA,NA,NA,NA,NA,NA,NA,NA,NA,NA,NA,NA,NA,NA,NA,NA,NA,NA,NA,NA,NA,NA,NA,NA,NA,NA,NA
41,2025-10-31,18:49:33,"Peterson, Liam",805794,Right,FLA_GAT,Undefined,0,2,StrikeCalled,Slider,NA,NA,85.86649,-1.120813,-1.834179,2863.779835,49.604829,07:45:00,6.28196,2.40379,5.45928,-43.21097,-4.64229,-6.85748,1.63127,0.11492,79.0739,-8.955475,-3.057134,0.446981,2.94205,-1.665,-2.23735,50,6.15347,4.28269,-124.63739,-4.05436,4.6185,25.52552,-34.78782,6424b262-61b0-47a1-96c3-8565fa78e6aa,NA,NA,NA,NA,NA,1000239666,"Spelman, Conner",NA,NA,NA,Right,NA,NA,NA,NA,NA,NA,NA,NA,NA,NA,NA,NA,NA,NA,NA,NA,de9a1c70-b6ab-11f0-84b6-01d555e46d76,5,3,JUD,1,Bottom,2,Slider,Strikeout,Undefined,Undefined,0,0,NA,JUD,FLA_GAT,121Financial,TeamExclusive,Team,20251031-121Financial-Private-2,84.32677,NA,NA,6.79259,NA,NA,NA,78e623f9-aa27-4d61-8f19-ec9f4998400f,2025-10-31,22:49:33,2025-10-31T22:49:33Z,2025-10-31T22:49:33Z,NA,v3,471326,471297,NA,"Bowen, Karson",702710,Right,FLA_GAT,55.04047,-125.66542,12.76276,6.28854,-2.65328,-17.39391,-2.40609,4.09668,2.30925,NA,NA,NA,NA,NA,NA,NA,NA,NA,NA,NA,NA,NA,NA,NA,NA,NA,NA,NA,NA,NA,NA,NA,NA,NA,NA,NA,NA,NA,NA,NA,NA,NA,NA,NA,NA,NA,NA,NA,NA,NA,NA,NA,NA,NA,NA,NA,NA,NA,NA,High,High,High,NA,NA,NA,NA,NA,NA,NA,NA,NA,NA,NA,NA,NA,NA,NA,NA,NA,NA,NA,NA,NA,NA,NA,NA,NA,NA,NA,NA,NA,NA,NA,NA,NA,NA
42,2025-10-31,18:51:57,"Walsh, Alex",703633,Left,JUD,Undefined,0,0,FoulBallNotFieldable,Fastball,NA,NA,89.38349,-2.271387,3.052402,2077.547186,136.207687,10:30:00,5.76594,-2.13559,6.01947,-19.47245,16.14902,-14.15985,2.03528,-0.48562,80.09256,-5.99426,0.508078,0.429563,8.37622,9.48705,1.9042,50,5.57738,-6.30914,-129.37628,-5.70759,13.87739,32.65698,-16.45627,15b82f07-50bf-4c5f-8e15-a290b645205d,NA,NA,NA,NA,NA,803734,"Yost, Hayden",NA,NA,NA,Left,NA,NA,NA,NA,NA,NA,NA,NA,NA,NA,NA,NA,NA,NA,NA,NA,34e4ded0-b6ac-11f0-84b6-01d555e46d76,1,1,FLA_GAT,2,Top,0,Sinker,Undefined,Undefined,Undefined,0,0,NA,JUD,FLA_GAT,121Financial,TeamExclusive,Team,20251031-121Financial-Private-2,87.74591,NA,NA,9.29092,NA,NA,NA,78e623f9-aa27-4d61-8f19-ec9f4998400f,2025-10-31,22:51:57,2025-10-31T22:51:57Z,2025-10-31T22:51:57Z,NA,v3,471326,471297,NA,"Spelman, Conner",1000239666,Right,JUD,54.47721,-130.50152,16.32849,5.76428,-5.14056,-8.22813,2.12983,-6.78731,6.93869,NA,NA,NA,NA,NA,NA,NA,NA,NA,NA,NA,NA,NA,NA,NA,NA,NA,NA,NA,NA,NA,NA,NA,NA,NA,NA,NA,NA,NA,NA,NA,NA,NA,NA,NA,NA,NA,NA,NA,NA,NA,NA,NA,NA,NA,NA,NA,NA,NA,NA,High,High,High,NA,NA,NA,NA,NA,NA,NA,NA,NA,NA,NA,NA,NA,NA,NA,NA,NA,NA,NA,NA,NA,NA,NA,NA,NA,NA,NA,NA,NA,NA,NA,NA,NA,NA
43,2025-10-31,18:52:19,"Walsh, Alex",703633,Left,JUD,Undefined,0,1,FoulBallNotFieldable,Slider,NA,NA,76.14858,1.734313,2.013637,2079.009699,305.710144,04:15:00,5.56182,-2.09009,5.52509,-51.08133,-1.90268,4.88146,2.9279,0.19997,69.55346,-7.610915,2.883308,0.504731,-1.87587,-1.0441,1.91156,50,5.67842,-4.06577,-110.44229,1.69575,-2.30089,20.9401,-33.4547,e8b850ec-2c38-4975-a859-9e1083de6b52,NA,NA,NA,NA,-149.187308,803734,"Yost, Hayden",4015.193404,NA,64.78087,Left,52.824911,-101.93182,57.90369,-41.35071,163.91278,58.34509,3.62921,-164.320148,1.45653,3.06487,-0.20255,NA,NA,NA,NA,NA,420a5950-b6ac-11f0-84b6-01d555e46d76,1,2,FLA_GAT,2,Top,0,Curveball,Undefined,Undefined,Undefined,0,0,NA,JUD,FLA_GAT,121Financial,TeamExclusive,Team,20251031-121Financial-Private-2,74.6783,62.2802,NA,6.59512,NA,NA,NA,78e623f9-aa27-4d61-8f19-ec9f4998400f,2025-10-31,22:52:19,2025-10-31T22:52:19Z,2025-10-31T22:52:19Z,Popup,v3,471326,471297,NA,"Spelman, Conner",1000239666,Right,JUD,54.97416,-111.38141,10.47005,5.56873,3.19612,-16.72735,2.09159,-3.96258,-1.15045,21.890038,1.45593,-49.28933,-0.88815,1.44499,-0.59403,0.2291,-0.05374,0.00634,-2.9e-4,3.06557,75.67777,-28.30791,3.10842,-0.18989,-0.22174,0.10617,-0.01992,0.00138,-0.2039,-29.3637,4.72999,0.596,-0.79928,0.46749,-0.13855,0.02027,-0.00118,NA,NA,NA,NA,NA,NA,NA,NA,NA,NA,NA,NA,NA,NA,NA,NA,NA,NA,NA,NA,NA,NA,High,High,High,High,Low,NA,NA,NA,NA,NA,NA,NA,NA,NA,NA,NA,NA,NA,NA,NA,NA,NA,NA,NA,NA,NA,NA,NA,NA,NA,NA,NA,NA,NA,NA,NA,NA
44,2025-10-31,18:52:43,"Walsh, Alex",703633,Left,JUD,Undefined,0,2,BallCalled,Fastball,NA,NA,91.21539,-0.04809,3.294087,2143.39364,163.660648,11:30:00,5.74829,-1.90624,6.45201,-16.37639,17.036740000000002,-4.6424,4.33934,0.7365,82.03497,-3.227036,2.454451,0.416035,3.46232,9.23193,1.67466,50,5.73722,-7.41449,-132.20757,-0.5224,6.03361,32.23671,-16.08602,23fa7a60-c24c-4c47-8cd0-077ef5ff256a,NA,NA,NA,NA,NA,803734,"Yost, Hayden",NA,NA,NA,Left,NA,NA,NA,NA,NA,NA,NA,NA,NA,NA,NA,NA,NA,NA,NA,NA,501a5ae0-b6ac-11f0-84b6-01d555e46d76,1,3,FLA_GAT,2,Top,0,Four-Seam,Undefined,Undefined,Undefined,0,0,NA,JUD,FLA_GAT,121Financial,TeamExclusive,Team,20251031-121Financial-Private-2,90.59918,NA,NA,9.18042,NA,NA,NA,78e623f9-aa27-4d61-8f19-ec9f4998400f,2025-10-31,22:52:43,2025-10-31T22:52:43Z,2025-10-31T22:52:43Z,NA,v3,471326,471297,NA,"Spelman, Conner",1000239666,Right,JUD,54.04169,-133.18942,16.11836,5.74568,-0.03245,-8.04301,1.90329,-7.59826,3.0168,NA,NA,NA,NA,NA,NA,NA,NA,NA,NA,NA,NA,NA,NA,NA,NA,NA,NA,NA,NA,NA,NA,NA,NA,NA,NA,NA,NA,NA,NA,NA,NA,NA,NA,NA,NA,NA,NA,NA,NA,NA,NA,NA,NA,NA,NA,NA,NA,NA,NA,High,High,High,NA,NA,NA,NA,NA,NA,NA,NA,NA,NA,NA,NA,NA,NA,NA,NA,NA,NA,NA,NA,NA,NA,NA,NA,NA,NA,NA,NA,NA,NA,NA,NA,NA,NA
45,2025-10-31,18:52:59,"Walsh, Alex",703633,Left,JUD,Undefined,1,2,BallinDirt,Slider,NA,NA,78.77233,-0.861629,3.616904,1956.718873,256.857633,02:30:00,5.64086,-2.11311,5.64107,-44.34581,2.61933,3.13244,1.13994,1.52644,70.57509,-9.030522,4.175485,0.493241,-0.24185,2.2213,1.8036,50,5.53998,-7.31827,-113.80889,-3.15357,-0.30743,26.88562,-29.3505,4b39816a-3bd4-48a3-97ba-0cbadde20020,NA,NA,NA,NA,NA,803734,"Yost, Hayden",NA,NA,NA,Left,NA,NA,NA,NA,NA,NA,NA,NA,NA,NA,NA,NA,NA,NA,NA,NA,59566630-b6ac-11f0-84b6-01d555e46d76,1,4,FLA_GAT,2,Top,0,Curveball,Undefined,Undefined,Undefined,0,0,NA,JUD,FLA_GAT,121Financial,TeamExclusive,Team,20251031-121Financial-Private-2,76.4179,NA,NA,8.19725,NA,NA,NA,78e623f9-aa27-4d61-8f19-ec9f4998400f,2025-10-31,22:52:59,2025-10-31T22:52:59Z,2025-10-31T22:52:59Z,NA,v3,471326,471297,NA,"Spelman, Conner",1000239666,Right,JUD,54.85219,-114.94943,13.44281,5.64735,-1.9084700000000001,-14.67525,2.11378,-7.30523,-0.15371,NA,NA,NA,NA,NA,NA,NA,NA,NA,NA,NA,NA,NA,NA,NA,NA,NA,NA,NA,NA,NA,NA,NA,NA,NA,NA,NA,NA,NA,NA,NA,NA,NA,NA,NA,NA,NA,NA,NA,NA,NA,NA,NA,NA,NA,NA,NA,NA,NA,NA,High,High,High,NA,NA,NA,NA,NA,NA,NA,NA,NA,NA,NA,NA,NA,NA,NA,NA,NA,NA,NA,NA,NA,NA,NA,NA,NA,NA,NA,NA,NA,NA,NA,NA,NA,NA
46,2025-10-31,18:53:14,"Walsh, Alex",703633,Left,JUD,Undefined,2,2,FoulBallNotFieldable,Fastball,NA,NA,90.90763,-0.764443,3.506184,2223.533447,145.35576,10:45:00,5.80135,-1.85193,6.31362,-17.48702,16.00225,-10.28851,3.6386,0.52432,82.59778,-4.114688,1.649849,0.416509,6.40843,8.88941,1.59988,50,5.73688,-7.66639,-131.88235,-2.2512,11.22331,29.51642,-16.60563,d16452fc-1784-440b-a35d-2cf626129c55,NA,NA,NA,NA,-148.244836,803734,"Yost, Hayden",4533.994228,NA,82.15111,Left,71.038701,NA,NA,NA,NA,28.22693,NA,NA,1.67227,3.60443,-0.31449,NA,NA,NA,NA,NA,62c1bee0-b6ac-11f0-84b6-01d555e46d76,1,5,FLA_GAT,2,Top,0,Four-Seam,Undefined,Undefined,Undefined,0,0,NA,JUD,FLA_GAT,121Financial,TeamExclusive,Team,20251031-121Financial-Private-2,90.49611,69.68486,NA,8.30985,NA,NA,NA,78e623f9-aa27-4d61-8f19-ec9f4998400f,2025-10-31,22:53:14,2025-10-31T22:53:14Z,2025-10-31T22:53:14Z,NA,v3,471326,471297,NA,"Spelman, Conner",1000239666,Right,JUD,54.18467,-132.81561,14.75821,5.79976,-1.72616,-8.30282,1.84789,-8.02126,5.61166,17.661481,1.67227,-33.28954,-7.74519,5.17752,-1.8907,0.59583,-0.17261,0.0426,-0.00627,3.60443,113.95021,-38.87312,6.59636,-1.32082,0.22003,-0.02936,0.00138,3.5e-4,-0.31449,-20.60434,10.90202,-3.93719,1.13984,-0.30561,0.07868,-0.01748,0.00239,NA,NA,NA,NA,NA,NA,NA,NA,NA,NA,NA,NA,NA,NA,NA,NA,NA,NA,NA,NA,NA,NA,High,High,High,High,Undefined,NA,NA,NA,NA,NA,NA,NA,NA,NA,NA,NA,NA,NA,NA,NA,NA,NA,NA,NA,NA,NA,NA,NA,NA,NA,NA,NA,NA,NA,NA,NA,NA
47,2025-10-31,18:53:42,"Walsh, Alex",703633,Left,JUD,Undefined,2,2,StrikeSwinging,Fastball,NA,NA,91.22736,-0.152209,2.409544,2177.451319,149.403989,11:00:00,5.71634,-1.88845,6.32741,-15.85528,17.42706,-9.63682,4.25478,-0.47133,82.58321,-3.218355,0.667777,0.41522,5.69166,9.41422,1.71667,50,5.69739,-5.16431,-132.40286,-0.76242,10.02033,30.44288,-15.60003,e06666ab-b2c0-4461-9248-eda7e9c3d7b7,NA,NA,NA,NA,NA,803734,"Yost, Hayden",NA,NA,NA,Left,NA,NA,NA,NA,NA,NA,NA,NA,NA,NA,NA,NA,NA,NA,NA,NA,736a93c0-b6ac-11f0-84b6-01d555e46d76,1,6,FLA_GAT,2,Top,0,Four-Seam,Strikeout,Undefined,Undefined,0,0,NA,JUD,FLA_GAT,121Financial,TeamExclusive,Team,20251031-121Financial-Private-2,90.77702,NA,NA,8.64415,NA,NA,NA,78e623f9-aa27-4d61-8f19-ec9f4998400f,2025-10-31,22:53:42,2025-10-31T22:53:42Z,2025-10-31T22:53:42Z,NA,v3,471326,471297,NA,"Spelman, Conner",1000239666,Right,JUD,54.16788,-133.35772,15.22144,5.71363,-0.27311,-7.80001,1.88358,-5.47861,5.01016,NA,NA,NA,NA,NA,NA,NA,NA,NA,NA,NA,NA,NA,NA,NA,NA,NA,NA,NA,NA,NA,NA,NA,NA,NA,NA,NA,NA,NA,NA,NA,NA,NA,NA,NA,NA,NA,NA,NA,NA,NA,NA,NA,NA,NA,NA,NA,NA,NA,NA,High,High,High,NA,NA,NA,NA,NA,NA,NA,NA,NA,NA,NA,NA,NA,NA,NA,NA,NA,NA,NA,NA,NA,NA,NA,NA,NA,NA,NA,NA,NA,NA,NA,NA,NA,NA
48,2025-10-31,18:54:14,"Walsh, Alex",703633,Left,JUD,Undefined,0,0,BallCalled,Fastball,NA,NA,90.42868,-0.704079,3.686443,2192.670948,154.909617,11:15:00,5.8198,-1.88631,6.2456,-16.06607,18.01135,-7.88512,3.83021,0.86129,81.84002,-3.804631,2.266487,0.42015,5.17953,9.87603,1.6154,50,5.75921,-8.1134,-131.05996,-2.03385,8.93092,29.93611,-15.14509,a66a41d7-4179-491e-b2a3-fcd563c787db,NA,NA,NA,NA,NA,803724,"McDonald, Caden",NA,NA,NA,Right,NA,NA,NA,NA,NA,NA,NA,NA,NA,NA,NA,NA,NA,NA,NA,NA,861ef010-b6ac-11f0-84b6-01d555e46d76,2,1,FLA_GAT,2,Top,1,Four-Seam,Undefined,Undefined,Undefined,0,0,NA,JUD,FLA_GAT,121Financial,TeamExclusive,Team,20251031-121Financial-Private-2,89.71177,NA,NA,8.58865,NA,NA,NA,78e623f9-aa27-4d61-8f19-ec9f4998400f,2025-10-31,22:54:14,2025-10-31T22:54:14Z,2025-10-31T22:54:14Z,NA,v3,471326,471297,NA,"Spelman, Conner",1000239666,Right,JUD,54.24997,-132.02716,14.96806,5.81701,-1.54453,-7.57254,1.88219,-8.40194,4.46546,NA,NA,NA,NA,NA,NA,NA,NA,NA,NA,NA,NA,NA,NA,NA,NA,NA,NA,NA,NA,NA,NA,NA,NA,NA,NA,NA,NA,NA,NA,NA,NA,NA,NA,NA,NA,NA,NA,NA,NA,NA,NA,NA,NA,NA,NA,NA,NA,NA,NA,High,High,High,NA,NA,NA,NA,NA,NA,NA,NA,NA,NA,NA,NA,NA,NA,NA,NA,NA,NA,NA,NA,NA,NA,NA,NA,NA,NA,NA,NA,NA,NA,NA,NA,NA,NA
49,2025-10-31,18:54:28,"Walsh, Alex",703633,Left,JUD,Undefined,1,0,StrikeSwinging,ChangeUp,NA,NA,76.33679,0.484451,2.236917,1926.994835,297.320839,04:00:00,5.58856,-2.12909,5.58653,-49.16542,0.09429,3.21914,1.94418,0.22907,69.26381,-8.537324,2.81155,0.505146,-0.89496,0.43906,1.93481,50,5.59856,-4.44399,-110.61598,-0.6445,-1.091,22.69944,-31.63881,20dc622b-1c33-47d3-b5dc-5563770c3ff9,NA,NA,NA,NA,NA,803724,"McDonald, Caden",NA,NA,NA,Right,NA,NA,NA,NA,NA,NA,NA,NA,NA,NA,NA,NA,NA,NA,NA,NA,8e8f6e00-b6ac-11f0-84b6-01d555e46d76,2,2,FLA_GAT,2,Top,1,Curveball,Undefined,Undefined,Undefined,0,0,NA,JUD,FLA_GAT,121Financial,TeamExclusive,Team,20251031-121Financial-Private-2,74.61686,NA,NA,7.07298,NA,NA,NA,78e623f9-aa27-4d61-8f19-ec9f4998400f,2025-10-31,22:54:28,2025-10-31T22:54:28Z,2025-10-31T22:54:28Z,NA,v3,471326,471297,NA,"Spelman, Conner",1000239666,Right,JUD,54.90971,-111.61895,11.34972,5.59616,0.75345,-15.8194,2.1301,-4.39578,-0.5455,NA,NA,NA,NA,NA,NA,NA,NA,NA,NA,NA,NA,NA,NA,NA,NA,NA,NA,NA,NA,NA,NA,NA,NA,NA,NA,NA,NA,NA,NA,NA,NA,NA,NA,NA,NA,NA,NA,NA,NA,NA,NA,NA,NA,NA,NA,NA,NA,NA,NA,High,High,High,NA,NA,NA,NA,NA,NA,NA,NA,NA,NA,NA,NA,NA,NA,NA,NA,NA,NA,NA,NA,NA,NA,NA,NA,NA,NA,NA,NA,NA,NA,NA,NA,NA,NA
50,2025-10-31,18:54:42,"Walsh, Alex",703633,Left,JUD,Undefined,1,1,BallCalled,Fastball,NA,NA,91.37907,-1.316021,1.2418,2263.762077,150.486967,11:00:00,5.62972,-1.98899,6.24961,-15.11139,18.24127,-9.66292,3.15627,-1.64883,82.57936,-4.244423,-0.50406,0.415658,5.3402,10.17414,1.90094,50,5.52418,-2.45834,-132.60971,-3.43151,9.40091,31.374,-14.26343,bc80987b-1526-496d-a782-822d190a3d2a,NA,NA,NA,NA,NA,803724,"McDonald, Caden",NA,NA,NA,Right,NA,NA,NA,NA,NA,NA,NA,NA,NA,NA,NA,NA,NA,NA,NA,NA,96ed7560-b6ac-11f0-84b6-01d555e46d76,2,3,FLA_GAT,2,Top,1,Four-Seam,Undefined,Undefined,Undefined,0,0,NA,JUD,FLA_GAT,121Financial,TeamExclusive,Team,20251031-121Financial-Private-2,90.68132,NA,NA,8.79971,NA,NA,NA,78e623f9-aa27-4d61-8f19-ec9f4998400f,2025-10-31,22:54:42,2025-10-31T22:54:42Z,2025-10-31T22:54:42Z,NA,v3,471326,471297,NA,"Spelman, Conner",1000239666,Right,JUD,54.24485,-133.61022,15.687,5.62636,-2.97665,-7.13172,1.98411,-2.75814,4.70045,NA,NA,NA,NA,NA,NA,NA,NA,NA,NA,NA,NA,NA,NA,NA,NA,NA,NA,NA,NA,NA,NA,NA,NA,NA,NA,NA,NA,NA,NA,NA,NA,NA,NA,NA,NA,NA,NA,NA,NA,NA,NA,NA,NA,NA,NA,NA,NA,NA,NA,High,High,High,NA,NA,NA,NA,NA,NA,NA,NA,NA,NA,NA,NA,NA,NA,NA,NA,NA,NA,NA,NA,NA,NA,NA,NA,NA,NA,NA,NA,NA,NA,NA,NA,NA,NA
51,2025-10-31,18:54:56,"Walsh, Alex",703633,Left,JUD,Undefined,2,1,BallCalled,Fastball,NA,NA,89.87751,-0.3165,1.072276,2200.815506,153.967756,11:15:00,5.77876,-2.23781,6.17199,-16.78091,17.65501,-8.05607,4.08799,-1.91869,81.46481,-3.545033,-0.381033,0.422355,4.45323,9.54489,2.16047,50,5.74608,-2.10182,-130.50321,-1.17319,7.62087,29.43566,-15.83973,1b10b536-599c-49bc-b0fc-d69a7d6baeab,NA,NA,NA,NA,NA,803724,"McDonald, Caden",NA,NA,NA,Right,NA,NA,NA,NA,NA,NA,NA,NA,NA,NA,NA,NA,NA,NA,NA,NA,9f5abf00-b6ac-11f0-84b6-01d555e46d76,2,4,FLA_GAT,2,Top,1,Four-Seam,Undefined,Undefined,Undefined,0,0,NA,JUD,FLA_GAT,121Financial,TeamExclusive,Team,20251031-121Financial-Private-2,89.24355,NA,NA,8.4127,NA,NA,NA,78e623f9-aa27-4d61-8f19-ec9f4998400f,2025-10-31,22:54:56,2025-10-31T22:54:56Z,2025-10-31T22:54:56Z,NA,v3,471326,471297,NA,"Spelman, Conner",1000239666,Right,JUD,54.32326,-131.47473,14.71783,5.77617,-0.6504,-7.91987,2.23399,-2.35334,3.81043,NA,NA,NA,NA,NA,NA,NA,NA,NA,NA,NA,NA,NA,NA,NA,NA,NA,NA,NA,NA,NA,NA,NA,NA,NA,NA,NA,NA,NA,NA,NA,NA,NA,NA,NA,NA,NA,NA,NA,NA,NA,NA,NA,NA,NA,NA,NA,NA,NA,NA,High,High,High,NA,NA,NA,NA,NA,NA,NA,NA,NA,NA,NA,NA,NA,NA,NA,NA,NA,NA,NA,NA,NA,NA,NA,NA,NA,NA,NA,NA,NA,NA,NA,NA,NA,NA
52,2025-10-31,18:55:13,"Walsh, Alex",703633,Left,JUD,Undefined,3,1,StrikeSwinging,Slider,NA,NA,74.56955,0.889304,2.549399,1933.075176,298.659231,04:00:00,5.53664,-2.14151,5.72018,-52.15782,-0.76906,4.74508,2.0194,0.63016,67.70748,-8.696805,3.397917,0.515947,-1.56803,-0.08677,1.92552,50,5.57936,-4.98647,-108.04981,0.06488,-1.82365,21.6744,-32.27495,3e989377-8317-4b81-843b-b318d79802ee,NA,NA,NA,NA,NA,803724,"McDonald, Caden",NA,NA,NA,Right,NA,NA,NA,NA,NA,NA,NA,NA,NA,NA,NA,NA,NA,NA,NA,NA,a9c84570-b6ac-11f0-84b6-01d555e46d76,2,5,FLA_GAT,2,Top,1,Curveball,Undefined,Undefined,Undefined,0,0,NA,JUD,FLA_GAT,121Financial,TeamExclusive,Team,20251031-121Financial-Private-2,73.0548,NA,NA,6.86207,NA,NA,NA,78e623f9-aa27-4d61-8f19-ec9f4998400f,2025-10-31,22:55:13,2025-10-31T22:55:13Z,2025-10-31T22:55:13Z,NA,v3,471326,471297,NA,"Spelman, Conner",1000239666,Right,JUD,54.77608,-109.00366,10.8372,5.54526,1.48524,-16.13748,2.14321,-4.90622,-0.91182,NA,NA,NA,NA,NA,NA,NA,NA,NA,NA,NA,NA,NA,NA,NA,NA,NA,NA,NA,NA,NA,NA,NA,NA,NA,NA,NA,NA,NA,NA,NA,NA,NA,NA,NA,NA,NA,NA,NA,NA,NA,NA,NA,NA,NA,NA,NA,NA,NA,NA,High,High,High,NA,NA,NA,NA,NA,NA,NA,NA,NA,NA,NA,NA,NA,NA,NA,NA,NA,NA,NA,NA,NA,NA,NA,NA,NA,NA,NA,NA,NA,NA,NA,NA,NA,NA
53,2025-10-31,18:55:28,"Walsh, Alex",703633,Left,JUD,Undefined,3,2,FoulBallNotFieldable,ChangeUp,NA,NA,76.60792,0.242426,1.968884,1943.962586,244.607287,02:15:00,5.60068,-2.19111,5.64156,-45.72896,2.73032,2.31158,2.01621,-0.1611,69.91846,-8.158095,2.381986,0.501026,-0.57685,1.76087,2.02236,50,5.5921,-3.90608,-111.13086,-0.96755,-0.71454,21.67912,-29.99283,c49b6ab8-b04e-4ff5-b02e-794ed2d936d1,NA,NA,NA,NA,167.826655,803724,"McDonald, Caden",4189.452722,NA,66.53718,Right,34.71437,-107.71519,29.67347,22.30201,166.36375,53.16896,2.473795,169.399499,2.24259,2.21493,0.1886,NA,NA,NA,NA,NA,b2621d50-b6ac-11f0-84b6-01d555e46d76,2,6,FLA_GAT,2,Top,1,Curveball,Undefined,Undefined,Undefined,0,0,NA,JUD,FLA_GAT,121Financial,TeamExclusive,Team,20251031-121Financial-Private-2,75.23055,32.51807,NA,6.68946,NA,NA,NA,78e623f9-aa27-4d61-8f19-ec9f4998400f,2025-10-31,22:55:28,2025-10-31T22:55:28Z,2025-10-31T22:55:28Z,FlyBall,v3,471326,471297,NA,"Spelman, Conner",1000239666,Right,JUD,54.85652,-112.07425,10.83956,5.6058,0.33762,-14.99642,2.19166,-3.87498,-0.35727,358.787543,2.24279,-78.42465,4.03032,0.14115,0.40053,-0.48397,0.26606,-0.06965,0.00697,2.21484,55.58128,-28.83255,3.89635,-1.2387,0.59687,-0.25144,0.06273,-0.00648,0.1885,16.92059,-1.10108,-0.39062,-0.09259,0.19103,-0.11234,0.02982,-0.00298,NA,NA,NA,NA,NA,NA,NA,NA,NA,NA,NA,NA,NA,NA,NA,NA,NA,NA,NA,NA,NA,NA,High,High,High,High,Low,NA,NA,NA,NA,NA,NA,NA,NA,NA,NA,NA,NA,NA,NA,NA,NA,NA,NA,NA,NA,NA,NA,NA,NA,NA,NA,NA,NA,NA,NA,NA,NA
54,2025-10-31,18:55:49,"Walsh, Alex",703633,Left,JUD,Undefined,3,2,StrikeCalled,Fastball,NA,NA,91.36695,-2.664489,2.385306,2098.719516,160.692367,11:15:00,5.71945,-1.93729,6.20551,-14.21024,19.51103,-6.39166,2.07203,-0.26702,82.11789,-5.434417,1.232637,0.417949,4.06803,11.31127,1.76109,50,5.51182,-5.2358,-132.31093,-6.50775,7.08229,32.94181,-12.48158,88269a46-b607-4af2-a77d-4ed2ce21da2b,NA,NA,NA,NA,NA,803724,"McDonald, Caden",NA,NA,NA,Right,NA,NA,NA,NA,NA,NA,NA,NA,NA,NA,NA,NA,NA,NA,NA,NA,bedd4e10-b6ac-11f0-84b6-01d555e46d76,2,7,FLA_GAT,2,Top,1,Four-Seam,Strikeout,Undefined,Undefined,0,0,NA,JUD,FLA_GAT,121Financial,TeamExclusive,Team,20251031-121Financial-Private-2,90.18428,NA,NA,9.24906,NA,NA,NA,78e623f9-aa27-4d61-8f19-ec9f4998400f,2025-10-31,22:55:49,2025-10-31T22:55:49Z,2025-10-31T22:55:49Z,NA,v3,471326,471297,NA,"Spelman, Conner",1000239666,Right,JUD,54.28844,-133.37435,16.47091,5.7154,-6.10482,-6.24079,1.9338,-5.46444,3.54115,NA,NA,NA,NA,NA,NA,NA,NA,NA,NA,NA,NA,NA,NA,NA,NA,NA,NA,NA,NA,NA,NA,NA,NA,NA,NA,NA,NA,NA,NA,NA,NA,NA,NA,NA,NA,NA,NA,NA,NA,NA,NA,NA,NA,NA,NA,NA,NA,NA,NA,High,High,High,NA,NA,NA,NA,NA,NA,NA,NA,NA,NA,NA,NA,NA,NA,NA,NA,NA,NA,NA,NA,NA,NA,NA,NA,NA,NA,NA,NA,NA,NA,NA,NA,NA,NA
55,2025-10-31,18:56:17,"Walsh, Alex",703633,Left,JUD,Undefined,0,0,InPlay,Slider,NA,NA,75.54058,0.938046,2.381258,1921.982836,289.134742,03:45:00,5.69489,-2.24804,5.5314,-49.752,1.53303,1.63654,2.42658,0.11553,67.35171,-8.247761,2.672901,0.515426,0.07335,0.9991,2.04004,50,5.74381,-4.60477,-109.22786,0.21796,0.08564,25.25155,-31.00756,a9e54571-e6a8-4af7-8309-5b7bbc6c21dd,NA,NA,NA,NA,-3.090151,10147779,"Strayer, Cash",NA,NA,70.63955,Left,-29.194267,NA,NA,NA,5.72618,2.52225,0.046252,-3.359797,1.52531,2.34514,-0.10933,NA,NA,NA,NA,NA,cf92cd20-b6ac-11f0-84b6-01d555e46d76,3,1,FLA_GAT,2,Top,2,Curveball,Undefined,GroundBall,Out,1,0,NA,JUD,FLA_GAT,121Financial,TeamExclusive,Team,20251031-121Financial-Private-2,73.12866,2.34514,NA,8.18887,NA,NA,NA,78e623f9-aa27-4d61-8f19-ec9f4998400f,2025-10-31,22:56:17,2025-10-31T22:56:17Z,2025-10-31T22:56:17Z,GroundBall,v3,471326,471297,NA,"Spelman, Conner",1000239666,Right,JUD,54.96285,-110.36922,12.62577,5.70228,1.61949,-15.50378,2.24826,-4.60864,0.04282,NA,1.52307,90.61348,NA,NA,NA,NA,NA,NA,NA,2.3464,-50.70399,NA,NA,NA,NA,NA,NA,NA,-0.10921,-4.89183,NA,NA,NA,NA,NA,NA,NA,NA,NA,NA,NA,NA,NA,NA,NA,NA,NA,NA,NA,NA,NA,NA,NA,NA,NA,NA,NA,NA,NA,High,High,High,Low,Low,NA,NA,NA,NA,NA,NA,NA,NA,NA,NA,NA,NA,NA,NA,NA,NA,NA,NA,NA,NA,NA,NA,NA,NA,NA,NA,NA,NA,NA,NA,NA,NA
56,2025-10-31,18:58:40,"Peterson, Liam",805794,Right,FLA_GAT,Undefined,0,0,InPlay,Fastball,NA,NA,95.14334,-3.386407,-2.544418,2413.847714,192.807333,12:30:00,6.50853,1.82932,5.9331,-10.60745,20.90852,4.47898,2.47606,-0.15957,85.34056,-5.485109,-1.741247,0.404052,-3.16303,12.22312,-1.62869,50,6.23198,5.91472,-137.62935,-8.4006,-5.94506,36.26336,-9.20007,87999029-4379-43d5-a7ec-51797b11e275,NA,NA,NA,NA,-14.423454,1000077230,"Hodges, Clayton",1018.279056,NA,70.26628,Right,14.141263,105.95793,8.44711,-29.54501,140.94878,139.10826,1.667636,-15.972155,2.44422,2.60897,0.11933,NA,NA,NA,NA,NA,24a117e0-b6ad-11f0-84b6-01d555e46d76,1,1,JUD,2,Bottom,0,Four-Seam,Undefined,GroundBall,Out,1,0,NA,JUD,FLA_GAT,121Financial,TeamExclusive,Team,20251031-121Financial-Private-2,93.28622,11.89982,NA,9.80278,NA,NA,NA,78e623f9-aa27-4d61-8f19-ec9f4998400f,2025-10-31,22:58:40,2025-10-31T22:58:40Z,2025-10-31T22:58:40Z,LineDrive,v3,471326,471297,NA,"Bowen, Karson",702710,Right,FLA_GAT,54.56312,-138.82646,18.13168,6.50429,-8.09689,-4.60003,-1.82719,6.11097,-2.97253,115.069464,2.44422,96.78421,-13.60895,2.89645,-0.64244,0.10388,-0.0186,0.00356,-3.7e-4,2.60897,25.17821,-18.01739,1.42506,-0.18816,0.02831,-3e-5,-1.3e-4,-7e-5,0.11933,-24.89221,0.05458,0.98035,-0.39694,0.1056,-0.02306,0.00357,-2.6e-4,NA,NA,NA,NA,NA,NA,NA,NA,NA,NA,NA,NA,NA,NA,NA,NA,NA,NA,NA,NA,NA,NA,High,High,High,High,High,NA,NA,NA,NA,NA,NA,NA,NA,NA,NA,NA,NA,NA,NA,NA,NA,NA,NA,NA,NA,NA,NA,NA,NA,NA,NA,NA,NA,NA,NA,NA,NA
57,2025-10-31,18:59:14,"Peterson, Liam",805794,Right,FLA_GAT,Undefined,0,0,StrikeCalled,Fastball,NA,NA,96.92677,-3.725073,-2.94202,2473.164105,181.241088,12:00:00,6.56205,1.76249,5.96869,-7.97977,22.25883,0.45803,2.434,-0.92938,87.29114,-5.33714,-2.859926,0.395778,-1.1774,12.89288,-1.52955,50,6.26167,7.18099,-140.14474,-9.26395,-2.3073,36.00719,-6.90868,872e36c3-0646-42b2-9aa9-2c7354be6101,NA,NA,NA,NA,NA,1000116548,"Mummau, Sammy",NA,NA,NA,Right,NA,NA,NA,NA,NA,NA,NA,NA,NA,NA,NA,NA,NA,NA,NA,NA,395bf290-b6ad-11f0-84b6-01d555e46d76,2,1,JUD,2,Bottom,1,Four-Seam,Undefined,Undefined,Undefined,0,0,NA,JUD,FLA_GAT,121Financial,TeamExclusive,Team,20251031-121Financial-Private-2,95.23622,NA,NA,9.63563,NA,NA,NA,78e623f9-aa27-4d61-8f19-ec9f4998400f,2025-10-31,22:59:14,2025-10-31T22:59:14Z,2025-10-31T22:59:14Z,NA,v3,471326,471297,NA,"Bowen, Karson",702710,Right,FLA_GAT,54.52586,-141.30278,18.0036,6.55604,-9.04176,-3.45434,-1.76169,7.25519,-1.15365,NA,NA,NA,NA,NA,NA,NA,NA,NA,NA,NA,NA,NA,NA,NA,NA,NA,NA,NA,NA,NA,NA,NA,NA,NA,NA,NA,NA,NA,NA,NA,NA,NA,NA,NA,NA,NA,NA,NA,NA,NA,NA,NA,NA,NA,NA,NA,NA,NA,NA,High,High,High,NA,NA,NA,NA,NA,NA,NA,NA,NA,NA,NA,NA,NA,NA,NA,NA,NA,NA,NA,NA,NA,NA,NA,NA,NA,NA,NA,NA,NA,NA,NA,NA,NA,NA
58,2025-10-31,18:59:29,"Peterson, Liam",805794,Right,FLA_GAT,Undefined,0,1,StrikeCalled,Fastball,NA,NA,96.93152,-3.72209,-2.614561,2455.933581,196.675934,12:30:00,6.53887,1.90265,5.89034,-7.11973,23.40785,6.65115,2.48113,0.02761,86.5962,-5.198677,-1.423145,0.397665,-4.27307,13.53985,-1.6956,50,6.23425,6.07954,-140.0729,-9.20258,-8.30126,38.18284,-5.8702,2f694b5f-731f-4ea3-9a59-4bd758162076,NA,NA,NA,NA,NA,1000116548,"Mummau, Sammy",NA,NA,NA,Right,NA,NA,NA,NA,NA,NA,NA,NA,NA,NA,NA,NA,NA,NA,NA,NA,42200ec0-b6ad-11f0-84b6-01d555e46d76,2,2,JUD,2,Bottom,1,Four-Seam,Undefined,Undefined,Undefined,0,0,NA,JUD,FLA_GAT,121Financial,TeamExclusive,Team,20251031-121Financial-Private-2,94.78436,NA,NA,10.33532,NA,NA,NA,78e623f9-aa27-4d61-8f19-ec9f4998400f,2025-10-31,22:59:29,2025-10-31T22:59:29Z,2025-10-31T22:59:29Z,NA,v3,471326,471297,NA,"Bowen, Karson",702710,Right,FLA_GAT,54.60353,-141.32221,19.09142,6.5322,-9.01051,-2.9351,-1.89896,6.35115,-4.15063,NA,NA,NA,NA,NA,NA,NA,NA,NA,NA,NA,NA,NA,NA,NA,NA,NA,NA,NA,NA,NA,NA,NA,NA,NA,NA,NA,NA,NA,NA,NA,NA,NA,NA,NA,NA,NA,NA,NA,NA,NA,NA,NA,NA,NA,NA,NA,NA,NA,NA,High,High,High,NA,NA,NA,NA,NA,NA,NA,NA,NA,NA,NA,NA,NA,NA,NA,NA,NA,NA,NA,NA,NA,NA,NA,NA,NA,NA,NA,NA,NA,NA,NA,NA,NA,NA
59,2025-10-31,18:59:45,"Peterson, Liam",805794,Right,FLA_GAT,Undefined,0,2,FoulBallNotFieldable,Fastball,NA,NA,97.23391,-3.344617,-1.782062,2433.245672,187.886268,12:15:00,6.4981,1.75186,5.99512,-8.78123,21.09718,2.77276,2.66195,0.33101,87.74315,-5.098479,-1.2839,0.393414,-1.99673,12.24095,-1.61306,50,6.22971,4.25651,-140.84221,-8.42075,-3.95676,36.00637,-7.9172,124767ad-3550-4b67-af69-6cf56722232f,NA,NA,NA,NA,75.316605,1000116548,"Mummau, Sammy",5682.267672,NA,79.0357,Right,79.652533,NA,NA,NA,NA,5.84326,NA,NA,2.09116,2.86695,-0.37604,NA,NA,NA,NA,NA,4b8218a0-b6ad-11f0-84b6-01d555e46d76,2,3,JUD,2,Bottom,1,Four-Seam,Undefined,Undefined,Undefined,0,0,NA,JUD,FLA_GAT,121Financial,TeamExclusive,Team,20251031-121Financial-Private-2,95.8085,35.31808,NA,9.49076,NA,NA,NA,78e623f9-aa27-4d61-8f19-ec9f4998400f,2025-10-31,22:59:45,2025-10-31T22:59:45Z,2025-10-31T22:59:45Z,NA,v3,471326,471297,NA,"Bowen, Karson",702710,Right,FLA_GAT,54.50205,-141.9885,18.00319,6.49378,-8.16871,-3.9586,-1.75057,4.38247,-1.97838,189.103762,2.09867,4.95387,-10.9749,NA,NA,NA,NA,NA,NA,2.87388,113.73716,-30.66619,NA,NA,NA,NA,NA,NA,-0.37258,19.9922,-6.33644,NA,NA,NA,NA,NA,NA,NA,NA,NA,NA,NA,NA,NA,NA,NA,NA,NA,NA,NA,NA,NA,NA,NA,NA,NA,NA,NA,NA,High,High,High,High,Undefined,NA,NA,NA,NA,NA,NA,NA,NA,NA,NA,NA,NA,NA,NA,NA,NA,NA,NA,NA,NA,NA,NA,NA,NA,NA,NA,NA,NA,NA,NA,NA,NA
60,2025-10-31,19:00:22,"Peterson, Liam",805794,Right,FLA_GAT,Undefined,0,2,StrikeCalled,Curveball,NA,NA,77.62992,1.495348,0.057175,2834.811433,29.261526,07:00:00,6.72594,1.5911,5.48657,-64.19102,-16.36107,-10.11878,2.77597,0.80136,70.51679,-10.172049,-1.7514,0.497762,5.08595,-8.1439800000000009,-1.58921,50,6.81391,0.28965,-112.61552,0.70082,6.40439,24.16012,-42.42924,8c7e20c0-2406-45f0-b7bf-5000b7c13d37,NA,NA,NA,NA,NA,1000116548,"Mummau, Sammy",NA,NA,NA,Right,NA,NA,NA,NA,NA,NA,NA,NA,NA,NA,NA,NA,NA,NA,NA,NA,61994f00-b6ad-11f0-84b6-01d555e46d76,2,4,JUD,2,Bottom,1,Curveball,Strikeout,Undefined,Undefined,0,0,NA,JUD,FLA_GAT,121Financial,TeamExclusive,Team,20251031-121Financial-Private-2,75.72388,NA,NA,7.11313,NA,NA,NA,78e623f9-aa27-4d61-8f19-ec9f4998400f,2025-10-31,23:00:22,2025-10-31T23:00:22Z,2025-10-31T23:00:22Z,NA,v3,471326,471297,NA,"Bowen, Karson",702710,Right,FLA_GAT,55.01437,-113.6862,12.08006,6.74119,2.5811,-21.21462,-1.59576,0.00583,3.20219,NA,NA,NA,NA,NA,NA,NA,NA,NA,NA,NA,NA,NA,NA,NA,NA,NA,NA,NA,NA,NA,NA,NA,NA,NA,NA,NA,NA,46.84867,3.247642,1.540659,1.706982,-1.37267,2.25884,-0.71374,-3.40019,5.41398,0.24633,68.23359,10.39008,-56.72889,-3.26769,46.99969,-3.00203,5.63638,29.3447,-15.57083,0.14348,-37.33272,2.35782,High,High,High,NA,NA,High,High,High,NA,NA,NA,NA,NA,NA,NA,NA,NA,NA,NA,NA,NA,NA,NA,NA,NA,NA,NA,NA,NA,NA,NA,NA,NA,NA,NA,NA,NA
61,2025-10-31,19:00:49,"Peterson, Liam",805794,Right,FLA_GAT,Undefined,0,0,InPlay,Fastball,NA,NA,96.55767,-4.02657,-2.776997,2510.820717,204.885151,12:45:00,6.41686,1.96224,6.11232,-9.10245,21.20493,9.31296,1.92473,0.16863,86.94578,-5.847767,-1.10157,0.396228,-5.72792,12.59831,-1.75402,50,6.10258,6.36198,-139.6695,-10.02988,-11.13667,36.07353,-7.67947,487bb6e8-0b2d-43c4-8d86-4968ca0ad4dc,NA,NA,NA,NA,30.765483,1000075153,"Edmonds, Blake",3887.91085,NA,92.6216,Left,5.628899,NA,NA,NA,87.11962,83.87049,0.707731,32.929416,2.23159,2.01306,-0.20288,NA,NA,NA,NA,NA,71a3e810-b6ad-11f0-84b6-01d555e46d76,3,1,JUD,2,Bottom,2,Four-Seam,Undefined,GroundBall,Out,1,0,NA,JUD,FLA_GAT,121Financial,TeamExclusive,Team,20251031-121Financial-Private-2,95.12807,3.8276,NA,9.61189,NA,NA,NA,78e623f9-aa27-4d61-8f19-ec9f4998400f,2025-10-31,23:00:49,2025-10-31T23:00:49Z,2025-10-31T23:00:49Z,GroundBall,v3,471326,471297,NA,"Bowen, Karson",702710,Right,FLA_GAT,54.38497,-140.79748,18.03677,6.41245,-9.78974,-3.83973,-1.95839,6.71021,-5.56834,296.58989,2.23159,116.16426,-25.04511,3.93722,-0.76323,0.11548,-0.01402,0.00202,-3.1e-4,2.01306,13.32432,-25.60566,4.5654,-1.11527,0.28683,-0.06619,0.01421,-0.00205,-0.20288,69.15298,-1.63579,-1.99841,0.72879,-0.23629,0.0626,-0.01363,0.00177,NA,NA,NA,NA,NA,NA,NA,NA,NA,NA,NA,NA,NA,NA,NA,NA,NA,NA,NA,NA,NA,NA,High,High,High,High,High,NA,NA,NA,NA,NA,NA,NA,NA,NA,NA,NA,NA,NA,NA,NA,NA,NA,NA,NA,NA,NA,NA,NA,NA,NA,NA,NA,NA,NA,NA,NA,NA
62,2025-10-31,19:03:04,"Walsh, Alex",703633,Left,JUD,Undefined,0,0,StrikeCalled,Fastball,NA,NA,90.52098,-2.066312,4.27022,2172.295329,146.060492,10:45:00,5.70607,-2.3078,6.13095,-16.61316,17.81702,-11.13965,2.4056,0.71819,81.53852,-5.265428,2.270001,0.422319,7.04071,10.18379,1.98637,50,5.53902,-9.29123,-130.9199,-5.18198,12.05039,31.21804,-14.74423,396935b2-91b5-4d2e-ac9b-64d8c16b1757,NA,NA,NA,NA,NA,1000352389,"Malzone, Aj",NA,NA,NA,Left,NA,NA,NA,NA,NA,NA,NA,NA,NA,NA,NA,NA,NA,NA,NA,NA,c25b34c0-b6ad-11f0-84b6-01d555e46d76,1,1,FLA_GAT,3,Top,0,Four-Seam,Undefined,Undefined,Undefined,0,0,NA,JUD,FLA_GAT,121Financial,TeamExclusive,Team,20251031-121Financial-Private-2,89.251,NA,NA,8.98247,NA,NA,NA,78e623f9-aa27-4d61-8f19-ec9f4998400f,2025-10-31,23:03:04,2025-10-31T23:03:04Z,2025-10-31T23:03:04Z,NA,v3,471326,471297,NA,"Spelman, Conner",1000239666,Right,JUD,54.36313,-131.95619,15.60902,5.70291,-4.69254,-7.37211,2.30143,-9.69124,6.0252,NA,NA,NA,NA,NA,NA,NA,NA,NA,NA,NA,NA,NA,NA,NA,NA,NA,NA,NA,NA,NA,NA,NA,NA,NA,NA,NA,NA,NA,NA,NA,NA,NA,NA,NA,NA,NA,NA,NA,NA,NA,NA,NA,NA,NA,NA,NA,NA,NA,NA,High,High,High,NA,NA,NA,NA,NA,NA,NA,NA,NA,NA,NA,NA,NA,NA,NA,NA,NA,NA,NA,NA,NA,NA,NA,NA,NA,NA,NA,NA,NA,NA,NA,NA,NA,NA
63,2025-10-31,19:03:21,"Walsh, Alex",703633,Left,JUD,Undefined,0,1,FoulBallNotFieldable,Slider,NA,NA,76.26223,0.784735,2.3392,1995.387227,264.004476,02:45:00,5.58148,-2.19476,5.34268,-47.47278,2.23618,4.73906,2.3622,0.39569,69.2636,-7.900368,3.180613,0.507445,-1.65201,1.30913,1.98023,50,5.61821,-4.69395,-110.49462,-0.03247,-2.01356,22.27818,-30.57837,3a0d5efd-2d83-4f57-9b5e-60aa88cce99e,NA,NA,NA,NA,44.19756,1000352389,"Malzone, Aj",3208.245366,NA,86.70787,Left,23.602297,74.15814,34.90446,81.24384,247.52343,155.27974,2.935932,54.090653,3.26787,2.79065,-0.35771,NA,NA,NA,NA,NA,cc4d97c0-b6ad-11f0-84b6-01d555e46d76,1,2,FLA_GAT,3,Top,0,Curveball,Undefined,Undefined,Undefined,0,0,NA,JUD,FLA_GAT,121Financial,TeamExclusive,Team,20251031-121Financial-Private-2,74.27889,36.37048,NA,6.99863,NA,NA,NA,78e623f9-aa27-4d61-8f19-ec9f4998400f,2025-10-31,23:03:21,2025-10-31T23:03:21Z,2025-10-31T23:03:21Z,LineDrive,v3,471326,471297,NA,"Spelman, Conner",1000239666,Right,JUD,55.15548,-111.52924,11.13909,5.58675,1.38762,-15.28918,2.19605,-4.60043,-1.00678,NA,3.26787,83.54715,-21.54514,5.61362,-1.34273,0.29739,-0.05619,0.00712,-4.1e-4,2.79066,50.91736,-21.31671,1.79807,-0.25734,0.02564,-0.00133,2.5e-4,-3e-5,-0.35771,81.2391,-6.3446,0.88308,-0.07216,-0.0055,0.00319,-5.6e-4,4e-5,NA,NA,NA,NA,NA,NA,NA,NA,NA,NA,NA,NA,NA,NA,NA,NA,NA,NA,NA,NA,NA,NA,High,High,High,Medium,Low,NA,NA,NA,NA,NA,NA,NA,NA,NA,NA,NA,NA,NA,NA,NA,NA,NA,NA,NA,NA,NA,NA,NA,NA,NA,NA,NA,NA,NA,NA,NA,NA
64,2025-10-31,19:03:52,"Walsh, Alex",703633,Left,JUD,Undefined,0,2,BallCalled,Fastball,NA,NA,90.98845,-0.117406,2.578573,2189.538278,150.208337,11:00:00,5.7283,-2.05359,6.35455,-16.96182,16.58989,-8.82477,4.20665,-0.41407,82.08935,-3.39311,0.983109,0.416897,5.36118,8.99386,1.8703,50,5.71161,-5.57381,-131.99858,-0.71925,9.34443,31.27023,-16.49799,b602e956-6f9d-4dd3-a9a2-1854da3e0dbc,NA,NA,NA,NA,NA,1000352389,"Malzone, Aj",NA,NA,NA,Left,NA,NA,NA,NA,NA,NA,NA,NA,NA,NA,NA,NA,NA,NA,NA,NA,dec05730-b6ad-11f0-84b6-01d555e46d76,1,3,FLA_GAT,3,Top,0,Four-Seam,Undefined,Undefined,Undefined,0,0,NA,JUD,FLA_GAT,121Financial,TeamExclusive,Team,20251031-121Financial-Private-2,90.41188,NA,NA,8.89911,NA,NA,NA,78e623f9-aa27-4d61-8f19-ec9f4998400f,2025-10-31,23:03:52,2025-10-31T23:03:52Z,2025-10-31T23:03:52Z,NA,v3,471326,471297,NA,"Spelman, Conner",1000239666,Right,JUD,54.14034,-132.9758,15.63512,5.72603,-0.20368,-8.24899,2.04905,-5.86583,4.67221,NA,NA,NA,NA,NA,NA,NA,NA,NA,NA,NA,NA,NA,NA,NA,NA,NA,NA,NA,NA,NA,NA,NA,NA,NA,NA,NA,NA,NA,NA,NA,NA,NA,NA,NA,NA,NA,NA,NA,NA,NA,NA,NA,NA,NA,NA,NA,NA,NA,NA,High,High,High,NA,NA,NA,NA,NA,NA,NA,NA,NA,NA,NA,NA,NA,NA,NA,NA,NA,NA,NA,NA,NA,NA,NA,NA,NA,NA,NA,NA,NA,NA,NA,NA,NA,NA
65,2025-10-31,19:04:15,"Walsh, Alex",703633,Left,JUD,Undefined,1,2,StrikeCalled,Fastball,NA,NA,91.56738,-2.468328,3.664806,2225.521576,147.907433,11:00:00,5.6568,-1.98698,6.46981,-16.28532,16.8243,-9.80583,2.02677,0.56616,82.73917,-5.612754,1.890485,0.414141,6.22607,9.8939,1.73218,50,5.47491,-8.08484,-132.60719,-6.14444,10.95113,31.585,-14.77158,62f11a19-2d1b-48c5-b411-49ac446f1eb3,NA,NA,NA,NA,NA,1000352389,"Malzone, Aj",NA,NA,NA,Left,NA,NA,NA,NA,NA,NA,NA,NA,NA,NA,NA,NA,NA,NA,NA,NA,ecba38b0-b6ad-11f0-84b6-01d555e46d76,1,4,FLA_GAT,3,Top,0,Four-Seam,Strikeout,Undefined,Undefined,0,0,NA,JUD,FLA_GAT,121Financial,TeamExclusive,Team,20251031-121Financial-Private-2,91.01347,NA,NA,8.82821,NA,NA,NA,78e623f9-aa27-4d61-8f19-ec9f4998400f,2025-10-31,23:04:15,2025-10-31T23:04:15Z,2025-10-31T23:04:15Z,NA,v3,471326,471297,NA,"Spelman, Conner",1000239666,Right,JUD,54.02512,-133.56246,15.7925,5.65399,-5.69767,-7.38579,1.98171,-8.41606,5.47557,NA,NA,NA,NA,NA,NA,NA,NA,NA,NA,NA,NA,NA,NA,NA,NA,NA,NA,NA,NA,NA,NA,NA,NA,NA,NA,NA,NA,NA,NA,NA,NA,NA,NA,NA,NA,NA,NA,NA,NA,NA,NA,NA,NA,NA,NA,NA,NA,NA,NA,High,High,High,NA,NA,NA,NA,NA,NA,NA,NA,NA,NA,NA,NA,NA,NA,NA,NA,NA,NA,NA,NA,NA,NA,NA,NA,NA,NA,NA,NA,NA,NA,NA,NA,NA,NA
66,2025-10-31,19:04:48,"Walsh, Alex",703633,Left,JUD,Undefined,0,0,BallCalled,Slider,NA,NA,76.51706,-0.101651,2.815987,1956.929558,309.074592,04:15:00,5.72903,-2.13351,5.39158,-51.03597,-1.43575,4.00461,1.38065,0.84148,69.3607,-9.409844,3.528107,0.506889,-1.0565,-0.10055,1.87909,50,5.68461,-5.60569,-110.7554,-1.89895,-1.28689,23.35772,-32.2965,3e551efb-e9f7-4b82-b3d9-a2b7391ee728,NA,NA,NA,NA,NA,703630,"Nadeau, Justin",NA,NA,NA,Left,NA,NA,NA,NA,NA,NA,NA,NA,NA,NA,NA,NA,NA,NA,NA,NA,fffa3330-b6ad-11f0-84b6-01d555e46d76,2,1,FLA_GAT,3,Top,1,Curveball,Undefined,Undefined,Undefined,0,0,NA,JUD,FLA_GAT,121Financial,TeamExclusive,Team,20251031-121Financial-Private-2,74.36029,NA,NA,7.15636,NA,NA,NA,78e623f9-aa27-4d61-8f19-ec9f4998400f,2025-10-31,23:04:48,2025-10-31T23:04:48Z,2025-10-31T23:04:48Z,NA,v3,471326,471297,NA,"Spelman, Conner",1000239666,Right,JUD,55.1041,-111.82665,11.67886,5.73774,-0.41775,-16.14825,2.13483,-5.54666,-0.64344,NA,NA,NA,NA,NA,NA,NA,NA,NA,NA,NA,NA,NA,NA,NA,NA,NA,NA,NA,NA,NA,NA,NA,NA,NA,NA,NA,NA,NA,NA,NA,NA,NA,NA,NA,NA,NA,NA,NA,NA,NA,NA,NA,NA,NA,NA,NA,NA,NA,NA,High,High,High,NA,NA,NA,NA,NA,NA,NA,NA,NA,NA,NA,NA,NA,NA,NA,NA,NA,NA,NA,NA,NA,NA,NA,NA,NA,NA,NA,NA,NA,NA,NA,NA,NA,NA
67,2025-10-31,19:05:04,"Walsh, Alex",703633,Left,JUD,Undefined,1,0,BallCalled,ChangeUp,NA,NA,75.48279,-0.620225,3.618092,1986.809972,284.589674,03:30:00,5.72216,-2.15823,5.87525,-49.11818,1.37579,2.27343,1.05177,1.39604,68.00159,-9.679701,4.025456,0.511436,0.14465,1.57047,1.86416,50,5.64444,-6.98673,-109.15539,-2.67529,0.16978,24.068,-30.33062,4a072d72-e539-4488-8f2e-8d6ccf6821f2,NA,NA,NA,NA,NA,703630,"Nadeau, Justin",NA,NA,NA,Left,NA,NA,NA,NA,NA,NA,NA,NA,NA,NA,NA,NA,NA,NA,NA,NA,098e70a0-b6ae-11f0-84b6-01d555e46d76,2,2,FLA_GAT,3,Top,1,Curveball,Undefined,Undefined,Undefined,0,0,NA,JUD,FLA_GAT,121Financial,TeamExclusive,Team,20251031-121Financial-Private-2,73.69925,NA,NA,7.4812,NA,NA,NA,78e623f9-aa27-4d61-8f19-ec9f4998400f,2025-10-31,23:05:04,2025-10-31T23:05:04Z,2025-10-31T23:05:04Z,NA,v3,471326,471297,NA,"Spelman, Conner",1000239666,Right,JUD,54.61834,-110.16899,12.034,5.73021,-1.39794,-15.16531,2.15855,-6.99388,0.08489,NA,NA,NA,NA,NA,NA,NA,NA,NA,NA,NA,NA,NA,NA,NA,NA,NA,NA,NA,NA,NA,NA,NA,NA,NA,NA,NA,NA,NA,NA,NA,NA,NA,NA,NA,NA,NA,NA,NA,NA,NA,NA,NA,NA,NA,NA,NA,NA,NA,NA,High,High,High,NA,NA,NA,NA,NA,NA,NA,NA,NA,NA,NA,NA,NA,NA,NA,NA,NA,NA,NA,NA,NA,NA,NA,NA,NA,NA,NA,NA,NA,NA,NA,NA,NA,NA
68,2025-10-31,19:05:22,"Walsh, Alex",703633,Left,JUD,Undefined,2,0,FoulBallNotFieldable,Fastball,NA,NA,90.89619,-1.509333,2.840902,2227.823771,169.316559,11:45:00,5.85759,-1.94513,6.21052,-17.53572,16.24568,-2.84374,3.00127,0.44194,82.31835,-4.865758,2.328455,0.418322,2.35024,9.22768,1.73335,50,5.73546,-6.42247,-131.80251,-3.97159,4.09084,30.76579,-16.11242,ae8fcdd2-ac39-4c6b-b47b-fc097c35b0ee,NA,NA,NA,NA,-63.407436,703630,"Nadeau, Justin",4843.589555,NA,87.20943,Left,39.558152,NA,NA,NA,NA,69.92775,NA,NA,1.02418,3.20331,-0.35118,NA,NA,NA,NA,NA,14322240-b6ae-11f0-84b6-01d555e46d76,2,3,FLA_GAT,3,Top,1,Four-Seam,Undefined,Undefined,Undefined,0,0,NA,JUD,FLA_GAT,121Financial,TeamExclusive,Team,20251031-121Financial-Private-2,90.10395,56.4391,NA,8.57784,NA,NA,NA,78e623f9-aa27-4d61-8f19-ec9f4998400f,2025-10-31,23:05:22,2025-10-31T23:05:22Z,2025-10-31T23:05:22Z,NA,v3,471326,471297,NA,"Spelman, Conner",1000239666,Right,JUD,54.28591,-132.79917,15.38289,5.85567,-3.44963,-8.05621,1.9435500000000001,-6.555,2.04542,NA,1.02418,44.14366,-17.5719,5.77175,-1.55697,0.3959,-0.09698,0.02068,-0.00273,3.20331,81.45896,-22.81804,1.20644,0.26961,-0.20401,0.07598,-0.0201,0.00293,-0.35118,-88.18143,19.41701,-6.02744,1.55332,-0.37876,0.08924,-0.01833,0.00234,NA,NA,NA,NA,NA,NA,NA,NA,NA,NA,NA,NA,NA,NA,NA,NA,NA,NA,NA,NA,NA,NA,High,High,High,Medium,Undefined,NA,NA,NA,NA,NA,NA,NA,NA,NA,NA,NA,NA,NA,NA,NA,NA,NA,NA,NA,NA,NA,NA,NA,NA,NA,NA,NA,NA,NA,NA,NA,NA
69,2025-10-31,19:05:44,"Walsh, Alex",703633,Left,JUD,Undefined,2,1,BallCalled,Fastball,NA,NA,90.07693,-0.286033,3.342262,2101.639772,156.968246,11:15:00,5.80194,-1.85337,6.4388,-16.85336,17.30528,-6.84827,4.1342,0.65072,81.30475,-3.547706,2.10386,0.420651,4.57689,9.44375,1.61845,50,5.77365,-7.34301,-130.59503,-1.07749,7.81316,30.46279,-16.05271,d6c35400-40ea-4e89-aab4-41f111659ef1,NA,NA,NA,NA,NA,703630,"Nadeau, Justin",NA,NA,NA,Left,NA,NA,NA,NA,NA,NA,NA,NA,NA,NA,NA,NA,NA,NA,NA,NA,21e2ecd0-b6ae-11f0-84b6-01d555e46d76,2,4,FLA_GAT,3,Top,1,Four-Seam,Undefined,Undefined,Undefined,0,0,NA,JUD,FLA_GAT,121Financial,TeamExclusive,Team,20251031-121Financial-Private-2,89.60507,NA,NA,8.77218,NA,NA,NA,78e623f9-aa27-4d61-8f19-ec9f4998400f,2025-10-31,23:05:44,2025-10-31T23:05:44Z,2025-10-31T23:05:44Z,NA,v3,471326,471297,NA,"Spelman, Conner",1000239666,Right,JUD,54.05545,-131.53761,15.23139,5.7993,-0.58079,-8.02636,1.8494,-7.58476,3.90658,NA,NA,NA,NA,NA,NA,NA,NA,NA,NA,NA,NA,NA,NA,NA,NA,NA,NA,NA,NA,NA,NA,NA,NA,NA,NA,NA,NA,NA,NA,NA,NA,NA,NA,NA,NA,NA,NA,NA,NA,NA,NA,NA,NA,NA,NA,NA,NA,NA,NA,High,High,High,NA,NA,NA,NA,NA,NA,NA,NA,NA,NA,NA,NA,NA,NA,NA,NA,NA,NA,NA,NA,NA,NA,NA,NA,NA,NA,NA,NA,NA,NA,NA,NA,NA,NA
70,2025-10-31,19:06:03,"Walsh, Alex",703633,Left,JUD,Undefined,3,1,FoulBallNotFieldable,Fastball,NA,NA,89.59524,-0.883887,2.543638,2103.725916,161.089626,11:15:00,5.7045,-1.91928,6.42007,-18.8371,15.60615,-4.94004,3.32136,0.00884,81.14614,-4.496654,1.649388,0.422399,3.36024,8.76937,1.73985,50,5.63272,-5.57933,-130.02723,-2.51953,5.69366,29.87993,-17.31505,e936720a-63d9-485d-9eab-2f23641b66fc,NA,NA,NA,NA,-105.654913,703630,"Nadeau, Justin",4224.523277,NA,77.9764,Left,44.556134,NA,NA,NA,NA,33.04492,NA,NA,0.79131,3.28389,-0.18134,NA,NA,NA,NA,NA,2cf5b3f0-b6ae-11f0-84b6-01d555e46d76,2,5,FLA_GAT,3,Top,1,Four-Seam,Undefined,Undefined,Undefined,0,0,NA,JUD,FLA_GAT,121Financial,TeamExclusive,Team,20251031-121Financial-Private-2,89.23411,31.36349,NA,8.4491,NA,NA,NA,78e623f9-aa27-4d61-8f19-ec9f4998400f,2025-10-31,23:06:03,2025-10-31T23:06:03Z,2025-10-31T23:06:03Z,NA,v3,471326,471297,NA,"Spelman, Conner",1000239666,Right,JUD,54.07637,-130.96061,14.93996,5.70298,-1.97865,-8.65752,1.91691,-5.75719,2.84683,NA,0.81903,-22.8672,-10.43435,NA,NA,NA,NA,NA,NA,3.3113,79.38446,-33.78363,NA,NA,NA,NA,NA,NA,-0.19459,-78.06052,15.10753,NA,NA,NA,NA,NA,NA,NA,NA,NA,NA,NA,NA,NA,NA,NA,NA,NA,NA,NA,NA,NA,NA,NA,NA,NA,NA,NA,NA,High,High,High,Medium,Undefined,NA,NA,NA,NA,NA,NA,NA,NA,NA,NA,NA,NA,NA,NA,NA,NA,NA,NA,NA,NA,NA,NA,NA,NA,NA,NA,NA,NA,NA,NA,NA,NA
71,2025-10-31,19:06:22,"Walsh, Alex",703633,Left,JUD,Undefined,3,2,BallCalled,Slider,NA,NA,78.54794,-0.253476,4.446409,1983.037908,299.781527,04:00:00,5.58053,-1.97634,5.62194,-48.56526,-1.90421,6.1924,1.29618,2.69736,71.47017,-9.116354,5.547721,0.491641,-1.66559,-0.30965,1.59265,50,5.52838,-9.07665,-113.57713,-2.1204,-2.14122,23.87615,-32.57209,39b7f968-5a90-4e04-bbc7-3d8ce941ca3e,NA,NA,NA,NA,NA,703630,"Nadeau, Justin",NA,NA,NA,Left,NA,NA,NA,NA,NA,NA,NA,NA,NA,NA,NA,NA,NA,NA,NA,NA,388cc640-b6ae-11f0-84b6-01d555e46d76,2,6,FLA_GAT,3,Top,1,Slider,Walk,Undefined,Undefined,0,0,NA,JUD,FLA_GAT,121Financial,TeamExclusive,Team,20251031-121Financial-Private-2,76.66651,NA,NA,7.07777,NA,NA,NA,78e623f9-aa27-4d61-8f19-ec9f4998400f,2025-10-31,23:06:22,2025-10-31T23:06:22Z,2025-10-31T23:06:22Z,NA,v3,471326,471297,NA,"Spelman, Conner",1000239666,Right,JUD,54.87393,-114.59714,11.93807,5.58924,-0.72888,-16.28604,1.97846,-8.98518,-1.07061,NA,NA,NA,NA,NA,NA,NA,NA,NA,NA,NA,NA,NA,NA,NA,NA,NA,NA,NA,NA,NA,NA,NA,NA,NA,NA,NA,NA,NA,NA,NA,NA,NA,NA,NA,NA,NA,NA,NA,NA,NA,NA,NA,NA,NA,NA,NA,NA,NA,NA,High,High,High,NA,NA,NA,NA,NA,NA,NA,NA,NA,NA,NA,NA,NA,NA,NA,NA,NA,NA,NA,NA,NA,NA,NA,NA,NA,NA,NA,NA,NA,NA,NA,NA,NA,NA
72,2025-10-31,19:06:55,"Walsh, Alex",703633,Left,JUD,Undefined,0,0,BallCalled,Sinker,NA,NA,89.6474,-3.3884,3.213405,2070.901539,142.320983,10:45:00,5.74717,-1.96277,6.22622,-18.99292,15.90072,-11.30694,1.02958,0.0629,81.14925,-7.003964,1.174118,0.425153,6.85524,9.67276,1.72782,50,5.4839,-6.81883,-129.75031,-8.23161,11.54038,30.31381,-15.8906,3c7a1681-3f9d-4659-a289-eef99c74456f,NA,NA,NA,NA,NA,812807,"Jones, Kyle",NA,NA,NA,Right,NA,NA,NA,NA,NA,NA,NA,NA,NA,NA,NA,NA,NA,NA,NA,NA,4c108080-b6ae-11f0-84b6-01d555e46d76,3,1,FLA_GAT,3,Top,1,Four-Seam,Undefined,Undefined,Undefined,0,0,NA,JUD,FLA_GAT,121Financial,TeamExclusive,Team,20251031-121Financial-Private-2,88.65627,NA,NA,8.49814,NA,NA,NA,78e623f9-aa27-4d61-8f19-ec9f4998400f,2025-10-31,23:06:55,2025-10-31T23:06:55Z,2025-10-31T23:06:55Z,NA,v3,471326,471297,NA,"Spelman, Conner",1000239666,Right,JUD,54.27001,-130.74412,15.15691,5.74523,-7.71065,-7.9453,1.95758,-7.19717,5.77019,NA,NA,NA,NA,NA,NA,NA,NA,NA,NA,NA,NA,NA,NA,NA,NA,NA,NA,NA,NA,NA,NA,NA,NA,NA,NA,NA,NA,NA,NA,NA,NA,NA,NA,NA,NA,NA,NA,NA,NA,NA,NA,NA,NA,NA,NA,NA,NA,NA,NA,High,High,High,NA,NA,NA,NA,NA,NA,NA,NA,NA,NA,NA,NA,NA,NA,NA,NA,NA,NA,NA,NA,NA,NA,NA,NA,NA,NA,NA,NA,NA,NA,NA,NA,NA,NA
73,2025-10-31,19:07:13,"Walsh, Alex",703633,Left,JUD,Undefined,1,0,BallinDirt,ChangeUp,NA,NA,74.57594,-0.495917,3.625116,2047.025526,292.268956,03:45:00,5.55765,-2.23173,5.79635,-49.95518,0.57488,2.38941,0.93251,1.34376,68.94215,-9.615635,4.052598,0.511619,-0.21181,0.89039,1.93189,50,5.48682,-6.93663,-108.16334,-2.44798,-0.25084,18.91979,-31.11956,bbc0cce8-91bd-4c60-9f0e-b73cccc35d7a,NA,NA,NA,NA,NA,812807,"Jones, Kyle",NA,NA,NA,Right,NA,NA,NA,NA,NA,NA,NA,NA,NA,NA,NA,NA,NA,NA,NA,NA,56cd1150-b6ae-11f0-84b6-01d555e46d76,3,2,FLA_GAT,3,Top,1,Curveball,Undefined,Undefined,Undefined,0,0,NA,JUD,FLA_GAT,121Financial,TeamExclusive,Team,20251031-121Financial-Private-2,73.67291,NA,NA,5.63379,NA,NA,NA,78e623f9-aa27-4d61-8f19-ec9f4998400f,2025-10-31,23:07:13,2025-10-31T23:07:13Z,2025-10-31T23:07:13Z,NA,v3,471326,471297,NA,"Spelman, Conner",1000239666,Right,JUD,54.70304,-108.98288,9.45989,5.56366,-1.09998,-15.55978,2.23213,-6.92576,-0.12542,NA,NA,NA,NA,NA,NA,NA,NA,NA,NA,NA,NA,NA,NA,NA,NA,NA,NA,NA,NA,NA,NA,NA,NA,NA,NA,NA,NA,NA,NA,NA,NA,NA,NA,NA,NA,NA,NA,NA,NA,NA,NA,NA,NA,NA,NA,NA,NA,NA,NA,High,High,High,NA,NA,NA,NA,NA,NA,NA,NA,NA,NA,NA,NA,NA,NA,NA,NA,NA,NA,NA,NA,NA,NA,NA,NA,NA,NA,NA,NA,NA,NA,NA,NA,NA,NA
74,2025-10-31,19:07:32,"Walsh, Alex",703633,Left,JUD,Undefined,2,0,BallCalled,Fastball,NA,NA,90.5932,-1.360466,1.861609,2162.301515,151.938079,11:00:00,5.78052,-2.03993,6.41228,-15.91898,17.84698,-8.87709,3.20224,-1.06754,81.81927,-4.447198,0.253398,0.418226,5.17032,10.05878,1.91037,50,5.67564,-3.90323,-131.45847,-3.52028,8.9354,31.09272,-14.79033,95d08357-c072-419e-8674-69f04178fcd1,NA,NA,NA,NA,NA,812807,"Jones, Kyle",NA,NA,NA,Right,NA,NA,NA,NA,NA,NA,NA,NA,NA,NA,NA,NA,NA,NA,NA,NA,623e7330-b6ae-11f0-84b6-01d555e46d76,3,3,FLA_GAT,3,Top,1,Four-Seam,Undefined,Undefined,Undefined,0,0,NA,JUD,FLA_GAT,121Financial,TeamExclusive,Team,20251031-121Financial-Private-2,90.12458,NA,NA,8.77393,NA,NA,NA,78e623f9-aa27-4d61-8f19-ec9f4998400f,2025-10-31,23:07:32,2025-10-31T23:07:32Z,2025-10-31T23:07:32Z,NA,v3,471326,471297,NA,"Spelman, Conner",1000239666,Right,JUD,54.08237,-132.42052,15.54636,5.77749,-3.06264,-7.39516,2.03542,-4.1797,4.4677,NA,NA,NA,NA,NA,NA,NA,NA,NA,NA,NA,NA,NA,NA,NA,NA,NA,NA,NA,NA,NA,NA,NA,NA,NA,NA,NA,NA,NA,NA,NA,NA,NA,NA,NA,NA,NA,NA,NA,NA,NA,NA,NA,NA,NA,NA,NA,NA,NA,NA,High,High,High,NA,NA,NA,NA,NA,NA,NA,NA,NA,NA,NA,NA,NA,NA,NA,NA,NA,NA,NA,NA,NA,NA,NA,NA,NA,NA,NA,NA,NA,NA,NA,NA,NA,NA
75,2025-10-31,19:07:52,"Walsh, Alex",703633,Left,JUD,Undefined,3,0,StrikeCalled,Fastball,NA,NA,88.14625,-1.706899,3.957949,2049.095119,145.481324,10:45:00,5.62259,-2.11544,6.59326,-20.506,14.98639,-9.44902,2.34564,0.72931,79.81541,-5.634019,2.245003,0.428784,6.13839,8.75741,1.84797,50,5.49694,-8.46445,-127.71397,-4.35238,10.03105,28.90294,-17.86311,79e88a03-3db6-4107-87d8-8cc21f73d14b,NA,NA,NA,NA,NA,812807,"Jones, Kyle",NA,NA,NA,Right,NA,NA,NA,NA,NA,NA,NA,NA,NA,NA,NA,NA,NA,NA,NA,NA,6dcde460-b6ae-11f0-84b6-01d555e46d76,3,4,FLA_GAT,3,Top,1,Four-Seam,Undefined,Undefined,Undefined,0,0,NA,JUD,FLA_GAT,121Financial,TeamExclusive,Team,20251031-121Financial-Private-2,87.90532,NA,NA,8.33083,NA,NA,NA,78e623f9-aa27-4d61-8f19-ec9f4998400f,2025-10-31,23:07:52,2025-10-31T23:07:52Z,2025-10-31T23:07:52Z,NA,v3,471326,471297,NA,"Spelman, Conner",1000239666,Right,JUD,53.90178,-128.59394,14.45147,5.62117,-3.80852,-8.93156,2.11032,-8.76986,5.01552,NA,NA,NA,NA,NA,NA,NA,NA,NA,NA,NA,NA,NA,NA,NA,NA,NA,NA,NA,NA,NA,NA,NA,NA,NA,NA,NA,NA,NA,NA,NA,NA,NA,NA,NA,NA,NA,NA,NA,NA,NA,NA,NA,NA,NA,NA,NA,NA,NA,NA,High,High,High,NA,NA,NA,NA,NA,NA,NA,NA,NA,NA,NA,NA,NA,NA,NA,NA,NA,NA,NA,NA,NA,NA,NA,NA,NA,NA,NA,NA,NA,NA,NA,NA,NA,NA
76,2025-10-31,19:08:10,"Walsh, Alex",703633,Left,JUD,Undefined,3,1,InPlay,Fastball,NA,NA,89.79492,-1.554285,2.404087,2165.529579,154.911134,11:15:00,5.61279,-2.15693,6.21498,-17.26308,17.43253,-7.57969,2.73824,-0.5687,81.04083,-4.876669,1.036789,0.423944,4.70016,9.89335,1.98047,50,5.48764,-5.1565,-130.21705,-4.0053,7.9569,30.92922,-15.42568,9f839155-5a7d-449d-b668-2305700acde3,NA,NA,NA,NA,16.028178,812807,"Jones, Kyle",2640.060807,NA,94.9198,Right,5.682687,103.6275,5.70802,36.89521,158.35077,149.21345,1.365016,21.396977,0.81362,2.69361,0.56205,NA,NA,NA,NA,NA,78cad990-b6ae-11f0-84b6-01d555e46d76,3,5,FLA_GAT,3,Top,1,Four-Seam,Undefined,LineDrive,Single,0,0,NA,JUD,FLA_GAT,121Financial,TeamExclusive,Team,20251031-121Financial-Private-2,88.90897,6.75042,NA,8.75408,NA,NA,NA,78e623f9-aa27-4d61-8f19-ec9f4998400f,2025-10-31,23:08:10,2025-10-31T23:08:10Z,2025-10-31T23:08:10Z,GroundBall,v3,471326,471297,NA,"Spelman, Conner",1000239666,Right,JUD,54.28149,-131.23005,15.46461,5.61055,-3.50007,-7.71284,2.15363,-5.41711,3.97845,233.870558,0.81362,133.14601,-24.09754,4.98474,-1.06586,0.20966,-0.03572,0.00475,-4.6e-4,2.69361,13.78503,-11.77238,0.08782,0.07601,-0.0134,-0.00185,0.00173,-1.9e-4,0.56205,38.24984,2.40966,0.43856,-0.24985,0.06679,-0.0088,-9e-5,3e-5,NA,NA,NA,NA,NA,NA,NA,NA,NA,NA,NA,NA,NA,NA,NA,NA,NA,NA,NA,NA,NA,NA,High,High,High,High,High,NA,NA,NA,NA,NA,NA,NA,NA,NA,NA,NA,NA,NA,NA,NA,NA,NA,NA,NA,NA,NA,NA,NA,NA,NA,NA,NA,NA,NA,NA,NA,NA
77,2025-10-31,19:08:51,"Walsh, Alex",703633,Left,JUD,Undefined,0,0,FoulBallNotFieldable,ChangeUp,NA,NA,77.36048,0.173639,2.341693,1934.073886,275.69076,03:15:00,5.67783,-2.22683,5.52595,-46.52089,1.25185,3.6037,1.96356,0.26385,70.61286,-8.34099,2.984066,0.497464,-1.11508,0.99559,2.02065,50,5.66175,-4.72328,-112.18157,-1.16594,-1.40662,22.20746,-30.91816,77a3230d-61cb-4acc-8b11-954f13b46075,NA,NA,NA,NA,-58.4261,804404,"Kurland, Cade",NA,NA,89.38029,Right,-6.164698,NA,NA,NA,22.22342,21.48995,0.155125,-52.286641,2.99258,2.187,-0.33004,NA,NA,NA,NA,NA,90c10920-b6ae-11f0-84b6-01d555e46d76,4,1,FLA_GAT,3,Top,1,Curveball,Undefined,Undefined,Undefined,0,0,NA,JUD,FLA_GAT,121Financial,TeamExclusive,Team,20251031-121Financial-Private-2,75.76919,2.187,NA,6.74762,NA,NA,NA,78e623f9-aa27-4d61-8f19-ec9f4998400f,2025-10-31,23:08:51,2025-10-31T23:08:51Z,2025-10-31T23:08:51Z,GroundBall,v3,471326,471297,NA,"Spelman, Conner",1000239666,Right,JUD,54.97275,-113.16169,11.10373,5.68309,0.19863,-15.45908,2.22774,-4.66119,-0.70331,180,2.99005,68.34334,NA,NA,NA,NA,NA,NA,NA,2.18752,-14.09834,NA,NA,NA,NA,NA,NA,NA,-0.32592,-111.20399,NA,NA,NA,NA,NA,NA,NA,NA,NA,NA,NA,NA,NA,NA,NA,NA,NA,NA,NA,NA,NA,NA,NA,NA,NA,NA,NA,NA,NA,High,High,High,Low,Low,NA,NA,NA,NA,NA,NA,NA,NA,NA,NA,NA,NA,NA,NA,NA,NA,NA,NA,NA,NA,NA,NA,NA,NA,NA,NA,NA,NA,NA,NA,NA,NA
78,2025-10-31,19:09:16,"Walsh, Alex",703633,Left,JUD,Undefined,0,1,InPlay,Fastball,NA,NA,90.52911,-1.377267,2.890263,2067.542945,137.220131,10:30:00,5.67519,-2.22113,6.21072,-20.3193,13.84292,-11.67528,2.70896,-0.52437,81.70401,-5.246454,0.784727,0.420673,6.9804,7.96784,2.00998,50,5.56167,-6.14379,-131.25063,-3.7623,12.00328,31.4675,-18.47279,d45be832-fb6c-4093-92be-e8d49fd3f526,NA,NA,NA,NA,10.503823,804404,"Kurland, Cade",1389.534224,NA,104.69804,Right,13.792562,107.02799,22.09354,25.39427,265.45376,265.45376,2.507383,17.235075,0.25247000000000003,2.65772,0.5335,NA,NA,NA,NA,NA,a018a5e0-b6ae-11f0-84b6-01d555e46d76,4,2,FLA_GAT,3,Top,1,Four-Seam,Undefined,LineDrive,Single,0,0,NA,JUD,FLA_GAT,121Financial,TeamExclusive,Team,20251031-121Financial-Private-2,89.60038,23.73665,NA,8.82511,NA,NA,NA,78e623f9-aa27-4d61-8f19-ec9f4998400f,2025-10-31,23:09:16,2025-10-31T23:09:16Z,2025-10-31T23:09:16Z,LineDrive,v3,471326,471297,NA,"Spelman, Conner",1000239666,Right,JUD,54.28615,-132.27425,15.73375,5.67428,-3.16139,-9.23639,2.21618,-6.53425,6.00164,233.430698,0.25252,146.62758,-29.47753,7.15178,-1.62478,0.31489,-0.04164,0.00251,1e-5,2.65762,36.61427,-16.92305,1.08452,-0.30916,0.18287,-0.07831,0.01703,-0.00142,0.53345,27.1894,3.36851,-1.23006,0.27559,-6.3e-4,-0.02392,0.00679,-6.1e-4,NA,NA,NA,NA,NA,NA,NA,NA,NA,NA,NA,NA,NA,NA,NA,NA,NA,NA,NA,NA,NA,NA,High,High,High,High,High,NA,NA,NA,NA,NA,NA,NA,NA,NA,NA,NA,NA,NA,NA,NA,NA,NA,NA,NA,NA,NA,NA,NA,NA,NA,NA,NA,NA,NA,NA,NA,NA
79,2025-10-31,19:10:22,"Walsh, Alex",703633,Left,JUD,Undefined,0,0,BallCalled,Fastball,NA,NA,89.64016,-0.176894,3.107221,2125.558364,160.596603,11:15:00,5.7625,-1.94485,6.15365,-19.4391,15.28438,-4.97075,3.9789,0.51451,81.25871,-3.880708,2.212851,0.424114,3.47807,8.28461,1.71094,50,5.73898,-6.84634,-129.98685,-0.9645,5.90711,29.11503,-18.10354,f0e83421-4468-4f57-bdc8-27612fde9615,NA,NA,NA,NA,NA,807116,"Lawson, Brendan",NA,NA,NA,Left,NA,NA,NA,NA,NA,NA,NA,NA,NA,NA,NA,NA,NA,NA,NA,NA,c7821080-b6ae-11f0-84b6-01d555e46d76,5,1,FLA_GAT,3,Top,1,Four-Seam,Undefined,Undefined,Undefined,0,0,NA,JUD,FLA_GAT,121Financial,TeamExclusive,Team,20251031-121Financial-Private-2,88.87327,NA,NA,8.38145,NA,NA,NA,78e623f9-aa27-4d61-8f19-ec9f4998400f,2025-10-31,23:10:22,2025-10-31T23:10:22Z,2025-10-31T23:10:22Z,NA,v3,471326,471297,NA,"Spelman, Conner",1000239666,Right,JUD,54.3415,-130.95567,14.55751,5.76105,-0.3621,-9.05177,1.94203,-7.0429,2.95356,NA,NA,NA,NA,NA,NA,NA,NA,NA,NA,NA,NA,NA,NA,NA,NA,NA,NA,NA,NA,NA,NA,NA,NA,NA,NA,NA,NA,NA,NA,NA,NA,NA,NA,NA,NA,NA,NA,NA,NA,NA,NA,NA,NA,NA,NA,NA,NA,NA,NA,High,High,High,NA,NA,NA,NA,NA,NA,NA,NA,NA,NA,NA,NA,NA,NA,NA,NA,NA,NA,NA,NA,NA,NA,NA,NA,NA,NA,NA,NA,NA,NA,NA,NA,NA,NA
80,2025-10-31,19:10:42,"Walsh, Alex",703633,Left,JUD,Undefined,1,0,InPlay,Fastball,NA,NA,89.8278,-1.475765,2.989782,2152.346843,136.473534,10:30:00,5.77834,-1.78407,6.26107,-19.90096,14.72883,-12.80922,2.75708,-0.09234,81.08591,-5.275552,0.677848,0.423542,7.64201,8.48485,1.56858,50,5.65914,-6.28667,-130.24487,-3.933,12.93889,31.01544,-17.80812,3a563341-0479-48db-ba05-d338476b23c3,NA,NA,NA,NA,36.600487,807116,"Lawson, Brendan",NA,NA,90.70077,Left,-18.090701,NA,NA,NA,10.64685,3.48348,0.068333,29.508506,2.31272,2.82925,0.08026,NA,NA,NA,NA,NA,d34ae130-b6ae-11f0-84b6-01d555e46d76,5,2,FLA_GAT,3,Top,1,Sinker,Undefined,GroundBall,FieldersChoice,1,1,NA,JUD,FLA_GAT,121Financial,TeamExclusive,Team,20251031-121Financial-Private-2,88.99343,2.82925,NA,8.74188,NA,NA,NA,78e623f9-aa27-4d61-8f19-ec9f4998400f,2025-10-31,23:10:42,2025-10-31T23:10:42Z,2025-10-31T23:10:42Z,GroundBall,v3,471326,471297,NA,"Spelman, Conner",1000239666,Right,JUD,54.23659,-131.24986,15.50772,5.77723,-3.35597,-8.90406,1.77907,-6.70593,6.46944,NA,2.31013,101.7523,NA,NA,NA,NA,NA,NA,NA,2.8303,-41.40382,NA,NA,NA,NA,NA,NA,NA,0.07833,75.56927,NA,NA,NA,NA,NA,NA,NA,NA,NA,NA,NA,NA,NA,NA,NA,NA,NA,NA,NA,NA,NA,NA,NA,NA,NA,NA,NA,NA,NA,High,High,High,Low,Low,NA,NA,NA,NA,NA,NA,NA,NA,NA,NA,NA,NA,NA,NA,NA,NA,NA,NA,NA,NA,NA,NA,NA,NA,NA,NA,NA,NA,NA,NA,NA,NA
81,2025-10-31,19:11:28,"Walsh, Alex",703633,Left,JUD,Undefined,0,0,StrikeSwinging,ChangeUp,NA,NA,75.41881,1.416026,1.607468,1998.91836,264.995998,02:45:00,5.60023,-2.0134,5.56919,-48.5155,2.33071,4.61638,2.88078,-0.12677,67.79051,-7.538677,2.430966,0.513217,-1.75193,1.32669,1.87188,50,5.69132,-3.24348,-109.17972,1.16126,-2.06682,23.27497,-30.60887,4961aff7-68ce-4464-9436-cfa6ab991fcf,NA,NA,NA,NA,NA,814065,"Surowiec, Ethan",NA,NA,NA,Right,NA,NA,NA,NA,NA,NA,NA,NA,NA,NA,NA,NA,NA,NA,NA,NA,eeb17f60-b6ae-11f0-84b6-01d555e46d76,6,1,FLA_GAT,3,Top,2,Curveball,Undefined,Undefined,Undefined,0,0,NA,JUD,FLA_GAT,121Financial,TeamExclusive,Team,20251031-121Financial-Private-2,73.44353,NA,NA,7.6283,NA,NA,NA,78e623f9-aa27-4d61-8f19-ec9f4998400f,2025-10-31,23:11:28,2025-10-31T23:11:28Z,2025-10-31T23:11:28Z,NA,v3,471326,471297,NA,"Spelman, Conner",1000239666,Right,JUD,54.92417,-110.22446,11.63749,5.60836,2.53519,-15.30444,2.01538,-3.15071,-1.03341,NA,NA,NA,NA,NA,NA,NA,NA,NA,NA,NA,NA,NA,NA,NA,NA,NA,NA,NA,NA,NA,NA,NA,NA,NA,NA,NA,NA,NA,NA,NA,NA,NA,NA,NA,NA,NA,NA,NA,NA,NA,NA,NA,NA,NA,NA,NA,NA,NA,NA,High,High,High,NA,NA,NA,NA,NA,NA,NA,NA,NA,NA,NA,NA,NA,NA,NA,NA,NA,NA,NA,NA,NA,NA,NA,NA,NA,NA,NA,NA,NA,NA,NA,NA,NA,NA
82,2025-10-31,19:11:47,"Walsh, Alex",703633,Left,JUD,Undefined,0,1,StrikeCalled,Fastball,NA,NA,90.56733,-2.421781,3.916842,2191.138436,150.433941,11:00:00,5.78353,-2.08635,6.45493,-15.79111,18.1745,-9.60276,2.23632,0.71723,81.61534,-5.4867610000000004,2.180818,0.41946,6.23382,10.61048,1.81269,50,5.60442,-8.57961,-131.09196,-5.9422,10.68685,31.55169,-13.98415,6bc58f77-745f-47ba-9f5a-be95a415f360,NA,NA,NA,NA,NA,814065,"Surowiec, Ethan",NA,NA,NA,Right,NA,NA,NA,NA,NA,NA,NA,NA,NA,NA,NA,NA,NA,NA,NA,NA,f9dadbc0-b6ae-11f0-84b6-01d555e46d76,6,2,FLA_GAT,3,Top,2,Four-Seam,Undefined,Undefined,Undefined,0,0,NA,JUD,FLA_GAT,121Financial,TeamExclusive,Team,20251031-121Financial-Private-2,89.85933,NA,NA,8.95199,NA,NA,NA,78e623f9-aa27-4d61-8f19-ec9f4998400f,2025-10-31,23:11:47,2025-10-31T23:11:47Z,2025-10-31T23:11:47Z,NA,v3,471326,471297,NA,"Spelman, Conner",1000239666,Right,JUD,54.03982,-132.0607,15.77585,5.78027,-5.51283,-6.99207,2.08115,-8.90773,5.34343,NA,NA,NA,NA,NA,NA,NA,NA,NA,NA,NA,NA,NA,NA,NA,NA,NA,NA,NA,NA,NA,NA,NA,NA,NA,NA,NA,NA,NA,NA,NA,NA,NA,NA,NA,NA,NA,NA,NA,NA,NA,NA,NA,NA,NA,NA,NA,NA,NA,NA,High,High,High,NA,NA,NA,NA,NA,NA,NA,NA,NA,NA,NA,NA,NA,NA,NA,NA,NA,NA,NA,NA,NA,NA,NA,NA,NA,NA,NA,NA,NA,NA,NA,NA,NA,NA
83,2025-10-31,19:12:06,"Walsh, Alex",703633,Left,JUD,Undefined,0,2,FoulBallNotFieldable,Slider,NA,NA,81.17818,-0.934954,3.000397,1868.241346,124.630438,10:15:00,5.61514,-2.0635,6.27394,-30.05746,12.9617,-16.23816,2.24725,-0.64837,72.367679999999993,-6.64698,0.067133,0.472066,9.52438,7.55689,1.84923,50,5.53167,-5.55214,-117.53765,-2.74823,12.92436,28.49904,-21.91952,43a62e83-46c3-45b2-837f-4a981a9ae6ef,NA,NA,NA,NA,55.695574,814065,"Surowiec, Ethan",4192.318248,NA,86.10147,Right,45.582687,NA,NA,NA,NA,74.66671,NA,NA,0.98473,2.29582,0.6038,NA,NA,NA,NA,NA,05188370-b6af-11f0-84b6-01d555e46d76,6,3,FLA_GAT,3,Top,2,Changeup,Undefined,Undefined,Undefined,0,0,NA,JUD,FLA_GAT,121Financial,TeamExclusive,Team,20251031-121Financial-Private-2,79.84575,66.00306,NA,8.81049,NA,NA,NA,78e623f9-aa27-4d61-8f19-ec9f4998400f,2025-10-31,23:12:06,2025-10-31T23:12:06Z,2025-10-31T23:12:06Z,NA,v3,471326,471297,NA,"Spelman, Conner",1000239666,Right,JUD,54.22084,-118.55665,14.24952,5.61593,-1.96448,-10.95976,2.05601,-6.01426,6.46218,NA,0.98474,49.8091,-19.38113,5.23767,-0.00524,-1.48536,1.12483,-0.3523,0.02698,2.29582,90.19861,-27.27953,3.26984,-0.82527,0.48482,-0.34155,0.14388,-0.02524,0.60379,73.00945,-4.85197,0.0129,-0.40841,0.85306,-0.67164,0.24877,-0.03284,NA,NA,NA,NA,NA,NA,NA,NA,NA,NA,NA,NA,NA,NA,NA,NA,NA,NA,NA,NA,NA,NA,High,High,High,Medium,Undefined,NA,NA,NA,NA,NA,NA,NA,NA,NA,NA,NA,NA,NA,NA,NA,NA,NA,NA,NA,NA,NA,NA,NA,NA,NA,NA,NA,NA,NA,NA,NA,NA
84,2025-10-31,19:12:28,"Walsh, Alex",703633,Left,JUD,Undefined,0,2,FoulBallNotFieldable,Fastball,NA,NA,90.78924,-1.361867,2.129217,2048.961548,151.296043,11:00:00,5.72683,-2.04071,6.21742,-19.88505,14.12839,-7.05607,2.81192,-0.66299,81.76185,-5.157015,0.855713,0.419756,4.35036,8.1239,1.88465,50,5.61494,-4.60008,-131.65421,-3.71657,7.50669,32.34891,-18.15605,023bdded-1c3c-428b-9031-4d6180de67cd,NA,NA,NA,NA,NA,814065,"Surowiec, Ethan",NA,NA,NA,Right,NA,NA,NA,NA,NA,NA,NA,NA,NA,NA,NA,NA,NA,NA,NA,NA,125de200-b6af-11f0-84b6-01d555e46d76,6,4,FLA_GAT,3,Top,2,Four-Seam,Undefined,Undefined,Undefined,0,0,NA,JUD,FLA_GAT,121Financial,TeamExclusive,Team,20251031-121Financial-Private-2,89.79608,NA,NA,9.02739,NA,NA,NA,78e623f9-aa27-4d61-8f19-ec9f4998400f,2025-10-31,23:12:28,2025-10-31T23:12:28Z,2025-10-31T23:12:28Z,NA,v3,471326,471297,NA,"Spelman, Conner",1000239666,Right,JUD,54.27837,-132.70129,16.17446,5.72574,-3.12888,-9.07803,2.03748,-4.84306,3.75334,NA,NA,NA,NA,NA,NA,NA,NA,NA,NA,NA,NA,NA,NA,NA,NA,NA,NA,NA,NA,NA,NA,NA,NA,NA,NA,NA,NA,NA,NA,NA,NA,NA,NA,NA,NA,NA,NA,NA,NA,NA,NA,NA,NA,NA,NA,NA,NA,NA,NA,High,High,High,NA,NA,NA,NA,NA,NA,NA,NA,NA,NA,NA,NA,NA,NA,NA,NA,NA,NA,NA,NA,NA,NA,NA,NA,NA,NA,NA,NA,NA,NA,NA,NA,NA,NA
85,2025-10-31,19:12:53,"Walsh, Alex",703633,Left,JUD,Undefined,0,2,FoulBallNotFieldable,Fastball,NA,NA,90.8464,-1.441568,2.403202,2151.967655,152.485619,11:00:00,5.74298,-1.95632,6.11031,-16.81481,16.96308,-8.24599,3.00733,-0.42004,82.55814,-4.658236,0.918681,0.4183,4.97032,9.52071,1.7761,50,5.62344,-5.18747,-131.82372,-3.79901,8.69339,29.60024,-15.5217,054b4bd0-854f-4ee1-887f-af20ab95b853,NA,NA,NA,NA,NA,814065,"Surowiec, Ethan",NA,NA,NA,Right,NA,NA,NA,NA,NA,NA,NA,NA,NA,NA,NA,NA,NA,NA,NA,NA,218a9e30-b6af-11f0-84b6-01d555e46d76,6,5,FLA_GAT,3,Top,2,Four-Seam,Undefined,Undefined,Undefined,0,0,NA,JUD,FLA_GAT,121Financial,TeamExclusive,Team,20251031-121Financial-Private-2,90.1087,NA,NA,8.28827,NA,NA,NA,78e623f9-aa27-4d61-8f19-ec9f4998400f,2025-10-31,23:12:53,2025-10-31T23:12:53Z,2025-10-31T23:12:53Z,NA,v3,471326,471297,NA,"Spelman, Conner",1000239666,Right,JUD,54.38701,-132.80515,14.80012,5.74086,-3.28437,-7.76085,1.95287,-5.47571,4.34669,NA,NA,NA,NA,NA,NA,NA,NA,NA,NA,NA,NA,NA,NA,NA,NA,NA,NA,NA,NA,NA,NA,NA,NA,NA,NA,NA,NA,NA,NA,NA,NA,NA,NA,NA,NA,NA,NA,NA,NA,NA,NA,NA,NA,NA,NA,NA,NA,NA,NA,High,High,High,NA,NA,NA,NA,NA,NA,NA,NA,NA,NA,NA,NA,NA,NA,NA,NA,NA,NA,NA,NA,NA,NA,NA,NA,NA,NA,NA,NA,NA,NA,NA,NA,NA,NA
86,2025-10-31,19:13:19,"Walsh, Alex",703633,Left,JUD,Undefined,0,2,BallCalled,ChangeUp,NA,NA,77.5719,-0.612066,0.979295,2017.13186,292.447556,03:45:00,5.64762,-2.1542,5.37999,-48.30987,-0.03657,4.45217,1.04794,-0.8651,70.17518,-9.439834,1.77272,0.500063,-1.88984,0.76185,2.06338,50,5.5593,-2.0991,-112.36284,-2.8294,-2.36501,24.3723,-31.22063,41aa82ff-80cc-438f-a2b4-cd39f2060261,NA,NA,NA,NA,NA,814065,"Surowiec, Ethan",NA,NA,NA,Right,NA,NA,NA,NA,NA,NA,NA,NA,NA,NA,NA,NA,NA,NA,NA,NA,310182c0-b6af-11f0-84b6-01d555e46d76,6,6,FLA_GAT,3,Top,2,Slider,Undefined,Undefined,Undefined,0,0,NA,JUD,FLA_GAT,121Financial,TeamExclusive,Team,20251031-121Financial-Private-2,75.37536,NA,NA,7.39672,NA,NA,NA,78e623f9-aa27-4d61-8f19-ec9f4998400f,2025-10-31,23:13:19,2025-10-31T23:13:19Z,2025-10-31T23:13:19Z,NA,v3,471326,471297,NA,"Spelman, Conner",1000239666,Right,JUD,55.11512,-113.46692,12.18615,5.65544,-1.41509,-15.61031,2.15605,-1.99197,-1.1825,NA,NA,NA,NA,NA,NA,NA,NA,NA,NA,NA,NA,NA,NA,NA,NA,NA,NA,NA,NA,NA,NA,NA,NA,NA,NA,NA,NA,NA,NA,NA,NA,NA,NA,NA,NA,NA,NA,NA,NA,NA,NA,NA,NA,NA,NA,NA,NA,NA,NA,High,High,High,NA,NA,NA,NA,NA,NA,NA,NA,NA,NA,NA,NA,NA,NA,NA,NA,NA,NA,NA,NA,NA,NA,NA,NA,NA,NA,NA,NA,NA,NA,NA,NA,NA,NA
87,2025-10-31,19:13:39,"Walsh, Alex",703633,Left,JUD,Undefined,1,2,BallCalled,Fastball,NA,NA,90.70191,-0.129709,1.80036,2062.340746,129.11569,10:15:00,5.72039,-2.05154,6.15106,-22.05856,11.4843,-12.85186,3.76228,-1.45854,83.00554,-4.282365,-0.517066,0.416842,7.10307,6.28957,1.9209,50,5.69913,-3.60309,-131.80901,-0.99534,12.51838,27.54933,-21.08936,a17fabac-d48c-4c9e-9d47-b3e91b37aada,NA,NA,NA,NA,NA,814065,"Surowiec, Ethan",NA,NA,NA,Right,NA,NA,NA,NA,NA,NA,NA,NA,NA,NA,NA,NA,NA,NA,NA,NA,3ca7b040-b6af-11f0-84b6-01d555e46d76,6,7,FLA_GAT,3,Top,2,Sinker,Undefined,Undefined,Undefined,0,0,NA,JUD,FLA_GAT,121Financial,TeamExclusive,Team,20251031-121Financial-Private-2,90.42382,NA,NA,7.69637,NA,NA,NA,78e623f9-aa27-4d61-8f19-ec9f4998400f,2025-10-31,23:13:39,2025-10-31T23:13:39Z,2025-10-31T23:13:39Z,NA,v3,471326,471297,NA,"Spelman, Conner",1000239666,Right,JUD,54.34673,-132.71441,13.77467,5.72045,-0.30224,-10.54468,2.04608,-4.01451,6.25919,NA,NA,NA,NA,NA,NA,NA,NA,NA,NA,NA,NA,NA,NA,NA,NA,NA,NA,NA,NA,NA,NA,NA,NA,NA,NA,NA,NA,NA,NA,NA,NA,NA,NA,NA,NA,NA,NA,NA,NA,NA,NA,NA,NA,NA,NA,NA,NA,NA,NA,High,High,High,NA,NA,NA,NA,NA,NA,NA,NA,NA,NA,NA,NA,NA,NA,NA,NA,NA,NA,NA,NA,NA,NA,NA,NA,NA,NA,NA,NA,NA,NA,NA,NA,NA,NA
88,2025-10-31,19:13:58,"Walsh, Alex",703633,Left,JUD,Undefined,2,2,StrikeSwinging,ChangeUp,NA,NA,75.20878,0.999324,2.338217,2031.633281,281.58506,03:30:00,5.60442,-2.04847,5.69156,-50.41664,0.47461,6.98402,2.33525,0.71389,67.80722,-8.293676,3.586217,0.513444,-2.71079,0.51689,1.84759,50,5.65773,-4.71089,-108.89735,0.32754,-3.1814,23.16167,-31.56741,9509bcdf-0e49-478e-94d2-426f88cd4068,NA,NA,NA,NA,NA,814065,"Surowiec, Ethan",NA,NA,NA,Right,NA,NA,NA,NA,NA,NA,NA,NA,NA,NA,NA,NA,NA,NA,NA,NA,47fd9ae0-b6af-11f0-84b6-01d555e46d76,6,8,FLA_GAT,3,Top,2,Curveball,Strikeout,Undefined,Undefined,0,0,NA,JUD,FLA_GAT,121Financial,TeamExclusive,Team,20251031-121Financial-Private-2,73.41102,NA,NA,7.40156,NA,NA,NA,78e623f9-aa27-4d61-8f19-ec9f4998400f,2025-10-31,23:13:58,2025-10-31T23:13:58Z,2025-10-31T23:13:58Z,NA,v3,471326,471297,NA,"Spelman, Conner",1000239666,Right,JUD,54.80315,-109.91419,11.58083,5.61293,1.71341,-15.7837,2.05134,-4.57121,-1.5907,NA,NA,NA,NA,NA,NA,NA,NA,NA,NA,NA,NA,NA,NA,NA,NA,NA,NA,NA,NA,NA,NA,NA,NA,NA,NA,NA,NA,NA,NA,NA,NA,NA,NA,NA,NA,NA,NA,NA,NA,NA,NA,NA,NA,NA,NA,NA,NA,NA,NA,High,High,High,NA,NA,NA,NA,NA,NA,NA,NA,NA,NA,NA,NA,NA,NA,NA,NA,NA,NA,NA,NA,NA,NA,NA,NA,NA,NA,NA,NA,NA,NA,NA,NA,NA,NA
89,2025-10-31,19:16:34,"King, Aidan",827404,Right,FLA_GAT,Undefined,0,0,StrikeCalled,Fastball,NA,NA,93.79489,-2.104195,-2.543677,2090.707623,223.921099,01:30:00,5.46866,1.53263,6.212,-15.1104,16.75808,15.0182,2.26474,0.43508,84.49017,-5.024848,0.165864,0.406305,-8.53245,9.668,-1.34878,50,5.30304,5.37682,-135.93973,-5.40983,-15.72689,33.97013,-14.35412,cb5e0233-aed4-4798-b77a-103e30974e42,NA,NA,NA,NA,NA,701385,"Bermudez, Derek",NA,NA,NA,Right,NA,NA,NA,NA,NA,NA,NA,NA,NA,NA,NA,NA,NA,NA,NA,NA,a52f06e0-b6af-11f0-84b6-01d555e46d76,1,1,JUD,3,Bottom,0,Sinker,Undefined,Undefined,Undefined,0,0,NA,JUD,FLA_GAT,121Financial,TeamExclusive,Team,20251031-121Financial-Private-2,92.76886,NA,NA,9.30473,NA,NA,NA,78e623f9-aa27-4d61-8f19-ec9f4998400f,2025-10-31,23:16:34,2025-10-31T23:16:34Z,2025-10-31T23:16:34Z,NA,v3,471326,471297,NA,"Bowen, Karson",702710,Right,FLA_GAT,54.28348,-137.00595,16.98507,5.46577,-4.9593,-7.17706,-1.52529,5.87044,-7.86345,NA,NA,NA,NA,NA,NA,NA,NA,NA,NA,NA,NA,NA,NA,NA,NA,NA,NA,NA,NA,NA,NA,NA,NA,NA,NA,NA,NA,NA,NA,NA,NA,NA,NA,NA,NA,NA,NA,NA,NA,NA,NA,NA,NA,NA,NA,NA,NA,NA,NA,High,High,High,NA,NA,NA,NA,NA,NA,NA,NA,NA,NA,NA,NA,NA,NA,NA,NA,NA,NA,NA,NA,NA,NA,NA,NA,NA,NA,NA,NA,NA,NA,NA,NA,NA,NA
90,2025-10-31,19:16:46,"King, Aidan",827404,Right,FLA_GAT,Undefined,0,1,BallCalled,Fastball,NA,NA,94.17378,-3.456742,-2.660189,2140.838019,209.579395,01:00:00,5.45261,1.46831,6.25765,-11.67142,19.77103,10.59634,1.28525,-0.10336,85.36074,-5.740721,-0.747764,0.40358,-6.27122,11.60548,-1.27573,50,5.18969,5.8776,-136.40959,-8.51798,-11.71481,32.41255,-10.49468,2c5948fc-26e7-4c5d-8a40-6391eb162b05,NA,NA,NA,NA,NA,701385,"Bermudez, Derek",NA,NA,NA,Right,NA,NA,NA,NA,NA,NA,NA,NA,NA,NA,NA,NA,NA,NA,NA,NA,ac58d400-b6af-11f0-84b6-01d555e46d76,1,2,JUD,3,Bottom,0,Four-Seam,Undefined,Undefined,Undefined,0,0,NA,JUD,FLA_GAT,121Financial,TeamExclusive,Team,20251031-121Financial-Private-2,93.39518,NA,NA,8.81303,NA,NA,NA,78e623f9-aa27-4d61-8f19-ec9f4998400f,2025-10-31,23:16:46,2025-10-31T23:16:46Z,2025-10-31T23:16:46Z,NA,v3,471326,471297,NA,"Bowen, Karson",702710,Right,FLA_GAT,54.23864,-137.41305,16.20628,5.44837,-8.19308,-5.24734,-1.4633,6.24028,-5.85741,NA,NA,NA,NA,NA,NA,NA,NA,NA,NA,NA,NA,NA,NA,NA,NA,NA,NA,NA,NA,NA,NA,NA,NA,NA,NA,NA,NA,NA,NA,NA,NA,NA,NA,NA,NA,NA,NA,NA,NA,NA,NA,NA,NA,NA,NA,NA,NA,NA,NA,High,High,High,NA,NA,NA,NA,NA,NA,NA,NA,NA,NA,NA,NA,NA,NA,NA,NA,NA,NA,NA,NA,NA,NA,NA,NA,NA,NA,NA,NA,NA,NA,NA,NA,NA,NA
91,2025-10-31,19:17:01,"King, Aidan",827404,Right,FLA_GAT,Undefined,1,1,InPlay,Fastball,NA,NA,93.72517,-2.879975,-2.848457,2160.516604,217.722588,01:15:00,5.56653,1.45656,6.08125,-12.92099,19.06659,13.86946,1.81977,-0.02513,84.7753,-5.390745,-0.353684,0.407063,-8.03465,11.05316,-1.24367,50,5.33682,6.15187,-135.77709,-7.17556,-14.83791,32.7083,-11.76183,bdd54dae-ac6e-4da0-a1c8-867ad0a38c10,NA,NA,NA,NA,-10.609811,701385,"Bermudez, Derek",NA,NA,70.01771,Right,-38.79249,NA,NA,NA,3.68025,3.68025,0.028233,-6.116652,1.43226,1.82124,0.02503,NA,NA,NA,NA,NA,b4df23e0-b6af-11f0-84b6-01d555e46d76,1,3,JUD,3,Bottom,0,Four-Seam,Undefined,GroundBall,Out,1,0,NA,JUD,FLA_GAT,121Financial,TeamExclusive,Team,20251031-121Financial-Private-2,92.59598,1.82124,NA,8.94987,NA,NA,NA,78e623f9-aa27-4d61-8f19-ec9f4998400f,2025-10-31,23:17:01,2025-10-31T23:17:01Z,2025-10-31T23:17:01Z,GroundBall,v3,471326,471297,NA,"Malzone, Aj",1000352389,Right,FLA_GAT,54.41616,-136.8368,16.35415,5.56313,-6.79449,-5.88091,-1.45077,6.6326,-7.41895,NA,1.4313,78.88216,NA,NA,NA,NA,NA,NA,NA,1.82202,-64.50872,NA,NA,NA,NA,NA,NA,NA,0.02521,-14.77638,NA,NA,NA,NA,NA,NA,NA,NA,NA,NA,NA,NA,NA,NA,NA,NA,NA,NA,NA,NA,NA,NA,NA,NA,NA,NA,NA,NA,NA,High,High,High,Estimated,Estimated,NA,NA,NA,NA,NA,NA,NA,NA,NA,NA,NA,NA,NA,NA,NA,NA,NA,NA,NA,NA,NA,NA,NA,NA,NA,NA,NA,NA,NA,NA,NA,NA
92,2025-10-31,19:17:33,"King, Aidan",827404,Right,FLA_GAT,Undefined,0,0,BallCalled,Slider,NA,NA,83.4281,-0.998941,-2.858129,2496.330986,69.371011,08:15:00,5.56785,1.95335,5.81466,-41.88514,-1.42969,-7.19563,1.14734,-1.30604,76.66678,-8.658571,-4.147181,0.457783,2.84421,-0.04406,-1.71486,50,5.46118,6.32839,-121.03682,-3.53977,4.20027,24.61873,-32.23911,4b099074-4eec-42d7-a0d1-10d8c1ce0f2d,NA,NA,NA,NA,NA,10075720,"Hentz, Cade",NA,NA,NA,Right,NA,NA,NA,NA,NA,NA,NA,NA,NA,NA,NA,NA,NA,NA,NA,NA,c8414c60-b6af-11f0-84b6-01d555e46d76,2,1,JUD,3,Bottom,1,Slider,Undefined,Undefined,Undefined,0,0,NA,JUD,FLA_GAT,121Financial,TeamExclusive,Team,20251031-121Financial-Private-2,82.33684,NA,NA,6.76132,NA,NA,NA,78e623f9-aa27-4d61-8f19-ec9f4998400f,2025-10-31,23:17:33,2025-10-31T23:17:33Z,2025-10-31T23:17:33Z,NA,v3,471326,471297,NA,"Malzone, Aj",1000352389,Right,FLA_GAT,54.68418,-121.98585,12.30936,5.57368,-2.29697,-16.11955,-1.95569,6.16647,2.10013,NA,NA,NA,NA,NA,NA,NA,NA,NA,NA,NA,NA,NA,NA,NA,NA,NA,NA,NA,NA,NA,NA,NA,NA,NA,NA,NA,NA,NA,NA,NA,NA,NA,NA,NA,NA,NA,NA,NA,NA,NA,NA,NA,NA,NA,NA,NA,NA,NA,NA,High,High,High,NA,NA,NA,NA,NA,NA,NA,NA,NA,NA,NA,NA,NA,NA,NA,NA,NA,NA,NA,NA,NA,NA,NA,NA,NA,NA,NA,NA,NA,NA,NA,NA,NA,NA
93,2025-10-31,19:17:48,"King, Aidan",827404,Right,FLA_GAT,Undefined,1,0,StrikeSwinging,Fastball,NA,NA,93.1383,-1.067107,-2.107377,2112.880761,221.034518,01:15:00,5.58081,1.71002,6.1503,-15.1069,17.30265,14.02245,3.33516,0.93054,83.68505,-3.996141,0.42012,0.40974,-7.89433,9.6128,-1.55656,50,5.49181,4.35349,-135.05655,-2.92515,-14.33103,34.11697,-14.72339,3284642a-b30f-4f37-a206-3aac84fd1f9a,NA,NA,NA,NA,NA,10075720,"Hentz, Cade",NA,NA,NA,Right,NA,NA,NA,NA,NA,NA,NA,NA,NA,NA,NA,NA,NA,NA,NA,NA,d0d83e10-b6af-11f0-84b6-01d555e46d76,2,2,JUD,3,Bottom,1,Four-Seam,Undefined,Undefined,Undefined,0,0,NA,JUD,FLA_GAT,121Financial,TeamExclusive,Team,20251031-121Financial-Private-2,91.99122,NA,NA,9.45325,NA,NA,NA,78e623f9-aa27-4d61-8f19-ec9f4998400f,2025-10-31,23:17:48,2025-10-31T23:17:48Z,2025-10-31T23:17:48Z,NA,v3,471326,471297,NA,"Malzone, Aj",1000352389,Right,FLA_GAT,54.3451,-136.14975,17.05848,5.57798,-2.45337,-7.3617,-1.70342,4.81269,-7.16552,NA,NA,NA,NA,NA,NA,NA,NA,NA,NA,NA,NA,NA,NA,NA,NA,NA,NA,NA,NA,NA,NA,NA,NA,NA,NA,NA,NA,NA,NA,NA,NA,NA,NA,NA,NA,NA,NA,NA,NA,NA,NA,NA,NA,NA,NA,NA,NA,NA,NA,High,High,High,NA,NA,NA,NA,NA,NA,NA,NA,NA,NA,NA,NA,NA,NA,NA,NA,NA,NA,NA,NA,NA,NA,NA,NA,NA,NA,NA,NA,NA,NA,NA,NA,NA,NA
94,2025-10-31,19:18:05,"King, Aidan",827404,Right,FLA_GAT,Undefined,1,1,FoulBallNotFieldable,Splitter,NA,NA,82.70995,-0.161166,-1.841962,2516.536221,75.417329,08:30:00,5.47203,1.8185500000000001,5.80678,-42.44577,-1.42118,-10.35792,1.78493,-0.75814,76.02812,-7.939545,-3.698839,0.460992,4.77599,-0.30563,-1.66117,50,5.43348,4.26904,-120.13204,-1.77009,6.96013,23.87338,-32.61944,158e942c-c492-47ae-ae39-e7da82016d9f,NA,NA,NA,NA,70.591707,10075720,"Hentz, Cade",4994.461653,NA,64.33394,Right,29.963752,29.68372,32.61022,105.91911,166.64978,78.15971,2.952672,76.466519,0.49752999999999997,1.73631,0.26118,NA,NA,NA,NA,NA,db23e4a0-b6af-11f0-84b6-01d555e46d76,2,3,JUD,3,Bottom,1,Slider,Undefined,Undefined,Undefined,0,0,NA,JUD,FLA_GAT,121Financial,TeamExclusive,Team,20251031-121Financial-Private-2,81.76374,34.25318,NA,6.68183,NA,NA,NA,78e623f9-aa27-4d61-8f19-ec9f4998400f,2025-10-31,23:18:05,2025-10-31T23:18:05Z,2025-10-31T23:18:05Z,FlyBall,v3,471326,471297,NA,"Malzone, Aj",1000352389,Right,FLA_GAT,54.69285,-121.06104,11.93669,5.47766,-0.50074,-16.30972,-1.82203,3.9982,3.48007,NA,0.49756,27.16253,-8.97308,2.34733,-0.47287,0.07001,-0.00409,-0.00105,1.9e-4,1.73622,47.13014,-18.06104,0.74699,-0.05005,0.0404,-0.0295,0.00842,-8.4e-4,0.26121,77.09808,-14.53403,3.978,-0.84526,0.13994,-0.01369,-4.2e-4,2e-4,NA,NA,NA,NA,NA,NA,NA,NA,NA,NA,NA,NA,NA,NA,NA,NA,NA,NA,NA,NA,NA,NA,High,High,High,Medium,Low,NA,NA,NA,NA,NA,NA,NA,NA,NA,NA,NA,NA,NA,NA,NA,NA,NA,NA,NA,NA,NA,NA,NA,NA,NA,NA,NA,NA,NA,NA,NA,NA
95,2025-10-31,19:18:25,"King, Aidan",827404,Right,FLA_GAT,Undefined,1,2,StrikeCalled,Fastball,NA,NA,93.85461,-1.853061,-3.615449,2125.801941,217.893187,01:15:00,5.56984,1.73457,5.83492,-17.31131,15.29517,10.91304,2.40083,-0.72092,83.85919,-5.165308,-1.663971,0.410982,-6.7802,8.79052,-1.44574,50,5.40847,8.06821,-135.69353,-4.9347,-12.35461,35.97545,-16.15638,319c4638-216f-412e-ab5c-d88d6a57ee84,NA,NA,NA,NA,NA,10075720,"Hentz, Cade",NA,NA,NA,Right,NA,NA,NA,NA,NA,NA,NA,NA,NA,NA,NA,NA,NA,NA,NA,NA,e72a0c70-b6af-11f0-84b6-01d555e46d76,2,4,JUD,3,Bottom,1,Four-Seam,Strikeout,Undefined,Undefined,0,0,NA,JUD,FLA_GAT,121Financial,TeamExclusive,Team,20251031-121Financial-Private-2,91.71301,NA,NA,9.99542,NA,NA,NA,78e623f9-aa27-4d61-8f19-ec9f4998400f,2025-10-31,23:18:25,2025-10-31T23:18:25Z,2025-10-31T23:18:25Z,NA,v3,471326,471297,NA,"Malzone, Aj",1000352389,Right,FLA_GAT,54.659,-136.92317,17.98772,5.5677,-4.38248,-8.07819,-1.72873,8.49049,-6.17731,NA,NA,NA,NA,NA,NA,NA,NA,NA,NA,NA,NA,NA,NA,NA,NA,NA,NA,NA,NA,NA,NA,NA,NA,NA,NA,NA,NA,56.62427,NA,NA,1.278467,NA,NA,NA,-0.7966,4.60115,1.22346,73.19657,6.55114,-51.7838,-0.732,63.27115,-4.26312,4.70975,21.24896,-15.49982,1.13347,-47.19015,4.54129,High,High,High,NA,NA,High,Medium,High,NA,NA,NA,NA,NA,NA,NA,NA,NA,NA,NA,NA,NA,NA,NA,NA,NA,NA,NA,NA,NA,NA,NA,NA,NA,NA,NA,NA,NA
96,2025-10-31,19:18:53,"King, Aidan",827404,Right,FLA_GAT,Undefined,0,0,StrikeCalled,Splitter,NA,NA,84.54685,-0.449159,-3.30652,1828.888322,212.7932,01:00:00,5.32147,1.6157300000000001,6.35052,-23.77698,15.09678,8.85107,2.92592,-0.69361,76.49445,-4.977102,-1.707806,0.448745,-5.59146,8.39012,-1.37935,50,5.27763,6.73704,-122.57773,-1.60893,-8.4154,26.67163,-19.54658,c0506403-06b5-4a6a-a745-684ca00bdacf,NA,NA,NA,NA,NA,1000091508,"Shields, Jonah",NA,NA,NA,Right,NA,NA,NA,NA,NA,NA,NA,NA,NA,NA,NA,NA,NA,NA,NA,NA,f8214f70-b6af-11f0-84b6-01d555e46d76,3,1,JUD,3,Bottom,2,Changeup,Undefined,Undefined,Undefined,0,0,NA,JUD,FLA_GAT,121Financial,TeamExclusive,Team,20251031-121Financial-Private-2,83.99522,NA,NA,8.0524,NA,NA,NA,78e623f9-aa27-4d61-8f19-ec9f4998400f,2025-10-31,23:18:53,2025-10-31T23:18:53Z,2025-10-31T23:18:53Z,NA,v3,471326,471297,NA,"Malzone, Aj",1000352389,Right,FLA_GAT,54.14433,-123.4762,13.33581,5.32074,-0.95048,-9.77329,-1.61107,7.02053,-4.2077,NA,NA,NA,NA,NA,NA,NA,NA,NA,NA,NA,NA,NA,NA,NA,NA,NA,NA,NA,NA,NA,NA,NA,NA,NA,NA,NA,NA,NA,NA,NA,NA,NA,NA,NA,NA,NA,NA,NA,NA,NA,NA,NA,NA,NA,NA,NA,NA,NA,NA,High,High,High,NA,NA,NA,NA,NA,NA,NA,NA,NA,NA,NA,NA,NA,NA,NA,NA,NA,NA,NA,NA,NA,NA,NA,NA,NA,NA,NA,NA,NA,NA,NA,NA,NA,NA
97,2025-10-31,19:19:07,"King, Aidan",827404,Right,FLA_GAT,Undefined,0,1,BallinDirt,Slider,NA,NA,83.88943,-1.704465,-2.467262,2153.83484,298.758267,04:00:00,5.54095,1.51202,6.11052,-44.86392,-4.53859,11.06075,0.22432,0.15097,75.72378,-9.979661,-0.468503,0.457047,-6.58374,-1.30205,-1.32826,50,5.38705,4.80569,-121.5553,-5.10303,-9.59988,29.47784,-34.07261,6e67d7b6-1dd8-476e-a404-4d15179d3626,NA,NA,NA,NA,NA,1000091508,"Shields, Jonah",NA,NA,NA,Right,NA,NA,NA,NA,NA,NA,NA,NA,NA,NA,NA,NA,NA,NA,NA,NA,003c5a60-b6b0-11f0-84b6-01d555e46d76,3,2,JUD,3,Bottom,2,Changeup,Undefined,Undefined,Undefined,0,0,NA,JUD,FLA_GAT,121Financial,TeamExclusive,Team,20251031-121Financial-Private-2,82.46959,NA,NA,8.16565,NA,NA,NA,78e623f9-aa27-4d61-8f19-ec9f4998400f,2025-10-31,23:19:07,2025-10-31T23:19:07Z,2025-10-31T23:19:07Z,NA,v3,471326,471297,NA,"Malzone, Aj",1000352389,Right,FLA_GAT,54.38689,-122.61453,14.73892,5.54842,-3.87869,-17.0363,-1.50715,5.15065,-4.79994,NA,NA,NA,NA,NA,NA,NA,NA,NA,NA,NA,NA,NA,NA,NA,NA,NA,NA,NA,NA,NA,NA,NA,NA,NA,NA,NA,NA,NA,NA,NA,NA,NA,NA,NA,NA,NA,NA,NA,NA,NA,NA,NA,NA,NA,NA,NA,NA,NA,NA,High,High,High,NA,NA,NA,NA,NA,NA,NA,NA,NA,NA,NA,NA,NA,NA,NA,NA,NA,NA,NA,NA,NA,NA,NA,NA,NA,NA,NA,NA,NA,NA,NA,NA,NA,NA
98,2025-10-31,19:19:26,"King, Aidan",827404,Right,FLA_GAT,Undefined,1,1,FoulBallNotFieldable,Fastball,NA,NA,94.19196,-2.174871,-1.827389,2065.142964,226.86995,01:30:00,5.61385,1.4001,6.20336,-16.1454,15.56107,15.34237,2.25893,0.99131,84.60293,-5.284124,0.942405,0.405271,-8.62796,9.15229,-1.2706,50,5.44238,3.70536,-136.56748,-5.65495,-15.96339,35.77556,-15.24053,1fca5b17-388a-4970-8e6f-0bd9c04d0680,NA,NA,NA,NA,NA,1000091508,"Shields, Jonah",NA,NA,NA,Right,NA,NA,NA,NA,NA,NA,NA,NA,NA,NA,NA,NA,NA,NA,NA,NA,0ba69050-b6b0-11f0-84b6-01d555e46d76,3,3,JUD,3,Bottom,2,Sinker,Undefined,Undefined,Undefined,0,0,NA,JUD,FLA_GAT,121Financial,TeamExclusive,Team,20251031-121Financial-Private-2,93.00555,NA,NA,9.58902,NA,NA,NA,78e623f9-aa27-4d61-8f19-ec9f4998400f,2025-10-31,23:19:26,2025-10-31T23:19:26Z,2025-10-31T23:19:26Z,NA,v3,471326,471297,NA,"Malzone, Aj",1000352389,Right,FLA_GAT,54.29437,-137.68785,17.88778,5.612,-5.17767,-7.62027,-1.39447,4.20528,-7.9817,NA,NA,NA,NA,NA,NA,NA,NA,NA,NA,NA,NA,NA,NA,NA,NA,NA,NA,NA,NA,NA,NA,NA,NA,NA,NA,NA,NA,NA,NA,NA,NA,NA,NA,NA,NA,NA,NA,NA,NA,NA,NA,NA,NA,NA,NA,NA,NA,NA,NA,High,High,High,NA,NA,NA,NA,NA,NA,NA,NA,NA,NA,NA,NA,NA,NA,NA,NA,NA,NA,NA,NA,NA,NA,NA,NA,NA,NA,NA,NA,NA,NA,NA,NA,NA,NA
99,2025-10-31,19:19:46,"King, Aidan",827404,Right,FLA_GAT,Undefined,1,2,InPlay,Splitter,NA,NA,83.24318,0.87368,-1.648471,1761.626615,271.09411,03:00:00,5.55636,1.36791,6.23802,-39.17002,1.25602,10.90154,3.09849,0.75535,75.05577,-6.442357,0.321843,0.457617,-6.21237,0.76811,-1.25034,50,5.60238,3.06275,-120.80113,0.62115,-9.00919,27.61429,-31.06016,2959735d-0a13-42f9-a06b-cb03c5a25f4a,NA,NA,NA,NA,-42.58003,1000091508,"Shields, Jonah",2805.620541,NA,96.03646,Right,5.358754,NA,NA,NA,105.38015,104.16261,0.845126,-44.565919,2.59048,3.32713,-0.64644,NA,NA,NA,NA,NA,173676b0-b6b0-11f0-84b6-01d555e46d76,3,4,JUD,3,Bottom,2,Changeup,Undefined,GroundBall,Double,0,0,NA,JUD,FLA_GAT,121Financial,TeamExclusive,Team,20251031-121Financial-Private-2,82.36682,5.29828,NA,8.18742,NA,NA,NA,78e623f9-aa27-4d61-8f19-ec9f4998400f,2025-10-31,23:19:46,2025-10-31T23:19:46Z,2025-10-31T23:19:46Z,GroundBall,v3,471326,471297,NA,"Malzone, Aj",1000352389,Right,FLA_GAT,54.25951,-121.77093,13.80715,5.56141,1.71197,-15.53008,-1.36346,3.37914,-4.50459,NA,2.70836,101.33782,-18.73173,NA,NA,NA,NA,NA,NA,3.40455,11.89206,-18.9348,NA,NA,NA,NA,NA,NA,-0.67318,-94.46157,9.21502,NA,NA,NA,NA,NA,NA,NA,NA,NA,NA,NA,NA,NA,NA,NA,NA,NA,NA,NA,NA,NA,NA,NA,NA,NA,NA,NA,NA,High,High,High,High,High,NA,NA,NA,NA,NA,NA,NA,NA,NA,NA,NA,NA,NA,NA,NA,NA,NA,NA,NA,NA,NA,NA,NA,NA,NA,NA,NA,NA,NA,NA,NA,NA
100,2025-10-31,19:20:33,"King, Aidan",827404,Right,FLA_GAT,Undefined,0,0,StrikeCalled,Fastball,NA,NA,93.75041,-2.444164,-2.661332,2167.256387,229.781241,01:45:00,5.6128,1.55078,6.10044,-16.16773,15.96052,17.45544,2.00123,0.54235,84.29508,-5.551551,0.481723,0.407957,-9.81867,9.36315,-1.35471,50,5.41605,5.53364,-135.78684,-6.26766,-18.01192,34.57391,-14.99775,b02357dc-5b35-4908-aa50-906b8383d5ad,NA,NA,NA,NA,NA,816188,"Vergara, Roger",NA,NA,NA,Left,NA,NA,NA,NA,NA,NA,NA,NA,NA,NA,NA,NA,NA,NA,NA,NA,334f9c00-b6b0-11f0-84b6-01d555e46d76,4,1,JUD,3,Bottom,2,Sinker,Undefined,Undefined,Undefined,0,0,NA,JUD,FLA_GAT,121Financial,TeamExclusive,Team,20251031-121Financial-Private-2,92.39308,NA,NA,9.45534,NA,NA,NA,78e623f9-aa27-4d61-8f19-ec9f4998400f,2025-10-31,23:20:33,2025-10-31T23:20:33Z,2025-10-31T23:20:33Z,NA,v3,471326,471297,NA,"Malzone, Aj",1000352389,Right,FLA_GAT,54.39531,-136.9014,17.28696,5.61031,-5.78418,-7.49887,-1.54245,6.11429,-9.00596,NA,NA,NA,NA,NA,NA,NA,NA,NA,NA,NA,NA,NA,NA,NA,NA,NA,NA,NA,NA,NA,NA,NA,NA,NA,NA,NA,NA,NA,NA,NA,NA,NA,NA,NA,NA,NA,NA,NA,NA,NA,NA,NA,NA,NA,NA,NA,NA,NA,NA,High,High,High,NA,NA,NA,NA,NA,NA,NA,NA,NA,NA,NA,NA,NA,NA,NA,NA,NA,NA,NA,NA,NA,NA,NA,NA,NA,NA,NA,NA,NA,NA,NA,NA,NA,NA
101,2025-10-31,19:20:48,"King, Aidan",827404,Right,FLA_GAT,Undefined,0,1,BallCalled,Splitter,NA,NA,84.62869,-0.667242,-1.227845,2219.280325,304.722479,04:15:00,5.53543,1.55119,6.24366,-44.22754,-5.22559,9.51902,1.23421,1.21179,76.87857,-8.848388,0.496804,0.449484,-5.30949,-2.02917,-1.46416,50,5.46482,2.26051,-122.87946,-2.8937,-7.9858,28.04989,-35.22604,0c852407-1b97-4a3d-9d24-ae2048ccc252,NA,NA,NA,NA,NA,816188,"Vergara, Roger",NA,NA,NA,Left,NA,NA,NA,NA,NA,NA,NA,NA,NA,NA,NA,NA,NA,NA,NA,NA,3c4c2d50-b6b0-11f0-84b6-01d555e46d76,4,2,JUD,3,Bottom,2,Changeup,Undefined,Undefined,Undefined,0,0,NA,JUD,FLA_GAT,121Financial,TeamExclusive,Team,20251031-121Financial-Private-2,83.85705,NA,NA,7.75012,NA,NA,NA,78e623f9-aa27-4d61-8f19-ec9f4998400f,2025-10-31,23:20:48,2025-10-31T23:20:48Z,2025-10-31T23:20:48Z,NA,v3,471326,471297,NA,"Malzone, Aj",1000352389,Right,FLA_GAT,54.25404,-123.84673,14.02494,5.54366,-1.67897,-17.61302,-1.54686,2.53589,-3.9929,NA,NA,NA,NA,NA,NA,NA,NA,NA,NA,NA,NA,NA,NA,NA,NA,NA,NA,NA,NA,NA,NA,NA,NA,NA,NA,NA,NA,NA,NA,NA,NA,NA,NA,NA,NA,NA,NA,NA,NA,NA,NA,NA,NA,NA,NA,NA,NA,NA,NA,High,High,High,NA,NA,NA,NA,NA,NA,NA,NA,NA,NA,NA,NA,NA,NA,NA,NA,NA,NA,NA,NA,NA,NA,NA,NA,NA,NA,NA,NA,NA,NA,NA,NA,NA,NA
102,2025-10-31,19:21:05,"King, Aidan",827404,Right,FLA_GAT,Undefined,1,1,BallCalled,Fastball,NA,NA,94.20689,-3.467608,-3.044006,2160.198561,235.741831,01:45:00,5.60356,1.64263,6.51012,-18.75379,12.60442,16.80115,0.85019,0.24667,84.96411,-7.046762,0.005042,0.403039,-9.78249,8.07725,-1.43676,50,5.35289,6.55376,-136.41001,-8.8212,-18.11856,34.7757,-17.21379,f854cf68-ee9c-42e4-8303-a5b06fbefd3f,NA,NA,NA,NA,NA,816188,"Vergara, Roger",NA,NA,NA,Left,NA,NA,NA,NA,NA,NA,NA,NA,NA,NA,NA,NA,NA,NA,NA,NA,464dd290-b6b0-11f0-84b6-01d555e46d76,4,3,JUD,3,Bottom,2,Sinker,Undefined,Undefined,Undefined,0,0,NA,JUD,FLA_GAT,121Financial,TeamExclusive,Team,20251031-121Financial-Private-2,93.52056,NA,NA,9.24278,NA,NA,NA,78e623f9-aa27-4d61-8f19-ec9f4998400f,2025-10-31,23:21:05,2025-10-31T23:21:05Z,2025-10-31T23:21:05Z,NA,v3,471326,471297,NA,"Malzone, Aj",1000352389,Right,FLA_GAT,53.98683,-137.42264,17.38785,5.60245,-8.31995,-8.6069,-1.63528,7.08135,-9.05928,NA,NA,NA,NA,NA,NA,NA,NA,NA,NA,NA,NA,NA,NA,NA,NA,NA,NA,NA,NA,NA,NA,NA,NA,NA,NA,NA,NA,NA,NA,NA,NA,NA,NA,NA,NA,NA,NA,NA,NA,NA,NA,NA,NA,NA,NA,NA,NA,NA,NA,High,High,High,NA,NA,NA,NA,NA,NA,NA,NA,NA,NA,NA,NA,NA,NA,NA,NA,NA,NA,NA,NA,NA,NA,NA,NA,NA,NA,NA,NA,NA,NA,NA,NA,NA,NA
103,2025-10-31,19:21:26,"King, Aidan",827404,Right,FLA_GAT,Undefined,2,1,StrikeCalled,Fastball,NA,NA,94.26497,-3.438832,-2.13455,2165.38513,202.682919,12:45:00,5.5868,1.73529,6.25275,-10.88528,20.74525,8.17363,1.50248,0.44708,84.74795,-5.59736,-0.658885,0.404785,-4.91382,12.20138,-1.58047,50,5.32544,4.72775,-136.47253,-8.43182,-9.10572,34.91589,-9.56386,e823bf6f-775f-4b47-8683-141175d72dc7,NA,NA,NA,NA,NA,816188,"Vergara, Roger",NA,NA,NA,Left,NA,NA,NA,NA,NA,NA,NA,NA,NA,NA,NA,NA,NA,NA,NA,NA,53154e90-b6b0-11f0-84b6-01d555e46d76,4,4,JUD,3,Bottom,2,Four-Seam,Undefined,Undefined,Undefined,0,0,NA,JUD,FLA_GAT,121Financial,TeamExclusive,Team,20251031-121Financial-Private-2,93.11715,NA,NA,9.51703,NA,NA,NA,78e623f9-aa27-4d61-8f19-ec9f4998400f,2025-10-31,23:21:26,2025-10-31T23:21:26Z,2025-10-31T23:21:26Z,NA,v3,471326,471297,NA,"Malzone, Aj",1000352389,Right,FLA_GAT,54.24212,-137.55358,17.45794,5.58191,-8.13571,-4.78193,-1.73121,5.00968,-4.55286,NA,NA,NA,NA,NA,NA,NA,NA,NA,NA,NA,NA,NA,NA,NA,NA,NA,NA,NA,NA,NA,NA,NA,NA,NA,NA,NA,NA,NA,NA,NA,NA,NA,NA,NA,NA,NA,NA,NA,NA,NA,NA,NA,NA,NA,NA,NA,NA,NA,NA,High,High,High,NA,NA,NA,NA,NA,NA,NA,NA,NA,NA,NA,NA,NA,NA,NA,NA,NA,NA,NA,NA,NA,NA,NA,NA,NA,NA,NA,NA,NA,NA,NA,NA,NA,NA
104,2025-10-31,19:21:49,"King, Aidan",827404,Right,FLA_GAT,Undefined,2,2,BallCalled,Fastball,NA,NA,93.47803,-0.523006,-2.639932,2070.285138,211.553716,01:00:00,5.59749,1.47976,6.0969,-12.47351,19.921,11.47733,4.07378,-0.00719,83.5376,-2.9870390000000002,-0.575016,0.409645,-6.73579,10.73524,-1.28198,50,5.55043,5.72189,-135.41205,-1.52224,-12.2462,35.31218,-12.65653,afeef4fc-b974-4451-92ed-5568e66029c7,NA,NA,NA,NA,NA,816188,"Vergara, Roger",NA,NA,NA,Left,NA,NA,NA,NA,NA,NA,NA,NA,NA,NA,NA,NA,NA,NA,NA,NA,610f7e30-b6b0-11f0-84b6-01d555e46d76,4,5,JUD,3,Bottom,2,Four-Seam,Undefined,Undefined,Undefined,0,0,NA,JUD,FLA_GAT,121Financial,TeamExclusive,Team,20251031-121Financial-Private-2,92.01254,NA,NA,9.94042,NA,NA,NA,78e623f9-aa27-4d61-8f19-ec9f4998400f,2025-10-31,23:21:49,2025-10-31T23:21:49Z,2025-10-31T23:21:49Z,NA,v3,471326,471297,NA,"Malzone, Aj",1000352389,Right,FLA_GAT,54.39625,-136.55367,17.65609,5.59303,-1.11307,-6.32827,-1.47337,6.1178,-6.1231,NA,NA,NA,NA,NA,NA,NA,NA,NA,NA,NA,NA,NA,NA,NA,NA,NA,NA,NA,NA,NA,NA,NA,NA,NA,NA,NA,NA,NA,NA,NA,NA,NA,NA,NA,NA,NA,NA,NA,NA,NA,NA,NA,NA,NA,NA,NA,NA,NA,NA,High,High,High,NA,NA,NA,NA,NA,NA,NA,NA,NA,NA,NA,NA,NA,NA,NA,NA,NA,NA,NA,NA,NA,NA,NA,NA,NA,NA,NA,NA,NA,NA,NA,NA,NA,NA
105,2025-10-31,19:22:12,"King, Aidan",827404,Right,FLA_GAT,Undefined,3,2,InPlay,Splitter,NA,NA,85.01796,0.766896,-1.579098,1995.785839,290.477035,03:45:00,5.5612,1.6253,6.25231,-41.99455,-3.16488,12.31158,2.76919,1.19469,76.53771,-7.052199,0.648034,0.44849,-6.91973,-1.48555,-1.51382,50,5.59804,2.91977,-123.37129,0.28224,-10.43568,29.46256,-34.41441,dda235b9-2a58-484a-a033-6e6c42dc93a0,NA,NA,NA,NA,-13.268962,816188,"Vergara, Roger",NA,NA,81.38346,Left,-7.737856,NA,NA,NA,20.54744,20.03079,0.162116,-16.261962,1.38646,2.74443,-1.18385,NA,NA,NA,NA,NA,6e80cec0-b6b0-11f0-84b6-01d555e46d76,4,6,JUD,3,Bottom,2,Changeup,Undefined,GroundBall,Out,1,0,NA,JUD,FLA_GAT,121Financial,TeamExclusive,Team,20251031-121Financial-Private-2,84.04292,2.74443,NA,8.48025,NA,NA,NA,78e623f9-aa27-4d61-8f19-ec9f4998400f,2025-10-31,23:22:12,2025-10-31T23:22:12Z,2025-10-31T23:22:12Z,GroundBall,v3,471326,471297,NA,"Malzone, Aj",1000352389,Right,FLA_GAT,54.24528,-124.38098,14.73128,5.56816,1.46164,-17.20721,-1.62001,3.2774,-5.21784,133.608314,1.38673,115.09594,-12.19766,NA,NA,NA,NA,NA,NA,2.7443,-16.0602,-5.34754,NA,NA,NA,NA,NA,NA,-1.18361,-27.16693,-6.32827,NA,NA,NA,NA,NA,NA,NA,NA,NA,NA,NA,NA,NA,NA,NA,NA,NA,NA,NA,NA,NA,NA,NA,NA,NA,NA,NA,NA,High,High,High,High,High,NA,NA,NA,NA,NA,NA,NA,NA,NA,NA,NA,NA,NA,NA,NA,NA,NA,NA,NA,NA,NA,NA,NA,NA,NA,NA,NA,NA,NA,NA,NA,NA
106,2025-10-31,19:24:55,"Pieto, Dominic",832156,Right,JUD,Undefined,0,0,InPlay,Fastball,NA,NA,90.74722,-1.931012,-1.646751,2260.047176,219.205106,01:15:00,5.71194,0.8413,5.33268,-14.8158,20.61623,15.69194,2.66412,0.6035,81.12654,-4.789528,1.139737,0.42842,-8.4776,11.40709,-0.70454,50,5.52772,3.05196,-131.32723,-4.8696,-14.46698,33.73976,-12.70797,09332d07-1b3e-4b02-8377-63e818f07eae,NA,NA,NA,NA,-24.468078,833422,"Miller, Sam",NA,NA,92.09106,Right,-9.983667,NA,NA,NA,17.89244,17.89244,0.11322,-22.007707,2.85411,2.6563,-0.45489,NA,NA,NA,NA,NA,cfa0b300-b6b0-11f0-84b6-01d555e46d76,1,1,FLA_GAT,4,Top,0,Four-Seam,Undefined,GroundBall,Out,1,0,NA,JUD,FLA_GAT,121Financial,TeamExclusive,Team,20251031-121Financial-Private-2,87.98017,2.6563,NA,9.62069,NA,NA,NA,78e623f9-aa27-4d61-8f19-ec9f4998400f,2025-10-31,23:24:55,2025-10-31T23:24:55Z,2025-10-31T23:24:55Z,GroundBall,v3,471326,471297,NA,"Spelman, Conner",1000239666,Right,JUD,55.16356,-132.64718,16.86988,5.7085,-4.37244,-6.35398,-0.835,3.61793,-7.23349,180,2.84986,121.30857,NA,NA,NA,NA,NA,NA,NA,2.65712,-23.46133,NA,NA,NA,NA,NA,NA,NA,-0.45296,-55.2019,NA,NA,NA,NA,NA,NA,NA,NA,NA,NA,NA,NA,NA,NA,NA,NA,NA,NA,NA,NA,NA,NA,NA,NA,NA,NA,NA,NA,NA,High,High,High,Medium,High,NA,NA,NA,NA,NA,NA,NA,NA,NA,NA,NA,NA,NA,NA,NA,NA,NA,NA,NA,NA,NA,NA,NA,NA,NA,NA,NA,NA,NA,NA,NA,NA
107,2025-10-31,19:25:35,"Pieto, Dominic",832156,Right,JUD,Undefined,0,0,StrikeCalled,Fastball,NA,NA,91.93034,-2.908298,-2.075568,2481.131742,201.440869,12:45:00,5.7362,0.85476,5.10074,-10.04512,24.87159,9.22378,2.15451,-0.33322,82.06452,-4.910814,-0.44603,0.425293,-5.23689,13.65788,-0.66628,50,5.45454,4.35276,-132.78255,-6.96732,-9.14818,34.14362,-8.31548,676141ea-cf7f-4e14-a73a-6b73a25ac90d,NA,NA,NA,NA,NA,803734,"Yost, Hayden",NA,NA,NA,Left,NA,NA,NA,NA,NA,NA,NA,NA,NA,NA,NA,NA,NA,NA,NA,NA,e7961f40-b6b0-11f0-84b6-01d555e46d76,2,1,FLA_GAT,4,Top,1,Four-Seam,Undefined,Undefined,Undefined,0,0,NA,JUD,FLA_GAT,121Financial,TeamExclusive,Team,20251031-121Financial-Private-2,88.62699,NA,NA,9.86582,NA,NA,NA,78e623f9-aa27-4d61-8f19-ec9f4998400f,2025-10-31,23:25:35,2025-10-31T23:25:35Z,2025-10-31T23:25:35Z,NA,v3,471326,471297,NA,"Spelman, Conner",1000239666,Right,JUD,55.39158,-134.16178,17.07181,5.7292,-6.63141,-4.15774,-0.84957,4.7223,-4.57409,NA,NA,NA,NA,NA,NA,NA,NA,NA,NA,NA,NA,NA,NA,NA,NA,NA,NA,NA,NA,NA,NA,NA,NA,NA,NA,NA,NA,NA,NA,NA,NA,NA,NA,NA,NA,NA,NA,NA,NA,NA,NA,NA,NA,NA,NA,NA,NA,NA,NA,High,High,High,NA,NA,NA,NA,NA,NA,NA,NA,NA,NA,NA,NA,NA,NA,NA,NA,NA,NA,NA,NA,NA,NA,NA,NA,NA,NA,NA,NA,NA,NA,NA,NA,NA,NA
108,2025-10-31,19:25:50,"Pieto, Dominic",832156,Right,JUD,Undefined,0,1,BallinDirt,ChangeUp,NA,NA,82.77467,-0.113382,-0.545128,2268.076009,33.275008,07:00:00,5.48517,0.87125,4.79345,-58.25452,-14.56253,-10.67823,0.52318,-0.5352,74.42736,-10.573409,-2.430944,0.475743,5.04768,-6.6352,-0.80706,50,5.42296,1.62069,-119.76948,-2.57265,7.10614,29.76989,-41.5151,20fabf55-5446-4b1e-86b1-a37238a3418d,NA,NA,NA,NA,NA,803734,"Yost, Hayden",NA,NA,NA,Left,NA,NA,NA,NA,NA,NA,NA,NA,NA,NA,NA,NA,NA,NA,NA,NA,f0304540-b6b0-11f0-84b6-01d555e46d76,2,2,FLA_GAT,4,Top,1,Curveball,Undefined,Undefined,Undefined,0,0,NA,JUD,FLA_GAT,121Financial,TeamExclusive,Team,20251031-121Financial-Private-2,79.22859,NA,NA,8.3473,NA,NA,NA,78e623f9-aa27-4d61-8f19-ec9f4998400f,2025-10-31,23:25:50,2025-10-31T23:25:50Z,2025-10-31T23:25:50Z,NA,v3,471326,471297,NA,"Spelman, Conner",1000239666,Right,JUD,55.70487,-121.17918,14.88494,5.49824,-0.60677,-20.75755,-0.87584,1.28419,3.55307,NA,NA,NA,NA,NA,NA,NA,NA,NA,NA,NA,NA,NA,NA,NA,NA,NA,NA,NA,NA,NA,NA,NA,NA,NA,NA,NA,NA,NA,NA,NA,NA,NA,NA,NA,NA,NA,NA,NA,NA,NA,NA,NA,NA,NA,NA,NA,NA,NA,NA,High,High,High,NA,NA,NA,NA,NA,NA,NA,NA,NA,NA,NA,NA,NA,NA,NA,NA,NA,NA,NA,NA,NA,NA,NA,NA,NA,NA,NA,NA,NA,NA,NA,NA,NA,NA
109,2025-10-31,19:26:09,"Pieto, Dominic",832156,Right,JUD,Undefined,1,1,StrikeSwinging,ChangeUp,NA,NA,82.29418,-1.078311,-0.026907,2208.559202,51.439138,07:45:00,5.51997,0.93294,4.59369,-54.02554,-9.83552,-14.37867,-0.00789,-0.29087,74.63737,-10.72814,-2.557523,0.478446,7.05296,-4.03725,-0.91589,50,5.35817,0.70086,-119.12191,-4.40956,9.90789,27.64807,-37.84552,14d18d29-4cbd-4716-bcb6-ad0770cf6778,NA,NA,NA,NA,NA,803734,"Yost, Hayden",NA,NA,NA,Left,NA,NA,NA,NA,NA,NA,NA,NA,NA,NA,NA,NA,NA,NA,NA,NA,fb8ac3c0-b6b0-11f0-84b6-01d555e46d76,2,3,FLA_GAT,4,Top,1,Curveball,Undefined,Undefined,Undefined,0,0,NA,JUD,FLA_GAT,121Financial,TeamExclusive,Team,20251031-121Financial-Private-2,78.78089,NA,NA,7.65681,NA,NA,NA,78e623f9-aa27-4d61-8f19-ec9f4998400f,2025-10-31,23:26:09,2025-10-31T23:26:09Z,2025-10-31T23:26:09Z,NA,v3,471326,471297,NA,"Spelman, Conner",1000239666,Right,JUD,55.90565,-120.48481,13.82404,5.52955,-2.54399,-18.92276,-0.9384,0.21245,4.95395,NA,NA,NA,NA,NA,NA,NA,NA,NA,NA,NA,NA,NA,NA,NA,NA,NA,NA,NA,NA,NA,NA,NA,NA,NA,NA,NA,NA,NA,NA,NA,NA,NA,NA,NA,NA,NA,NA,NA,NA,NA,NA,NA,NA,NA,NA,NA,NA,NA,NA,High,High,High,NA,NA,NA,NA,NA,NA,NA,NA,NA,NA,NA,NA,NA,NA,NA,NA,NA,NA,NA,NA,NA,NA,NA,NA,NA,NA,NA,NA,NA,NA,NA,NA,NA,NA
110,2025-10-31,19:26:35,"Pieto, Dominic",832156,Right,JUD,Undefined,1,2,BallCalled,Fastball,NA,NA,91.26691,1.252522,-0.034779,2277.920065,214.359472,01:15:00,5.77541,0.79925,5.14331,-16.23808,18.84501,12.01221,5.60173,1.76752,81.78486,-1.848871,2.090455,0.426305,-5.89504,9.2741,-0.8053,50,5.88083,-0.51593,-132.11872,2.37566,-10.24873,32.45699,-16.05072,dcaad8a8-2f6a-4a91-b5b7-4258c7fa8eb8,NA,NA,NA,NA,NA,803734,"Yost, Hayden",NA,NA,NA,Left,NA,NA,NA,NA,NA,NA,NA,NA,NA,NA,NA,NA,NA,NA,NA,NA,0b587ae0-b6b1-11f0-84b6-01d555e46d76,2,4,FLA_GAT,4,Top,1,Four-Seam,Undefined,Undefined,Undefined,0,0,NA,JUD,FLA_GAT,121Financial,TeamExclusive,Team,20251031-121Financial-Private-2,88.41661,NA,NA,9.48204,NA,NA,NA,78e623f9-aa27-4d61-8f19-ec9f4998400f,2025-10-31,23:26:35,2025-10-31T23:26:35Z,2025-10-31T23:26:35Z,NA,v3,471326,471297,NA,"Spelman, Conner",1000239666,Right,JUD,55.34878,-133.42626,16.2285,5.7721,3.02227,-8.02536,-0.79283,-0.10306,-5.12436,NA,NA,NA,NA,NA,NA,NA,NA,NA,NA,NA,NA,NA,NA,NA,NA,NA,NA,NA,NA,NA,NA,NA,NA,NA,NA,NA,NA,NA,NA,NA,NA,NA,NA,NA,NA,NA,NA,NA,NA,NA,NA,NA,NA,NA,NA,NA,NA,NA,NA,High,High,High,NA,NA,NA,NA,NA,NA,NA,NA,NA,NA,NA,NA,NA,NA,NA,NA,NA,NA,NA,NA,NA,NA,NA,NA,NA,NA,NA,NA,NA,NA,NA,NA,NA,NA
111,2025-10-31,19:27:00,"Pieto, Dominic",832156,Right,JUD,Undefined,2,2,BallCalled,Fastball,NA,NA,90.61372,-3.059518,-2.489733,2428.391422,196.427942,12:30:00,5.64272,0.75096,5.23846,-10.73855,25.03202,6.9628,1.86681,-1.01032,80.94813,-5.19224,-1.257206,0.430462,-4.27756,13.85107,-0.52717,50,5.35367,5.35165,-130.85304,-7.23172,-7.25969,33.05782,-8.66665,53f9cf19-b17e-4956-85ef-3421bb6fbf70,NA,NA,NA,NA,NA,803734,"Yost, Hayden",NA,NA,NA,Left,NA,NA,NA,NA,NA,NA,NA,NA,NA,NA,NA,NA,NA,NA,NA,NA,1a421390-b6b1-11f0-84b6-01d555e46d76,2,5,FLA_GAT,4,Top,1,Four-Seam,Undefined,Undefined,Undefined,0,0,NA,JUD,FLA_GAT,121Financial,TeamExclusive,Team,20251031-121Financial-Private-2,87.56283,NA,NA,9.6656,NA,NA,NA,78e623f9-aa27-4d61-8f19-ec9f4998400f,2025-10-31,23:27:00,2025-10-31T23:27:00Z,2025-10-31T23:27:00Z,NA,v3,471326,471297,NA,"Spelman, Conner",1000239666,Right,JUD,55.25343,-132.17356,16.52891,5.63564,-6.88553,-4.33333,-0.74674,5.64164,-3.62985,NA,NA,NA,NA,NA,NA,NA,NA,NA,NA,NA,NA,NA,NA,NA,NA,NA,NA,NA,NA,NA,NA,NA,NA,NA,NA,NA,NA,NA,NA,NA,NA,NA,NA,NA,NA,NA,NA,NA,NA,NA,NA,NA,NA,NA,NA,NA,NA,NA,NA,High,High,High,NA,NA,NA,NA,NA,NA,NA,NA,NA,NA,NA,NA,NA,NA,NA,NA,NA,NA,NA,NA,NA,NA,NA,NA,NA,NA,NA,NA,NA,NA,NA,NA,NA,NA
112,2025-10-31,19:27:19,"Pieto, Dominic",832156,Right,JUD,Undefined,3,2,StrikeSwinging,Slider,NA,NA,86.32294,-0.713475,-2.875697,2062.57313,250.727133,02:15:00,5.44294,0.95806,5.55802,-29.68883,9.05162,21.69505,2.30139,0.07696,77.51844,-6.241666,0.992668,0.447975,-11.82178,5.24756,-0.72377,50,5.36214,5.31681,-124.96358,-2.58024,-18.32686,29.78707,-24.03894,27160c63-fcfb-4a45-b05c-c4795d4a4609,NA,NA,NA,NA,NA,803734,"Yost, Hayden",NA,NA,NA,Left,NA,NA,NA,NA,NA,NA,NA,NA,NA,NA,NA,NA,NA,NA,NA,NA,256e0800-b6b1-11f0-84b6-01d555e46d76,2,6,FLA_GAT,4,Top,1,Changeup,Strikeout,Undefined,Undefined,0,0,NA,JUD,FLA_GAT,121Financial,TeamExclusive,Team,20251031-121Financial-Private-2,84.13961,NA,NA,8.8045,NA,NA,NA,78e623f9-aa27-4d61-8f19-ec9f4998400f,2025-10-31,23:27:19,2025-10-31T23:27:19Z,2025-10-31T23:27:19Z,NA,v3,471326,471297,NA,"Spelman, Conner",1000239666,Right,JUD,54.93737,-126.13499,14.89354,5.44503,-1.6348800000000001,-12.01947,-0.94703,6.03754,-9.16343,NA,NA,NA,NA,NA,NA,NA,NA,NA,NA,NA,NA,NA,NA,NA,NA,NA,NA,NA,NA,NA,NA,NA,NA,NA,NA,NA,NA,NA,NA,NA,NA,NA,NA,NA,NA,NA,NA,NA,NA,NA,NA,NA,NA,NA,NA,NA,NA,NA,NA,High,High,High,NA,NA,NA,NA,NA,NA,NA,NA,NA,NA,NA,NA,NA,NA,NA,NA,NA,NA,NA,NA,NA,NA,NA,NA,NA,NA,NA,NA,NA,NA,NA,NA,NA,NA
113,2025-10-31,19:27:47,"Pieto, Dominic",832156,Right,JUD,Undefined,0,0,HitByPitch,Fastball,NA,NA,91.03585,-0.96107,-0.885644,2443.645368,215.842015,01:15:00,5.7147,0.72789,5.21766,-14.13698,21.24733,14.34828,3.63279,1.0908,81.17883,-3.70229,1.657084,0.428131,-7.43044,11.29623,-0.65731,50,5.6163,1.34649,-131.7443,-2.61685,-12.74702,34.22565,-12.79519,c43d1d28-d80c-4a04-92c1-50e4b232e8de,NA,NA,NA,NA,NA,803724,"McDonald, Caden",NA,NA,NA,Right,NA,NA,NA,NA,NA,NA,NA,NA,NA,NA,NA,NA,NA,NA,NA,NA,3623d530-b6b1-11f0-84b6-01d555e46d76,3,1,FLA_GAT,4,Top,2,Four-Seam,Undefined,Undefined,Undefined,0,0,NA,JUD,FLA_GAT,121Financial,TeamExclusive,Team,20251031-121Financial-Private-2,88.03945,NA,NA,9.85702,NA,NA,NA,78e623f9-aa27-4d61-8f19-ec9f4998400f,2025-10-31,23:27:47,2025-10-31T23:27:47Z,2025-10-31T23:27:47Z,NA,v3,471326,471297,NA,"Spelman, Conner",1000239666,Right,JUD,55.27607,-133.10791,17.11283,5.71041,-2.10707,-6.3976,-0.72107,1.85435,-6.37351,NA,NA,NA,NA,NA,NA,NA,NA,NA,NA,NA,NA,NA,NA,NA,NA,NA,NA,NA,NA,NA,NA,NA,NA,NA,NA,NA,NA,NA,NA,NA,NA,NA,NA,NA,NA,NA,NA,NA,NA,NA,NA,NA,NA,NA,NA,NA,NA,NA,NA,High,High,High,NA,NA,NA,NA,NA,NA,NA,NA,NA,NA,NA,NA,NA,NA,NA,NA,NA,NA,NA,NA,NA,NA,NA,NA,NA,NA,NA,NA,NA,NA,NA,NA,NA,NA
114,2025-10-31,19:29:22,"Pieto, Dominic",832156,Right,JUD,Undefined,0,0,StrikeCalled,Fastball,NA,NA,90.64541,-1.971611,-1.219222,2298.460277,216.581788,01:15:00,5.62324,0.95692,5.43562,-15.20505,19.90879,13.82095,2.50872,0.96677,81.63726,-4.886364,1.240277,0.426492,-7.28933,10.9856,-0.85867,50,5.43862,2.14781,-131.28667,-4.96769,-12.53717,31.5713,-13.27959,80b9812a-f03a-4210-b8e4-765847969378,NA,NA,NA,NA,NA,10147779,"Strayer, Cash",NA,NA,NA,Left,NA,NA,NA,NA,NA,NA,NA,NA,NA,NA,NA,NA,NA,NA,NA,NA,6eeb0cd0-b6b1-11f0-84b6-01d555e46d76,4,1,FLA_GAT,4,Top,2,Four-Seam,Undefined,Undefined,Undefined,0,0,NA,JUD,FLA_GAT,121Financial,TeamExclusive,Team,20251031-121Financial-Private-2,88.37792,NA,NA,9.00814,NA,NA,NA,78e623f9-aa27-4d61-8f19-ec9f4998400f,2025-10-31,23:29:22,2025-10-31T23:29:22Z,2025-10-31T23:29:22Z,NA,v3,471326,471297,NA,"Spelman, Conner",1000239666,Right,JUD,55.059,-132.49766,15.78565,5.6194,-4.45832,-6.6398,-0.95028,2.6287,-6.26859,NA,NA,NA,NA,NA,NA,NA,NA,NA,NA,NA,NA,NA,NA,NA,NA,NA,NA,NA,NA,NA,NA,NA,NA,NA,NA,NA,NA,NA,NA,NA,NA,NA,NA,NA,NA,NA,NA,NA,NA,NA,NA,NA,NA,NA,NA,NA,NA,NA,NA,High,High,High,NA,NA,NA,NA,NA,NA,NA,NA,NA,NA,NA,NA,NA,NA,NA,NA,NA,NA,NA,NA,NA,NA,NA,NA,NA,NA,NA,NA,NA,NA,NA,NA,NA,NA
115,2025-10-31,19:29:38,"Pieto, Dominic",832156,Right,JUD,Undefined,0,1,BallCalled,Curveball,NA,NA,81.51889,0.651534,-0.167583,2121.363209,24.401978,06:45:00,5.45743,1.02768,5.01708,-60.4596,-16.17954,-8.07402,1.03405,0.19669,73.82283,-10.23903,-1.598977,0.478934,3.94292,-7.77406,-1.00479,50,5.4708,0.6947,-118.13469,-0.99071,5.44762,27.18744,-42.91492,be0c465e-c2a9-43b8-955f-9e656f8dff38,NA,NA,NA,NA,NA,10147779,"Strayer, Cash",NA,NA,NA,Left,NA,NA,NA,NA,NA,NA,NA,NA,NA,NA,NA,NA,NA,NA,NA,NA,785728d0-b6b1-11f0-84b6-01d555e46d76,4,2,FLA_GAT,4,Top,2,Curveball,Undefined,Undefined,Undefined,0,0,NA,JUD,FLA_GAT,121Financial,TeamExclusive,Team,20251031-121Financial-Private-2,78.70073,NA,NA,7.69607,NA,NA,NA,78e623f9-aa27-4d61-8f19-ec9f4998400f,2025-10-31,23:29:38,2025-10-31T23:29:38Z,2025-10-31T23:29:38Z,NA,v3,471326,471297,NA,"Spelman, Conner",1000239666,Right,JUD,55.48311,-119.3899,13.59372,5.4708,0.99062,-21.45746,-1.03106,0.4432,2.72381,NA,NA,NA,NA,NA,NA,NA,NA,NA,NA,NA,NA,NA,NA,NA,NA,NA,NA,NA,NA,NA,NA,NA,NA,NA,NA,NA,NA,NA,NA,NA,NA,NA,NA,NA,NA,NA,NA,NA,NA,NA,NA,NA,NA,NA,NA,NA,NA,NA,NA,High,High,High,NA,NA,NA,NA,NA,NA,NA,NA,NA,NA,NA,NA,NA,NA,NA,NA,NA,NA,NA,NA,NA,NA,NA,NA,NA,NA,NA,NA,NA,NA,NA,NA,NA,NA
116,2025-10-31,19:29:54,"Pieto, Dominic",832156,Right,JUD,Undefined,1,1,BallCalled,Fastball,NA,NA,91.16918,-2.18793,-0.278322,2343.879377,208.083301,01:00:00,5.68202,0.84058,5.31014,-11.85154,23.05745,11.6143,2.63972,1.54719,82.00222,-4.502518,1.783461,0.425246,-5.84048,12.55768,-0.82382,50,5.47548,0.0825,-131.99618,-5.34047,-10.14765,32.0759,-10.35536,3d0bdb45-4a30-4298-bcdd-d8c57980c8a1,NA,NA,NA,NA,NA,10147779,"Strayer, Cash",NA,NA,NA,Left,NA,NA,NA,NA,NA,NA,NA,NA,NA,NA,NA,NA,NA,NA,NA,NA,81d39880-b6b1-11f0-84b6-01d555e46d76,4,3,FLA_GAT,4,Top,2,Four-Seam,Undefined,Undefined,Undefined,0,0,NA,JUD,FLA_GAT,121Financial,TeamExclusive,Team,20251031-121Financial-Private-2,88.63682,NA,NA,9.16696,NA,NA,NA,78e623f9-aa27-4d61-8f19-ec9f4998400f,2025-10-31,23:29:54,2025-10-31T23:29:54Z,2025-10-31T23:29:54Z,NA,v3,471326,471297,NA,"Spelman, Conner",1000239666,Right,JUD,55.18342,-133.24983,16.03795,5.6763,-4.93574,-5.17768,-0.8348,0.47911,-5.07383,NA,NA,NA,NA,NA,NA,NA,NA,NA,NA,NA,NA,NA,NA,NA,NA,NA,NA,NA,NA,NA,NA,NA,NA,NA,NA,NA,NA,NA,NA,NA,NA,NA,NA,NA,NA,NA,NA,NA,NA,NA,NA,NA,NA,NA,NA,NA,NA,NA,NA,High,High,High,NA,NA,NA,NA,NA,NA,NA,NA,NA,NA,NA,NA,NA,NA,NA,NA,NA,NA,NA,NA,NA,NA,NA,NA,NA,NA,NA,NA,NA,NA,NA,NA,NA,NA
117,2025-10-31,19:30:14,"Pieto, Dominic",832156,Right,JUD,Undefined,2,1,FoulBallNotFieldable,ChangeUp,NA,NA,84.20534,-0.23874,-1.359896,2515.051184,80.653688,08:45:00,5.42313,1.0516,4.87924,-40.4614,0.66819,-4.13512,1.8254,-0.57989,76.93613,-7.558083,-2.088975,0.461582,1.66154,0.7248,-0.91427,50,5.36529,3.07969,-122.09892,-2.06836,2.49346,25.36693,-31.08633,61c93259-3d2e-46f2-aad7-7709c2c0dd96,NA,NA,NA,NA,58.135216,10147779,"Strayer, Cash",4626.536528,NA,101.24107,Left,-2.128994,NA,NA,NA,47.38067,42.37173,0.317989,55.438432,3.25624,2.41818,0.76787,NA,NA,NA,NA,NA,8e117220-b6b1-11f0-84b6-01d555e46d76,4,4,FLA_GAT,4,Top,2,Slider,Undefined,Undefined,Undefined,0,0,NA,JUD,FLA_GAT,121Financial,TeamExclusive,Team,20251031-121Financial-Private-2,81.65931,2.41818,NA,7.2692,NA,NA,NA,78e623f9-aa27-4d61-8f19-ec9f4998400f,2025-10-31,23:30:14,2025-10-31T23:30:14Z,2025-10-31T23:30:14Z,GroundBall,v3,471326,471297,NA,"Spelman, Conner",1000239666,Right,JUD,55.62011,-123.26101,12.68346,5.42742,-0.64426,-15.54317,-1.05274,2.96547,1.24673,NA,3.26023,78.16715,-12.2798,NA,NA,NA,NA,NA,NA,2.41662,-5.4501,-6.74547,NA,NA,NA,NA,NA,NA,0.77324,125.79726,-17.42284,NA,NA,NA,NA,NA,NA,NA,NA,NA,NA,NA,NA,NA,NA,NA,NA,NA,NA,NA,NA,NA,NA,NA,NA,NA,NA,NA,NA,High,High,High,Medium,Medium,NA,NA,NA,NA,NA,NA,NA,NA,NA,NA,NA,NA,NA,NA,NA,NA,NA,NA,NA,NA,NA,NA,NA,NA,NA,NA,NA,NA,NA,NA,NA,NA
118,2025-10-31,19:30:37,"Pieto, Dominic",832156,Right,JUD,Undefined,2,2,BallCalled,Slider,NA,NA,86.20091,-2.015313,-2.531517,1725.121309,237.838313,02:00:00,5.45739,1.20824,5.51908,-27.34879,11.89619,16.39107,1.29143,0.20571,76.93283,-7.130451,0.390381,0.450883,-9.13252,7.17469,-0.9989,50,5.26402,4.78599,-124.61515,-5.30373,-13.96327,31.49652,-21.20426,79d17b41-a78f-47a8-afa6-cdcb15d8d30a,NA,NA,NA,NA,NA,10147779,"Strayer, Cash",NA,NA,NA,Left,NA,NA,NA,NA,NA,NA,NA,NA,NA,NA,NA,NA,NA,NA,NA,NA,9b713680-b6b1-11f0-84b6-01d555e46d76,4,5,FLA_GAT,4,Top,2,Changeup,Undefined,Undefined,Undefined,0,0,NA,JUD,FLA_GAT,121Financial,TeamExclusive,Team,20251031-121Financial-Private-2,83.59703,NA,NA,9.26808,NA,NA,NA,78e623f9-aa27-4d61-8f19-ec9f4998400f,2025-10-31,23:30:37,2025-10-31T23:30:37Z,2025-10-31T23:30:37Z,NA,v3,471326,471297,NA,"Spelman, Conner",1000239666,Right,JUD,54.9746,-125.8662,15.74826,5.45796,-4.46149,-10.60213,-1.20002,5.34061,-6.98163,NA,NA,NA,NA,NA,NA,NA,NA,NA,NA,NA,NA,NA,NA,NA,NA,NA,NA,NA,NA,NA,NA,NA,NA,NA,NA,NA,NA,NA,NA,NA,NA,NA,NA,NA,NA,NA,NA,NA,NA,NA,NA,NA,NA,NA,NA,NA,NA,NA,NA,High,High,High,NA,NA,NA,NA,NA,NA,NA,NA,NA,NA,NA,NA,NA,NA,NA,NA,NA,NA,NA,NA,NA,NA,NA,NA,NA,NA,NA,NA,NA,NA,NA,NA,NA,NA
119,2025-10-31,19:30:55,"Pieto, Dominic",832156,Right,JUD,Undefined,3,2,BallinDirt,ChangeUp,NA,NA,86.14099,-2.789106,-3.019554,2061.63176,240.831475,02:00:00,5.42063,0.88888,5.47164,-29.10911,10.29237,15.5941,0.37911,-0.63995,77.07837,-8.19486,-0.242265,0.451781,-8.91945,6.62894,-0.63427,50,5.15571,5.88027,-124.42405,-7.06721,-13.60878,31.18365,-22.06,f0660683-8e45-474b-9a3e-2ce4ea227216,NA,NA,NA,NA,NA,10147779,"Strayer, Cash",NA,NA,NA,Left,NA,NA,NA,NA,NA,NA,NA,NA,NA,NA,NA,NA,NA,NA,NA,NA,a67cd1b0-b6b1-11f0-84b6-01d555e46d76,4,6,FLA_GAT,4,Top,2,Changeup,Walk,Undefined,Undefined,0,0,NA,JUD,FLA_GAT,121Financial,TeamExclusive,Team,20251031-121Financial-Private-2,83.43085,NA,NA,9.06263,NA,NA,NA,78e623f9-aa27-4d61-8f19-ec9f4998400f,2025-10-31,23:30:55,2025-10-31T23:30:55Z,2025-10-31T23:30:55Z,NA,v3,471326,471297,NA,"Spelman, Conner",1000239666,Right,JUD,55.02297,-125.67662,15.59182,5.42179,-6.18112,-11.03,-0.88145,6.4269,-6.80439,NA,NA,NA,NA,NA,NA,NA,NA,NA,NA,NA,NA,NA,NA,NA,NA,NA,NA,NA,NA,NA,NA,NA,NA,NA,NA,NA,NA,NA,NA,NA,NA,NA,NA,NA,NA,NA,NA,NA,NA,NA,NA,NA,NA,NA,NA,NA,NA,NA,NA,High,High,High,NA,NA,NA,NA,NA,NA,NA,NA,NA,NA,NA,NA,NA,NA,NA,NA,NA,NA,NA,NA,NA,NA,NA,NA,NA,NA,NA,NA,NA,NA,NA,NA,NA,NA
120,2025-10-31,19:31:29,"Pieto, Dominic",832156,Right,JUD,Undefined,0,0,StrikeSwinging,Fastball,NA,NA,90.45412,-1.591925,-1.109058,2497.99235,201.443105,12:45:00,5.71215,0.84256,5.29793,-12.69217,23.43328,8.59969,3.15924,0.51785,79.85192,-4.105929,0.416996,0.432592,-4.6452,12.64347,-0.74799,50,5.55893,2.10807,-130.6706,-3.93072,-7.7647,36.05239,-11.0399,1b998d4b-d96f-46d6-9c58-164aa4f7702f,NA,NA,NA,NA,NA,1000352389,"Malzone, Aj",NA,NA,NA,Left,NA,NA,NA,NA,NA,NA,NA,NA,NA,NA,NA,NA,NA,NA,NA,NA,bac56290-b6b1-11f0-84b6-01d555e46d76,5,1,FLA_GAT,4,Top,2,Four-Seam,Undefined,Undefined,Undefined,0,0,NA,JUD,FLA_GAT,121Financial,TeamExclusive,Team,20251031-121Financial-Private-2,87.1317,NA,NA,10.6022,NA,NA,NA,78e623f9-aa27-4d61-8f19-ec9f4998400f,2025-10-31,23:31:29,2025-10-31T23:31:29Z,2025-10-31T23:31:29Z,NA,v3,471326,471297,NA,"Spelman, Conner",1000239666,Right,JUD,55.19104,-132.09506,18.0262,5.70562,-3.49452,-5.51995,-0.83734,2.41486,-3.88235,NA,NA,NA,NA,NA,NA,NA,NA,NA,NA,NA,NA,NA,NA,NA,NA,NA,NA,NA,NA,NA,NA,NA,NA,NA,NA,NA,NA,NA,NA,NA,NA,NA,NA,NA,NA,NA,NA,NA,NA,NA,NA,NA,NA,NA,NA,NA,NA,NA,NA,High,High,High,NA,NA,NA,NA,NA,NA,NA,NA,NA,NA,NA,NA,NA,NA,NA,NA,NA,NA,NA,NA,NA,NA,NA,NA,NA,NA,NA,NA,NA,NA,NA,NA,NA,NA
121,2025-10-31,19:31:49,"Pieto, Dominic",832156,Right,JUD,Undefined,0,1,FoulBallNotFieldable,Fastball,NA,NA,90.89932,-1.946147,-1.180754,2483.750495,213.612889,01:00:00,5.6313,0.84008,5.22651,-15.0045,20.806,12.82977,2.55029,0.79906,80.46946,-4.854949,1.093421,0.430702,-6.82933,11.51083,-0.74131,50,5.44174,2.09287,-131.35703,-4.9032,-11.54461,36.2419,-12.71566,8e97b9a2-db4b-4521-8c0a-9bb92e78e604,NA,NA,NA,NA,-54.244086,1000352389,"Malzone, Aj",4190.296688,NA,80.11967,Left,64.560297,NA,NA,NA,NA,54.14237,NA,NA,0.10718,3.13093,-1.85017,NA,NA,NA,NA,NA,c620cb70-b6b1-11f0-84b6-01d555e46d76,5,2,FLA_GAT,4,Top,2,Four-Seam,Undefined,Undefined,Undefined,0,0,NA,JUD,FLA_GAT,121Financial,TeamExclusive,Team,20251031-121Financial-Private-2,87.51401,99.07698,NA,10.42985,NA,NA,NA,78e623f9-aa27-4d61-8f19-ec9f4998400f,2025-10-31,23:31:49,2025-10-31T23:31:49Z,2025-10-31T23:31:49Z,NA,v3,471326,471297,NA,"Spelman, Conner",1000239666,Right,JUD,55.26636,-132.80209,18.12095,5.62713,-4.39619,-6.35783,-0.83394,2.55319,-5.7723,NA,0.10718,29.49752,-15.5932,5.25372,-1.00632,-0.28686,0.43436,-0.20566,0.03751,3.13093,106.11435,-28.33272,3.32817,-0.59479,0.1833,-0.11373,0.04905,-0.00895,-1.85017,-40.96247,3.27108,-0.15371,-0.03694,-0.07637,0.09361,-0.04479,0.00833,NA,NA,NA,NA,NA,NA,NA,NA,NA,NA,NA,NA,NA,NA,NA,NA,NA,NA,NA,NA,NA,NA,High,High,High,Low,Undefined,NA,NA,NA,NA,NA,NA,NA,NA,NA,NA,NA,NA,NA,NA,NA,NA,NA,NA,NA,NA,NA,NA,NA,NA,NA,NA,NA,NA,NA,NA,NA,NA
122,2025-10-31,19:32:18,"Pieto, Dominic",832156,Right,JUD,Undefined,0,2,InPlay,Curveball,NA,NA,81.02495,1.401644,0.582847,2176.336286,26.758734,07:00:00,5.68735,1.19099,4.91022,-61.05684,-16.29643,-9.0091,1.92501,0.9914,73.61533,-9.578611,-1.009981,0.481524,4.65851,-8.12457,-1.23989,50,5.77238,-0.80837,-117.45435,0.51483,6.40138,25.63662,-43.33818,de1c4c8e-1a90-49f7-bf65-07d41bd052bf,NA,NA,NA,NA,31.559262,1000352389,"Malzone, Aj",NA,NA,80.33129,Left,-27.961353,NA,NA,NA,4.76911,4.76911,0.035184,11.203466,1.55171,1.94777,-0.99377,NA,NA,NA,NA,NA,d76c21e0-b6b1-11f0-84b6-01d555e46d76,5,3,FLA_GAT,4,Top,2,Curveball,Undefined,GroundBall,Out,1,0,NA,JUD,FLA_GAT,121Financial,TeamExclusive,Team,20251031-121Financial-Private-2,78.27731,1.94777,NA,7.40962,NA,NA,NA,78e623f9-aa27-4d61-8f19-ec9f4998400f,2025-10-31,23:32:18,2025-10-31T23:32:18Z,2025-10-31T23:32:18Z,GroundBall,v3,471326,471297,NA,"Spelman, Conner",1000239666,Right,JUD,55.59139,-118.6685,12.81831,5.69939,2.56733,-21.66909,-1.19443,-1.11154,3.20069,NA,1.55064,88.86246,NA,NA,NA,NA,NA,NA,NA,1.94844,-55.35992,NA,NA,NA,NA,NA,NA,NA,-0.99443,54.58149,NA,NA,NA,NA,NA,NA,NA,NA,NA,NA,NA,NA,NA,NA,NA,NA,NA,NA,NA,NA,NA,NA,NA,NA,NA,NA,NA,NA,NA,High,High,High,Estimated,Estimated,NA,NA,NA,NA,NA,NA,NA,NA,NA,NA,NA,NA,NA,NA,NA,NA,NA,NA,NA,NA,NA,NA,NA,NA,NA,NA,NA,NA,NA,NA,NA,NA
123,2025-10-31,19:34:59,"Sandefer, Russell",824531,Right,FLA_GAT,Undefined,0,0,BallCalled,Slider,NA,NA,81.54528,0.154651,-1.546177,2717.49687,72.282147,08:30:00,5.35467,3.45166,5.63248,-47.44176,-4.57823,-18.80804,1.54553,0.44139,74.45854,-8.508223,-4.907457,0.471211,9.03079,-1.91725,-3.30801,50,5.33774,3.95125,-118.34139,-1.32419,12.64424,25.25826,-34.85844,9c387282-e9a3-4dee-b307-50609d668262,NA,NA,NA,NA,NA,1000242117,"Grunberg, Sam",NA,NA,NA,Right,NA,NA,NA,NA,NA,NA,NA,NA,NA,NA,NA,NA,NA,NA,NA,NA,37d56050-b6b2-11f0-84b6-01d555e46d76,1,1,JUD,4,Bottom,0,Slider,Undefined,Undefined,Undefined,0,0,NA,JUD,FLA_GAT,121Financial,TeamExclusive,Team,20251031-121Financial-Private-2,79.99058,NA,NA,7.08674,NA,NA,NA,78e623f9-aa27-4d61-8f19-ec9f4998400f,2025-10-31,23:34:59,2025-10-31T23:34:59Z,2025-10-31T23:34:59Z,NA,v3,471326,471297,NA,"Malzone, Aj",1000352389,Right,FLA_GAT,54.867,-119.37567,12.62913,5.36274,0.10319,-17.42922,-3.45921,3.43349,6.32212,NA,NA,NA,NA,NA,NA,NA,NA,NA,NA,NA,NA,NA,NA,NA,NA,NA,NA,NA,NA,NA,NA,NA,NA,NA,NA,NA,NA,NA,NA,NA,NA,NA,NA,NA,NA,NA,NA,NA,NA,NA,NA,NA,NA,NA,NA,NA,NA,NA,NA,High,High,High,NA,NA,NA,NA,NA,NA,NA,NA,NA,NA,NA,NA,NA,NA,NA,NA,NA,NA,NA,NA,NA,NA,NA,NA,NA,NA,NA,NA,NA,NA,NA,NA,NA,NA
124,2025-10-31,19:35:14,"Sandefer, Russell",824531,Right,FLA_GAT,Undefined,1,0,StrikeCalled,Fastball,NA,NA,96.2819,-1.012057,-4.886993,2421.992161,250.194746,02:15:00,5.77893,3.10208,5.88862,-22.14167,8.31685,20.22359,2.99054,0.23863,87.35083,-5.151638,-1.272817,0.397215,-11.70087,4.86284,-2.7186,50,5.68441,10.96785,-139.34169,-3.26874,-22.88725,32.80551,-22.66222,71b012af-425e-41e7-9ead-d95d3d5824a1,NA,NA,NA,NA,NA,1000242117,"Grunberg, Sam",NA,NA,NA,Right,NA,NA,NA,NA,NA,NA,NA,NA,NA,NA,NA,NA,NA,NA,NA,NA,40a7fb70-b6b2-11f0-84b6-01d555e46d76,1,2,JUD,4,Bottom,0,Sinker,Undefined,Undefined,Undefined,0,0,NA,JUD,FLA_GAT,121Financial,TeamExclusive,Team,20251031-121Financial-Private-2,94.89175,NA,NA,8.93107,NA,NA,NA,78e623f9-aa27-4d61-8f19-ec9f4998400f,2025-10-31,23:35:14,2025-10-31T23:35:14Z,2025-10-31T23:35:14Z,NA,v3,471326,471297,NA,"Malzone, Aj",1000352389,Right,FLA_GAT,54.60938,-140.42269,16.40275,5.77982,-2.52198,-11.33111,-3.09244,11.72203,-11.44362,NA,NA,NA,NA,NA,NA,NA,NA,NA,NA,NA,NA,NA,NA,NA,NA,NA,NA,NA,NA,NA,NA,NA,NA,NA,NA,NA,NA,NA,NA,NA,NA,NA,NA,NA,NA,NA,NA,NA,NA,NA,NA,NA,NA,NA,NA,NA,NA,NA,NA,High,High,High,NA,NA,NA,NA,NA,NA,NA,NA,NA,NA,NA,NA,NA,NA,NA,NA,NA,NA,NA,NA,NA,NA,NA,NA,NA,NA,NA,NA,NA,NA,NA,NA,NA,NA
125,2025-10-31,19:35:28,"Sandefer, Russell",824531,Right,FLA_GAT,Undefined,1,1,BallCalled,Fastball,NA,NA,95.91871,-1.025344,-6.343643,2413.317788,245.636304,02:15:00,5.80677,3.04777,5.67091,-21.00458,10.11107,19.94659,3.09444,-1.22866,86.81608,-4.948964,-2.809048,0.401477,-11.88446,5.74465,-2.52267,50,5.70662,14.42667,-138.40193,-3.25565,-22.93298,32.37515,-21.08883,27d6d598-9b77-4f56-9a09-9698743744d0,NA,NA,NA,NA,NA,1000242117,"Grunberg, Sam",NA,NA,NA,Right,NA,NA,NA,NA,NA,NA,NA,NA,NA,NA,NA,NA,NA,NA,NA,NA,4907b080-b6b2-11f0-84b6-01d555e46d76,1,3,JUD,4,Bottom,0,Sinker,Undefined,Undefined,Undefined,0,0,NA,JUD,FLA_GAT,121Financial,TeamExclusive,Team,20251031-121Financial-Private-2,93.88438,NA,NA,9.10263,NA,NA,NA,78e623f9-aa27-4d61-8f19-ec9f4998400f,2025-10-31,23:35:28,2025-10-31T23:35:28Z,2025-10-31T23:35:28Z,NA,v3,471326,471297,NA,"Malzone, Aj",1000352389,Right,FLA_GAT,54.82645,-139.52636999999999,16.18758,5.80698,-2.5232,-10.54442,-3.03756,15.22317,-11.46649,NA,NA,NA,NA,NA,NA,NA,NA,NA,NA,NA,NA,NA,NA,NA,NA,NA,NA,NA,NA,NA,NA,NA,NA,NA,NA,NA,NA,NA,NA,NA,NA,NA,NA,NA,NA,NA,NA,NA,NA,NA,NA,NA,NA,NA,NA,NA,NA,NA,NA,High,High,High,NA,NA,NA,NA,NA,NA,NA,NA,NA,NA,NA,NA,NA,NA,NA,NA,NA,NA,NA,NA,NA,NA,NA,NA,NA,NA,NA,NA,NA,NA,NA,NA,NA,NA
126,2025-10-31,19:35:43,"Sandefer, Russell",824531,Right,FLA_GAT,Undefined,2,1,InPlay,Fastball,NA,NA,96.31595,-0.93972,-5.355438,2477.100586,238.182082,02:00:00,5.81234,2.94577,5.55085,-16.98552,13.97757,20.77159,3.51485,-0.34215,86.95813,-4.149889,-1.672661,0.400492,-12.14635,7.66095,-2.49563,50,5.7198,12.06048,-139.19168,-2.88303,-23.63196,33.65898,-17.26887,a2a08d71-0812-4ddb-b1fb-bab6ef1b12d2,NA,NA,NA,NA,15.674213,1000242117,"Grunberg, Sam",2771.717122,NA,95.74243,Right,9.763665,103.67129,12.62111,36.77124,198.00033,197.26471,1.768062,22.870958,1.37574,3.48352,0.3403,NA,NA,NA,NA,NA,51a299d0-b6b2-11f0-84b6-01d555e46d76,1,4,JUD,4,Bottom,0,Sinker,Undefined,LineDrive,Single,0,0,NA,JUD,FLA_GAT,121Financial,TeamExclusive,Team,20251031-121Financial-Private-2,94.11537,12.73138,NA,9.35782,NA,NA,NA,78e623f9-aa27-4d61-8f19-ec9f4998400f,2025-10-31,23:35:43,2025-10-31T23:35:43Z,2025-10-31T23:35:43Z,LineDrive,v3,471326,471297,NA,"Malzone, Aj",1000352389,Right,FLA_GAT,54.94797,-140.38309,16.82949,5.81103,-2.27178,-8.63444,-2.93734,12.89697,-11.81598,251.014586,1.37573,133.24357,-23.46338,4.80299,-1.27902,0.52767,-0.23111,0.06355,-0.00748,3.48353,23.81126,-16.05495,0.93687,0.18082,-0.39321,0.25521,-0.07939,0.0099,0.34033,37.3837,5.66949,-2.20899,1.24475,-0.97192,0.53851,-0.16133,0.01984,NA,NA,NA,NA,NA,NA,NA,NA,NA,NA,NA,NA,NA,NA,NA,NA,NA,NA,NA,NA,NA,NA,High,High,High,High,High,NA,NA,NA,NA,NA,NA,NA,NA,NA,NA,NA,NA,NA,NA,NA,NA,NA,NA,NA,NA,NA,NA,NA,NA,NA,NA,NA,NA,NA,NA,NA,NA
127,2025-10-31,19:36:17,"Sandefer, Russell",824531,Right,FLA_GAT,Undefined,0,0,BallCalled,Slider,NA,NA,84.75041,-1.95128,-6.834882,2150.061011,252.722057,02:30:00,5.35909,3.56076,5.94653,-31.59014,7.95288,21.13017,0.90308,-1.04811,77.06555,-7.808699,-3.072269,0.452591,-12.72072,5.09221,-3.02548,50,5.18516,13.7734,-122.17488,-5.2139,-19.12588,25.25437,-24.51778,e57d1541-57a0-4e1d-968a-c77ed281d984,NA,NA,NA,NA,NA,1000123232,"Souffrain, Manuel",NA,NA,NA,Left,NA,NA,NA,NA,NA,NA,NA,NA,NA,NA,NA,NA,NA,NA,NA,NA,65e70c00-b6b2-11f0-84b6-01d555e46d76,2,1,JUD,4,Bottom,0,Changeup,Undefined,Undefined,Undefined,0,0,NA,JUD,FLA_GAT,121Financial,TeamExclusive,Team,20251031-121Financial-Private-2,83.28137,NA,NA,7.68486,NA,NA,NA,78e623f9-aa27-4d61-8f19-ec9f4998400f,2025-10-31,23:36:17,2025-10-31T23:36:17Z,2025-10-31T23:36:17Z,NA,v3,471326,471297,NA,"Malzone, Aj",1000352389,Right,FLA_GAT,54.55096,-123.112,12.62719,5.36176,-4.30412,-12.25889,-3.54974,14.4831,-9.56294,NA,NA,NA,NA,NA,NA,NA,NA,NA,NA,NA,NA,NA,NA,NA,NA,NA,NA,NA,NA,NA,NA,NA,NA,NA,NA,NA,NA,NA,NA,NA,NA,NA,NA,NA,NA,NA,NA,NA,NA,NA,NA,NA,NA,NA,NA,NA,NA,NA,NA,High,High,High,NA,NA,NA,NA,NA,NA,NA,NA,NA,NA,NA,NA,NA,NA,NA,NA,NA,NA,NA,NA,NA,NA,NA,NA,NA,NA,NA,NA,NA,NA,NA,NA,NA,NA
128,2025-10-31,19:36:38,"Sandefer, Russell",824531,Right,FLA_GAT,Undefined,1,0,FoulBallNotFieldable,TwoSeamFastBall,NA,NA,90.40272,-0.260579,-4.238014,2484.508488,196.460202,12:30:00,5.60551,3.4903,5.60016,-25.55312,8.97626,2.34756,3.23215,-0.27776,83.0546,-4.977663,-3.820935,0.422927,-2.3174,4.92166,-3.12836,50,5.56653,9.60852,-131.03174,-1.50986,-4.04949,26.36485,-23.57374,9fca3b8b-d82e-43b6-b0ef-b3f32e83a03d,NA,NA,NA,NA,65.111723,1000123232,"Souffrain, Manuel",NA,NA,84.6999,Left,-19.147634,NA,NA,NA,10.63463,10.63463,0.078479,53.759762,2.39913,3.20751,0.19734,NA,NA,NA,NA,NA,72868da0-b6b2-11f0-84b6-01d555e46d76,2,2,JUD,4,Bottom,0,Cutter,Undefined,Undefined,Undefined,0,0,NA,JUD,FLA_GAT,121Financial,TeamExclusive,Team,20251031-121Financial-Private-2,89.1227,3.20751,NA,7.34813,NA,NA,NA,78e623f9-aa27-4d61-8f19-ec9f4998400f,2025-10-31,23:36:38,2025-10-31T23:36:38Z,2025-10-31T23:36:38Z,GroundBall,v3,471326,471297,NA,"Malzone, Aj",1000352389,Right,FLA_GAT,54.89932,-132.01385,13.18242,5.60642,-0.63172,-11.78687,-3.48909,9.75936,-2.02474,180,2.39722,49.53894,NA,NA,NA,NA,NA,NA,NA,3.20908,-40.87091,NA,NA,NA,NA,NA,NA,NA,0.19324,106.77971,NA,NA,NA,NA,NA,NA,NA,NA,NA,NA,NA,NA,NA,NA,NA,NA,NA,NA,NA,NA,NA,NA,NA,NA,NA,NA,NA,NA,NA,High,High,High,Low,Low,NA,NA,NA,NA,NA,NA,NA,NA,NA,NA,NA,NA,NA,NA,NA,NA,NA,NA,NA,NA,NA,NA,NA,NA,NA,NA,NA,NA,NA,NA,NA,NA
129,2025-10-31,19:37:04,"Sandefer, Russell",824531,Right,FLA_GAT,Undefined,1,1,FoulBallNotFieldable,Fastball,NA,NA,95.12398,-1.959216,-4.494461,2432.645207,248.152238,02:15:00,5.65954,3.41499,5.85647,-22.39745,8.80103,19.33824,1.96647,0.84217,86.55252,-6.136938,-1.03657,0.402011,-11.16438,5.37988,-3.06079,50,5.48699,9.9414,-137.70129,-5.52477,-21.34902,31.73985,-21.88638,37e6c7f9-d70f-465a-93c3-b66f86c43ba0,NA,NA,NA,NA,-69.885913,1000123232,"Souffrain, Manuel",2738.517343,NA,77.95826,Left,9.534239,NA,NA,NA,100.00839,100.00839,1.039749,-73.170821,0.01541,1.78472,-0.59498,NA,NA,NA,NA,NA,822c7170-b6b2-11f0-84b6-01d555e46d76,2,3,JUD,4,Bottom,0,Sinker,Undefined,Undefined,Undefined,0,0,NA,JUD,FLA_GAT,121Financial,TeamExclusive,Team,20251031-121Financial-Private-2,93.75972,6.14772,NA,8.57146,NA,NA,NA,78e623f9-aa27-4d61-8f19-ec9f4998400f,2025-10-31,23:37:04,2025-10-31T23:37:04Z,2025-10-31T23:37:04Z,GroundBall,v3,471326,471297,NA,"Malzone, Aj",1000352389,Right,FLA_GAT,54.64221,-138.76719,15.86993,5.66018,-4.78978,-10.94319,-3.40668,10.65835,-10.67451,NA,0.01541,38.77683,-14.43225,4.85482,-1.33337,0.33497,-0.07974,0.01569,-0.00179,1.78472,18.9387,-21.1215,1.2185,0.05489,-0.09055,0.03435,-0.0083,0.00111,-0.59498,-105.882,17.53512,-4.35537,0.92676,-0.18198,0.03474,-0.00557,5.3e-4,NA,NA,NA,NA,NA,NA,NA,NA,NA,NA,NA,NA,NA,NA,NA,NA,NA,NA,NA,NA,NA,NA,High,High,High,Medium,Medium,NA,NA,NA,NA,NA,NA,NA,NA,NA,NA,NA,NA,NA,NA,NA,NA,NA,NA,NA,NA,NA,NA,NA,NA,NA,NA,NA,NA,NA,NA,NA,NA
130,2025-10-31,19:37:27,"Sandefer, Russell",824531,Right,FLA_GAT,Undefined,1,2,StrikeCalled,Slider,NA,NA,81.83322,0.134458,-1.236927,2799.844754,77.786592,08:30:00,5.33002,3.59456,5.18684,-46.3377,-2.40744,-18.90277,1.59507,0.85548,73.55733,-8.311432,-4.588066,0.477038,8.92619,-0.71709,-3.46496,50,5.3079,3.37649,-118.45671,-1.42456,12.33982,28.33377,-33.16536,511f9ed8-a33a-4c24-b9fe-a7a67e43ec48,NA,NA,NA,NA,NA,1000123232,"Souffrain, Manuel",NA,NA,NA,Left,NA,NA,NA,NA,NA,NA,NA,NA,NA,NA,NA,NA,NA,NA,NA,NA,9020d4b0-b6b2-11f0-84b6-01d555e46d76,2,4,JUD,4,Bottom,0,Slider,Strikeout,Undefined,Undefined,0,0,NA,JUD,FLA_GAT,121Financial,TeamExclusive,Team,20251031-121Financial-Private-2,79.01346,NA,NA,8.2759,NA,NA,NA,78e623f9-aa27-4d61-8f19-ec9f4998400f,2025-10-31,23:37:27,2025-10-31T23:37:27Z,2025-10-31T23:37:27Z,NA,v3,471326,471297,NA,"Malzone, Aj",1000352389,Right,FLA_GAT,55.30912,-119.71987,14.16689,5.33845,0.05399,-16.58268,-3.60323,2.82636,6.16991,NA,NA,NA,NA,NA,NA,NA,NA,NA,NA,NA,NA,NA,NA,NA,NA,NA,NA,NA,NA,NA,NA,NA,NA,NA,NA,NA,NA,NA,NA,NA,NA,NA,NA,NA,NA,NA,NA,NA,NA,NA,NA,NA,NA,NA,NA,NA,NA,NA,NA,High,High,High,NA,NA,NA,NA,NA,NA,NA,NA,NA,NA,NA,NA,NA,NA,NA,NA,NA,NA,NA,NA,NA,NA,NA,NA,NA,NA,NA,NA,NA,NA,NA,NA,NA,NA
131,2025-10-31,19:37:53,"Sandefer, Russell",824531,Right,FLA_GAT,Undefined,0,0,BallCalled,Fastball,NA,NA,95.18056,-2.721863,-6.053842,2425.455246,236.577462,02:00:00,5.78188,3.16629,5.58326,-19.3193,12.50225,17.22505,1.61392,-1.07285,86.10588,-6.340154,-3.003898,0.406006,-10.45355,7.465,-2.65541,50,5.53414,13.72127,-137.20291,-7.24129,-19.77222,32.54987,-18.05445,1c676184-d964-4408-b80b-ad44d8f69a0b,NA,NA,NA,NA,NA,1000239666,"Spelman, Conner",NA,NA,NA,Right,NA,NA,NA,NA,NA,NA,NA,NA,NA,NA,NA,NA,NA,NA,NA,NA,9f581830-b6b2-11f0-84b6-01d555e46d76,3,1,JUD,4,Bottom,1,Sinker,Undefined,Undefined,Undefined,0,0,NA,JUD,FLA_GAT,121Financial,TeamExclusive,Team,20251031-121Financial-Private-2,92.8372,NA,NA,9.07467,NA,NA,NA,78e623f9-aa27-4d61-8f19-ec9f4998400f,2025-10-31,23:37:53,2025-10-31T23:37:53Z,2025-10-31T23:37:53Z,NA,v3,471326,471297,NA,"Malzone, Aj",1000352389,Right,FLA_GAT,54.91309,-138.36358,16.27493,5.78088,-6.5975,-9.02722,-3.15725,14.42631,-9.88611,NA,NA,NA,NA,NA,NA,NA,NA,NA,NA,NA,NA,NA,NA,NA,NA,NA,NA,NA,NA,NA,NA,NA,NA,NA,NA,NA,NA,NA,NA,NA,NA,NA,NA,NA,NA,NA,NA,NA,NA,NA,NA,NA,NA,NA,NA,NA,NA,NA,NA,High,High,High,NA,NA,NA,NA,NA,NA,NA,NA,NA,NA,NA,NA,NA,NA,NA,NA,NA,NA,NA,NA,NA,NA,NA,NA,NA,NA,NA,NA,NA,NA,NA,NA,NA,NA
132,2025-10-31,19:38:11,"Sandefer, Russell",824531,Right,FLA_GAT,Undefined,1,0,FoulBallNotFieldable,TwoSeamFastBall,NA,NA,89.64689,-0.3831,-3.131118,2513.239315,167.91656,11:30:00,5.57408,3.5351,5.84315,-29.40868,5.29705,-0.91457,2.7668,0.54616,82.52582,-5.809088,-3.294756,0.424006,-0.35689,3.11122,-3.27947,50,5.52546,7.15742,-130.1441,-1.90251,-0.6151,26.05898,-26.81185,11a77c35-c4e7-4fcb-999e-3fdf7b585455,NA,NA,NA,NA,63.541273,1000239666,"Spelman, Conner",3543.470927,NA,53.55348,Right,16.974535,NA,NA,NA,108.1094,106.30732,1.708869,65.953288,0.91345,2.66059,-0.57675,NA,NA,NA,NA,NA,aa5d23b0-b6b2-11f0-84b6-01d555e46d76,3,2,JUD,4,Bottom,1,Slider,Undefined,Undefined,Undefined,0,0,NA,JUD,FLA_GAT,121Financial,TeamExclusive,Team,20251031-121Financial-Private-2,88.89602,11.57475,NA,7.12107,NA,NA,NA,78e623f9-aa27-4d61-8f19-ec9f4998400f,2025-10-31,23:38:11,2025-10-31T23:38:11Z,2025-10-31T23:38:11Z,GroundBall,v3,471326,471297,NA,"Malzone, Aj",1000352389,Right,FLA_GAT,54.65626,-131.07311,13.02949,5.57625,-0.94665,-13.40593,-3.53503,7.17935,-0.30755,227.916289,0.91345,33.47141,-6.74983,1.51934,-0.30205,0.06561,-0.01929,0.0051,-6.5e-4,2.66059,22.9307,-15.15029,0.55141,-0.0204,-0.05011,0.04037,-0.0142,0.00203,-0.57675,67.2544,-7.40496,1.58706,-0.28622,0.04552,-0.00701,7.6e-4,-2e-5,NA,NA,NA,NA,NA,NA,NA,NA,NA,NA,NA,NA,NA,NA,NA,NA,NA,NA,NA,NA,NA,NA,High,High,High,High,Medium,NA,NA,NA,NA,NA,NA,NA,NA,NA,NA,NA,NA,NA,NA,NA,NA,NA,NA,NA,NA,NA,NA,NA,NA,NA,NA,NA,NA,NA,NA,NA,NA
133,2025-10-31,19:38:36,"Sandefer, Russell",824531,Right,FLA_GAT,Undefined,1,1,BallCalled,Fastball,NA,NA,95.87166,-2.974624,-6.361203,2323.068136,232.783693,01:45:00,5.76573,3.24811,5.64378,-17.39784,13.79548,16.75379,1.52147,-1.31399,87.09344,-6.244142,-3.394979,0.401978,-10.28642,8.15815,-2.71684,50,5.50057,14.61137,-138.18463,-7.8223,-19.82812,31.679,-16.44834,870a52bd-8db2-49b8-a3d2-dc586a7f6eaf,NA,NA,NA,NA,NA,1000239666,"Spelman, Conner",NA,NA,NA,Right,NA,NA,NA,NA,NA,NA,NA,NA,NA,NA,NA,NA,NA,NA,NA,NA,b8b6ff80-b6b2-11f0-84b6-01d555e46d76,3,3,JUD,4,Bottom,1,Sinker,Undefined,Undefined,Undefined,0,0,NA,JUD,FLA_GAT,121Financial,TeamExclusive,Team,20251031-121Financial-Private-2,93.76747,NA,NA,8.77823,NA,NA,NA,78e623f9-aa27-4d61-8f19-ec9f4998400f,2025-10-31,23:38:36,2025-10-31T23:38:36Z,2025-10-31T23:38:36Z,NA,v3,471326,471297,NA,"Malzone, Aj",1000352389,Right,FLA_GAT,54.85397,-139.29296,15.8395,5.76418,-7.24683,-8.22417,-3.24018,15.30509,-9.91406,NA,NA,NA,NA,NA,NA,NA,NA,NA,NA,NA,NA,NA,NA,NA,NA,NA,NA,NA,NA,NA,NA,NA,NA,NA,NA,NA,NA,NA,NA,NA,NA,NA,NA,NA,NA,NA,NA,NA,NA,NA,NA,NA,NA,NA,NA,NA,NA,NA,NA,High,High,High,NA,NA,NA,NA,NA,NA,NA,NA,NA,NA,NA,NA,NA,NA,NA,NA,NA,NA,NA,NA,NA,NA,NA,NA,NA,NA,NA,NA,NA,NA,NA,NA,NA,NA
134,2025-10-31,19:38:55,"Sandefer, Russell",824531,Right,FLA_GAT,Undefined,2,1,FoulBallNotFieldable,Fastball,NA,NA,94.7756,-2.337592,-5.437097,2235.435012,236.781074,02:00:00,5.86666,3.31585,5.57582,-19.50914,12.35363,17.21387,2.04653,-0.34314,86.15819,-5.983215,-2.384074,0.406269,-10.3489,7.2476,-2.85849,50,5.65192,12.24287,-136.91884,-6.30923,-19.5703,31.30995,-18.4685,f03653d2-16d7-4e36-9f9e-caded010cb39,NA,NA,NA,NA,-81.035154,1000239666,"Spelman, Conner",NA,NA,63.23626,Right,-44.479668,NA,NA,NA,2.96149,2.96149,0.032331,-37.51221,2.01446,2.109,0.31808,NA,NA,NA,NA,NA,c411f330-b6b2-11f0-84b6-01d555e46d76,3,4,JUD,4,Bottom,1,Sinker,Undefined,Undefined,Undefined,0,0,NA,JUD,FLA_GAT,121Financial,TeamExclusive,Team,20251031-121Financial-Private-2,92.77716,2.109,NA,8.61741,NA,NA,NA,78e623f9-aa27-4d61-8f19-ec9f4998400f,2025-10-31,23:38:55,2025-10-31T23:38:55Z,2025-10-31T23:38:55Z,GroundBall,v3,471326,471297,NA,"Malzone, Aj",1000352389,Right,FLA_GAT,54.92368,-138.04017,15.65498,5.86604,-5.6478,-9.23425,-3.30951,12.94376,-9.78515,NA,2.01425,10.35117,NA,NA,NA,NA,NA,NA,NA,2.11029,-65.23104,NA,NA,NA,NA,NA,NA,NA,0.31937,-65.61527,NA,NA,NA,NA,NA,NA,NA,NA,NA,NA,NA,NA,NA,NA,NA,NA,NA,NA,NA,NA,NA,NA,NA,NA,NA,NA,NA,NA,NA,High,High,High,Estimated,Estimated,NA,NA,NA,NA,NA,NA,NA,NA,NA,NA,NA,NA,NA,NA,NA,NA,NA,NA,NA,NA,NA,NA,NA,NA,NA,NA,NA,NA,NA,NA,NA,NA
135,2025-10-31,19:39:23,"Sandefer, Russell",824531,Right,FLA_GAT,Undefined,2,2,BallCalled,Fastball,NA,NA,95.91557,-2.889921,-6.729903,2452.25426,229.643994,01:45:00,5.84352,3.20597,5.61658,-13.67658,17.71044,19.50119,1.9857,-1.47884,86.5363,-5.51698,-3.283534,0.403224,-11.85355,10.1467,-2.64173,50,5.58644,15.35949,-138.08596,-7.43433,-22.70036,33.08817,-12.74241,bae80e51-cf8d-4d8d-94e1-c4234efa396a,NA,NA,NA,NA,NA,1000239666,"Spelman, Conner",NA,NA,NA,Right,NA,NA,NA,NA,NA,NA,NA,NA,NA,NA,NA,NA,NA,NA,NA,NA,d4f3d970-b6b2-11f0-84b6-01d555e46d76,3,5,JUD,4,Bottom,1,Sinker,Undefined,Undefined,Undefined,0,0,NA,JUD,FLA_GAT,121Financial,TeamExclusive,Team,20251031-121Financial-Private-2,93.47769,NA,NA,9.37927,NA,NA,NA,78e623f9-aa27-4d61-8f19-ec9f4998400f,2025-10-31,23:39:23,2025-10-31T23:39:23Z,2025-10-31T23:39:23Z,NA,v3,471326,471297,NA,"Malzone, Aj",1000352389,Right,FLA_GAT,54.88074,-139.25058,16.54409,5.84022,-6.98583,-6.37121,-3.19641,16.15848,-11.35018,NA,NA,NA,NA,NA,NA,NA,NA,NA,NA,NA,NA,NA,NA,NA,NA,NA,NA,NA,NA,NA,NA,NA,NA,NA,NA,NA,NA,NA,NA,NA,NA,NA,NA,NA,NA,NA,NA,NA,NA,NA,NA,NA,NA,NA,NA,NA,NA,NA,NA,High,High,High,NA,NA,NA,NA,NA,NA,NA,NA,NA,NA,NA,NA,NA,NA,NA,NA,NA,NA,NA,NA,NA,NA,NA,NA,NA,NA,NA,NA,NA,NA,NA,NA,NA,NA
136,2025-10-31,19:39:45,"Sandefer, Russell",824531,Right,FLA_GAT,Undefined,3,2,InPlay,Fastball,NA,NA,95.32666,-1.973751,-5.30395,2433.565064,251.004301,02:15:00,5.72224,3.35085,5.81094,-23.08702,8.08504,20.44048,1.95434,0.10802,86.73155,-6.269281,-1.658622,0.401841,-12.0117,4.99929,-2.92754,50,5.54601,11.87504,-137.84895,-5.60761,-23.02678,31.70653,-22.59026,eab52f7b-f77e-4883-8111-2c786af2425e,NA,NA,NA,NA,-23.665371,1000239666,"Spelman, Conner",NA,NA,86.94397,Right,-5.823999,NA,NA,NA,21.13093,21.13093,0.153456,-20.899604,2.05374,1.94243,0.08503,NA,NA,NA,NA,NA,e230d390-b6b2-11f0-84b6-01d555e46d76,3,6,JUD,4,Bottom,1,Sinker,Undefined,GroundBall,Single,0,0,NA,JUD,FLA_GAT,121Financial,TeamExclusive,Team,20251031-121Financial-Private-2,93.79941,1.94243,NA,8.5951,NA,NA,NA,78e623f9-aa27-4d61-8f19-ec9f4998400f,2025-10-31,23:39:45,2025-10-31T23:39:45Z,2025-10-31T23:39:45Z,GroundBall,v3,471326,471297,NA,"Malzone, Aj",1000352389,Right,FLA_GAT,54.68896,-138.92327,15.85326,5.72305,-4.84218,-11.29513,-3.34312,12.65526,-11.51339,197.65802,2.05378,116.18755,-6.06666,NA,NA,NA,NA,NA,NA,1.94215,-12.91582,1.70501,NA,NA,NA,NA,NA,NA,0.08488,-50.90771,8.03884,NA,NA,NA,NA,NA,NA,NA,NA,NA,NA,NA,NA,NA,NA,NA,NA,NA,NA,NA,NA,NA,NA,NA,NA,NA,NA,NA,NA,High,High,High,Medium,High,NA,NA,NA,NA,NA,NA,NA,NA,NA,NA,NA,NA,NA,NA,NA,NA,NA,NA,NA,NA,NA,NA,NA,NA,NA,NA,NA,NA,NA,NA,NA,NA
137,2025-10-31,19:40:33,"Sandefer, Russell",824531,Right,FLA_GAT,Undefined,0,0,BallCalled,Fastball,NA,NA,88.63066,0.790987,-3.950392,2638.20157,140.7862,10:45:00,5.6964,3.42879,5.61985,-31.60163,4.39445,-2.69402,3.8029,-0.48815,81.23755,-5.018366,-4.429217,0.431816,0.28638,2.35732,-3.08962,50,5.74375,8.98702,-128.44104,0.63122,0.47942,26.07156,-28.22777,7e6a0ad5-f5ba-4a8c-9980-2946bf3baca0,NA,NA,NA,NA,NA,1000077230,"Hodges, Clayton",NA,NA,NA,Right,NA,NA,NA,NA,NA,NA,NA,NA,NA,NA,NA,NA,NA,NA,NA,NA,fed744c0-b6b2-11f0-84b6-01d555e46d76,4,1,JUD,4,Bottom,1,Slider,Undefined,Undefined,Undefined,0,0,NA,JUD,FLA_GAT,121Financial,TeamExclusive,Team,20251031-121Financial-Private-2,87.28814,NA,NA,7.39311,NA,NA,NA,78e623f9-aa27-4d61-8f19-ec9f4998400f,2025-10-31,23:40:33,2025-10-31T23:40:33Z,2025-10-31T23:40:33Z,NA,v3,471326,471297,NA,"Malzone, Aj",1000352389,Right,FLA_GAT,54.87794,-129.42741,13.03578,5.69967,1.69916,-14.11388,-3.42928,8.96888,0.23971,NA,NA,NA,NA,NA,NA,NA,NA,NA,NA,NA,NA,NA,NA,NA,NA,NA,NA,NA,NA,NA,NA,NA,NA,NA,NA,NA,NA,NA,NA,NA,NA,NA,NA,NA,NA,NA,NA,NA,NA,NA,NA,NA,NA,NA,NA,NA,NA,NA,NA,High,High,High,NA,NA,NA,NA,NA,NA,NA,NA,NA,NA,NA,NA,NA,NA,NA,NA,NA,NA,NA,NA,NA,NA,NA,NA,NA,NA,NA,NA,NA,NA,NA,NA,NA,NA
138,2025-10-31,19:40:50,"Sandefer, Russell",824531,Right,FLA_GAT,Undefined,1,0,StrikeSwinging,Slider,NA,NA,81.23465,-0.189975,-3.603924,2846.769735,76.229389,08:30:00,5.34437,3.53137,5.4215,-47.46861,-3.19032,-19.69737,1.21036,-1.49027,73.41654,-8.82687,-7.095917,0.478924,8.5802,-1.0111,-3.19732,50,5.29511,8.21743,-117.46721,-2.06686,11.67517,27.6726,-33.54987,e583cf39-7ef8-4d63-baa4-03655edbce6e,NA,NA,NA,NA,NA,1000077230,"Hodges, Clayton",NA,NA,NA,Right,NA,NA,NA,NA,NA,NA,NA,NA,NA,NA,NA,NA,NA,NA,NA,NA,0932a2c0-b6b3-11f0-84b6-01d555e46d76,4,2,JUD,4,Bottom,1,Slider,Undefined,Undefined,Undefined,0,0,NA,JUD,FLA_GAT,121Financial,TeamExclusive,Team,20251031-121Financial-Private-2,78.70231,NA,NA,7.81811,NA,NA,NA,78e623f9-aa27-4d61-8f19-ec9f4998400f,2025-10-31,23:40:50,2025-10-31T23:40:50Z,2025-10-31T23:40:50Z,NA,v3,471326,471297,NA,"Malzone, Aj",1000352389,Right,FLA_GAT,55.07522,-118.65679,13.8363,5.35296,-0.62463,-16.77494,-3.53978,7.71554,5.83759,NA,NA,NA,NA,NA,NA,NA,NA,NA,NA,NA,NA,NA,NA,NA,NA,NA,NA,NA,NA,NA,NA,NA,NA,NA,NA,NA,NA,NA,NA,NA,NA,NA,NA,NA,NA,NA,NA,NA,NA,NA,NA,NA,NA,NA,NA,NA,NA,NA,NA,High,High,High,NA,NA,NA,NA,NA,NA,NA,NA,NA,NA,NA,NA,NA,NA,NA,NA,NA,NA,NA,NA,NA,NA,NA,NA,NA,NA,NA,NA,NA,NA,NA,NA,NA,NA
139,2025-10-31,19:41:25,"Sandefer, Russell",824531,Right,FLA_GAT,Undefined,1,1,BallCalled,Slider,NA,NA,80.99974,-0.010037,-4.281976,2810.651657,63.828201,08:15:00,5.33214,3.73957,5.17587,-53.13849,-8.35402,-20.17005,0.89446,-1.97799,73.75775,-9.572569,-7.836569,0.481654,8.5826,-3.67315,-3.32469,50,5.29105,9.61501,-117.08893,-1.97661,11.66311,26.46422,-37.16556,b4bd23aa-341f-4f7e-8246-194c00bbcdc0,NA,NA,NA,NA,NA,1000077230,"Hodges, Clayton",NA,NA,NA,Right,NA,NA,NA,NA,NA,NA,NA,NA,NA,NA,NA,NA,NA,NA,NA,NA,1de20bc0-b6b3-11f0-84b6-01d555e46d76,4,3,JUD,4,Bottom,1,Curveball,Undefined,Undefined,Undefined,0,0,NA,JUD,FLA_GAT,121Financial,TeamExclusive,Team,20251031-121Financial-Private-2,78.25627,NA,NA,7.242,NA,NA,NA,78e623f9-aa27-4d61-8f19-ec9f4998400f,2025-10-31,23:41:25,2025-10-31T23:41:25Z,2025-10-31T23:41:25Z,NA,v3,471326,471297,NA,"Malzone, Aj",1000352389,Right,FLA_GAT,55.3234,-118.286,13.23211,5.34243,-0.29548,-18.58278,-3.74768,9.08745,5.83156,NA,NA,NA,NA,NA,NA,NA,NA,NA,NA,NA,NA,NA,NA,NA,NA,NA,NA,NA,NA,NA,NA,NA,NA,NA,NA,NA,NA,NA,NA,NA,NA,NA,NA,NA,NA,NA,NA,NA,NA,NA,NA,NA,NA,NA,NA,NA,NA,NA,NA,High,High,High,NA,NA,NA,NA,NA,NA,NA,NA,NA,NA,NA,NA,NA,NA,NA,NA,NA,NA,NA,NA,NA,NA,NA,NA,NA,NA,NA,NA,NA,NA,NA,NA,NA,NA
140,2025-10-31,19:41:43,"Sandefer, Russell",824531,Right,FLA_GAT,Undefined,2,1,StrikeSwinging,Slider,NA,NA,82.99894,-0.949399,-4.205945,2814.376972,60.137192,08:00:00,5.43393,3.71361,5.41474,-50.39078,-8.13122,-16.73339,0.34282,-1.62806,75.62136,-10.043269,-7.172154,0.467879,7.03815,-3.39252,-3.32708,50,5.31418,9.51483,-120.0293,-3.81955,10.04941,27.83786,-37.01802,1e802e8b-b07f-4200-8616-d9721da7bbd2,NA,NA,NA,NA,NA,1000077230,"Hodges, Clayton",NA,NA,NA,Right,NA,NA,NA,NA,NA,NA,NA,NA,NA,NA,NA,NA,NA,NA,NA,NA,2871c030-b6b3-11f0-84b6-01d555e46d76,4,4,JUD,4,Bottom,1,Curveball,Undefined,Undefined,Undefined,0,0,NA,JUD,FLA_GAT,121Financial,TeamExclusive,Team,20251031-121Financial-Private-2,80.5602,NA,NA,7.37758,NA,NA,NA,78e623f9-aa27-4d61-8f19-ec9f4998400f,2025-10-31,23:41:43,2025-10-31T23:41:43Z,2025-10-31T23:41:43Z,NA,v3,471326,471297,NA,"Malzone, Aj",1000352389,Right,FLA_GAT,55.08497,-121.2029,13.91893,5.44231,-2.25893,-18.50901,-3.71928,9.09116,5.0247,NA,NA,NA,NA,NA,NA,NA,NA,NA,NA,NA,NA,NA,NA,NA,NA,NA,NA,NA,NA,NA,NA,NA,NA,NA,NA,NA,NA,NA,NA,NA,NA,NA,NA,NA,NA,NA,NA,NA,NA,NA,NA,NA,NA,NA,NA,NA,NA,NA,NA,High,High,High,NA,NA,NA,NA,NA,NA,NA,NA,NA,NA,NA,NA,NA,NA,NA,NA,NA,NA,NA,NA,NA,NA,NA,NA,NA,NA,NA,NA,NA,NA,NA,NA,NA,NA
141,2025-10-31,19:42:07,"Sandefer, Russell",824531,Right,FLA_GAT,Undefined,2,2,FoulBallNotFieldable,Slider,NA,NA,81.99027,-0.251211,-3.192213,2792.869063,69.530589,08:15:00,5.36504,3.66803,5.48746,-48.35621,-5.29477,-18.24568,1.09998,-0.84195,74.50922,-9.040233,-6.435518,0.472298,8.15682,-2.17307,-3.37536,50,5.31033,7.36313,-118.72753,-2.22738,11.40189,27.11932,-35.21167,608d45b4-c2c3-4c74-8d2c-468c259c4d00,NA,NA,NA,NA,110.14025,1000077230,"Hodges, Clayton",3896.776076,NA,61.42375,Right,33.148667,NA,NA,NA,NA,36.80654,NA,NA,1.27483,0.80566,0.60222,NA,NA,NA,NA,NA,36808940-b6b3-11f0-84b6-01d555e46d76,4,5,JUD,4,Bottom,1,Curveball,Undefined,Undefined,Undefined,0,0,NA,JUD,FLA_GAT,121Financial,TeamExclusive,Team,20251031-121Financial-Private-2,79.80655,18.99126,NA,7.48105,NA,NA,NA,78e623f9-aa27-4d61-8f19-ec9f4998400f,2025-10-31,23:42:07,2025-10-31T23:42:07Z,2025-10-31T23:42:07Z,NA,v3,471326,471297,NA,"Malzone, Aj",1000352389,Right,FLA_GAT,55.01167,-119.86681,13.55966,5.37283,-0.74814,-17.60583,-3.67463,6.88414,5.70095,NA,1.27483,-25.97084,-8.83094,3.21734,-0.90255,0.21144,-0.03684,-0.00495,0.00719,0.80566,49.26133,-27.86605,3.90512,-0.83402,0.15105,-0.01601,-0.01126,0.00866,0.60222,70.81446,-8.35892,0.23765,0.18772,-0.11911,0.04723,-0.02969,0.0129,NA,NA,NA,NA,NA,NA,NA,NA,NA,NA,NA,NA,NA,NA,NA,NA,NA,NA,NA,NA,NA,NA,High,High,High,Low,Undefined,NA,NA,NA,NA,NA,NA,NA,NA,NA,NA,NA,NA,NA,NA,NA,NA,NA,NA,NA,NA,NA,NA,NA,NA,NA,NA,NA,NA,NA,NA,NA,NA
142,2025-10-31,19:42:31,"Sandefer, Russell",824531,Right,FLA_GAT,Undefined,2,2,InPlay,Slider,NA,NA,82.52573,0.637166,-3.205274,2942.954117,88.83622,09:00:00,5.32336,3.6138,5.10383,-42.41668,1.38728,-18.71099,2.38995,-0.9687,73.54349,-7.120446,-6.501954,0.476352,8.0741,0.93669,-3.29591,50,5.35097,7.48856,-119.1549,-0.22005,11.19967,30.39152,-30.87474,dfc52901-00c8-4032-ab47-09e927d5c86f,NA,NA,NA,NA,-4.404353,1000077230,"Hodges, Clayton",2212.463819,NA,80.14525,Right,26.121271,109.89722,42.07276,-4.75392,264.75052,258.61891,3.640182,-0.635504,1.93214,2.48858,0.91387,NA,NA,NA,NA,NA,45215920-b6b3-11f0-84b6-01d555e46d76,4,6,JUD,4,Bottom,1,Slider,Undefined,LineDrive,Out,1,0,NA,JUD,FLA_GAT,121Financial,TeamExclusive,Team,20251031-121Financial-Private-2,79.12727,45.96813,NA,8.98224,NA,NA,NA,78e623f9-aa27-4d61-8f19-ec9f4998400f,2025-10-31,23:42:31,2025-10-31T23:42:31Z,2025-10-31T23:42:31Z,LineDrive,v3,471326,471297,NA,"Malzone, Aj",1000352389,Right,FLA_GAT,55.39099,-120.52207,15.19576,5.32963,1.16887,-15.43737,-3.62145,6.98474,5.59983,196.920981,1.93182,105.23797,-16.8889,3.8774,-0.88731,0.21497,-0.04496,0.00575,-3e-4,2.48894,51.74278,-16.6931,0.90541,-0.07833,-0.004,-0.00222,0.00185,-2.5e-4,0.91394,-8.10693,3.62885,-0.843,0.19399,-0.04664,0.00958,-0.0012,6e-5,NA,NA,NA,NA,NA,NA,NA,NA,NA,NA,NA,NA,NA,NA,NA,NA,NA,NA,NA,NA,NA,NA,High,High,High,High,High,NA,NA,NA,NA,NA,NA,NA,NA,NA,NA,NA,NA,NA,NA,NA,NA,NA,NA,NA,NA,NA,NA,NA,NA,NA,NA,NA,NA,NA,NA,NA,NA
143,2025-10-31,19:44:05,"Sandefer, Russell",824531,Right,FLA_GAT,Undefined,0,0,StrikeCalled,Slider,NA,NA,81.0769,0.38674,-1.826395,2660.851081,80.664029,08:45:00,5.36549,3.66434,5.4382,-45.60817,-1.13496,-17.45903,1.92714,0.49862,72.66916,-7.981249,-4.932458,0.479977,8.06237,-0.1713,-3.49053,50,5.36886,4.47236,-117.33761,-0.80251,10.90419,28.38486,-32.40573,d1983a67-55b4-4e2c-84fb-0e27d005fd1a,NA,NA,NA,NA,NA,1000116548,"Mummau, Sammy",NA,NA,NA,Right,NA,NA,NA,NA,NA,NA,NA,NA,NA,NA,NA,NA,NA,NA,NA,NA,7d0a65c0-b6b3-11f0-84b6-01d555e46d76,5,1,JUD,4,Bottom,2,Slider,Undefined,Undefined,Undefined,0,0,NA,JUD,FLA_GAT,121Financial,TeamExclusive,Team,20251031-121Financial-Private-2,78.52966,NA,NA,8.40774,NA,NA,NA,78e623f9-aa27-4d61-8f19-ec9f4998400f,2025-10-31,23:44:05,2025-10-31T23:44:05Z,2025-10-31T23:44:05Z,NA,v3,471326,471297,NA,"Malzone, Aj",1000352389,Right,FLA_GAT,55.05698,-118.55462,14.19243,5.37348,0.5869,-16.20287,-3.67226,4.00484,5.45209,NA,NA,NA,NA,NA,NA,NA,NA,NA,NA,NA,NA,NA,NA,NA,NA,NA,NA,NA,NA,NA,NA,NA,NA,NA,NA,NA,NA,NA,NA,NA,NA,NA,NA,NA,NA,NA,NA,NA,NA,NA,NA,NA,NA,NA,NA,NA,NA,NA,NA,High,High,High,NA,NA,NA,NA,NA,NA,NA,NA,NA,NA,NA,NA,NA,NA,NA,NA,NA,NA,NA,NA,NA,NA,NA,NA,NA,NA,NA,NA,NA,NA,NA,NA,NA,NA
144,2025-10-31,19:44:21,"Sandefer, Russell",824531,Right,FLA_GAT,Undefined,0,1,BallCalled,Fastball,NA,NA,95.06775,-0.785256,-5.823047,2430.57375,218.22801,01:15:00,5.80053,3.2012,5.69866,-13.84434,18.28706,13.40485,3.91126,-1.12666,84.60267,-3.475443,-3.44578,0.407978,-8.73308,9.86016,-2.71912,50,5.72595,13.32537,-137.01976,-2.27489,-16.22823,36.63727,-13.85142,7d1b643a-ecf2-454d-800f-42c96379de9a,NA,NA,NA,NA,NA,1000116548,"Mummau, Sammy",NA,NA,NA,Right,NA,NA,NA,NA,NA,NA,NA,NA,NA,NA,NA,NA,NA,NA,NA,NA,86e6f6d0-b6b3-11f0-84b6-01d555e46d76,5,2,JUD,4,Bottom,2,Four-Seam,Undefined,Undefined,Undefined,0,1,NA,JUD,FLA_GAT,121Financial,TeamExclusive,Team,20251031-121Financial-Private-2,92.38848,NA,NA,10.46508,NA,NA,NA,78e623f9-aa27-4d61-8f19-ec9f4998400f,2025-10-31,23:44:21,2025-10-31T23:44:21Z,2025-10-31T23:44:21Z,NA,v3,471326,471297,NA,"Malzone, Aj",1000352389,Right,FLA_GAT,54.79441,-138.29578,18.31864,5.79678,-1.79246,-6.92571,-3.19307,13.89058,-8.11411,NA,NA,NA,NA,NA,NA,NA,NA,NA,NA,NA,NA,NA,NA,NA,NA,NA,NA,NA,NA,NA,NA,NA,NA,NA,NA,NA,NA,NA,NA,NA,NA,NA,NA,NA,NA,NA,NA,NA,NA,NA,NA,NA,NA,NA,NA,NA,NA,NA,NA,High,High,High,NA,NA,NA,NA,NA,NA,NA,NA,NA,NA,NA,NA,NA,NA,NA,NA,NA,NA,NA,NA,NA,NA,NA,NA,NA,NA,NA,NA,NA,NA,NA,NA,NA,NA
145,2025-10-31,19:44:59,"Sandefer, Russell",824531,Right,FLA_GAT,Undefined,1,1,StrikeSwinging,Slider,NA,NA,82.14233,-0.258321,-2.713666,2947.382033,73.380421,08:30:00,5.37807,3.60378,5.42941,-47.47026,-4.15402,-19.4154,1.18002,-0.55754,74.00897,-8.909746,-6.164072,0.473693,8.76162,-1.49866,-3.34944,50,5.32274,6.44695,-118.86101,-2.23268,12.17467,28.8726,-34.25651,df3402b8-07bf-4151-a9e6-e4fd83ac3018,NA,NA,NA,NA,NA,1000116548,"Mummau, Sammy",NA,NA,NA,Right,NA,NA,NA,NA,NA,NA,NA,NA,NA,NA,NA,NA,NA,NA,NA,NA,9d641af0-b6b3-11f0-84b6-01d555e46d76,5,3,JUD,4,Bottom,2,Slider,Undefined,Undefined,Undefined,0,0,NA,JUD,FLA_GAT,121Financial,TeamExclusive,Team,20251031-121Financial-Private-2,79.57149,NA,NA,8.13337,NA,NA,NA,78e623f9-aa27-4d61-8f19-ec9f4998400f,2025-10-31,23:44:59,2025-10-31T23:44:59Z,2025-10-31T23:44:59Z,NA,v3,471326,471297,NA,"Malzone, Aj",1000352389,Right,FLA_GAT,55.06752,-120.08566,14.4363,5.38663,-0.77968,-17.12826,-3.61194,5.93056,6.08733,NA,NA,NA,NA,NA,NA,NA,NA,NA,NA,NA,NA,NA,NA,NA,NA,NA,NA,NA,NA,NA,NA,NA,NA,NA,NA,NA,NA,NA,NA,NA,NA,NA,NA,NA,NA,NA,NA,NA,NA,NA,NA,NA,NA,NA,NA,NA,NA,NA,NA,High,High,High,NA,NA,NA,NA,NA,NA,NA,NA,NA,NA,NA,NA,NA,NA,NA,NA,NA,NA,NA,NA,NA,NA,NA,NA,NA,NA,NA,NA,NA,NA,NA,NA,NA,NA
146,2025-10-31,19:45:17,"Sandefer, Russell",824531,Right,FLA_GAT,Undefined,1,2,FoulBallNotFieldable,Slider,NA,NA,82.38399,0.330367,-3.426314,2823.64301,88.347026,09:00:00,5.37065,3.331,5.51803,-41.90861,1.11366,-18.54958,2.18771,-1.42221,73.93742,-7.367205,-6.718888,0.472083,8.14922,0.88228,-3.01946,50,5.37173,7.89201,-119.12282,-0.75179,11.35956,29.255,-30.944210000000002,55859e0a-09a0-4969-ac13-9a5dbef28f4a,NA,NA,NA,NA,163.097465,1000116548,"Mummau, Sammy",6583.567416,NA,59.81079,Right,-3.642509,NA,NA,NA,14.1626,14.1626,0.162063,153.809132,0.78525,1.03204,1.98308,NA,NA,NA,NA,NA,a84a05b0-b6b3-11f0-84b6-01d555e46d76,5,4,JUD,4,Bottom,2,Slider,Undefined,Undefined,Undefined,0,0,NA,JUD,FLA_GAT,121Financial,TeamExclusive,Team,20251031-121Financial-Private-2,79.84286,1.03204,NA,8.44656,NA,NA,NA,78e623f9-aa27-4d61-8f19-ec9f4998400f,2025-10-31,23:45:17,2025-10-31T23:45:17Z,2025-10-31T23:45:17Z,GroundBall,v3,471326,471297,NA,"Malzone, Aj",1000352389,Right,FLA_GAT,54.97867,-120.33931,14.6275,5.37623,0.53494,-15.47211,-3.33781,7.41966,5.67978,149.734822,0.78521,-83.75998,3.07303,NA,NA,NA,NA,NA,NA,1.03202,-5.57152,-4.91417,NA,NA,NA,NA,NA,NA,1.98305,25.45538,5.42354,NA,NA,NA,NA,NA,NA,NA,NA,NA,NA,NA,NA,NA,NA,NA,NA,NA,NA,NA,NA,NA,NA,NA,NA,NA,NA,NA,NA,High,High,High,Low,Medium,NA,NA,NA,NA,NA,NA,NA,NA,NA,NA,NA,NA,NA,NA,NA,NA,NA,NA,NA,NA,NA,NA,NA,NA,NA,NA,NA,NA,NA,NA,NA,NA
147,2025-10-31,19:45:40,"Sandefer, Russell",824531,Right,FLA_GAT,Undefined,1,2,InPlay,TwoSeamFastBall,NA,NA,89.59248,0.132154,-5.03195,2523.758784,177.103397,12:00:00,5.63563,3.35388,5.66973,-28.32962,6.9676,-0.29728,3.39852,-1.37453,82.0157,-5.090247,-5.084702,0.427604,-1.24543,3.81418,-2.92784,50,5.6289,11.42995,-129.66757,-0.70348,-2.12111,27.03268,-25.67812,8ac97c9b-9ba5-43ac-ba13-d63d753a059c,NA,NA,NA,NA,-12.91554,1000116548,"Mummau, Sammy",NA,NA,71.22176,Right,-11.995306,NA,NA,NA,16.45522,15.72889,0.141703,-6.859338,2.49139,3.52335,1.26655,NA,NA,NA,NA,NA,b59864f0-b6b3-11f0-84b6-01d555e46d76,5,5,JUD,4,Bottom,2,Cutter,Undefined,GroundBall,Out,1,0,NA,JUD,FLA_GAT,121Financial,TeamExclusive,Team,20251031-121Financial-Private-2,88.14804,3.52335,NA,7.57678,NA,NA,NA,78e623f9-aa27-4d61-8f19-ec9f4998400f,2025-10-31,23:45:40,2025-10-31T23:45:40Z,2025-10-31T23:45:40Z,GroundBall,v3,471326,471297,NA,"Malzone, Aj",1000352389,Right,FLA_GAT,54.8293,-130.67048,13.51634,5.63733,0.24918,-12.83906,-3.35335,11.50865,-1.06056,16.990293,2.49143,99.58864,-13.25135,NA,NA,NA,NA,NA,NA,3.52368,-21.74117,-22.07303,NA,NA,NA,NA,NA,NA,1.2666,-22.84298,0.24867,NA,NA,NA,NA,NA,NA,NA,NA,NA,NA,NA,NA,NA,NA,NA,NA,NA,NA,NA,NA,NA,NA,NA,NA,NA,NA,NA,NA,High,High,High,High,High,NA,NA,NA,NA,NA,NA,NA,NA,NA,NA,NA,NA,NA,NA,NA,NA,NA,NA,NA,NA,NA,NA,NA,NA,NA,NA,NA,NA,NA,NA,NA,NA
148,2025-10-31,19:48:11,"Baker-Livingston, Ben",695492,Right,JUD,Undefined,0,0,InPlay,Fastball,NA,NA,91.2386,-3.04164,-2.38076,2353.929845,187.05223,12:15:00,6.21632,1.51019,5.70454,-14.61446,19.51844,2.26925,2.15931,-0.52023,82.89217,-5.834055,-1.975443,0.420492,-1.86906,11.19316,-1.31202,50,5.95219,5.39431,-132.14426,-7.45283,-3.28136,30.03179,-12.52302,d5611f27-d147-4f03-b720-a3d600bbb401,NA,NA,NA,NA,18.765628,703630,"Nadeau, Justin",NA,NA,78.47659,Left,-5.754113,NA,NA,NA,19.57482,18.52407,0.164346,17.93899,1.10587,2.1757,0.35897,NA,NA,NA,NA,NA,0fe9bb70-b6b4-11f0-84b6-01d555e46d76,1,1,FLA_GAT,5,Top,0,Four-Seam,Undefined,GroundBall,Out,1,0,NA,JUD,FLA_GAT,121Financial,TeamExclusive,Team,20251031-121Financial-Private-2,89.63886,2.1757,NA,8.34642,NA,NA,NA,78e623f9-aa27-4d61-8f19-ec9f4998400f,2025-10-31,23:48:11,2025-10-31T23:48:11Z,2025-10-31T23:48:11Z,GroundBall,v3,471326,471297,NA,"Spelman, Conner",1000239666,Right,JUD,54.79265,-133.22901,15.0159,6.21322,-7.00049,-6.26151,-1.509,5.51283,-1.64068,112.44883,1.10615,108.40967,-11.10238,NA,NA,NA,NA,NA,NA,2.17573,-11.54284,-10.32095,NA,NA,NA,NA,NA,NA,0.35958,36.79101,-13.97649,NA,NA,NA,NA,NA,NA,NA,NA,NA,NA,NA,NA,NA,NA,NA,NA,NA,NA,NA,NA,NA,NA,NA,NA,NA,NA,NA,NA,High,High,High,High,High,NA,NA,NA,NA,NA,NA,NA,NA,NA,NA,NA,NA,NA,NA,NA,NA,NA,NA,NA,NA,NA,NA,NA,NA,NA,NA,NA,NA,NA,NA,NA,NA
149,2025-10-31,19:48:41,"Baker-Livingston, Ben",695492,Right,JUD,Undefined,0,0,StrikeCalled,ChangeUp,NA,NA,83.70061,-0.149317,-2.110934,2449.387723,13.629314,06:30:00,6.07074,1.71803,5.2036,-41.36868,-0.15736,-0.37008,2.48283,-0.29901,76.37893,-7.674772,-2.176539,0.46204,-0.44449,0.39724,-1.5223,50,6.02588,4.48843,-121.33484,-1.85912,-0.65812,25.24967,-31.5859,0f841e10-9494-46c1-9a17-e8f850dfc0e5,NA,NA,NA,NA,NA,812807,"Jones, Kyle",NA,NA,NA,Right,NA,NA,NA,NA,NA,NA,NA,NA,NA,NA,NA,NA,NA,NA,NA,NA,219e33f0-b6b4-11f0-84b6-01d555e46d76,2,1,FLA_GAT,5,Top,1,Slider,Undefined,Undefined,Undefined,0,0,NA,JUD,FLA_GAT,121Financial,TeamExclusive,Team,20251031-121Financial-Private-2,81.57826,NA,NA,7.32168,NA,NA,NA,78e623f9-aa27-4d61-8f19-ec9f4998400f,2025-10-31,23:48:41,2025-10-31T23:48:41Z,2025-10-31T23:48:41Z,NA,v3,471326,471297,NA,"Spelman, Conner",1000239666,Right,JUD,55.29359,-122.43147,12.62484,6.07683,-0.48729,-15.79295,-1.71785,4.51701,-0.32906,NA,NA,NA,NA,NA,NA,NA,NA,NA,NA,NA,NA,NA,NA,NA,NA,NA,NA,NA,NA,NA,NA,NA,NA,NA,NA,NA,NA,NA,NA,NA,NA,NA,NA,NA,NA,NA,NA,NA,NA,NA,NA,NA,NA,NA,NA,NA,NA,NA,NA,High,High,High,NA,NA,NA,NA,NA,NA,NA,NA,NA,NA,NA,NA,NA,NA,NA,NA,NA,NA,NA,NA,NA,NA,NA,NA,NA,NA,NA,NA,NA,NA,NA,NA,NA,NA
150,2025-10-31,19:48:56,"Baker-Livingston, Ben",695492,Right,JUD,Undefined,0,1,InPlay,Fastball,NA,NA,90.56184,-1.960763,-1.410732,2390.386493,181.915233,12:00:00,6.22498,1.17829,5.79941,-23.53777,10.87847,0.32512,2.43856,-0.10698,82.46055,-6.351282,-1.352458,0.422234,-0.58827,6.47953,-1.06258,50,6.04983,3.22151,-131.37848,-5.29544,-1.02079,29.696,-20.93039,b832f19e-f872-4add-9ca9-eede49b959ca,NA,NA,NA,NA,-26.922438,812807,"Jones, Kyle",NA,NA,88.01202,Right,-24.561208,NA,NA,NA,6.87187,6.16029,0.048385,-22.293079,1.28145,2.6022,-0.02871,NA,NA,NA,NA,NA,2a8ce290-b6b4-11f0-84b6-01d555e46d76,2,2,FLA_GAT,5,Top,1,Cutter,Undefined,GroundBall,Out,1,0,NA,JUD,FLA_GAT,121Financial,TeamExclusive,Team,20251031-121Financial-Private-2,89.26908,2.6022,NA,8.10129,NA,NA,NA,78e623f9-aa27-4d61-8f19-ec9f4998400f,2025-10-31,23:48:56,2025-10-31T23:48:56Z,2025-10-31T23:48:56Z,GroundBall,v3,471326,471297,NA,"Spelman, Conner",1000239666,Right,JUD,54.69827,-132.43619,14.848,6.22517,-4.54994,-10.46519,-1.17797,3.25787,-0.51039,180,1.27955,104.92413,NA,NA,NA,NA,NA,NA,NA,2.60318,-53.78087,NA,NA,NA,NA,NA,NA,NA,-0.02774,-53.28273,NA,NA,NA,NA,NA,NA,NA,NA,NA,NA,NA,NA,NA,NA,NA,NA,NA,NA,NA,NA,NA,NA,NA,NA,NA,NA,NA,NA,NA,High,High,High,Low,Low,NA,NA,NA,NA,NA,NA,NA,NA,NA,NA,NA,NA,NA,NA,NA,NA,NA,NA,NA,NA,NA,NA,NA,NA,NA,NA,NA,NA,NA,NA,NA,NA
151,2025-10-31,19:49:28,"Baker-Livingston, Ben",695492,Right,JUD,Undefined,0,0,BallCalled,ChangeUp,NA,NA,82.96408,-1.148917,-1.318506,2516.759974,120.597417,10:00:00,5.99383,1.76157,5.40028,-38.44809,3.05225,-2.88709,1.7128,0.28525,76.03137,-8.166541,-1.832714,0.463657,1.06626,2.2937,-1.64199,50,5.86465,2.89144,-120.35854,-3.78045,1.55801,24.20285,-28.82247,7054dcca-5a1d-40aa-a3bc-9f0897f0e1c9,NA,NA,NA,NA,NA,804404,"Kurland, Cade",NA,NA,NA,Right,NA,NA,NA,NA,NA,NA,NA,NA,NA,NA,NA,NA,NA,NA,NA,NA,3d6eb780-b6b4-11f0-84b6-01d555e46d76,3,1,FLA_GAT,5,Top,2,Slider,Undefined,Undefined,Undefined,0,0,NA,JUD,FLA_GAT,121Financial,TeamExclusive,Team,20251031-121Financial-Private-2,81.29373,NA,NA,6.93271,NA,NA,NA,78e623f9-aa27-4d61-8f19-ec9f4998400f,2025-10-31,23:49:28,2025-10-31T23:49:28Z,2025-10-31T23:49:28Z,NA,v3,471326,471297,NA,"Spelman, Conner",1000239666,Right,JUD,55.09685,-121.37914,12.10142,5.99844,-2.56505,-14.41123,-1.76253,2.82574,0.779,NA,NA,NA,NA,NA,NA,NA,NA,NA,NA,NA,NA,NA,NA,NA,NA,NA,NA,NA,NA,NA,NA,NA,NA,NA,NA,NA,NA,NA,NA,NA,NA,NA,NA,NA,NA,NA,NA,NA,NA,NA,NA,NA,NA,NA,NA,NA,NA,NA,NA,High,High,High,NA,NA,NA,NA,NA,NA,NA,NA,NA,NA,NA,NA,NA,NA,NA,NA,NA,NA,NA,NA,NA,NA,NA,NA,NA,NA,NA,NA,NA,NA,NA,NA,NA,NA
152,2025-10-31,19:49:41,"Baker-Livingston, Ben",695492,Right,JUD,Undefined,1,0,StrikeCalled,ChangeUp,NA,NA,82.62103,0.647989,-0.766358,2469.437699,87.052051,09:00:00,6.02274,1.81505,5.27124,-40.97479,1.19146,-4.18705,3.21692,0.74624,75.23433,-6.839666,-1.509805,0.467362,1.85043,0.8661,-1.74189,50,6.05214,1.78333,-119.82542,-0.1363,2.6712,24.6952,-30.92377,becd51d6-8462-4ead-ab69-3ec49bb0964f,NA,NA,NA,NA,NA,804404,"Kurland, Cade",NA,NA,NA,Right,NA,NA,NA,NA,NA,NA,NA,NA,NA,NA,NA,NA,NA,NA,NA,NA,459a1620-b6b4-11f0-84b6-01d555e46d76,3,2,FLA_GAT,5,Top,2,Slider,Undefined,Undefined,Undefined,0,0,NA,JUD,FLA_GAT,121Financial,TeamExclusive,Team,20251031-121Financial-Private-2,80.64926,NA,NA,7.38669,NA,NA,NA,78e623f9-aa27-4d61-8f19-ec9f4998400f,2025-10-31,23:49:41,2025-10-31T23:49:41Z,2025-10-31T23:49:41Z,NA,v3,471326,471297,NA,"Spelman, Conner",1000239666,Right,JUD,55.22507,-120.89748,12.3476,6.02892,1.20615,-15.46189,-1.81679,1.66737,1.3356,NA,NA,NA,NA,NA,NA,NA,NA,NA,NA,NA,NA,NA,NA,NA,NA,NA,NA,NA,NA,NA,NA,NA,NA,NA,NA,NA,NA,NA,NA,NA,NA,NA,NA,NA,NA,NA,NA,NA,NA,NA,NA,NA,NA,NA,NA,NA,NA,NA,NA,High,High,High,NA,NA,NA,NA,NA,NA,NA,NA,NA,NA,NA,NA,NA,NA,NA,NA,NA,NA,NA,NA,NA,NA,NA,NA,NA,NA,NA,NA,NA,NA,NA,NA,NA,NA
153,2025-10-31,19:49:56,"Baker-Livingston, Ben",695492,Right,JUD,Undefined,1,1,InPlay,ChangeUp,NA,NA,82.36648,0.633092,-0.499007,2485.099621,98.481934,09:15:00,5.98168,1.63127,5.11212,-40.28475,2.13701,-5.35544,3.22109,0.71487,75.42519,-6.698847,-1.447118,0.468776,2.53343,1.26303,-1.57989,50,6.00982,1.26832,-119.53603,-0.1553,3.66081,23.32482,-30.34895,458d9b0c-78fb-4886-ba0f-898a2032a868,NA,NA,NA,NA,4.537261,804404,"Kurland, Cade",NA,NA,73.54381,Right,75.522338,NA,NA,NA,32.77782,19.8438,5.372242,4.953398,0.6843,2.98858,-0.86327,NA,NA,NA,NA,NA,4e3fadd0-b6b4-11f0-84b6-01d555e46d76,3,3,FLA_GAT,5,Top,2,Slider,Undefined,Popup,Out,1,0,NA,JUD,FLA_GAT,121Financial,TeamExclusive,Team,20251031-121Financial-Private-2,80.40601,123.8933,NA,6.94129,NA,NA,NA,78e623f9-aa27-4d61-8f19-ec9f4998400f,2025-10-31,23:49:56,2025-10-31T23:49:56Z,2025-10-31T23:49:56Z,Popup,v3,471326,471297,NA,"Spelman, Conner",1000239666,Right,JUD,55.38656,-120.58252,11.66241,5.98624,1.20633,-15.17448,-1.6331,1.10408,1.83041,180.24069,0.68451,26.88941,-15.05677,5.65405,-1.64218,0.41705,-0.07899,0.00871,-4e-4,2.99351,104.37591,-28.12715,3.27763,-0.64695,0.19327,-0.05434,0.0079,-4.3e-4,-0.86348,2.13768,-1.01442,0.38339,-0.1168,0.03058,-0.00572,6.1e-4,-3e-5,NA,NA,NA,NA,NA,NA,NA,NA,NA,NA,NA,NA,NA,NA,NA,NA,NA,NA,NA,NA,NA,NA,High,High,High,High,Low,NA,NA,NA,NA,NA,NA,NA,NA,NA,NA,NA,NA,NA,NA,NA,NA,NA,NA,NA,NA,NA,NA,NA,NA,NA,NA,NA,NA,NA,NA,NA,NA
154,2025-10-31,19:52:24,"Sandefer, Russell",824531,Right,FLA_GAT,Undefined,0,0,BallCalled,Fastball,NA,NA,94.72674,-2.725878,-2.164934,2459.348966,245.644443,02:15:00,5.66088,3.32649,5.46619,-21.28497,10.58737,21.01848,1.33222,3.05089,86.2756,-6.671434,1.579556,0.40633,-11.14737,6.45555,-3.15038,50,5.40645,4.17422,-137.25573,-7.33237,-21.15352,31.87146,-19.92378,fcfc0999-8229-46dc-84f7-8a50c171e202,NA,NA,NA,NA,NA,1000075153,"Edmonds, Blake",NA,NA,NA,Left,NA,NA,NA,NA,NA,NA,NA,NA,NA,NA,NA,NA,NA,NA,NA,NA,a6d04180-b6b4-11f0-84b6-01d555e46d76,1,1,JUD,5,Bottom,0,Sinker,Undefined,Undefined,Undefined,0,0,NA,JUD,FLA_GAT,121Financial,TeamExclusive,Team,20251031-121Financial-Private-2,92.76322,NA,NA,8.45114,NA,NA,NA,78e623f9-aa27-4d61-8f19-ec9f4998400f,2025-10-31,23:52:24,2025-10-31T23:52:24Z,2025-10-31T23:52:24Z,NA,v3,471326,471297,NA,"Malzone, Aj",1000352389,Right,FLA_GAT,55.03147,-138.41914,15.93573,5.66083,-6.60509,-9.96189,-3.31685,4.9463800000000004,-10.57676,NA,NA,NA,NA,NA,NA,NA,NA,NA,NA,NA,NA,NA,NA,NA,NA,NA,NA,NA,NA,NA,NA,NA,NA,NA,NA,NA,NA,NA,NA,NA,NA,NA,NA,NA,NA,NA,NA,NA,NA,NA,NA,NA,NA,NA,NA,NA,NA,NA,NA,High,High,High,NA,NA,NA,NA,NA,NA,NA,NA,NA,NA,NA,NA,NA,NA,NA,NA,NA,NA,NA,NA,NA,NA,NA,NA,NA,NA,NA,NA,NA,NA,NA,NA,NA,NA
155,2025-10-31,19:52:39,"Sandefer, Russell",824531,Right,FLA_GAT,Undefined,1,0,BallCalled,ChangeUp,NA,NA,81.91886,1.170395,-3.658772,2110.645178,260.939337,02:45:00,5.40105,3.3264,6.08742,-36.94108,4.78189,21.09655,3.40768,1.69526,74.31577,-5.713849,0.134164,0.464899,-11.87414,2.56996,-3.05432,50,5.47235,6.7686,-118.75537,1.2763,-16.82393,24.40838,-28.53279,f08e0f0c-6a1a-4a63-a8a1-95b34b8f5956,NA,NA,NA,NA,NA,1000075153,"Edmonds, Blake",NA,NA,NA,Left,NA,NA,NA,NA,NA,NA,NA,NA,NA,NA,NA,NA,NA,NA,NA,NA,af86c920-b6b4-11f0-84b6-01d555e46d76,1,2,JUD,5,Bottom,0,Changeup,Undefined,Undefined,Undefined,0,0,NA,JUD,FLA_GAT,121Financial,TeamExclusive,Team,20251031-121Financial-Private-2,81.07654,NA,NA,7.6031,NA,NA,NA,78e623f9-aa27-4d61-8f19-ec9f4998400f,2025-10-31,23:52:39,2025-10-31T23:52:39Z,2025-10-31T23:52:39Z,NA,v3,471326,471297,NA,"Malzone, Aj",1000352389,Right,FLA_GAT,54.41052,-119.65846,12.20419,5.4056,2.33198,-14.26639,-3.31626,7.39106,-8.41197,NA,NA,NA,NA,NA,NA,NA,NA,NA,NA,NA,NA,NA,NA,NA,NA,NA,NA,NA,NA,NA,NA,NA,NA,NA,NA,NA,NA,NA,NA,NA,NA,NA,NA,NA,NA,NA,NA,NA,NA,NA,NA,NA,NA,NA,NA,NA,NA,NA,NA,High,High,High,NA,NA,NA,NA,NA,NA,NA,NA,NA,NA,NA,NA,NA,NA,NA,NA,NA,NA,NA,NA,NA,NA,NA,NA,NA,NA,NA,NA,NA,NA,NA,NA,NA,NA
156,2025-10-31,19:52:55,"Sandefer, Russell",824531,Right,FLA_GAT,Undefined,2,0,BallCalled,Fastball,NA,NA,93.29698,-1.86658,-2.976435,2474.851803,232.064586,01:45:00,5.74524,2.99655,5.64055,-17.3454,15.37139,18.26737,2.55556,1.73973,84.54993,-5.148329,0.283209,0.411677,-10.10241,8.67256,-2.75525,50,5.5756,6.17793,-135.16893,-4.9775,-18.54732,31.56886,-16.25182,e7b6f548-55b7-46b1-8b12-054fed0a3a44,NA,NA,NA,NA,NA,1000075153,"Edmonds, Blake",NA,NA,NA,Left,NA,NA,NA,NA,NA,NA,NA,NA,NA,NA,NA,NA,NA,NA,NA,NA,b8e80fb0-b6b4-11f0-84b6-01d555e46d76,1,3,JUD,5,Bottom,0,Four-Seam,Undefined,Undefined,Undefined,0,0,NA,JUD,FLA_GAT,121Financial,TeamExclusive,Team,20251031-121Financial-Private-2,91.55825,NA,NA,8.74704,NA,NA,NA,78e623f9-aa27-4d61-8f19-ec9f4998400f,2025-10-31,23:52:55,2025-10-31T23:52:55Z,2025-10-31T23:52:55Z,NA,v3,471326,471297,NA,"Malzone, Aj",1000352389,Right,FLA_GAT,54.85645,-136.29844,15.78443,5.74329,-4.39602,-8.12591,-2.98816,6.84154,-9.27366,NA,NA,NA,NA,NA,NA,NA,NA,NA,NA,NA,NA,NA,NA,NA,NA,NA,NA,NA,NA,NA,NA,NA,NA,NA,NA,NA,NA,NA,NA,NA,NA,NA,NA,NA,NA,NA,NA,NA,NA,NA,NA,NA,NA,NA,NA,NA,NA,NA,NA,High,High,High,NA,NA,NA,NA,NA,NA,NA,NA,NA,NA,NA,NA,NA,NA,NA,NA,NA,NA,NA,NA,NA,NA,NA,NA,NA,NA,NA,NA,NA,NA,NA,NA,NA,NA
157,2025-10-31,19:53:13,"Sandefer, Russell",824531,Right,FLA_GAT,Undefined,3,0,BallCalled,Fastball,NA,NA,94.8708,-2.038377,-6.276496,2514.094768,235.38431,01:45:00,5.6542,3.1298,5.84518,-16.37847,15.28926,20.52123,2.38286,-1.01621,85.73261,-5.157628,-2.627616,0.405023,-12.51146,8.77599,-2.62994,50,5.47795,14.15335,-136.90713,-5.4251,-23.54856,32.57794,-15.65624,22874cda-9eba-4032-8594-8815fa58b5a5,NA,NA,NA,NA,NA,1000075153,"Edmonds, Blake",NA,NA,NA,Left,NA,NA,NA,NA,NA,NA,NA,NA,NA,NA,NA,NA,NA,NA,NA,NA,c3d0b990-b6b4-11f0-84b6-01d555e46d76,1,4,JUD,5,Bottom,0,Four-Seam,Walk,Undefined,Undefined,0,0,NA,JUD,FLA_GAT,121Financial,TeamExclusive,Team,20251031-121Financial-Private-2,93.06241,NA,NA,9.13819,NA,NA,NA,78e623f9-aa27-4d61-8f19-ec9f4998400f,2025-10-31,23:53:13,2025-10-31T23:53:13Z,2025-10-31T23:53:13Z,NA,v3,471326,471297,NA,"Malzone, Aj",1000352389,Right,FLA_GAT,54.65492,-138.01035,16.28897,5.65269,-4.89491,-7.82812,-3.12274,14.9508,-11.77428,NA,NA,NA,NA,NA,NA,NA,NA,NA,NA,NA,NA,NA,NA,NA,NA,NA,NA,NA,NA,NA,NA,NA,NA,NA,NA,NA,NA,NA,NA,NA,NA,NA,NA,NA,NA,NA,NA,NA,NA,NA,NA,NA,NA,NA,NA,NA,NA,NA,NA,High,High,High,NA,NA,NA,NA,NA,NA,NA,NA,NA,NA,NA,NA,NA,NA,NA,NA,NA,NA,NA,NA,NA,NA,NA,NA,NA,NA,NA,NA,NA,NA,NA,NA,NA,NA
158,2025-10-31,19:53:45,"Sandefer, Russell",824531,Right,FLA_GAT,Undefined,0,0,StrikeCalled,TwoSeamFastBall,NA,NA,88.67731,0.136562,-3.645347,2621.566229,184.348157,12:15:00,5.56798,3.38749,5.90493,-29.45864,5.97548,0.37441,3.24011,0.03035,81.52519,-5.312158,-3.578358,0.428432,-1.15453,3.35638,-3.09457,50,5.5621,8.18116,-128.65918,-0.70396,-1.94479,25.45918,-26.52038,6e6979e9-6514-4223-abb6-e0bff0a391f0,NA,NA,NA,NA,NA,701385,"Bermudez, Derek",NA,NA,NA,Right,NA,NA,NA,NA,NA,NA,NA,NA,NA,NA,NA,NA,NA,NA,NA,NA,d68a1ef0-b6b4-11f0-84b6-01d555e46d76,2,1,JUD,5,Bottom,0,Slider,Undefined,Undefined,Undefined,0,0,NA,JUD,FLA_GAT,121Financial,TeamExclusive,Team,20251031-121Financial-Private-2,87.9776,NA,NA,7.15212,NA,NA,NA,78e623f9-aa27-4d61-8f19-ec9f4998400f,2025-10-31,23:53:45,2025-10-31T23:53:45Z,2025-10-31T23:53:45Z,NA,v3,471326,471297,NA,"Malzone, Aj",1000352389,Right,FLA_GAT,54.59336,-129.56493,12.72959,5.57036,0.23954,-13.26019,-3.38686,8.25034,-0.9724,NA,NA,NA,NA,NA,NA,NA,NA,NA,NA,NA,NA,NA,NA,NA,NA,NA,NA,NA,NA,NA,NA,NA,NA,NA,NA,NA,NA,NA,NA,NA,NA,NA,NA,NA,NA,NA,NA,NA,NA,NA,NA,NA,NA,NA,NA,NA,NA,NA,NA,High,High,High,NA,NA,NA,NA,NA,NA,NA,NA,NA,NA,NA,NA,NA,NA,NA,NA,NA,NA,NA,NA,NA,NA,NA,NA,NA,NA,NA,NA,NA,NA,NA,NA,NA,NA
159,2025-10-31,19:53:59,"Sandefer, Russell",824531,Right,FLA_GAT,Undefined,0,1,StrikeSwinging,Slider,NA,NA,80.93413,0.925934,-3.579877,2749.458345,89.873319,09:00:00,5.29407,3.43605,5.50462,-42.36605,1.35843,-18.25466,2.6313,-1.43755,74.01798,-6.813327,-6.816465,0.47592,8.12028,0.84016,-3.11066,50,5.34675,8.07012,-117.2418,0.45201,11.20795,23.89808,-31.01443,2a19e1cb-665e-4748-a26d-0a2131fdea10,NA,NA,NA,NA,NA,701385,"Bermudez, Derek",NA,NA,NA,Right,NA,NA,NA,NA,NA,NA,NA,NA,NA,NA,NA,NA,NA,NA,NA,NA,deec4500-b6b4-11f0-84b6-01d555e46d76,2,2,JUD,5,Bottom,0,Slider,Undefined,Undefined,Undefined,0,0,NA,JUD,FLA_GAT,121Financial,TeamExclusive,Team,20251031-121Financial-Private-2,79.19917,NA,NA,6.91615,NA,NA,NA,78e623f9-aa27-4d61-8f19-ec9f4998400f,2025-10-31,23:53:59,2025-10-31T23:53:59Z,2025-10-31T23:53:59Z,NA,v3,471326,471297,NA,"Malzone, Aj",1000352389,Right,FLA_GAT,54.99401,-118.25538,11.94904,5.29969,1.76741,-15.50722,-3.44285,7.59477,5.60398,NA,NA,NA,NA,NA,NA,NA,NA,NA,NA,NA,NA,NA,NA,NA,NA,NA,NA,NA,NA,NA,NA,NA,NA,NA,NA,NA,NA,NA,NA,NA,NA,NA,NA,NA,NA,NA,NA,NA,NA,NA,NA,NA,NA,NA,NA,NA,NA,NA,NA,High,High,High,NA,NA,NA,NA,NA,NA,NA,NA,NA,NA,NA,NA,NA,NA,NA,NA,NA,NA,NA,NA,NA,NA,NA,NA,NA,NA,NA,NA,NA,NA,NA,NA,NA,NA
160,2025-10-31,19:54:15,"Sandefer, Russell",824531,Right,FLA_GAT,Undefined,0,2,BallinDirt,Slider,NA,NA,83.11274,-1.34,-4.424215,2819.086612,79.455285,08:45:00,5.28461,3.53473,5.50558,-42.95924,-1.36508,-14.54418,0.44751,-1.82312,76.309,-9.117002,-7.003323,0.464181,6.04142,0.08102,-3.13767,50,5.1383,9.89086,-120.26333,-4.32986,8.76152,25.45071,-32.05654,e1246094-38de-4787-9eed-c63c31f083fe,NA,NA,NA,NA,NA,701385,"Bermudez, Derek",NA,NA,NA,Right,NA,NA,NA,NA,NA,NA,NA,NA,NA,NA,NA,NA,NA,NA,NA,NA,e8aee570-b6b4-11f0-84b6-01d555e46d76,2,3,JUD,5,Bottom,0,Slider,Undefined,Undefined,Undefined,0,0,NA,JUD,FLA_GAT,121Financial,TeamExclusive,Team,20251031-121Financial-Private-2,81.20198,NA,NA,6.80374,NA,NA,NA,78e623f9-aa27-4d61-8f19-ec9f4998400f,2025-10-31,23:54:15,2025-10-31T23:54:15Z,2025-10-31T23:54:15Z,NA,v3,471326,471297,NA,"Malzone, Aj",1000352389,Right,FLA_GAT,54.99408,-121.31559,12.72535,5.28992,-3.00447,-16.02827,-3.53912,9.52861,4.38076,NA,NA,NA,NA,NA,NA,NA,NA,NA,NA,NA,NA,NA,NA,NA,NA,NA,NA,NA,NA,NA,NA,NA,NA,NA,NA,NA,NA,NA,NA,NA,NA,NA,NA,NA,NA,NA,NA,NA,NA,NA,NA,NA,NA,NA,NA,NA,NA,NA,NA,High,High,High,NA,NA,NA,NA,NA,NA,NA,NA,NA,NA,NA,NA,NA,NA,NA,NA,NA,NA,NA,NA,NA,NA,NA,NA,NA,NA,NA,NA,NA,NA,NA,NA,NA,NA
161,2025-10-31,19:54:36,"Sandefer, Russell",824531,Right,FLA_GAT,Undefined,1,2,FoulBallNotFieldable,TwoSeamFastBall,NA,NA,89.55235,-0.147123,-4.057817,2598.037672,206.305241,01:00:00,5.56657,3.1536,6.06332,-27.0858,7.74189,3.27229,3.17292,-0.33543,81.67414,-5.198445,-3.471002,0.42475,-2.86154,4.36359,-2.84017,50,5.54067,9.07414,-129.80681,-1.22791,-4.86547,28.05219,-24.75468,3a440857-cdb1-4437-9789-4d21b970ebe2,NA,NA,NA,NA,76.534867,701385,"Bermudez, Derek",2569.751944,NA,81.7968,Right,45.666526,NA,NA,NA,NA,73.20109,NA,NA,1.52611,3.41206,-0.83234,NA,NA,NA,NA,NA,f573a250-b6b4-11f0-84b6-01d555e46d76,2,4,JUD,5,Bottom,0,Cutter,Undefined,Undefined,Undefined,0,0,NA,JUD,FLA_GAT,121Financial,TeamExclusive,Team,20251031-121Financial-Private-2,88.74019,72.11843,NA,7.8782,NA,NA,NA,78e623f9-aa27-4d61-8f19-ec9f4998400f,2025-10-31,23:54:36,2025-10-31T23:54:36Z,2025-10-31T23:54:36Z,NA,v3,471326,471297,NA,"Malzone, Aj",1000352389,Right,FLA_GAT,54.43474,-130.76167,14.0261,5.56812,-0.38529,-12.37734,-3.15187,9.23975,-2.43273,NA,1.52611,19.52387,-11.93045,4.19762,-2.72429,3.79598,-3.7461700000000002,1.94899,-0.4128,3.41207,85.81034,-21.49607,1.33113,1.0048,-2.38917,2.48974,-1.31172,0.27957,-0.83235,81.53434,-15.57302,3.99895,-1.6553,1.90518,-1.83029,0.94441,-0.19903,NA,NA,NA,NA,NA,NA,NA,NA,NA,NA,NA,NA,NA,NA,NA,NA,NA,NA,NA,NA,NA,NA,High,High,High,Low,Undefined,NA,NA,NA,NA,NA,NA,NA,NA,NA,NA,NA,NA,NA,NA,NA,NA,NA,NA,NA,NA,NA,NA,NA,NA,NA,NA,NA,NA,NA,NA,NA,NA
162,2025-10-31,19:54:57,"Sandefer, Russell",824531,Right,FLA_GAT,Undefined,1,2,InPlay,Slider,NA,NA,82.55808,0.888955,-3.499546,2690.153478,91.055332,09:00:00,5.30052,3.44928,5.51554,-40.24101,1.58697,-15.76784,2.77993,-1.14099,75.69031,-6.463277,-6.29696,0.465484,7.01835,0.87972,-3.13297,50,5.35095,7.94689,-119.67105,0.47474,10.13062,24.09295,-30.90419,902c536f-20f3-44b0-b984-740c58fa4e7c,NA,NA,NA,NA,22.937525,701385,"Bermudez, Derek",NA,NA,78.19419,Right,69.027381,NA,NA,NA,NA,93.51056,NA,NA,2.59505,2.69729,0.59269,NA,NA,NA,NA,NA,019baa00-b6b5-11f0-84b6-01d555e46d76,2,5,JUD,5,Bottom,0,Slider,Undefined,Popup,Out,1,0,NA,JUD,FLA_GAT,121Financial,TeamExclusive,Team,20251031-121Financial-Private-2,80.97469,109.83517,NA,6.86776,NA,NA,NA,78e623f9-aa27-4d61-8f19-ec9f4998400f,2025-10-31,23:54:57,2025-10-31T23:54:57Z,2025-10-31T23:54:57Z,NA,v3,471326,471297,NA,"Malzone, Aj",1000352389,Right,FLA_GAT,54.98464,-120.67041,12.04647,5.30467,1.75664,-15.4521,-3.45389,7.52667,5.06531,185.536612,2.59505,37.80424,-15.79297,5.331,-1.27802,0.17193,0.04525,-0.03277,0.00593,2.69729,107.08625,-26.49256,2.73239,-0.36996,0.04866,-0.02297,0.01002,-0.00179,0.59269,15.99777,-3.3552,0.91791,-0.18763,0.0221,0.00629,-0.00417,7.2e-4,NA,NA,NA,NA,NA,NA,NA,NA,NA,NA,NA,NA,NA,NA,NA,NA,NA,NA,NA,NA,NA,NA,High,High,High,Medium,Undefined,NA,NA,NA,NA,NA,NA,NA,NA,NA,NA,NA,NA,NA,NA,NA,NA,NA,NA,NA,NA,NA,NA,NA,NA,NA,NA,NA,NA,NA,NA,NA,NA
163,2025-10-31,19:55:39,"Sandefer, Russell",824531,Right,FLA_GAT,Undefined,0,0,StrikeCalled,Fastball,NA,NA,93.48334,-2.144462,-5.543401,2511.103186,248.068507,02:15:00,5.67884,3.03481,5.7298,-23.26442,9.24536,20.26194,1.73268,-0.45544,85.15343,-6.468466,-1.937936,0.410373,-11.85489,5.63697,-2.58385,50,5.48491,12.1893,-135.09501,-5.91603,-21.86588,29.96673,-21.77684,e360ffd1-88ef-47f7-b457-88a395ec5571,NA,NA,NA,NA,NA,10075720,"Hentz, Cade",NA,NA,NA,Right,NA,NA,NA,NA,NA,NA,NA,NA,NA,NA,NA,NA,NA,NA,NA,NA,1aa4f740-b6b5-11f0-84b6-01d555e46d76,3,1,JUD,5,Bottom,1,Sinker,Undefined,Undefined,Undefined,0,0,NA,JUD,FLA_GAT,121Financial,TeamExclusive,Team,20251031-121Financial-Private-2,91.84929,NA,NA,8.32991,NA,NA,NA,78e623f9-aa27-4d61-8f19-ec9f4998400f,2025-10-31,23:55:39,2025-10-31T23:55:39Z,2025-10-31T23:55:39Z,NA,v3,471326,471297,NA,"Malzone, Aj",1000352389,Right,FLA_GAT,54.76915,-136.14879,14.98337,5.67949,-5.15024,-10.88842,-3.026,12.95822,-10.93294,NA,NA,NA,NA,NA,NA,NA,NA,NA,NA,NA,NA,NA,NA,NA,NA,NA,NA,NA,NA,NA,NA,NA,NA,NA,NA,NA,NA,NA,NA,NA,NA,NA,NA,NA,NA,NA,NA,NA,NA,NA,NA,NA,NA,NA,NA,NA,NA,NA,NA,High,High,High,NA,NA,NA,NA,NA,NA,NA,NA,NA,NA,NA,NA,NA,NA,NA,NA,NA,NA,NA,NA,NA,NA,NA,NA,NA,NA,NA,NA,NA,NA,NA,NA,NA,NA
164,2025-10-31,19:55:54,"Sandefer, Russell",824531,Right,FLA_GAT,Undefined,0,1,StrikeSwinging,Fastball,NA,NA,95.01741,-0.954625,-5.506978,2552.979808,239.739526,02:00:00,5.8585,3.16026,5.55856,-17.34111,14.73221,23.17245,3.51729,-0.06972,85.09299,-4.251093,-1.398611,0.407609,-13.38402,8.07052,-2.69863,50,5.7646,12.09484,-137.14209,-2.87385,-25.08552,34.81802,-17.04758,125af740-55ba-488d-bc76-51b6f4183f25,NA,NA,NA,NA,NA,10075720,"Hentz, Cade",NA,NA,NA,Right,NA,NA,NA,NA,NA,NA,NA,NA,NA,NA,NA,NA,NA,NA,NA,NA,23e87ca0-b6b5-11f0-84b6-01d555e46d76,3,2,JUD,5,Bottom,1,Sinker,Undefined,Undefined,Undefined,0,0,NA,JUD,FLA_GAT,121Financial,TeamExclusive,Team,20251031-121Financial-Private-2,92.47213,NA,NA,9.92442,NA,NA,NA,78e623f9-aa27-4d61-8f19-ec9f4998400f,2025-10-31,23:55:54,2025-10-31T23:55:54Z,2025-10-31T23:55:54Z,NA,v3,471326,471297,NA,"Malzone, Aj",1000352389,Right,FLA_GAT,54.9377,-138.39001,17.40901,5.85665,-2.26284,-8.52379,-3.14823,12.99393,-12.54276,NA,NA,NA,NA,NA,NA,NA,NA,NA,NA,NA,NA,NA,NA,NA,NA,NA,NA,NA,NA,NA,NA,NA,NA,NA,NA,NA,NA,NA,NA,NA,NA,NA,NA,NA,NA,NA,NA,NA,NA,NA,NA,NA,NA,NA,NA,NA,NA,NA,NA,High,High,High,NA,NA,NA,NA,NA,NA,NA,NA,NA,NA,NA,NA,NA,NA,NA,NA,NA,NA,NA,NA,NA,NA,NA,NA,NA,NA,NA,NA,NA,NA,NA,NA,NA,NA
165,2025-10-31,19:56:30,"Sandefer, Russell",824531,Right,FLA_GAT,Undefined,0,2,BallinDirt,Slider,NA,NA,83.3319,-1.234157,-4.439697,2823.454398,62.894555,08:00:00,5.29236,3.50195,5.53055,-47.97361,-6.33839,-15.15658,0.13725,-1.91956,76.12792,-9.90658,-7.130464,0.46441,6.2678,-2.46784,-3.10508,50,5.15269,9.96714,-120.52368,-4.30475,9.05363,27.35088,-35.73878,785d83cf-9d33-40a1-9b9f-e98b812fb54c,NA,NA,NA,NA,NA,10075720,"Hentz, Cade",NA,NA,NA,Right,NA,NA,NA,NA,NA,NA,NA,NA,NA,NA,NA,NA,NA,NA,NA,NA,38f68060-b6b5-11f0-84b6-01d555e46d76,3,3,JUD,5,Bottom,1,Curveball,Undefined,Undefined,Undefined,0,0,NA,JUD,FLA_GAT,121Financial,TeamExclusive,Team,20251031-121Financial-Private-2,81.16195,NA,NA,7.20397,NA,NA,NA,78e623f9-aa27-4d61-8f19-ec9f4998400f,2025-10-31,23:56:30,2025-10-31T23:56:30Z,2025-10-31T23:56:30Z,NA,v3,471326,471297,NA,"Malzone, Aj",1000352389,Right,FLA_GAT,54.96953,-121.64621,13.67544,5.29927,-2.83797,-17.86939,-3.50652,9.59556,4.52681,NA,NA,NA,NA,NA,NA,NA,NA,NA,NA,NA,NA,NA,NA,NA,NA,NA,NA,NA,NA,NA,NA,NA,NA,NA,NA,NA,NA,NA,NA,NA,NA,NA,NA,NA,NA,NA,NA,NA,NA,NA,NA,NA,NA,NA,NA,NA,NA,NA,NA,High,High,High,NA,NA,NA,NA,NA,NA,NA,NA,NA,NA,NA,NA,NA,NA,NA,NA,NA,NA,NA,NA,NA,NA,NA,NA,NA,NA,NA,NA,NA,NA,NA,NA,NA,NA
166,2025-10-31,19:57:07,"Sandefer, Russell",824531,Right,FLA_GAT,Undefined,1,2,FoulBallNotFieldable,Fastball,NA,NA,94.39327,-1.887641,-5.926677,2456.593762,233.692337,01:45:00,5.81916,3.31697,5.38029,-15.64442,16.92241,21.43182,2.73583,-0.47262,85.12563,-4.861093,-2.144756,0.410733,-12.5139,9.38764,-2.80054,50,5.63874,13.09775,-136.15451,-5.02719,-23.28856,32.2962,-14.70353,7d787784-39d5-403a-b9d6-c5146e22c469,NA,NA,NA,NA,37.878483,10075720,"Hentz, Cade",4840.107236,NA,93.8553,Right,11.141208,81.65004,15.60134,73.71052,208.78414,208.78414,2.056001,46.227402,0.02555,2.75524,0.21097,NA,NA,NA,NA,NA,4f5a9e40-b6b5-11f0-84b6-01d555e46d76,3,4,JUD,5,Bottom,1,Four-Seam,Undefined,Undefined,Undefined,0,0,NA,JUD,FLA_GAT,121Financial,TeamExclusive,Team,20251031-121Financial-Private-2,91.7688,15.60586,NA,9.26764,NA,NA,NA,78e623f9-aa27-4d61-8f19-ec9f4998400f,2025-10-31,23:57:07,2025-10-31T23:57:07Z,2025-10-31T23:57:07Z,LineDrive,v3,471326,471297,NA,"Malzone, Aj",1000352389,Right,FLA_GAT,55.11736,-137.36299,16.1481,5.81655,-4.47699,-7.35177,-3.30695,13.96918,-11.64428,NA,0.02555,106.60514,-26.92639,6.62277,-1.52248,0.34356,-0.07013,0.01048,-7.9e-4,2.75525,26.59773,-13.71543,-0.25178,0.29692,-0.11405,0.03001,-0.0051,4.2e-4,0.21097,82.92544,-7.27678,1.85412,-0.43987,0.10171,-0.0211,0.00319,-2.4e-4,NA,NA,NA,NA,NA,NA,NA,NA,NA,NA,NA,NA,NA,NA,NA,NA,NA,NA,NA,NA,NA,NA,High,High,High,Medium,Medium,NA,NA,NA,NA,NA,NA,NA,NA,NA,NA,NA,NA,NA,NA,NA,NA,NA,NA,NA,NA,NA,NA,NA,NA,NA,NA,NA,NA,NA,NA,NA,NA
167,2025-10-31,19:58:02,"Sandefer, Russell",824531,Right,FLA_GAT,Undefined,1,2,InPlay,Slider,NA,NA,81.65154,1.069562,-2.728686,2712.115577,76.11744,08:30:00,5.3789,3.39945,5.55962,-46.59794,-3.27886,-19.53391,2.49625,-0.77963,73.8391,-7.461827,-6.203977,0.473708,8.98375,-1.60787,-3.15039,50,5.44076,6.42303,-118.26356,0.60094,12.4475,27.11139,-34.40187,309e3218-1065-4721-95cc-eab4d06dea5c,NA,NA,NA,NA,27.982696,10075720,"Hentz, Cade",3533.761448,NA,84.03321,Right,33.437411,91.99228,60.69028,60.31067,292.21967,248.1022,4.510226,38.640645,0.73545,2.27352,0.75697,NA,NA,NA,NA,NA,703c9640-b6b5-11f0-84b6-01d555e46d76,3,5,JUD,5,Bottom,1,Slider,Undefined,FlyBall,Out,1,0,NA,JUD,FLA_GAT,121Financial,TeamExclusive,Team,20251031-121Financial-Private-2,79.56886,69.64556,NA,7.81244,NA,NA,NA,78e623f9-aa27-4d61-8f19-ec9f4998400f,2025-10-31,23:58:02,2025-10-31T23:58:02Z,2025-10-31T23:58:02Z,FlyBall,v3,471326,471297,NA,"Malzone, Aj",1000352389,Right,FLA_GAT,54.93917,-119.39047,13.5557,5.38606,2.0309,-17.20094,-3.40661,5.90564,6.22375,216.063125,0.74011,90.70855,-21.7832,5.24,-0.44215,-0.24209,0.10022,-0.01491,8e-4,2.27116,67.96087,-19.11443,1.05086,0.02706,-0.09137,0.04393,-0.00869,6e-4,0.75687,48.25946,-1.78283,-0.49281,0.30757,-0.09623,0.02046,-0.00261,1.4e-4,NA,NA,NA,NA,NA,NA,NA,NA,NA,NA,NA,NA,NA,NA,NA,NA,NA,NA,NA,NA,NA,NA,High,High,High,High,Medium,NA,NA,NA,NA,NA,NA,NA,NA,NA,NA,NA,NA,NA,NA,NA,NA,NA,NA,NA,NA,NA,NA,NA,NA,NA,NA,NA,NA,NA,NA,NA,NA
168,2025-10-31,19:58:38,"Sandefer, Russell",824531,Right,FLA_GAT,Undefined,0,0,StrikeCalled,TwoSeamFastBall,NA,NA,88.59597,-0.652038,-3.800827,2452.858987,210.473539,01:00:00,5.56588,3.4026,5.89985,-29.04458,6.70067,3.27169,2.53883,0.14162,81.00283,-6.035059,-3.215373,0.430309,-2.73937,3.9789,-3.09841,50,5.49683,8.39218,-128.41501,-2.45762,-4.56792,26.93778,-25.53921,139dba24-7dc3-4983-bebb-c30338def163,NA,NA,NA,NA,NA,1000091508,"Shields, Jonah",NA,NA,NA,Right,NA,NA,NA,NA,NA,NA,NA,NA,NA,NA,NA,NA,NA,NA,NA,NA,8572bb70-b6b5-11f0-84b6-01d555e46d76,4,1,JUD,5,Bottom,2,Slider,Undefined,Undefined,Undefined,0,0,NA,JUD,FLA_GAT,121Financial,TeamExclusive,Team,20251031-121Financial-Private-2,87.59382,NA,NA,7.59315,NA,NA,NA,78e623f9-aa27-4d61-8f19-ec9f4998400f,2025-10-31,23:58:38,2025-10-31T23:58:38Z,2025-10-31T23:58:38Z,NA,v3,471326,471297,NA,"Malzone, Aj",1000352389,Right,FLA_GAT,54.59693,-129.37573,13.46889,5.56824,-1.54679,-12.76961,-3.40061,8.55509,-2.28396,NA,NA,NA,NA,NA,NA,NA,NA,NA,NA,NA,NA,NA,NA,NA,NA,NA,NA,NA,NA,NA,NA,NA,NA,NA,NA,NA,NA,NA,NA,NA,NA,NA,NA,NA,NA,NA,NA,NA,NA,NA,NA,NA,NA,NA,NA,NA,NA,NA,NA,High,High,High,NA,NA,NA,NA,NA,NA,NA,NA,NA,NA,NA,NA,NA,NA,NA,NA,NA,NA,NA,NA,NA,NA,NA,NA,NA,NA,NA,NA,NA,NA,NA,NA,NA,NA
169,2025-10-31,19:58:54,"Sandefer, Russell",824531,Right,FLA_GAT,Undefined,0,1,FoulBallNotFieldable,Fastball,NA,NA,93.64789,-1.580278,-5.249926,2538.360538,236.481099,02:00:00,5.73297,3.10532,5.54676,-17.35497,15.84694,21.94253,2.80337,0.01406,83.51457,-4.893275,-1.357875,0.414718,-12.85052,8.89812,-2.66464,50,5.58459,11.37626,-135.11439,-4.30571,-23.23726,35.42639,-16.08385,af789722-b515-4ce9-91ed-c72002fa65b2,NA,NA,NA,NA,48.244891,1000091508,"Shields, Jonah",4881.038878,NA,71.39992,Right,48.645868,58.75679,82.7698,92.99264,204.85912,90.18445,4.652038,62.542687,1.05352,2.88512,-0.01705,NA,NA,NA,NA,NA,8f0c01f0-b6b5-11f0-84b6-01d555e46d76,4,2,JUD,5,Bottom,2,Four-Seam,Undefined,Undefined,Undefined,0,0,NA,JUD,FLA_GAT,121Financial,TeamExclusive,Team,20251031-121Financial-Private-2,90.88694,82.83868,NA,10.13332,NA,NA,NA,78e623f9-aa27-4d61-8f19-ec9f4998400f,2025-10-31,23:58:54,2025-10-31T23:58:54Z,2025-10-31T23:58:54Z,Popup,v3,471326,471297,NA,"Malzone, Aj",1000352389,Right,FLA_GAT,54.94949,-136.40596,17.7132,5.73088,-3.71933,-8.04192,-3.09483,12.22344,-11.61863,212.390149,1.06827,45.73033,-13.43384,1.55688,1.59186,-1.07533,0.29806,-0.03917,0.002,2.8823,78.64804,-22.45269,1.80125,0.05255,-0.24623,0.10418,-0.01842,0.00118,-0.016,51.58038,-4.35127,0.0226,0.51427,-0.2991,0.08719,-0.01273,7.3e-4,NA,NA,NA,NA,NA,NA,NA,NA,NA,NA,NA,NA,NA,NA,NA,NA,NA,NA,NA,NA,NA,NA,High,High,High,High,Low,NA,NA,NA,NA,NA,NA,NA,NA,NA,NA,NA,NA,NA,NA,NA,NA,NA,NA,NA,NA,NA,NA,NA,NA,NA,NA,NA,NA,NA,NA,NA,NA
170,2025-10-31,19:59:19,"Sandefer, Russell",824531,Right,FLA_GAT,Undefined,0,2,BallCalled,Fastball,NA,NA,94.2437,-0.500855,-6.008053,2474.157009,229.053901,01:45:00,5.86989,3.08294,5.57514,-14.75209,17.91214,19.21426,4.17016,-0.94805,84.25415,-3.342628,-2.607804,0.411347,-11.55678,9.51831,-2.57649,50,5.81721,13.36958,-135.87948,-1.63279,-21.25327,34.31463,-14.66958,57795386-921b-4a93-a88c-06b0986f1e7c,NA,NA,NA,NA,NA,1000091508,"Shields, Jonah",NA,NA,NA,Right,NA,NA,NA,NA,NA,NA,NA,NA,NA,NA,NA,NA,NA,NA,NA,NA,9dc7acd0-b6b5-11f0-84b6-01d555e46d76,4,3,JUD,5,Bottom,2,Four-Seam,Undefined,Undefined,Undefined,0,0,NA,JUD,FLA_GAT,121Financial,TeamExclusive,Team,20251031-121Financial-Private-2,91.63184,NA,NA,9.98956,NA,NA,NA,78e623f9-aa27-4d61-8f19-ec9f4998400f,2025-10-31,23:59:19,2025-10-31T23:59:19Z,2025-10-31T23:59:19Z,NA,v3,471326,471297,NA,"Malzone, Aj",1000352389,Right,FLA_GAT,54.91972,-137.11626,17.15731,5.86654,-1.10406,-7.33479,-3.07217,14.1356,-10.62664,NA,NA,NA,NA,NA,NA,NA,NA,NA,NA,NA,NA,NA,NA,NA,NA,NA,NA,NA,NA,NA,NA,NA,NA,NA,NA,NA,NA,NA,NA,NA,NA,NA,NA,NA,NA,NA,NA,NA,NA,NA,NA,NA,NA,NA,NA,NA,NA,NA,NA,High,High,High,NA,NA,NA,NA,NA,NA,NA,NA,NA,NA,NA,NA,NA,NA,NA,NA,NA,NA,NA,NA,NA,NA,NA,NA,NA,NA,NA,NA,NA,NA,NA,NA,NA,NA
171,2025-10-31,19:59:50,"Sandefer, Russell",824531,Right,FLA_GAT,Undefined,1,2,BallCalled,Slider,NA,NA,82.67796,-1.300887,-3.883921,2861.646245,94.997552,09:15:00,5.35914,3.47562,5.47728,-39.29664,2.68555,-15.19973,0.86416,-1.43082,75.84358,-8.442721,-6.580047,0.466341,6.53433,2.13484,-3.12348,50,5.21799,8.74155,-119.70588,-4.08574,9.40117,24.93299,-29.10257,016b0bf2-ed36-44a7-8b38-9d1669d3ed3f,NA,NA,NA,NA,NA,1000091508,"Shields, Jonah",NA,NA,NA,Right,NA,NA,NA,NA,NA,NA,NA,NA,NA,NA,NA,NA,NA,NA,NA,NA,b0539990-b6b5-11f0-84b6-01d555e46d76,4,4,JUD,5,Bottom,2,Slider,Undefined,Undefined,Undefined,0,0,NA,JUD,FLA_GAT,121Financial,TeamExclusive,Team,20251031-121Financial-Private-2,80.82585,NA,NA,6.83438,NA,NA,NA,78e623f9-aa27-4d61-8f19-ec9f4998400f,2025-10-31,23:59:50,2025-10-31T23:59:50Z,2025-10-31T23:59:50Z,NA,v3,471326,471297,NA,"Malzone, Aj",1000352389,Right,FLA_GAT,55.02167,-120.74729,12.4665,5.36326,-2.87017,-14.55128,-3.4804,8.34887,4.70059,NA,NA,NA,NA,NA,NA,NA,NA,NA,NA,NA,NA,NA,NA,NA,NA,NA,NA,NA,NA,NA,NA,NA,NA,NA,NA,NA,NA,NA,NA,NA,NA,NA,NA,NA,NA,NA,NA,NA,NA,NA,NA,NA,NA,NA,NA,NA,NA,NA,NA,High,High,High,NA,NA,NA,NA,NA,NA,NA,NA,NA,NA,NA,NA,NA,NA,NA,NA,NA,NA,NA,NA,NA,NA,NA,NA,NA,NA,NA,NA,NA,NA,NA,NA,NA,NA
172,2025-10-31,20:00:12,"Sandefer, Russell",824531,Right,FLA_GAT,Undefined,2,2,BallCalled,Slider,NA,NA,82.96662,0.513835,-4.291135,2742.726552,80.734423,08:45:00,5.37033,3.58865,5.38084,-42.7092,-0.95087,-13.85989,2.29427,-1.59635,76.07289,-7.242066,-6.740585,0.465096,5.68859,-0.20902,-3.19411,50,5.38644,9.59195,-120.09851,-0.45803,8.26411,24.41836,-32.47769,5b9d490f-2046-4728-bcc5-0cb7f022ec27,NA,NA,NA,NA,NA,1000091508,"Shields, Jonah",NA,NA,NA,Right,NA,NA,NA,NA,NA,NA,NA,NA,NA,NA,NA,NA,NA,NA,NA,NA,bd887d60-b6b5-11f0-84b6-01d555e46d76,4,5,JUD,5,Bottom,2,Slider,Undefined,Undefined,Undefined,0,0,NA,JUD,FLA_GAT,121Financial,TeamExclusive,Team,20251031-121Financial-Private-2,81.04222,NA,NA,6.89373,NA,NA,NA,78e623f9-aa27-4d61-8f19-ec9f4998400f,2025-11-01,00:00:12,2025-11-01T00:00:12Z,2025-11-01T00:00:12Z,NA,v3,471326,471297,NA,"Malzone, Aj",1000352389,Right,FLA_GAT,55.11776,-121.13459,12.20918,5.37664,0.92,-16.23885,-3.59366,9.24131,4.13206,NA,NA,NA,NA,NA,NA,NA,NA,NA,NA,NA,NA,NA,NA,NA,NA,NA,NA,NA,NA,NA,NA,NA,NA,NA,NA,NA,NA,NA,NA,NA,NA,NA,NA,NA,NA,NA,NA,NA,NA,NA,NA,NA,NA,NA,NA,NA,NA,NA,NA,High,High,High,NA,NA,NA,NA,NA,NA,NA,NA,NA,NA,NA,NA,NA,NA,NA,NA,NA,NA,NA,NA,NA,NA,NA,NA,NA,NA,NA,NA,NA,NA,NA,NA,NA,NA
173,2025-10-31,20:00:34,"Sandefer, Russell",824531,Right,FLA_GAT,Undefined,3,2,BallCalled,Fastball,NA,NA,94.19136,-2.850455,-6.53752,2463.208566,227.806409,01:30:00,5.76091,3.15422,5.54768,-14.57469,17.96194,18.53757,1.86301,-1.43681,85.2087,-5.633714,-3.263809,0.410542,-11.21611,10.21882,-2.59836,50,5.50301,14.66327,-135.6647,-7.24732,-20.78561,31.2402,-13.23657,fbee9da0-33f2-4dd4-8aad-5f1fe28d7255,NA,NA,NA,NA,NA,1000091508,"Shields, Jonah",NA,NA,NA,Right,NA,NA,NA,NA,NA,NA,NA,NA,NA,NA,NA,NA,NA,NA,NA,NA,ca58fa10-b6b5-11f0-84b6-01d555e46d76,4,6,JUD,5,Bottom,2,Sinker,Walk,Undefined,Undefined,0,0,NA,JUD,FLA_GAT,121Financial,TeamExclusive,Team,20251031-121Financial-Private-2,91.81136,NA,NA,8.98267,NA,NA,NA,78e623f9-aa27-4d61-8f19-ec9f4998400f,2025-11-01,00:00:34,2025-11-01T00:00:34Z,2025-11-01T00:00:34Z,NA,v3,471326,471297,NA,"Malzone, Aj",1000352389,Right,FLA_GAT,54.94928,-136.79965,15.6201,5.75757,-6.76644,-6.61829,-3.14479,15.4184,-10.3928,NA,NA,NA,NA,NA,NA,NA,NA,NA,NA,NA,NA,NA,NA,NA,NA,NA,NA,NA,NA,NA,NA,NA,NA,NA,NA,NA,NA,NA,NA,NA,NA,NA,NA,NA,NA,NA,NA,NA,NA,NA,NA,NA,NA,NA,NA,NA,NA,NA,NA,High,High,High,NA,NA,NA,NA,NA,NA,NA,NA,NA,NA,NA,NA,NA,NA,NA,NA,NA,NA,NA,NA,NA,NA,NA,NA,NA,NA,NA,NA,NA,NA,NA,NA,NA,NA
174,2025-10-31,20:01:07,"Sandefer, Russell",824531,Right,FLA_GAT,Undefined,0,0,BallCalled,TwoSeamFastBall,NA,NA,87.91599,0.851642,-3.567084,2345.582486,181.905231,12:00:00,5.56179,3.47068,5.82317,-28.28777,7.8563,0.22595,3.99782,0.169,80.75803,-4.38871,-3.526734,0.432703,-1.04776,4.12658,-3.17889,50,5.6148,7.94064,-127.53307,0.93612,-1.73576,24.78704,-25.33785,cca87be8-5e1b-4209-b3eb-fb4e785458cd,NA,NA,NA,NA,NA,816188,"Vergara, Roger",NA,NA,NA,Left,NA,NA,NA,NA,NA,NA,NA,NA,NA,NA,NA,NA,NA,NA,NA,NA,de645ae0-b6b5-11f0-84b6-01d555e46d76,5,1,JUD,5,Bottom,2,Slider,Undefined,Undefined,Undefined,0,0,NA,JUD,FLA_GAT,121Financial,TeamExclusive,Team,20251031-121Financial-Private-2,87.10922,NA,NA,7.15796,NA,NA,NA,78e623f9-aa27-4d61-8f19-ec9f4998400f,2025-11-01,00:01:07,2025-11-01T00:01:07Z,2025-11-01T00:01:07Z,NA,v3,471326,471297,NA,"Malzone, Aj",1000352389,Right,FLA_GAT,54.67462,-128.4384,12.39352,5.56371,1.86157,-12.66893,-3.47008,8.00404,-0.86788,NA,NA,NA,NA,NA,NA,NA,NA,NA,NA,NA,NA,NA,NA,NA,NA,NA,NA,NA,NA,NA,NA,NA,NA,NA,NA,NA,NA,NA,NA,NA,NA,NA,NA,NA,NA,NA,NA,NA,NA,NA,NA,NA,NA,NA,NA,NA,NA,NA,NA,High,High,High,NA,NA,NA,NA,NA,NA,NA,NA,NA,NA,NA,NA,NA,NA,NA,NA,NA,NA,NA,NA,NA,NA,NA,NA,NA,NA,NA,NA,NA,NA,NA,NA,NA,NA
175,2025-10-31,20:02:18,"Sandefer, Russell",824531,Right,FLA_GAT,Undefined,1,0,StrikeSwinging,Fastball,NA,NA,94.84612,-1.785102,-4.747349,2565.804674,238.505129,02:00:00,5.78565,3.28889,5.74532,-17.38678,14.39064,21.60202,2.66851,0.659,85.45535,-5.087067,-0.896436,0.405724,-12.34725,8.18867,-2.90638,50,5.62629,10.3578,-137.10498,-4.85417,-23.22974,33.59865,-16.76815,b4fed21c-4383-477b-b494-836989839b66,NA,NA,NA,NA,NA,816188,"Vergara, Roger",NA,NA,NA,Left,NA,NA,NA,NA,NA,NA,NA,NA,NA,NA,NA,NA,NA,NA,NA,NA,08b83b40-b6b6-11f0-84b6-01d555e46d76,5,2,JUD,5,Bottom,2,Sinker,Undefined,Undefined,Undefined,0,0,NA,JUD,FLA_GAT,121Financial,TeamExclusive,Team,20251031-121Financial-Private-2,92.9017,NA,NA,9.39077,NA,NA,NA,78e623f9-aa27-4d61-8f19-ec9f4998400f,2025-11-01,00:02:18,2025-11-01T00:02:18Z,2025-11-01T00:02:18Z,NA,v3,471326,471297,NA,"Malzone, Aj",1000352389,Right,FLA_GAT,54.75102,-138.26435,16.79933,5.7838,-4.27556,-8.38408,-3.27762,11.15937,-11.61487,NA,NA,NA,NA,NA,NA,NA,NA,NA,NA,NA,NA,NA,NA,NA,NA,NA,NA,NA,NA,NA,NA,NA,NA,NA,NA,NA,NA,NA,NA,NA,NA,NA,NA,NA,NA,NA,NA,NA,NA,NA,NA,NA,NA,NA,NA,NA,NA,NA,NA,High,High,High,NA,NA,NA,NA,NA,NA,NA,NA,NA,NA,NA,NA,NA,NA,NA,NA,NA,NA,NA,NA,NA,NA,NA,NA,NA,NA,NA,NA,NA,NA,NA,NA,NA,NA
176,2025-10-31,20:02:34,"Sandefer, Russell",824531,Right,FLA_GAT,Undefined,1,1,BallCalled,TwoSeamFastBall,NA,NA,89.59123,-0.390831,-2.838011,2403.674356,200.24082,12:45:00,5.69814,3.5428,5.6726,-27.94305,6.97103,2.19225,3.00473,1.07745,82.4944,-5.542395,-2.446774,0.425277,-1.8439,3.96815,-3.30458,50,5.64754,6.35192,-130.05874,-1.88974,-3.18036,25.49524,-25.32981,0a9695b2-d2b9-4dd8-a245-a17517f669a3,NA,NA,NA,NA,NA,816188,"Vergara, Roger",NA,NA,NA,Left,NA,NA,NA,NA,NA,NA,NA,NA,NA,NA,NA,NA,NA,NA,NA,NA,11f7c900-b6b6-11f0-84b6-01d555e46d76,5,3,JUD,5,Bottom,2,Slider,Undefined,Undefined,Undefined,0,0,NA,JUD,FLA_GAT,121Financial,TeamExclusive,Team,20251031-121Financial-Private-2,88.63037,NA,NA,7.09682,NA,NA,NA,78e623f9-aa27-4d61-8f19-ec9f4998400f,2025-11-01,00:02:34,2025-11-01T00:02:34Z,2025-11-01T00:02:34Z,NA,v3,471326,471297,NA,"Malzone, Aj",1000352389,Right,FLA_GAT,54.82554,-131.00127,12.74762,5.70009,-0.95333,-12.66491,-3.54157,6.4695,-1.59018,NA,NA,NA,NA,NA,NA,NA,NA,NA,NA,NA,NA,NA,NA,NA,NA,NA,NA,NA,NA,NA,NA,NA,NA,NA,NA,NA,NA,NA,NA,NA,NA,NA,NA,NA,NA,NA,NA,NA,NA,NA,NA,NA,NA,NA,NA,NA,NA,NA,NA,High,High,High,NA,NA,NA,NA,NA,NA,NA,NA,NA,NA,NA,NA,NA,NA,NA,NA,NA,NA,NA,NA,NA,NA,NA,NA,NA,NA,NA,NA,NA,NA,NA,NA,NA,NA
177,2025-10-31,20:02:51,"Sandefer, Russell",824531,Right,FLA_GAT,Undefined,2,1,StrikeCalled,Fastball,NA,NA,94.50096,-2.256727,-6.060266,2502.061884,239.571184,02:00:00,5.72348,3.2506,5.56945,-18.29434,14.13548,21.99867,2.07801,-0.59827,84.94568,-5.714198,-2.16461,0.409868,-12.92284,8.18528,-2.74093,50,5.51614,13.40008,-136.21235,-6.0179,-23.9639,33.54323,-16.99541,49efde88-60e4-4391-ba6d-32510aa6cf57,NA,NA,NA,NA,NA,816188,"Vergara, Roger",NA,NA,NA,Left,NA,NA,NA,NA,NA,NA,NA,NA,NA,NA,NA,NA,NA,NA,NA,NA,1c657680-b6b6-11f0-84b6-01d555e46d76,5,4,JUD,5,Bottom,2,Sinker,Undefined,Undefined,Undefined,0,0,NA,JUD,FLA_GAT,121Financial,TeamExclusive,Team,20251031-121Financial-Private-2,91.96244,NA,NA,9.55528,NA,NA,NA,78e623f9-aa27-4d61-8f19-ec9f4998400f,2025-11-01,00:02:51,2025-11-01T00:02:51Z,2025-11-01T00:02:51Z,NA,v3,471326,471297,NA,"Malzone, Aj",1000352389,Right,FLA_GAT,54.92689,-137.42027,16.77161,5.72183,-5.40588,-8.4977,-3.23902,14.26305,-11.98195,NA,NA,NA,NA,NA,NA,NA,NA,NA,NA,NA,NA,NA,NA,NA,NA,NA,NA,NA,NA,NA,NA,NA,NA,NA,NA,NA,NA,NA,NA,NA,NA,NA,NA,NA,NA,NA,NA,NA,NA,NA,NA,NA,NA,NA,NA,NA,NA,NA,NA,High,High,High,NA,NA,NA,NA,NA,NA,NA,NA,NA,NA,NA,NA,NA,NA,NA,NA,NA,NA,NA,NA,NA,NA,NA,NA,NA,NA,NA,NA,NA,NA,NA,NA,NA,NA
178,2025-10-31,20:03:10,"Sandefer, Russell",824531,Right,FLA_GAT,Undefined,2,2,BallCalled,Fastball,NA,NA,94.64657,-2.91136,-5.518135,2376.885116,241.535712,02:00:00,5.79236,2.99954,5.48258,-19.46288,12.75839,21.42277,1.4315,-0.39411,85.70639,-6.551621,-1.723693,0.408548,-12.38536,7.6267,-2.52906,50,5.52276,12.16467,-136.56121,-7.673,-23.22229,32.06867,-17.87411,7d8c6e7f-bc3f-45ae-9171-f87daf472c1a,NA,NA,NA,NA,NA,816188,"Vergara, Roger",NA,NA,NA,Left,NA,NA,NA,NA,NA,NA,NA,NA,NA,NA,NA,NA,NA,NA,NA,NA,278adb40-b6b6-11f0-84b6-01d555e46d76,5,5,JUD,5,Bottom,2,Sinker,Undefined,Undefined,Undefined,0,0,NA,JUD,FLA_GAT,121Financial,TeamExclusive,Team,20251031-121Financial-Private-2,92.2596,NA,NA,8.94018,NA,NA,NA,78e623f9-aa27-4d61-8f19-ec9f4998400f,2025-11-01,00:03:10,2025-11-01T00:03:10Z,2025-11-01T00:03:10Z,NA,v3,471326,471297,NA,"Malzone, Aj",1000352389,Right,FLA_GAT,55.01519,-137.7339,16.03434,5.79139,-7.01938,-8.93705,-2.98942,13.01386,-11.61115,NA,NA,NA,NA,NA,NA,NA,NA,NA,NA,NA,NA,NA,NA,NA,NA,NA,NA,NA,NA,NA,NA,NA,NA,NA,NA,NA,NA,NA,NA,NA,NA,NA,NA,NA,NA,NA,NA,NA,NA,NA,NA,NA,NA,NA,NA,NA,NA,NA,NA,High,High,High,NA,NA,NA,NA,NA,NA,NA,NA,NA,NA,NA,NA,NA,NA,NA,NA,NA,NA,NA,NA,NA,NA,NA,NA,NA,NA,NA,NA,NA,NA,NA,NA,NA,NA
179,2025-10-31,20:03:31,"Sandefer, Russell",824531,Right,FLA_GAT,Undefined,3,2,FoulBallNotFieldable,TwoSeamFastBall,NA,NA,90.70975,-1.898774,-3.878889,2473.581119,187.698613,12:15:00,5.50838,3.34043,6.02834,-19.52064,14.21623,1.78461,2.11854,-0.10856,83.436,-5.560653,-3.558995,0.418046,-1.94638,8.14461,-3.03781,50,5.34894,8.84559,-131.54071,-4.98148,-3.42802,26.54018,-17.8294,d8f2d405-f03e-44f7-9136-ed4fcbe9d4e4,NA,NA,NA,NA,NA,816188,"Vergara, Roger",NA,NA,NA,Left,NA,NA,NA,NA,NA,NA,NA,NA,NA,NA,NA,NA,NA,NA,NA,NA,3435a780-b6b6-11f0-84b6-01d555e46d76,5,6,JUD,5,Bottom,2,Four-Seam,Undefined,Undefined,Undefined,0,0,NA,JUD,FLA_GAT,121Financial,TeamExclusive,Team,20251031-121Financial-Private-2,90.16345,NA,NA,7.27375,NA,NA,NA,78e623f9-aa27-4d61-8f19-ec9f4998400f,2025-11-01,00:03:31,2025-11-01T00:03:31Z,2025-11-01T00:03:31Z,NA,v3,471326,471297,NA,"Malzone, Aj",1000352389,Right,FLA_GAT,54.47078,-132.43968,13.27009,5.50745,-4.37756,-8.9147,-3.33939,8.9617,-1.71401,NA,NA,NA,NA,NA,NA,NA,NA,NA,NA,NA,NA,NA,NA,NA,NA,NA,NA,NA,NA,NA,NA,NA,NA,NA,NA,NA,NA,NA,NA,NA,NA,NA,NA,NA,NA,NA,NA,NA,NA,NA,NA,NA,NA,NA,NA,NA,NA,NA,NA,High,High,High,NA,NA,NA,NA,NA,NA,NA,NA,NA,NA,NA,NA,NA,NA,NA,NA,NA,NA,NA,NA,NA,NA,NA,NA,NA,NA,NA,NA,NA,NA,NA,NA,NA,NA
180,2025-10-31,20:03:56,"Sandefer, Russell",824531,Right,FLA_GAT,Undefined,3,2,BallCalled,Fastball,NA,NA,95.32807,-1.155469,-6.119571,2472.365333,234.918284,01:45:00,5.70707,3.31784,5.74794,-16.91906,14.87017,19.42454,3.21512,-0.78244,85.17472,-4.387488,-2.671208,0.405799,-11.79745,8.26422,-2.81929,50,5.60045,13.79904,-137.41496,-3.32636,-22.14578,35.63694,-16.66074,791e1c3a-9051-4fa0-8745-16e8fb363a52,NA,NA,NA,NA,NA,816188,"Vergara, Roger",NA,NA,NA,Left,NA,NA,NA,NA,NA,NA,NA,NA,NA,NA,NA,NA,NA,NA,NA,NA,42b7cbd0-b6b6-11f0-84b6-01d555e46d76,5,7,JUD,5,Bottom,2,Sinker,Walk,Undefined,Undefined,0,0,NA,JUD,FLA_GAT,121Financial,TeamExclusive,Team,20251031-121Financial-Private-2,92.88444,NA,NA,10.15335,NA,NA,NA,78e623f9-aa27-4d61-8f19-ec9f4998400f,2025-11-01,00:03:56,2025-11-01T00:03:56Z,2025-11-01T00:03:56Z,NA,v3,471326,471297,NA,"Malzone, Aj",1000352389,Right,FLA_GAT,54.74693,-138.64055,17.81847,5.70499,-2.75338,-8.33037,-3.30696,14.56066,-11.07289,NA,NA,NA,NA,NA,NA,NA,NA,NA,NA,NA,NA,NA,NA,NA,NA,NA,NA,NA,NA,NA,NA,NA,NA,NA,NA,NA,NA,NA,NA,NA,NA,NA,NA,NA,NA,NA,NA,NA,NA,NA,NA,NA,NA,NA,NA,NA,NA,NA,NA,High,High,High,NA,NA,NA,NA,NA,NA,NA,NA,NA,NA,NA,NA,NA,NA,NA,NA,NA,NA,NA,NA,NA,NA,NA,NA,NA,NA,NA,NA,NA,NA,NA,NA,NA,NA
181,2025-10-31,20:04:29,"Sandefer, Russell",824531,Right,FLA_GAT,Undefined,0,0,FoulBallNotFieldable,Slider,NA,NA,81.91913,0.827119,-3.020695,2721.944699,79.172639,08:45:00,5.26771,3.5765,5.54397,-44.22581,-0.89913,-13.30548,2.35634,-0.35788,73.55587,-7.299916,-5.386935,0.47375,5.65457,-0.29685,-3.30554,50,5.31042,6.79806,-118.51562,0.18871,7.82594,28.33244,-32.58491,9d79f0f8-3fe7-485c-a5f4-40c5d4b20299,NA,NA,NA,NA,37.479444,1000242117,"Grunberg, Sam",4613.879574,NA,84.66392,Right,31.917796,81.64382,58.85303,73.71721,296.68429,173.81658,4.523313,49.909957,1.64808,2.8939,0.3387,NA,NA,NA,NA,NA,56fe39d0-b6b6-11f0-84b6-01d555e46d76,6,1,JUD,5,Bottom,2,Slider,Undefined,Undefined,Undefined,0,0,NA,JUD,FLA_GAT,121Financial,TeamExclusive,Team,20251031-121Financial-Private-2,79.56189,69.65874,NA,8.36326,NA,NA,NA,78e623f9-aa27-4d61-8f19-ec9f4998400f,2025-11-01,00:04:29,2025-11-01T00:04:29Z,2025-11-01T00:04:29Z,FlyBall,v3,471326,471297,NA,"Malzone, Aj",1000352389,Right,FLA_GAT,54.9525,-119.69371,14.16622,5.2744,1.54363,-16.29245,-3.58145,6.47265,3.91297,216.914368,1.64931,83.61137,-20.64855,4.93952,-0.87254,0.10707,-0.01475,0.00269,-2.2e-4,2.89494,65.62414,-17.50587,0.54573,0.25387,-0.18709,0.06214,-0.00974,5.8e-4,0.33942,64.12004,-4.80487,0.36870000000000003,0.05954,-0.02714,0.00351,1e-4,-4e-5,NA,NA,NA,NA,NA,NA,NA,NA,NA,NA,NA,NA,NA,NA,NA,NA,NA,NA,NA,NA,NA,NA,High,High,High,High,Low,NA,NA,NA,NA,NA,NA,NA,NA,NA,NA,NA,NA,NA,NA,NA,NA,NA,NA,NA,NA,NA,NA,NA,NA,NA,NA,NA,NA,NA,NA,NA,NA
182,2025-10-31,20:04:58,"Sandefer, Russell",824531,Right,FLA_GAT,Undefined,0,1,StrikeCalled,Slider,NA,NA,80.28923,1.333589,-0.950562,2802.784179,79.997891,08:45:00,5.27615,3.53721,5.47988,-47.18711,-2.34351,-22.46777,2.59208,0.77541,72.50354,-7.31788,-4.951646,0.481972,10.89902,-1.08504,-3.43858,50,5.36174,2.8607,-116.36525,1.06829,14.63506,26.04844,-33.63105,3948cb36-b561-4b16-8cf6-9b52f6a59acf,NA,NA,NA,NA,NA,1000242117,"Grunberg, Sam",NA,NA,NA,Right,NA,NA,NA,NA,NA,NA,NA,NA,NA,NA,NA,NA,NA,NA,NA,NA,67d26470-b6b6-11f0-84b6-01d555e46d76,6,2,JUD,5,Bottom,2,Slider,Undefined,Undefined,Undefined,0,0,NA,JUD,FLA_GAT,121Financial,TeamExclusive,Team,20251031-121Financial-Private-2,78.20464,NA,NA,7.78568,NA,NA,NA,78e623f9-aa27-4d61-8f19-ec9f4998400f,2025-11-01,00:04:58,2025-11-01T00:04:58Z,2025-11-01T00:04:58Z,NA,v3,471326,471297,NA,"Malzone, Aj",1000352389,Right,FLA_GAT,55.01755,-117.48306,13.02422,5.28493,2.5115,-16.81553,-3.54786,2.23266,7.31753,NA,NA,NA,NA,NA,NA,NA,NA,NA,NA,NA,NA,NA,NA,NA,NA,NA,NA,NA,NA,NA,NA,NA,NA,NA,NA,NA,NA,NA,NA,NA,NA,NA,NA,NA,NA,NA,NA,NA,NA,NA,NA,NA,NA,NA,NA,NA,NA,NA,NA,High,High,High,NA,NA,NA,NA,NA,NA,NA,NA,NA,NA,NA,NA,NA,NA,NA,NA,NA,NA,NA,NA,NA,NA,NA,NA,NA,NA,NA,NA,NA,NA,NA,NA,NA,NA
183,2025-10-31,20:05:17,"Sandefer, Russell",824531,Right,FLA_GAT,Undefined,0,2,BallCalled,Slider,NA,NA,81.64558,0.854343,-4.154773,2895.937255,73.047335,08:30:00,5.42279,3.49737,5.30786,-48.41176,-4.48331,-19.8508,2.19259,-2.06365,73.91154,-7.935246,-7.65793,0.477029,8.47776,-2.04425,-3.10506,50,5.46582,9.40785,-118.00487,0.01494,11.68577,27.15583,-34.99186,6d093d88-4a25-42f5-ada1-26d63662e9d2,NA,NA,NA,NA,NA,1000242117,"Grunberg, Sam",NA,NA,NA,Right,NA,NA,NA,NA,NA,NA,NA,NA,NA,NA,NA,NA,NA,NA,NA,NA,735be230-b6b6-11f0-84b6-01d555e46d76,6,3,JUD,5,Bottom,2,Slider,Undefined,Undefined,Undefined,0,0,NA,JUD,FLA_GAT,121Financial,TeamExclusive,Team,20251031-121Financial-Private-2,79.01505,NA,NA,7.73405,NA,NA,NA,78e623f9-aa27-4d61-8f19-ec9f4998400f,2025-11-01,00:05:17,2025-11-01T00:05:17Z,2025-11-01T00:05:17Z,NA,v3,471326,471297,NA,"Malzone, Aj",1000352389,Right,FLA_GAT,55.18986,-119.1932,13.57792,5.43166,1.54617,-17.49593,-3.50555,8.89649,5.84289,NA,NA,NA,NA,NA,NA,NA,NA,NA,NA,NA,NA,NA,NA,NA,NA,NA,NA,NA,NA,NA,NA,NA,NA,NA,NA,NA,NA,NA,NA,NA,NA,NA,NA,NA,NA,NA,NA,NA,NA,NA,NA,NA,NA,NA,NA,NA,NA,NA,NA,High,High,High,NA,NA,NA,NA,NA,NA,NA,NA,NA,NA,NA,NA,NA,NA,NA,NA,NA,NA,NA,NA,NA,NA,NA,NA,NA,NA,NA,NA,NA,NA,NA,NA,NA,NA
184,2025-10-31,20:05:37,"Sandefer, Russell",824531,Right,FLA_GAT,Undefined,1,2,StrikeCalled,Slider,NA,NA,82.52487,0.069944,-3.640373,2793.992992,72.944892,08:30:00,5.37032,3.53161,5.53209,-43.5875,-1.47705,-9.40111,1.80355,-0.65925,75.27973,-7.883064,-5.311189,0.467053,3.61358,-0.32909,-3.2088,50,5.3476,7.9902,-119.51341,-1.38552,5.17037,25.3432,-32.6449,5fd89e5b-b9bc-4252-953a-a999558bfe26,NA,NA,NA,NA,NA,1000242117,"Grunberg, Sam",NA,NA,NA,Right,NA,NA,NA,NA,NA,NA,NA,NA,NA,NA,NA,NA,NA,NA,NA,NA,7f1fa9d0-b6b6-11f0-84b6-01d555e46d76,6,4,JUD,5,Bottom,2,Slider,Strikeout,Undefined,Undefined,0,0,NA,JUD,FLA_GAT,121Financial,TeamExclusive,Team,20251031-121Financial-Private-2,80.70267,NA,NA,7.24514,NA,NA,NA,78e623f9-aa27-4d61-8f19-ec9f4998400f,2025-11-01,00:05:37,2025-11-01T00:05:37Z,2025-11-01T00:05:37Z,NA,v3,471326,471297,NA,"Malzone, Aj",1000352389,Right,FLA_GAT,54.96564,-120.5618,12.6716,5.37698,-0.03509,-16.32245,-3.53491,7.77631,2.58518,NA,NA,NA,NA,NA,NA,NA,NA,NA,NA,NA,NA,NA,NA,NA,NA,NA,NA,NA,NA,NA,NA,NA,NA,NA,NA,NA,NA,52.16806,NA,NA,1.544092,NA,NA,NA,-4.79586,3.82266,1.50479,83.08229,7.33225,41.92547,-4.68369,64.34043,-4.92669,3.93557,26.10423,-15.56249,1.53257,28.6138,-1.60614,High,High,High,NA,NA,High,High,High,NA,NA,NA,NA,NA,NA,NA,NA,NA,NA,NA,NA,NA,NA,NA,NA,NA,NA,NA,NA,NA,NA,NA,NA,NA,NA,NA,NA,NA
185,2025-10-31,20:07:49,"Baker-Livingston, Ben",695492,Right,JUD,Undefined,0,0,BallCalled,Fastball,NA,NA,89.70917,-2.087609,-3.319096,2299.570073,176.903449,12:00:00,6.19012,1.32263,5.81862,-22.14273,13.04973,-0.64114,2.39981,-1.82018,81.57925,-6.230947,-3.433713,0.426969,-0.68083,7.66642,-1.05038,50,6.00598,7.56376,-129.96928,-5.46673,-1.15362,29.63238,-19.18409,ea371f90-8cf9-4b19-a5df-096cb659dc97,NA,NA,NA,NA,NA,807116,"Lawson, Brendan",NA,NA,NA,Left,NA,NA,NA,NA,NA,NA,NA,NA,NA,NA,NA,NA,NA,NA,NA,NA,cde8e220-b6b6-11f0-84b6-01d555e46d76,1,1,FLA_GAT,6,Top,0,Cutter,Undefined,Undefined,Undefined,0,0,NA,JUD,FLA_GAT,121Financial,TeamExclusive,Team,20251031-121Financial-Private-2,88.27914,NA,NA,8.12992,NA,NA,NA,78e623f9-aa27-4d61-8f19-ec9f4998400f,2025-11-01,00:07:49,2025-11-01T00:07:49Z,2025-11-01T00:07:49Z,NA,v3,471326,471297,NA,"Spelman, Conner",1000239666,Right,JUD,54.68074,-131.03212,14.81619,6.18972,-4.77865,-9.59205,-1.32241,7.60514,-0.57681,NA,NA,NA,NA,NA,NA,NA,NA,NA,NA,NA,NA,NA,NA,NA,NA,NA,NA,NA,NA,NA,NA,NA,NA,NA,NA,NA,NA,NA,NA,NA,NA,NA,NA,NA,NA,NA,NA,NA,NA,NA,NA,NA,NA,NA,NA,NA,NA,NA,NA,High,High,High,NA,NA,NA,NA,NA,NA,NA,NA,NA,NA,NA,NA,NA,NA,NA,NA,NA,NA,NA,NA,NA,NA,NA,NA,NA,NA,NA,NA,NA,NA,NA,NA,NA,NA
186,2025-10-31,20:08:04,"Baker-Livingston, Ben",695492,Right,JUD,Undefined,1,0,StrikeCalled,ChangeUp,NA,NA,82.01702,0.917724,-0.566426,2465.327399,89.934441,09:00:00,5.93957,2.06949,5.26116,-40.71876,1.06059,-9.35638,3.40864,0.75763,76.46149,-6.465112,-2.226954,0.465213,4.55898,0.66717,-2.01049,50,5.99323,1.56558,-119.29452,0.43768,6.68801,19.07679,-31.19531,f96449f0-2fb2-4c6b-ad76-7272b2cc4073,NA,NA,NA,NA,NA,807116,"Lawson, Brendan",NA,NA,NA,Left,NA,NA,NA,NA,NA,NA,NA,NA,NA,NA,NA,NA,NA,NA,NA,NA,d70be730-b6b6-11f0-84b6-01d555e46d76,1,2,FLA_GAT,6,Top,0,Slider,Undefined,Undefined,Undefined,0,0,NA,JUD,FLA_GAT,121Financial,TeamExclusive,Team,20251031-121Financial-Private-2,81.02181,NA,NA,5.55553,NA,NA,NA,78e623f9-aa27-4d61-8f19-ec9f4998400f,2025-11-01,00:08:04,2025-11-01T00:08:04Z,2025-11-01T00:08:04Z,NA,v3,471326,471297,NA,"Spelman, Conner",1000239666,Right,JUD,55.2397,-120.1295,9.5384,5.94419,1.80307,-15.59765,-2.07261,1.27285,3.34401,NA,NA,NA,NA,NA,NA,NA,NA,NA,NA,NA,NA,NA,NA,NA,NA,NA,NA,NA,NA,NA,NA,NA,NA,NA,NA,NA,NA,NA,NA,NA,NA,NA,NA,NA,NA,NA,NA,NA,NA,NA,NA,NA,NA,NA,NA,NA,NA,NA,NA,High,High,High,NA,NA,NA,NA,NA,NA,NA,NA,NA,NA,NA,NA,NA,NA,NA,NA,NA,NA,NA,NA,NA,NA,NA,NA,NA,NA,NA,NA,NA,NA,NA,NA,NA,NA
187,2025-10-31,20:08:20,"Baker-Livingston, Ben",695492,Right,JUD,Undefined,1,1,StrikeCalled,ChangeUp,NA,NA,81.20984,0.818917,-0.570172,2463.245701,72.509572,08:30:00,6.00554,1.82932,5.17283,-45.624,-2.41563,-11.62016,2.97425,0.32441,75.07062,-7.440964,-2.630274,0.473103,5.64449,-1.02295,-1.76706,50,6.0468,1.65902,-117.98874,0.01568,8.00821,21.0949,-33.6254,78e350d7-ccb0-4288-9508-50e1542c1de8,NA,NA,NA,NA,NA,807116,"Lawson, Brendan",NA,NA,NA,Left,NA,NA,NA,NA,NA,NA,NA,NA,NA,NA,NA,NA,NA,NA,NA,NA,e031d270-b6b6-11f0-84b6-01d555e46d76,1,3,FLA_GAT,6,Top,0,Slider,Undefined,Undefined,Undefined,0,0,NA,JUD,FLA_GAT,121Financial,TeamExclusive,Team,20251031-121Financial-Private-2,79.67076,NA,NA,6.13922,NA,NA,NA,78e623f9-aa27-4d61-8f19-ec9f4998400f,2025-11-01,00:08:20,2025-11-01T00:08:20Z,2025-11-01T00:08:20Z,NA,v3,471326,471297,NA,"Spelman, Conner",1000239666,Right,JUD,55.32757,-118.93743,10.54745,6.01209,1.52789,-16.8127,-1.83357,1.29886,4.0041,NA,NA,NA,NA,NA,NA,NA,NA,NA,NA,NA,NA,NA,NA,NA,NA,NA,NA,NA,NA,NA,NA,NA,NA,NA,NA,NA,NA,NA,NA,NA,NA,NA,NA,NA,NA,NA,NA,NA,NA,NA,NA,NA,NA,NA,NA,NA,NA,NA,NA,High,High,High,NA,NA,NA,NA,NA,NA,NA,NA,NA,NA,NA,NA,NA,NA,NA,NA,NA,NA,NA,NA,NA,NA,NA,NA,NA,NA,NA,NA,NA,NA,NA,NA,NA,NA
188,2025-10-31,20:08:35,"Baker-Livingston, Ben",695492,Right,JUD,Undefined,1,2,InPlay,Fastball,NA,NA,89.37504,-1.979601,-1.44849,2285.366552,174.982932,11:45:00,6.1255,1.51351,5.85636,-24.62127,10.58934,-0.82728,2.23318,0.0985,81.53982,-6.567187,-1.596934,0.427079,-0.00138,6.34615,-1.39545,50,5.95044,3.31399,-129.67834,-5.30412,-0.00232,28.51442,-21.42713,d1f484f1-ff14-447d-9deb-5264589dd9bd,NA,NA,NA,NA,-25.734893,807116,"Lawson, Brendan",3990.303915,NA,104.61331,Left,5.284893,NA,NA,NA,131.65265,116.31165,1.018139,-30.521274,0.77688,2.10053,0.02859,NA,NA,NA,NA,NA,e93345c0-b6b6-11f0-84b6-01d555e46d76,1,4,FLA_GAT,6,Top,0,Cutter,Undefined,LineDrive,Out,1,0,NA,JUD,FLA_GAT,121Financial,TeamExclusive,Team,20251031-121Financial-Private-2,88.25636,5.06083,NA,7.83522,NA,NA,NA,78e623f9-aa27-4d61-8f19-ec9f4998400f,2025-11-01,00:08:35,2025-11-01T00:08:35Z,2025-11-01T00:08:35Z,GroundBall,v3,471326,471297,NA,"Spelman, Conner",1000239666,Right,JUD,54.64112,-130.69487,14.25721,6.12591,-4.54025,-10.71356,-1.51359,3.31407,-0.00116,95.914487,1.04142,134.01629,-23.45049,NA,NA,NA,NA,NA,NA,2.17097,13.17774,-15.09788,NA,NA,NA,NA,NA,NA,0.08654,-67.16271,1.33851,NA,NA,NA,NA,NA,NA,NA,NA,NA,NA,NA,NA,NA,NA,NA,NA,NA,NA,NA,NA,NA,NA,NA,NA,NA,NA,NA,NA,High,High,High,High,High,NA,NA,NA,NA,NA,NA,NA,NA,NA,NA,NA,NA,NA,NA,NA,NA,NA,NA,NA,NA,NA,NA,NA,NA,NA,NA,NA,NA,NA,NA,NA,NA
189,2025-10-31,20:09:03,"Baker-Livingston, Ben",695492,Right,JUD,Undefined,0,0,BallCalled,ChangeUp,NA,NA,82.01048,2.42896,0.771752,2437.218992,97.490337,09:15:00,6.00501,1.72622,5.16749,-39.71152,2.61886,-10.80843,4.98323,1.55187,75.55309,-4.80202,-1.141315,0.468271,5.55382,1.09476,-1.78962,50,6.20113,-1.14258,-119.05437,3.60242,8.05192,20.68865,-30.58689,8f5f245d-f11c-4846-b616-7a2d2a3b43b8,NA,NA,NA,NA,NA,814065,"Surowiec, Ethan",NA,NA,NA,Right,NA,NA,NA,NA,NA,NA,NA,NA,NA,NA,NA,NA,NA,NA,NA,NA,fa2d20d0-b6b6-11f0-84b6-01d555e46d76,2,1,FLA_GAT,6,Top,1,Slider,Undefined,Undefined,Undefined,0,0,NA,JUD,FLA_GAT,121Financial,TeamExclusive,Team,20251031-121Financial-Private-2,80.49276,NA,NA,6.4574,NA,NA,NA,78e623f9-aa27-4d61-8f19-ec9f4998400f,2025-11-01,00:09:03,2025-11-01T00:09:03Z,2025-11-01T00:09:03Z,NA,v3,471326,471297,NA,"Spelman, Conner",1000239666,Right,JUD,55.33155,-119.97728,10.34432,6.00999,4.96689,-15.29345,-1.73064,-1.50177,4.02596,NA,NA,NA,NA,NA,NA,NA,NA,NA,NA,NA,NA,NA,NA,NA,NA,NA,NA,NA,NA,NA,NA,NA,NA,NA,NA,NA,NA,NA,NA,NA,NA,NA,NA,NA,NA,NA,NA,NA,NA,NA,NA,NA,NA,NA,NA,NA,NA,NA,NA,High,High,High,NA,NA,NA,NA,NA,NA,NA,NA,NA,NA,NA,NA,NA,NA,NA,NA,NA,NA,NA,NA,NA,NA,NA,NA,NA,NA,NA,NA,NA,NA,NA,NA,NA,NA
190,2025-10-31,20:09:18,"Baker-Livingston, Ben",695492,Right,JUD,Undefined,1,0,InPlay,ChangeUp,NA,NA,80.7119,0.804445,0.007018,2435.516534,66.30602,08:15:00,5.988,1.64602,5.2716,-47.94526,-4.10906,-12.43036,2.74823,0.61675,74.22264,-7.89693,-2.201917,0.476528,6.26638,-1.93803,-1.637,50,6.02579,0.48825,-117.23265,-0.06771,8.71607,22.2727,-34.86969,2b210e44-f4fa-4509-b088-3acf28004066,NA,NA,NA,NA,8.871046,814065,"Surowiec, Ethan",4476.907454,NA,102.02459,Right,33.861066,106.95188,71.39173,25.71473,368.24009,230.01975,5.512268,24.814342,1.69533,3.39082,-0.52477,NA,NA,NA,NA,NA,030190b0-b6b7-11f0-84b6-01d555e46d76,2,2,FLA_GAT,6,Top,1,Slider,Undefined,FlyBall,HomeRun,0,1,NA,JUD,FLA_GAT,121Financial,TeamExclusive,Team,20251031-121Financial-Private-2,79.09814,104.21288,NA,6.48926,NA,NA,NA,78e623f9-aa27-4d61-8f19-ec9f4998400f,2025-11-01,00:09:18,2025-11-01T00:09:18Z,2025-11-01T00:09:18Z,FlyBall,v3,471326,471297,NA,"Spelman, Conner",1000239666,Right,JUD,55.22942,-118.222,11.13635,5.99439,1.48119,-17.43485,-1.65009,0.10108,4.35803,216.684086,1.70515,122.58694,-28.06704,6.10852,-0.74633,-0.02605,0.02214,-0.00248,8e-5,3.3909,83.35951,-19.3034,0.77332,0.21163,-0.15469,0.04508,-0.00609,3.1e-4,-0.52652,19.19506,7.45668,-2.83822,0.67212,-0.1135,0.01519,-0.00151,7e-5,NA,NA,NA,NA,NA,NA,NA,NA,NA,NA,NA,NA,NA,NA,NA,NA,NA,NA,NA,NA,NA,NA,High,High,High,Medium,Low,NA,NA,NA,NA,NA,NA,NA,NA,NA,NA,NA,NA,NA,NA,NA,NA,NA,NA,NA,NA,NA,NA,NA,NA,NA,NA,NA,NA,NA,NA,NA,NA
191,2025-10-31,20:10:05,"Baker-Livingston, Ben",695492,Right,JUD,Undefined,0,0,InPlay,Fastball,NA,NA,89.20865,-1.530884,-0.994169,2249.84695,191.507393,12:30:00,6.20619,1.19596,5.83604,-23.38934,12.08875,2.21295,2.83365,0.45625,80.98589,-5.914831,-0.597215,0.428698,-1.44433,7.0054,-1.11627,50,6.06773,2.15348,-129.44333,-4.22462,-2.42622,29.52525,-20.40618,ffd1fcfb-94b2-4e8b-805d-edf46c0d83bc,NA,NA,NA,NA,8.820445,833422,"Miller, Sam",NA,NA,68.2701,Right,66.547495,NA,NA,NA,123.91848,123.34253,5.30758,14.859142,3.13734,3.00949,-0.47438,NA,NA,NA,NA,NA,1eb8bfe0-b6b7-11f0-84b6-01d555e46d76,3,1,FLA_GAT,6,Top,1,Four-Seam,Undefined,Popup,Out,1,0,NA,JUD,FLA_GAT,121Financial,TeamExclusive,Team,20251031-121Financial-Private-2,87.92305,113.86425,NA,8.22276,NA,NA,NA,78e623f9-aa27-4d61-8f19-ec9f4998400f,2025-11-01,00:10:05,2025-11-01T00:10:05Z,2025-11-01T00:10:05Z,Popup,v3,471326,471297,NA,"Spelman, Conner",1000239666,Right,JUD,54.66165,-130.50229,14.76263,6.20613,-3.49273,-10.20309,-1.19507,2.2405,-1.21311,NA,3.14588,39.1926,-9.45686,1.53869,0.52156,-0.36917,0.0944,-0.01165,5.7e-4,2.99897,92.05236,-23.28837,3.18913,-1.11106,0.31284,-0.0563,0.00535,-2e-4,-0.47412,6.10593,0.08618,-0.06542,0.02974,-0.0097,0.00192,-2e-4,1e-5,NA,NA,NA,NA,NA,NA,NA,NA,NA,NA,NA,NA,NA,NA,NA,NA,NA,NA,NA,NA,NA,NA,High,High,High,Medium,Medium,NA,NA,NA,NA,NA,NA,NA,NA,NA,NA,NA,NA,NA,NA,NA,NA,NA,NA,NA,NA,NA,NA,NA,NA,NA,NA,NA,NA,NA,NA,NA,NA
192,2025-10-31,20:10:41,"Baker-Livingston, Ben",695492,Right,JUD,Undefined,0,0,BallCalled,Fastball,NA,NA,91.84801,-3.069928,-1.959645,2286.001703,197.277875,12:30:00,6.07384,1.27745,6.07104,-22.11741,11.04241,3.08866,1.38559,-0.27922,83.76908,-7.207757,-1.403275,0.414455,-2.17118,6.93807,-1.12731,50,5.8241,4.42443,-133.15056,-7.86478,-3.8738,30.23332,-19.79515,457d66d1-ff43-4b5f-82a4-6dea5729cb30,NA,NA,NA,NA,NA,803734,"Yost, Hayden",NA,NA,NA,Left,NA,NA,NA,NA,NA,NA,NA,NA,NA,NA,NA,NA,NA,NA,NA,NA,34a8e640-b6b7-11f0-84b6-01d555e46d76,4,1,FLA_GAT,6,Top,2,Four-Seam,Undefined,Undefined,Undefined,0,0,NA,JUD,FLA_GAT,121Financial,TeamExclusive,Team,20251031-121Financial-Private-2,90.94458,NA,NA,8.07892,NA,NA,NA,78e623f9-aa27-4d61-8f19-ec9f4998400f,2025-11-01,00:10:41,2025-11-01T00:10:41Z,2025-11-01T00:10:41Z,NA,v3,471326,471297,NA,"Spelman, Conner",1000239666,Right,JUD,54.42592,-134.15175,15.11666,6.0737,-7.20925,-9.89758,-1.27595,4.55271,-1.9369,NA,NA,NA,NA,NA,NA,NA,NA,NA,NA,NA,NA,NA,NA,NA,NA,NA,NA,NA,NA,NA,NA,NA,NA,NA,NA,NA,NA,NA,NA,NA,NA,NA,NA,NA,NA,NA,NA,NA,NA,NA,NA,NA,NA,NA,NA,NA,NA,NA,NA,High,High,High,NA,NA,NA,NA,NA,NA,NA,NA,NA,NA,NA,NA,NA,NA,NA,NA,NA,NA,NA,NA,NA,NA,NA,NA,NA,NA,NA,NA,NA,NA,NA,NA,NA,NA
193,2025-10-31,20:10:56,"Baker-Livingston, Ben",695492,Right,JUD,Undefined,1,0,StrikeCalled,Curveball,NA,NA,83.37407,1.012584,-0.994392,2720.461155,89.834175,09:00:00,5.90022,1.84644,4.96907,-40.3325,1.29051,-5.10819,3.49589,0.48138,76.31764,-6.307118,-1.895909,0.464342,2.24756,0.75276,-1.74594,50,5.96507,2.32457,-120.94583,0.60253,3.32787,23.67375,-31.05948,009e11cc-8a12-4a5c-82f4-55761a67390d,NA,NA,NA,NA,NA,803734,"Yost, Hayden",NA,NA,NA,Left,NA,NA,NA,NA,NA,NA,NA,NA,NA,NA,NA,NA,NA,NA,NA,NA,3d1a9cb0-b6b7-11f0-84b6-01d555e46d76,4,2,FLA_GAT,6,Top,2,Slider,Undefined,Undefined,Undefined,0,0,NA,JUD,FLA_GAT,121Financial,TeamExclusive,Team,20251031-121Financial-Private-2,81.17386,NA,NA,7.05643,NA,NA,NA,78e623f9-aa27-4d61-8f19-ec9f4998400f,2025-11-01,00:10:56,2025-11-01T00:10:56Z,2025-11-01T00:10:56Z,NA,v3,471326,471297,NA,"Spelman, Conner",1000239666,Right,JUD,55.52901,-122.02327,11.83688,5.90548,2.01612,-15.52974,-1.84829,2.17311,1.66393,NA,NA,NA,NA,NA,NA,NA,NA,NA,NA,NA,NA,NA,NA,NA,NA,NA,NA,NA,NA,NA,NA,NA,NA,NA,NA,NA,NA,NA,NA,NA,NA,NA,NA,NA,NA,NA,NA,NA,NA,NA,NA,NA,NA,NA,NA,NA,NA,NA,NA,High,High,High,NA,NA,NA,NA,NA,NA,NA,NA,NA,NA,NA,NA,NA,NA,NA,NA,NA,NA,NA,NA,NA,NA,NA,NA,NA,NA,NA,NA,NA,NA,NA,NA,NA,NA
194,2025-10-31,20:11:11,"Baker-Livingston, Ben",695492,Right,JUD,Undefined,1,1,InPlay,Fastball,NA,NA,90.80356,-0.763345,-0.914679,2378.035496,188.733338,12:15:00,6.17327,1.32632,5.77371,-24.92864,9.37146,1.26004,3.38543,0.58011,82.38901,-5.416657,-0.688928,0.421521,-0.92347,5.35067,-1.25154,50,6.09528,2.04899,-131.77554,-2.61702,-1.60849,30.46972,-22.85439,1f6c49e5-dfc9-46a6-a39a-37f916a1b4af,NA,NA,NA,NA,-8.304452,803734,"Yost, Hayden",1752.295558,NA,101.64809,Left,14.954187,108.0046,24.57208,-20.85677,275.64677,275.64677,2.694501,-13.778401,1.18457,3.36991,-0.58412,NA,NA,NA,NA,NA,46052ca0-b6b7-11f0-84b6-01d555e46d76,4,3,FLA_GAT,6,Top,2,Cutter,Undefined,LineDrive,Double,0,0,NA,JUD,FLA_GAT,121Financial,TeamExclusive,Team,20251031-121Financial-Private-2,89.42009,26.79483,NA,8.41455,NA,NA,NA,78e623f9-aa27-4d61-8f19-ec9f4998400f,2025-11-01,00:11:11,2025-11-01T00:11:11Z,2025-11-01T00:11:11Z,LineDrive,v3,471326,471297,NA,"Spelman, Conner",1000239666,Right,JUD,54.72336,-132.8632,15.23486,6.17414,-1.80119,-11.4272,-1.32571,2.10641,-0.80425,124.958748,1.18457,142.52413,-25.5436,5.60439,-1.18768,0.21593,-0.03502,0.00422,-2.5e-4,3.3699,38.47062,-16.78183,0.81925,0.00746,-0.02942,0.0099,-0.00137,7e-5,-0.58411,-20.8038,-5.13964,2.98816,-1.01351,0.26469,-0.05316,0.00703,-4.4e-4,NA,NA,NA,NA,NA,NA,NA,NA,NA,NA,NA,NA,NA,NA,NA,NA,NA,NA,NA,NA,NA,NA,High,High,High,High,High,NA,NA,NA,NA,NA,NA,NA,NA,NA,NA,NA,NA,NA,NA,NA,NA,NA,NA,NA,NA,NA,NA,NA,NA,NA,NA,NA,NA,NA,NA,NA,NA
195,2025-10-31,20:11:55,"Baker-Livingston, Ben",695492,Right,JUD,Undefined,0,0,FoulBallNotFieldable,Curveball,NA,NA,82.7949,-0.968012,-1.744551,2581.946656,103.105342,09:30:00,5.94388,1.97759,5.19205,-38.95258,2.6989,-6.29859,1.78673,-0.18887,76.52655,-8.026231,-2.861229,0.464501,2.71878,1.92079,-1.81065,50,5.82425,3.92035,-120.20818,-3.44177,3.99573,22.33628,-29.35108,8757a3b0-8fa3-41f5-977f-bb36cb079611,NA,NA,NA,NA,37.517801,806035,"Brookins, Blake",2627.166587,NA,99.58095,Left,21.160044,82.88415,31.87836,72.32003,277.48409,217.1899,2.843682,49.257973,3.33675,2.10013,0.16235,NA,NA,NA,NA,NA,60d0ea60-b6b7-11f0-84b6-01d555e46d76,5,1,FLA_GAT,6,Top,2,Slider,Undefined,Undefined,Undefined,0,0,NA,JUD,FLA_GAT,121Financial,TeamExclusive,Team,20251031-121Financial-Private-2,81.14611,35.17265,NA,6.26834,NA,NA,NA,78e623f9-aa27-4d61-8f19-ec9f4998400f,2025-11-01,00:11:55,2025-11-01T00:11:55Z,2025-11-01T00:11:55Z,LineDrive,v3,471326,471297,NA,"Spelman, Conner",1000239666,Right,JUD,55.30839,-121.19054,11.16814,5.94723,-2.1509,-14.67554,-1.97921,3.74462,1.99787,NA,3.33676,108.03187,-25.96253,6.00246,-1.42582,0.30365,-0.056,0.00712,-4.3e-4,2.10013,52.72075,-23.92855,2.8827,-0.6112,0.1226,-0.02049,0.00261,-1.7e-4,0.16234,82.95,-2.10437,-1.069,0.48638,-0.1437,0.02942,-0.0039,2.4e-4,NA,NA,NA,NA,NA,NA,NA,NA,NA,NA,NA,NA,NA,NA,NA,NA,NA,NA,NA,NA,NA,NA,High,High,High,Medium,Medium,NA,NA,NA,NA,NA,NA,NA,NA,NA,NA,NA,NA,NA,NA,NA,NA,NA,NA,NA,NA,NA,NA,NA,NA,NA,NA,NA,NA,NA,NA,NA,NA
196,2025-10-31,20:12:23,"Baker-Livingston, Ben",695492,Right,JUD,Undefined,0,1,StrikeCalled,Fastball,NA,NA,90.3849,-2.5936,-1.963781,2333.544105,188.144623,12:15:00,6.07619,1.52055,6.05523,-19.74277,14.31328,1.8926,2.02722,-0.14016,82.75684,-6.307854,-1.623156,0.420018,-1.5211,8.43067,-1.36893,50,5.86382,4.41698,-131.1385,-6.55163,-2.64795,27.82156,-17.49791,f95407ff-3d63-4636-9011-c58c3684fda6,NA,NA,NA,NA,NA,806035,"Brookins, Blake",NA,NA,NA,Left,NA,NA,NA,NA,NA,NA,NA,NA,NA,NA,NA,NA,NA,NA,NA,NA,70ed0fa0-b6b7-11f0-84b6-01d555e46d76,5,2,FLA_GAT,6,Top,2,Four-Seam,Undefined,Undefined,Undefined,0,0,NA,JUD,FLA_GAT,121Financial,TeamExclusive,Team,20251031-121Financial-Private-2,89.73995,NA,NA,7.62806,NA,NA,NA,78e623f9-aa27-4d61-8f19-ec9f4998400f,2025-11-01,00:12:23,2025-11-01T00:12:23Z,2025-11-01T00:12:23Z,NA,v3,471326,471297,NA,"Spelman, Conner",1000239666,Right,JUD,54.44186,-132.0775,13.91078,6.07498,-5.96106,-8.74896,-1.51951,4.50635,-1.32398,NA,NA,NA,NA,NA,NA,NA,NA,NA,NA,NA,NA,NA,NA,NA,NA,NA,NA,NA,NA,NA,NA,NA,NA,NA,NA,NA,NA,NA,NA,NA,NA,NA,NA,NA,NA,NA,NA,NA,NA,NA,NA,NA,NA,NA,NA,NA,NA,NA,NA,High,High,High,NA,NA,NA,NA,NA,NA,NA,NA,NA,NA,NA,NA,NA,NA,NA,NA,NA,NA,NA,NA,NA,NA,NA,NA,NA,NA,NA,NA,NA,NA,NA,NA,NA,NA
197,2025-10-31,20:12:38,"Baker-Livingston, Ben",695492,Right,JUD,Undefined,0,2,BallinDirt,Curveball,NA,NA,81.45364,-1.975655,-1.582793,2558.169474,53.357186,07:45:00,5.75675,2.12919,5.51112,-52.43652,-8.82678,-13.97627,-0.46187,-0.51597,74.21973,-11.459537,-4.083367,0.475295,6.60744,-3.47075,-1.98126,50,5.54881,3.81062,-118.03044,-5.90258,9.10592,27.29614,-36.95721,b7a7cc7c-c9aa-489d-9df1-98ed51d2281f,NA,NA,NA,NA,NA,806035,"Brookins, Blake",NA,NA,NA,Left,NA,NA,NA,NA,NA,NA,NA,NA,NA,NA,NA,NA,NA,NA,NA,NA,7a21ef00-b6b7-11f0-84b6-01d555e46d76,5,3,FLA_GAT,6,Top,2,Curveball,Undefined,Undefined,Undefined,0,0,NA,JUD,FLA_GAT,121Financial,TeamExclusive,Team,20251031-121Financial-Private-2,79.30326,NA,NA,7.23391,NA,NA,NA,78e623f9-aa27-4d61-8f19-ec9f4998400f,2025-11-01,00:12:38,2025-11-01T00:12:38Z,2025-11-01T00:12:38Z,NA,v3,471326,471297,NA,"Spelman, Conner",1000239666,Right,JUD,54.9893,-119.1787,13.64807,5.76441,-4.34792,-18.4786,-2.13351,3.42756,4.55296,NA,NA,NA,NA,NA,NA,NA,NA,NA,NA,NA,NA,NA,NA,NA,NA,NA,NA,NA,NA,NA,NA,NA,NA,NA,NA,NA,NA,NA,NA,NA,NA,NA,NA,NA,NA,NA,NA,NA,NA,NA,NA,NA,NA,NA,NA,NA,NA,NA,NA,High,High,High,NA,NA,NA,NA,NA,NA,NA,NA,NA,NA,NA,NA,NA,NA,NA,NA,NA,NA,NA,NA,NA,NA,NA,NA,NA,NA,NA,NA,NA,NA,NA,NA,NA,NA
198,2025-10-31,20:13:00,"Baker-Livingston, Ben",695492,Right,JUD,Undefined,1,2,StrikeSwinging,Curveball,NA,NA,82.65944,-1.174278,-1.228421,2452.329548,51.676074,07:45:00,5.95301,2.16365,5.58087,-50.08184,-8.16248,-12.14631,0.68246,0.00406,75.49923,-10.270018,-3.402881,0.465992,5.78083,-3.37315,-2.04986,50,5.81924,3.06104,-119.9152,-4.2349,8.28398,26.61718,-37.00783,41e4ce0b-2631-45de-9355-e92aba7f0d6d,NA,NA,NA,NA,NA,806035,"Brookins, Blake",NA,NA,NA,Left,NA,NA,NA,NA,NA,NA,NA,NA,NA,NA,NA,NA,NA,NA,NA,NA,870641d0-b6b7-11f0-84b6-01d555e46d76,5,4,FLA_GAT,6,Top,2,Curveball,Strikeout,Undefined,Undefined,0,0,NA,JUD,FLA_GAT,121Financial,TeamExclusive,Team,20251031-121Financial-Private-2,80.88638,NA,NA,7.16022,NA,NA,NA,78e623f9-aa27-4d61-8f19-ec9f4998400f,2025-11-01,00:13:00,2025-11-01T00:13:00Z,2025-11-01T00:13:00Z,NA,v3,471326,471297,NA,"Spelman, Conner",1000239666,Right,JUD,54.91904,-121.00214,13.30859,5.96131,-2.72365,-18.50392,-2.16795,2.72276,4.14199,NA,NA,NA,NA,NA,NA,NA,NA,NA,NA,NA,NA,NA,NA,NA,NA,NA,NA,NA,NA,NA,NA,NA,NA,NA,NA,NA,NA,NA,NA,NA,NA,NA,NA,NA,NA,NA,NA,NA,NA,NA,NA,NA,NA,NA,NA,NA,NA,NA,NA,High,High,High,NA,NA,NA,NA,NA,NA,NA,NA,NA,NA,NA,NA,NA,NA,NA,NA,NA,NA,NA,NA,NA,NA,NA,NA,NA,NA,NA,NA,NA,NA,NA,NA,NA,NA
199,2025-10-31,20:15:40,"McNeillie, Luke",703667,Right,FLA_GAT,Undefined,0,0,StrikeCalled,Fastball,NA,NA,95.9535,-2.574566,-3.573648,2388.616385,226.846536,01:30:00,5.865,2.02407,5.09422,-16.12958,15.67902,15.48257,2.08825,-0.05788,86.48001,-5.61077,-0.841731,0.405923,-8.77524,8.91658,-1.69875,50,5.6092,7.87098,-138.65198,-6.82742,-16.87298,34.54925,-15.02931,1c27ed51-fff8-4e04-aaf5-e0213b3347a1,NA,NA,NA,NA,NA,1000123232,"Souffrain, Manuel",NA,NA,NA,Left,NA,NA,NA,NA,NA,NA,NA,NA,NA,NA,NA,NA,NA,NA,NA,NA,e6d451b0-b6b7-11f0-84b6-01d555e46d76,1,1,JUD,6,Bottom,0,Sinker,Undefined,Undefined,Undefined,0,0,NA,JUD,FLA_GAT,121Financial,TeamExclusive,Team,20251031-121Financial-Private-2,92.85611,NA,NA,9.47349,NA,NA,NA,78e623f9-aa27-4d61-8f19-ec9f4998400f,2025-11-01,00:15:40,2025-11-01T00:15:40Z,2025-11-01T00:15:40Z,NA,v3,471326,471297,NA,"Malzone, Aj",1000352389,Right,FLA_GAT,55.40161,-139.99148,17.27463,5.86261,-6.24473,-7.51466,-2.01659,8.52516,-8.43649,NA,NA,NA,NA,NA,NA,NA,NA,NA,NA,NA,NA,NA,NA,NA,NA,NA,NA,NA,NA,NA,NA,NA,NA,NA,NA,NA,NA,NA,NA,NA,NA,NA,NA,NA,NA,NA,NA,NA,NA,NA,NA,NA,NA,NA,NA,NA,NA,NA,NA,High,High,High,NA,NA,NA,NA,NA,NA,NA,NA,NA,NA,NA,NA,NA,NA,NA,NA,NA,NA,NA,NA,NA,NA,NA,NA,NA,NA,NA,NA,NA,NA,NA,NA,NA,NA
200,2025-10-31,20:15:56,"McNeillie, Luke",703667,Right,FLA_GAT,Undefined,0,1,StrikeSwinging,Slider,NA,NA,87.52172,-0.511412,-3.14835,2697.793246,45.359026,07:30:00,5.75771,2.4523,4.51946,-40.68116,-1.91843,-3.24984,1.87978,-0.82011,79.83661,-7.799517,-3.716287,0.448104,0.63921,-0.3789,-2.11974,50,5.66561,7.12301,-126.62171,-2.86876,1.03071,27.50086,-32.78499,24ce4c67-e856-49db-97a7-2454ab32ccd9,NA,NA,NA,NA,NA,1000123232,"Souffrain, Manuel",NA,NA,NA,Left,NA,NA,NA,NA,NA,NA,NA,NA,NA,NA,NA,NA,NA,NA,NA,NA,f011e3a0-b6b7-11f0-84b6-01d555e46d76,1,2,JUD,6,Bottom,0,Slider,Undefined,Undefined,Undefined,0,0,NA,JUD,FLA_GAT,121Financial,TeamExclusive,Team,20251031-121Financial-Private-2,84.11541,NA,NA,7.68511,NA,NA,NA,78e623f9-aa27-4d61-8f19-ec9f4998400f,2025-11-01,00:15:56,2025-11-01T00:15:56Z,2025-11-01T00:15:56Z,NA,v3,471326,471297,NA,"Malzone, Aj",1000352389,Right,FLA_GAT,55.97771,-127.91341,13.75043,5.76419,-1.32886,-16.3925,-2.45317,7.07459,0.51535,NA,NA,NA,NA,NA,NA,NA,NA,NA,NA,NA,NA,NA,NA,NA,NA,NA,NA,NA,NA,NA,NA,NA,NA,NA,NA,NA,NA,NA,NA,NA,NA,NA,NA,NA,NA,NA,NA,NA,NA,NA,NA,NA,NA,NA,NA,NA,NA,NA,NA,High,High,High,NA,NA,NA,NA,NA,NA,NA,NA,NA,NA,NA,NA,NA,NA,NA,NA,NA,NA,NA,NA,NA,NA,NA,NA,NA,NA,NA,NA,NA,NA,NA,NA,NA,NA
201,2025-10-31,20:16:13,"McNeillie, Luke",703667,Right,FLA_GAT,Undefined,0,2,StrikeCalled,Slider,NA,NA,88.48883,-1.573108,-3.740613,2761.240786,42.530241,07:30:00,5.75917,2.36558,4.7934,-40.17727,-2.52866,-3.47583,0.91676,-1.47389,80.82307,-8.779837,-4.350835,0.441617,0.57217,-0.36437,-1.98893,50,5.56712,8.53089,-127.93982,-5.20266,0.94048,28.44625,-32.77294,4bf2096f-afd9-450f-8b9e-9773337fa44a,NA,NA,NA,NA,NA,1000123232,"Souffrain, Manuel",NA,NA,NA,Left,NA,NA,NA,NA,NA,NA,NA,NA,NA,NA,NA,NA,NA,NA,NA,NA,fa938e50-b6b7-11f0-84b6-01d555e46d76,1,3,JUD,6,Bottom,0,Slider,Strikeout,Undefined,Undefined,0,0,NA,JUD,FLA_GAT,121Financial,TeamExclusive,Team,20251031-121Financial-Private-2,85.351,NA,NA,7.66575,NA,NA,NA,78e623f9-aa27-4d61-8f19-ec9f4998400f,2025-11-01,00:16:13,2025-11-01T00:16:13Z,2025-11-01T00:16:13Z,NA,v3,471326,471297,NA,"Malzone, Aj",1000352389,Right,FLA_GAT,55.70373,-129.20177,14.22313,5.76568,-3.74876,-16.38647,-2.36646,8.48917,0.47024,NA,NA,NA,NA,NA,NA,NA,NA,NA,NA,NA,NA,NA,NA,NA,NA,NA,NA,NA,NA,NA,NA,NA,NA,NA,NA,NA,NA,NA,NA,NA,NA,NA,NA,NA,NA,NA,NA,NA,NA,NA,NA,NA,NA,NA,NA,NA,NA,NA,NA,High,High,High,NA,NA,NA,NA,NA,NA,NA,NA,NA,NA,NA,NA,NA,NA,NA,NA,NA,NA,NA,NA,NA,NA,NA,NA,NA,NA,NA,NA,NA,NA,NA,NA,NA,NA
202,2025-10-31,20:16:41,"McNeillie, Luke",703667,Right,FLA_GAT,Undefined,0,0,FoulBallNotFieldable,Fastball,NA,NA,98.16218,-2.181042,-3.540478,2414.447265,223.304493,01:30:00,5.84197,1.82379,5.11724,-12.53638,18.05119,15.88981,2.73782,-0.19142,87.67455,-4.597603,-0.736137,0.398056,-9.06497,10.02564,-1.50333,50,5.62746,7.94285,-141.76932,-5.81627,-18.06993,38.61816,-12.18912,bb328014-2f03-4c1d-80f8-58fb242fe3d0,NA,NA,NA,NA,114.65775,702670,"DeLisi, Nick",2478.605922,NA,71.27497,Right,56.042449,NA,NA,NA,NA,33.55642,NA,NA,0.78025,2.67713,0.16433,NA,NA,NA,NA,NA,0b0ceec0-b6b8-11f0-84b6-01d555e46d76,2,1,JUD,6,Bottom,1,Four-Seam,Undefined,Undefined,Undefined,0,0,NA,JUD,FLA_GAT,121Financial,TeamExclusive,Team,20251031-121Financial-Private-2,94.69132,46.85936,NA,10.48764,NA,NA,NA,78e623f9-aa27-4d61-8f19-ec9f4998400f,2025-11-01,00:16:41,2025-11-01T00:16:41Z,2025-11-01T00:16:41Z,NA,v3,471326,471297,NA,"Malzone, Aj",1000352389,Right,FLA_GAT,55.37774,-143.22673,19.30908,5.83828,-5.35627,-6.09456,-1.81595,8.6248,-9.03497,322.644527,0.78025,-24.36091,-5.97302,2.4813,0.53566,-6.07369,14.9593,-16.89732,7.28742,2.67713,86.70791,-27.11464,3.13686,-0.63654,0.56798,-1.30543,1.56233,-0.70492,0.16433,53.0674,-11.63164,3.10756,0.25933,-4.58752,11.25127,-12.64506,5.43357,NA,NA,NA,NA,NA,NA,NA,NA,NA,NA,NA,NA,NA,NA,NA,NA,NA,NA,NA,NA,NA,NA,High,High,High,High,Undefined,NA,NA,NA,NA,NA,NA,NA,NA,NA,NA,NA,NA,NA,NA,NA,NA,NA,NA,NA,NA,NA,NA,NA,NA,NA,NA,NA,NA,NA,NA,NA,NA
203,2025-10-31,20:16:56,"McNeillie, Luke",703667,Right,FLA_GAT,Undefined,0,1,BallCalled,Fastball,NA,NA,98.7432,-0.554854,-2.573728,2304.808211,223.762686,01:30:00,5.78119,1.99976,5.30454,-12.6067,17.22225,15.43005,4.20924,0.86795,88.44017,-2.985771,0.162366,0.393088,-8.48587,9.07666,-1.77732,50,5.72213,5.61878,-142.91173,-1.78597,-17.24976,38.18736,-13.72337,cb39c497-4c17-4151-b6c1-de01b2dc9a44,NA,NA,NA,NA,NA,702670,"DeLisi, Nick",NA,NA,NA,Right,NA,NA,NA,NA,NA,NA,NA,NA,NA,NA,NA,NA,NA,NA,NA,NA,143794f0-b6b8-11f0-84b6-01d555e46d76,2,2,JUD,6,Bottom,1,Four-Seam,Undefined,Undefined,Undefined,0,0,NA,JUD,FLA_GAT,121Financial,TeamExclusive,Team,20251031-121Financial-Private-2,95.88796,NA,NA,10.30303,NA,NA,NA,78e623f9-aa27-4d61-8f19-ec9f4998400f,2025-11-01,00:16:56,2025-11-01T00:16:56Z,2025-11-01T00:16:56Z,NA,v3,471326,471297,NA,"Malzone, Aj",1000352389,Right,FLA_GAT,55.18969,-144.2918,19.09368,5.77772,-1.29002,-6.86168,-1.99165,6.24218,-8.62488,NA,NA,NA,NA,NA,NA,NA,NA,NA,NA,NA,NA,NA,NA,NA,NA,NA,NA,NA,NA,NA,NA,NA,NA,NA,NA,NA,NA,NA,NA,NA,NA,NA,NA,NA,NA,NA,NA,NA,NA,NA,NA,NA,NA,NA,NA,NA,NA,NA,NA,High,High,High,NA,NA,NA,NA,NA,NA,NA,NA,NA,NA,NA,NA,NA,NA,NA,NA,NA,NA,NA,NA,NA,NA,NA,NA,NA,NA,NA,NA,NA,NA,NA,NA,NA,NA
204,2025-10-31,20:17:10,"McNeillie, Luke",703667,Right,FLA_GAT,Undefined,1,1,BallCalled,Slider,NA,NA,88.68937,2.255879,-1.732968,2786.737751,29.483755,07:00:00,5.60045,2.19625,4.65235,-44.33928,-6.11902,-4.30189,4.05092,0.19075,79.06725,-5.76593,-2.486893,0.444957,1.46933,-3.28106,-2.01501,50,5.79101,4.09144,-128.0938,3.12548,2.37965,32.68239,-37.48789,59b61bdf-1aaf-43b7-8b65-219be5150637,NA,NA,NA,NA,NA,702670,"DeLisi, Nick",NA,NA,NA,Right,NA,NA,NA,NA,NA,NA,NA,NA,NA,NA,NA,NA,NA,NA,NA,NA,1c35f020-b6b8-11f0-84b6-01d555e46d76,2,3,JUD,6,Bottom,1,Slider,Undefined,Undefined,Undefined,0,0,NA,JUD,FLA_GAT,121Financial,TeamExclusive,Team,20251031-121Financial-Private-2,84.71025,NA,NA,9.62212,NA,NA,NA,78e623f9-aa27-4d61-8f19-ec9f4998400f,2025-11-01,00:17:10,2025-11-01T00:17:10Z,2025-11-01T00:17:10Z,NA,v3,471326,471297,NA,"Malzone, Aj",1000352389,Right,FLA_GAT,55.84181,-129.57574,16.34119,5.61075,4.82531,-18.74394,-2.19809,3.98354,1.18982,NA,NA,NA,NA,NA,NA,NA,NA,NA,NA,NA,NA,NA,NA,NA,NA,NA,NA,NA,NA,NA,NA,NA,NA,NA,NA,NA,NA,NA,NA,NA,NA,NA,NA,NA,NA,NA,NA,NA,NA,NA,NA,NA,NA,NA,NA,NA,NA,NA,NA,High,High,High,NA,NA,NA,NA,NA,NA,NA,NA,NA,NA,NA,NA,NA,NA,NA,NA,NA,NA,NA,NA,NA,NA,NA,NA,NA,NA,NA,NA,NA,NA,NA,NA,NA,NA
205,2025-10-31,20:17:23,"McNeillie, Luke",703667,Right,FLA_GAT,Undefined,2,1,StrikeSwinging,Fastball,NA,NA,95.38186,-2.87067,-2.944705,2360.42648,211.522982,01:00:00,5.72522,1.92318,5.26699,-9.02634,22.9956,13.37095,2.27055,0.2688,85.71122,-4.669871,-0.577192,0.407282,-7.55441,12.6878,-1.66371,50,5.45613,6.41749,-137.86789,-7.1188,-14.33486,34.68823,-8.09837,ceb39cb5-c9c2-4c2f-9b2c-f354fad7f775,NA,NA,NA,NA,NA,702670,"DeLisi, Nick",NA,NA,NA,Right,NA,NA,NA,NA,NA,NA,NA,NA,NA,NA,NA,NA,NA,NA,NA,NA,23f06480-b6b8-11f0-84b6-01d555e46d76,2,4,JUD,6,Bottom,1,Four-Seam,Undefined,Undefined,Undefined,0,0,NA,JUD,FLA_GAT,121Financial,TeamExclusive,Team,20251031-121Financial-Private-2,92.54628,NA,NA,9.67064,NA,NA,NA,78e623f9-aa27-4d61-8f19-ec9f4998400f,2025-11-01,00:17:23,2025-11-01T00:17:23Z,2025-11-01T00:17:23Z,NA,v3,471326,471297,NA,"Malzone, Aj",1000352389,Right,FLA_GAT,55.2275,-139.17694,17.34411,5.71901,-6.81318,-4.04919,-1.9161,6.95845,-7.16743,NA,NA,NA,NA,NA,NA,NA,NA,NA,NA,NA,NA,NA,NA,NA,NA,NA,NA,NA,NA,NA,NA,NA,NA,NA,NA,NA,NA,NA,NA,NA,NA,NA,NA,NA,NA,NA,NA,NA,NA,NA,NA,NA,NA,NA,NA,NA,NA,NA,NA,High,High,High,NA,NA,NA,NA,NA,NA,NA,NA,NA,NA,NA,NA,NA,NA,NA,NA,NA,NA,NA,NA,NA,NA,NA,NA,NA,NA,NA,NA,NA,NA,NA,NA,NA,NA
206,2025-10-31,20:17:37,"McNeillie, Luke",703667,Right,FLA_GAT,Undefined,2,2,InPlay,Slider,NA,NA,88.73926,-0.250483,-2.834696,2640.47498,12.181848,06:30:00,5.6613,2.15101,4.49765,-39.04699,-1.41224,-0.57173,2.16843,-0.59975,80.97855,-7.252958,-2.934617,0.441536,-0.55189,-0.31953,-1.85292,50,5.59739,6.38906,-128.47599,-2.23658,-0.91748,27.95895,-32.70525,89a6ef40-1f5f-4025-a2d7-3df4df147106,NA,NA,NA,NA,11.693332,702670,"DeLisi, Nick",2850.318249,NA,88.81755,Right,17.170802,106.04161,27.10541,29.2409,260.12895,250.61349,2.970329,20.725084,1.39864,2.10613,0.58854,NA,NA,NA,NA,NA,2caba710-b6b8-11f0-84b6-01d555e46d76,2,5,JUD,6,Bottom,1,Slider,Undefined,LineDrive,Out,1,0,NA,JUD,FLA_GAT,121Financial,TeamExclusive,Team,20251031-121Financial-Private-2,85.36667,29.33028,NA,7.76071,NA,NA,NA,78e623f9-aa27-4d61-8f19-ec9f4998400f,2025-11-01,00:17:37,2025-11-01T00:17:37Z,2025-11-01T00:17:37Z,LineDrive,v3,471326,471297,NA,"Malzone, Aj",1000352389,Right,FLA_GAT,56.00157,-129.77549,13.97948,5.66602,-0.71649,-16.35263,-2.15086,6.4317,-0.45874,221.557458,1.39865,121.87595,-23.39877,5.42979,-1.15957,0.23151,-0.03955,0.00467,-2.6e-4,2.10612,38.4577,-13.79839,0.0173,0.15022,-0.05145,0.01005,-9.7e-4,4e-5,0.58853,25.22488,3.73527,-1.13338,0.29349,-0.06563,0.01156,-0.00137,8e-5,NA,NA,NA,NA,NA,NA,NA,NA,NA,NA,NA,NA,NA,NA,NA,NA,NA,NA,NA,NA,NA,NA,High,High,High,High,High,NA,NA,NA,NA,NA,NA,NA,NA,NA,NA,NA,NA,NA,NA,NA,NA,NA,NA,NA,NA,NA,NA,NA,NA,NA,NA,NA,NA,NA,NA,NA,NA
207,2025-10-31,20:18:08,"McNeillie, Luke",703667,Right,FLA_GAT,Undefined,0,0,BallCalled,Fastball,NA,NA,97.99666,0.198185,-2.528227,2413.73187,212.079296,01:00:00,5.80366,1.89705,5.15897,-10.11036,20.45922,12.09178,5.14785,0.52342,87.36536,-1.79822,-0.39034,0.397939,-6.78323,10.36485,-1.67032,50,5.81511,5.61325,-141.71232,0.22967,-13.51173,38.56523,-11.52804,ee8a6a76-8b7c-44d3-9e71-b882422cefca,NA,NA,NA,NA,NA,1000077230,"Hodges, Clayton",NA,NA,NA,Right,NA,NA,NA,NA,NA,NA,NA,NA,NA,NA,NA,NA,NA,NA,NA,NA,3ed8d200-b6b8-11f0-84b6-01d555e46d76,3,1,JUD,6,Bottom,2,Four-Seam,Undefined,Undefined,Undefined,0,0,NA,JUD,FLA_GAT,121Financial,TeamExclusive,Team,20251031-121Financial-Private-2,94.71919,NA,NA,10.6313,NA,NA,NA,78e623f9-aa27-4d61-8f19-ec9f4998400f,2025-11-01,00:18:08,2025-11-01T00:18:08Z,2025-11-01T00:18:08Z,NA,v3,471326,471297,NA,"Malzone, Aj",1000352389,Right,FLA_GAT,55.33322,-143.15634,19.28262,5.79843,0.66132,-5.76402,-1.88997,6.1191700000000004,-6.75586,NA,NA,NA,NA,NA,NA,NA,NA,NA,NA,NA,NA,NA,NA,NA,NA,NA,NA,NA,NA,NA,NA,NA,NA,NA,NA,NA,NA,NA,NA,NA,NA,NA,NA,NA,NA,NA,NA,NA,NA,NA,NA,NA,NA,NA,NA,NA,NA,NA,NA,High,High,High,NA,NA,NA,NA,NA,NA,NA,NA,NA,NA,NA,NA,NA,NA,NA,NA,NA,NA,NA,NA,NA,NA,NA,NA,NA,NA,NA,NA,NA,NA,NA,NA,NA,NA
208,2025-10-31,20:18:22,"McNeillie, Luke",703667,Right,FLA_GAT,Undefined,1,0,FoulBallNotFieldable,Slider,NA,NA,87.17415,0.243568,-2.467404,2540.350232,48.845882,07:45:00,5.57655,2.49723,4.67832,-41.02282,-2.42886,-4.17729,2.3895,-0.19551,79.81408,-7.129158,-3.200041,0.447127,1.35284,-0.9265,-2.24208,50,5.56405,5.63956,-126.3259,-1.1685,2.18141,26.24957,-33.66803,bad47fcb-ffd4-46d3-884c-894bc904081a,NA,NA,NA,NA,90.043539,10909661,"Ogbourne, Archer",5637.068547,NA,75.27313,Right,50.968807,NA,NA,NA,NA,63.10648,NA,NA,1.45097,1.92683,-0.14694,NA,NA,NA,NA,NA,4712fdb0-b6b8-11f0-84b6-01d555e46d76,3,2,JUD,6,Bottom,2,Slider,Undefined,Undefined,Undefined,0,0,NA,JUD,FLA_GAT,121Financial,TeamExclusive,Team,20251031-121Financial-Private-2,84.29913,61.94293,NA,7.36008,NA,NA,NA,78e623f9-aa27-4d61-8f19-ec9f4998400f,2025-11-01,00:18:22,2025-11-01T00:18:22Z,2025-11-01T00:18:22Z,NA,v3,471326,471297,NA,"Malzone, Aj",1000352389,Right,FLA_GAT,55.82082,-127.52969,13.12478,5.58223,0.37549,-16.83402,-2.49841,5.5395200000000004,1.09071,NA,1.45097,-0.05283,-9.07456,2.25284,-0.53437,0.1323,-0.03246,0.00668,-8e-4,1.92683,85.7594,-31.09618,4.92277,-1.21089,0.29729,-0.07344,0.01525,-0.00181,-0.14694,69.52391,-10.92986,2.59854,-0.60564,0.15061,-0.03741,0.00778,-9.5e-4,NA,NA,NA,NA,NA,NA,NA,NA,NA,NA,NA,NA,NA,NA,NA,NA,NA,NA,NA,NA,NA,NA,High,High,High,Low,Undefined,NA,NA,NA,NA,NA,NA,NA,NA,NA,NA,NA,NA,NA,NA,NA,NA,NA,NA,NA,NA,NA,NA,NA,NA,NA,NA,NA,NA,NA,NA,NA,NA
209,2025-10-31,20:18:37,"McNeillie, Luke",703667,Right,FLA_GAT,Undefined,1,1,FoulBallNotFieldable,Slider,NA,NA,87.20715,-0.442289,-2.243955,2544.085869,68.030786,08:15:00,5.75505,2.32102,4.43757,-40.10711,-0.28197,-4.55268,1.99058,-0.19987,78.11453,-7.673508,-3.039432,0.454203,1.42402,0.41917,-2.07844,50,5.66935,5.15749,-125.96673,-2.66514,2.22885,31.7561,-31.51799,25042927-e659-49db-8712-e2c6022f1f2f,NA,NA,NA,NA,130.932855,10909661,"Ogbourne, Archer",5420.71968,NA,52.69981,Right,48.672934,NA,NA,NA,NA,46.23665,NA,NA,2.04666,2.15916,0.22321,NA,NA,NA,NA,NA,50351860-b6b8-11f0-84b6-01d555e46d76,3,3,JUD,6,Bottom,2,Slider,Undefined,Undefined,Undefined,0,0,NA,JUD,FLA_GAT,121Financial,TeamExclusive,Team,20251031-121Financial-Private-2,82.98588,38.5406,NA,9.09262,NA,NA,NA,78e623f9-aa27-4d61-8f19-ec9f4998400f,2025-11-01,00:18:37,2025-11-01T00:18:37Z,2025-11-01T00:18:37Z,NA,v3,471326,471297,NA,"Malzone, Aj",1000352389,Right,FLA_GAT,56.058,-127.4848,15.87805,5.76074,-1.15846,-15.75899,-2.32245,5.05095,1.11442,317.766283,2.04666,-33.44056,-1.94874,1.29231,-0.40225,0.08877,-0.01157,-0.00195,0.00103,2.15916,58.0433,-23.62225,2.31762,-0.40153,0.06269,-0.02184,0.00889,-0.00181,0.22321,38.56039,-7.66781,2.36266,-0.54577,0.10968,-0.02227,0.00294,-1.1e-4,NA,NA,NA,NA,NA,NA,NA,NA,NA,NA,NA,NA,NA,NA,NA,NA,NA,NA,NA,NA,NA,NA,High,High,High,High,Undefined,NA,NA,NA,NA,NA,NA,NA,NA,NA,NA,NA,NA,NA,NA,NA,NA,NA,NA,NA,NA,NA,NA,NA,NA,NA,NA,NA,NA,NA,NA,NA,NA
210,2025-10-31,20:18:58,"McNeillie, Luke",703667,Right,FLA_GAT,Undefined,1,2,StrikeSwinging,Fastball,NA,NA,99.02896,-1.305057,-3.711074,2414.017115,207.52679,01:00:00,5.81173,2.08223,5.19505,-9.15008,21.28025,10.40138,3.81885,-0.54663,87.01703,-3.155995,-1.874482,0.397031,-6.51599,11.36186,-1.74571,50,5.68442,8.69419,-142.75186,-3.45279,-12.96894,43.70572,-9.56026,b13f9883-b2d4-4d30-aa6c-023ef00ab7ce,NA,NA,NA,NA,NA,10909661,"Ogbourne, Archer",NA,NA,NA,Right,NA,NA,NA,NA,NA,NA,NA,NA,NA,NA,NA,NA,NA,NA,NA,NA,5c8170f0-b6b8-11f0-84b6-01d555e46d76,3,4,JUD,6,Bottom,2,Four-Seam,Strikeout,Undefined,Undefined,0,0,NA,JUD,FLA_GAT,121Financial,TeamExclusive,Team,20251031-121Financial-Private-2,94.93567,NA,NA,12.01193,NA,NA,NA,78e623f9-aa27-4d61-8f19-ec9f4998400f,2025-11-01,00:18:58,2025-11-01T00:18:58Z,2025-11-01T00:18:58Z,NA,v3,471326,471297,NA,"Malzone, Aj",1000352389,Right,FLA_GAT,55.29411,-144.36364,21.85286,5.80525,-3.10023,-4.78013,-2.07515,9.17245,-6.48447,NA,NA,NA,NA,NA,NA,NA,NA,NA,NA,NA,NA,NA,NA,NA,NA,NA,NA,NA,NA,NA,NA,NA,NA,NA,NA,NA,NA,NA,NA,NA,NA,NA,NA,NA,NA,NA,NA,NA,NA,NA,NA,NA,NA,NA,NA,NA,NA,NA,NA,High,High,High,NA,NA,NA,NA,NA,NA,NA,NA,NA,NA,NA,NA,NA,NA,NA,NA,NA,NA,NA,NA,NA,NA,NA,NA,NA,NA,NA,NA,NA,NA,NA,NA,NA,NA
211,2025-10-31,20:21:17,"Baker-Livingston, Ben",695492,Right,JUD,Undefined,0,0,StrikeCalled,Fastball,NA,NA,89.84833,-2.839498,-2.156109,2287.315087,179.629455,12:00:00,6.28297,1.16085,5.89709,-17.91103,17.12296,-0.10276,2.15021,-0.85035,81.46838,-6.238523,-2.1745390000000002,0.426007,-0.61075,9.99115,-0.98727,50,6.04401,4.90417,-130.14199,-6.98772,-1.03684,29.89943,-15.21267,4a826f73-cd7c-4176-92b8-054d38c621f9,NA,NA,NA,NA,NA,701341,"Wilson, Ashton",NA,NA,NA,Right,NA,NA,NA,NA,NA,NA,NA,NA,NA,NA,NA,NA,NA,NA,NA,NA,af94d610-b6b8-11f0-84b6-01d555e46d76,1,1,FLA_GAT,7,Top,0,Four-Seam,Undefined,Undefined,Undefined,0,0,NA,JUD,FLA_GAT,121Financial,TeamExclusive,Team,20251031-121Financial-Private-2,88.47855,NA,NA,8.37994,NA,NA,NA,78e623f9-aa27-4d61-8f19-ec9f4998400f,2025-11-01,00:21:17,2025-11-01T00:21:17Z,2025-11-01T00:21:17Z,NA,v3,471326,471297,NA,"DeLisi, Nick",702670,Right,JUD,54.59802,-131.1941,14.94972,6.28047,-6.45241,-7.60634,-1.16048,4.94065,-0.51842,NA,NA,NA,NA,NA,NA,NA,NA,NA,NA,NA,NA,NA,NA,NA,NA,NA,NA,NA,NA,NA,NA,NA,NA,NA,NA,NA,NA,NA,NA,NA,NA,NA,NA,NA,NA,NA,NA,NA,NA,NA,NA,NA,NA,NA,NA,NA,NA,NA,NA,High,High,High,NA,NA,NA,NA,NA,NA,NA,NA,NA,NA,NA,NA,NA,NA,NA,NA,NA,NA,NA,NA,NA,NA,NA,NA,NA,NA,NA,NA,NA,NA,NA,NA,NA,NA
212,2025-10-31,20:21:31,"Baker-Livingston, Ben",695492,Right,JUD,Undefined,0,1,StrikeSwinging,Curveball,NA,NA,80.83287,-0.312485,-2.241992,2518.161127,62.626555,08:00:00,5.91602,1.66347,5.19825,-51.14684,-6.19768,-15.2108,1.35965,-1.71394,73.06133,-9.580018,-4.938966,0.482539,6.76382,-2.44165,-1.44389,50,5.84888,5.22624,-116.992,-2.51348,9.1405,27.20448,-35.47363,5ed18949-cf61-4bd5-ac00-468bdeb83fc3,NA,NA,NA,NA,NA,701341,"Wilson, Ashton",NA,NA,NA,Right,NA,NA,NA,NA,NA,NA,NA,NA,NA,NA,NA,NA,NA,NA,NA,NA,b7d2ab40-b6b8-11f0-84b6-01d555e46d76,1,2,FLA_GAT,7,Top,0,Curveball,Undefined,Undefined,Undefined,0,0,NA,JUD,FLA_GAT,121Financial,TeamExclusive,Team,20251031-121Financial-Private-2,78.11277,NA,NA,7.77154,NA,NA,NA,78e623f9-aa27-4d61-8f19-ec9f4998400f,2025-11-01,00:21:31,2025-11-01T00:21:31Z,2025-11-01T00:21:31Z,NA,v3,471326,471297,NA,"DeLisi, Nick",702670,Right,JUD,55.29866,-118.21769,13.60224,5.92612,-0.91522,-17.73681,-1.67008,4.81441,4.57025,NA,NA,NA,NA,NA,NA,NA,NA,NA,NA,NA,NA,NA,NA,NA,NA,NA,NA,NA,NA,NA,NA,NA,NA,NA,NA,NA,NA,NA,NA,NA,NA,NA,NA,NA,NA,NA,NA,NA,NA,NA,NA,NA,NA,NA,NA,NA,NA,NA,NA,High,High,High,NA,NA,NA,NA,NA,NA,NA,NA,NA,NA,NA,NA,NA,NA,NA,NA,NA,NA,NA,NA,NA,NA,NA,NA,NA,NA,NA,NA,NA,NA,NA,NA,NA,NA
213,2025-10-31,20:21:51,"Baker-Livingston, Ben",695492,Right,JUD,Undefined,0,2,BallinDirt,Curveball,NA,NA,80.41277,-1.273455,-2.184515,2549.473504,62.759572,08:00:00,5.96361,1.44842,5.32125,-51.93042,-6.81158,-16.41387,0.43996,-1.97042,73.09485,-10.660568,-5.104594,0.483449,7.52166,-2.55575,-1.23825,50,5.81077,5.10604,-116.45011,-4.43265,10.08602,26.65056,-35.60114,d94f0720-4d86-445c-bb43-8d1c7624f1bf,NA,NA,NA,NA,NA,701341,"Wilson, Ashton",NA,NA,NA,Right,NA,NA,NA,NA,NA,NA,NA,NA,NA,NA,NA,NA,NA,NA,NA,NA,c3c8f490-b6b8-11f0-84b6-01d555e46d76,1,3,FLA_GAT,7,Top,0,Curveball,Undefined,Undefined,Undefined,0,0,NA,JUD,FLA_GAT,121Financial,TeamExclusive,Team,20251031-121Financial-Private-2,77.96576,NA,NA,7.31791,NA,NA,NA,78e623f9-aa27-4d61-8f19-ec9f4998400f,2025-11-01,00:21:51,2025-11-01T00:21:51Z,2025-11-01T00:21:51Z,NA,v3,471326,471297,NA,"DeLisi, Nick",702670,Right,JUD,55.17792,-117.62914,13.32528,5.97203,-2.85763,-17.80057,-1.45427,4.65983,5.04301,NA,NA,NA,NA,NA,NA,NA,NA,NA,NA,NA,NA,NA,NA,NA,NA,NA,NA,NA,NA,NA,NA,NA,NA,NA,NA,NA,NA,NA,NA,NA,NA,NA,NA,NA,NA,NA,NA,NA,NA,NA,NA,NA,NA,NA,NA,NA,NA,NA,NA,High,High,High,NA,NA,NA,NA,NA,NA,NA,NA,NA,NA,NA,NA,NA,NA,NA,NA,NA,NA,NA,NA,NA,NA,NA,NA,NA,NA,NA,NA,NA,NA,NA,NA,NA,NA
214,2025-10-31,20:22:09,"Baker-Livingston, Ben",695492,Right,JUD,Undefined,1,2,BallCalled,Curveball,NA,NA,79.74496,0.240979,-2.883855,2497.315227,63.400957,08:00:00,5.93654,1.34379,5.15513,-52.33078,-6.1815,-15.67202,1.80277,-2.67917,72.28805,-9.228664,-5.655174,0.488938,6.7991,-2.64276,-1.06181,50,5.91923,6.46869,-115.40264,-1.41072,8.97075,25.80555,-35.66092,98e80cd4-b725-424b-91e3-cb19c7a3022a,NA,NA,NA,NA,NA,701341,"Wilson, Ashton",NA,NA,NA,Right,NA,NA,NA,NA,NA,NA,NA,NA,NA,NA,NA,NA,NA,NA,NA,NA,ced4dde0-b6b8-11f0-84b6-01d555e46d76,1,4,FLA_GAT,7,Top,0,Curveball,Undefined,Undefined,Undefined,0,0,NA,JUD,FLA_GAT,121Financial,TeamExclusive,Team,20251031-121Financial-Private-2,77.09042,NA,NA,7.45691,NA,NA,NA,78e623f9-aa27-4d61-8f19-ec9f4998400f,2025-11-01,00:22:09,2025-11-01T00:22:09Z,2025-11-01T00:22:09Z,NA,v3,471326,471297,NA,"DeLisi, Nick",702670,Right,JUD,55.3427,-116.59121,12.90278,5.9463800000000004,0.23178,-17.83046,-1.35024,6.05551,4.48537,NA,NA,NA,NA,NA,NA,NA,NA,NA,NA,NA,NA,NA,NA,NA,NA,NA,NA,NA,NA,NA,NA,NA,NA,NA,NA,NA,NA,NA,NA,NA,NA,NA,NA,NA,NA,NA,NA,NA,NA,NA,NA,NA,NA,NA,NA,NA,NA,NA,NA,High,High,High,NA,NA,NA,NA,NA,NA,NA,NA,NA,NA,NA,NA,NA,NA,NA,NA,NA,NA,NA,NA,NA,NA,NA,NA,NA,NA,NA,NA,NA,NA,NA,NA,NA,NA
215,2025-10-31,20:22:27,"Baker-Livingston, Ben",695492,Right,JUD,Undefined,2,2,InPlay,Fastball,NA,NA,89.59955,-2.934908,-1.060447,2374.162315,182.966336,12:00:00,6.23335,1.0539,5.90189,-21.29781,13.60989,0.64642,1.73121,0.12325,81.98755,-6.918276,-0.944324,0.425238,-0.63524,8.15969,-0.96905,50,5.98511,2.3791,-129.98267,-7.3467,-1.08413,27.87168,-18.24846,b8899f49-12fe-473f-9d58-a1f44693eb28,NA,NA,NA,NA,-3.03541,701341,"Wilson, Ashton",1412.340393,NA,98.87985,Right,18.205372,109.9984,28.7188,0.49998,283.67725,279.58295,2.975533,4.541728,1.74104,1.69348,-0.12938,NA,NA,NA,NA,NA,d95ace50-b6b8-11f0-84b6-01d555e46d76,1,5,FLA_GAT,7,Top,0,Four-Seam,Undefined,FlyBall,Out,1,0,NA,JUD,FLA_GAT,121Financial,TeamExclusive,Team,20251031-121Financial-Private-2,88.6385,32.31604,NA,7.61199,NA,NA,NA,78e623f9-aa27-4d61-8f19-ec9f4998400f,2025-11-01,00:22:27,2025-11-01T00:22:27Z,2025-11-01T00:22:27Z,LineDrive,v3,471326,471297,NA,"DeLisi, Nick",702670,Right,JUD,54.59618,-130.9645,13.93584,6.23259,-6.70387,-9.12423,-1.05353,2.41729,-0.54206,239.689292,1.74111,137.56744,-24.7959,5.71191,-1.09526,0.12237,0.00852,-0.00602,7.5e-4,1.69337,45.3133,-17.88068,0.74806,0.06112,0.00644,-0.02082,0.00739,-8.2e-4,-0.12941,-7.29338,12.27955,-4.96851,1.50945,-0.36031,0.06466,-0.00712,3.3e-4,NA,NA,NA,NA,NA,NA,NA,NA,NA,NA,NA,NA,NA,NA,NA,NA,NA,NA,NA,NA,NA,NA,High,High,High,High,High,NA,NA,NA,NA,NA,NA,NA,NA,NA,NA,NA,NA,NA,NA,NA,NA,NA,NA,NA,NA,NA,NA,NA,NA,NA,NA,NA,NA,NA,NA,NA,NA
216,2025-10-31,20:22:58,"Baker-Livingston, Ben",695492,Right,JUD,Undefined,0,0,BallCalled,ChangeUp,NA,NA,84.66567,-1.835404,-2.362433,2485.680054,63.181713,08:00:00,6.0042,1.51576,5.18628,-40.34963,-0.51406,-3.30063,0.91295,-0.9831,78.53505,-9.105205,-2.94772,0.454263,1.04547,0.53622,-1.29365,50,5.80264,5.20829,-122.85388,-5.45653,1.60781,22.91215,-31.34942,830745b9-96aa-4188-8a8d-434491037ca2,NA,NA,NA,NA,NA,1000098001,"Stanford, Cole",NA,NA,NA,Right,NA,NA,NA,NA,NA,NA,NA,NA,NA,NA,NA,NA,NA,NA,NA,NA,ebd04ce0-b6b8-11f0-84b6-01d555e46d76,2,1,FLA_GAT,7,Top,1,Slider,Undefined,Undefined,Undefined,0,0,NA,JUD,FLA_GAT,121Financial,TeamExclusive,Team,20251031-121Financial-Private-2,82.975,NA,NA,6.13062,NA,NA,NA,78e623f9-aa27-4d61-8f19-ec9f4998400f,2025-11-01,00:22:58,2025-11-01T00:22:58Z,2025-11-01T00:22:58Z,NA,v3,471326,471297,NA,"DeLisi, Nick",702670,Right,JUD,55.31414,-123.841,11.45608,6.00863,-4.10591,-15.67471,-1.51655,5.13902,0.8039,NA,NA,NA,NA,NA,NA,NA,NA,NA,NA,NA,NA,NA,NA,NA,NA,NA,NA,NA,NA,NA,NA,NA,NA,NA,NA,NA,NA,NA,NA,NA,NA,NA,NA,NA,NA,NA,NA,NA,NA,NA,NA,NA,NA,NA,NA,NA,NA,NA,NA,High,High,High,NA,NA,NA,NA,NA,NA,NA,NA,NA,NA,NA,NA,NA,NA,NA,NA,NA,NA,NA,NA,NA,NA,NA,NA,NA,NA,NA,NA,NA,NA,NA,NA,NA,NA
217,2025-10-31,20:23:11,"Baker-Livingston, Ben",695492,Right,JUD,Undefined,1,0,BallCalled,Fastball,NA,NA,91.46263,-3.649257,-3.195049,2374.495494,192.998466,12:30:00,6.19503,0.84726,5.84568,-15.47647,18.37796,3.97295,1.50427,-1.79383,83.18346,-6.593584,-2.484264,0.418773,-2.96386,10.80103,-0.58939,50,5.8883,7.20982,-132.30851,-8.8984,-5.22201,29.82408,-13.1438,f55146fa-4167-4a3f-be91-04e5e334a1f3,NA,NA,NA,NA,NA,1000098001,"Stanford, Cole",NA,NA,NA,Right,NA,NA,NA,NA,NA,NA,NA,NA,NA,NA,NA,NA,NA,NA,NA,NA,f38ae850-b6b8-11f0-84b6-01d555e46d76,2,2,FLA_GAT,7,Top,1,Four-Seam,Undefined,Undefined,Undefined,0,0,NA,JUD,FLA_GAT,121Financial,TeamExclusive,Team,20251031-121Financial-Private-2,90.00677,NA,NA,8.27917,NA,NA,NA,78e623f9-aa27-4d61-8f19-ec9f4998400f,2025-11-01,00:23:11,2025-11-01T00:23:11Z,2025-11-01T00:23:11Z,NA,v3,471326,471297,NA,"DeLisi, Nick",702670,Right,JUD,54.65006,-133.35257,14.91204,6.19176,-8.43827,-6.5719,-0.84499,7.39263,-2.611,NA,NA,NA,NA,NA,NA,NA,NA,NA,NA,NA,NA,NA,NA,NA,NA,NA,NA,NA,NA,NA,NA,NA,NA,NA,NA,NA,NA,NA,NA,NA,NA,NA,NA,NA,NA,NA,NA,NA,NA,NA,NA,NA,NA,NA,NA,NA,NA,NA,NA,High,High,High,NA,NA,NA,NA,NA,NA,NA,NA,NA,NA,NA,NA,NA,NA,NA,NA,NA,NA,NA,NA,NA,NA,NA,NA,NA,NA,NA,NA,NA,NA,NA,NA,NA,NA
218,2025-10-31,20:23:30,"Baker-Livingston, Ben",695492,Right,JUD,Undefined,2,0,BallCalled,ChangeUp,NA,NA,83.6957,-1.211707,-1.242791,2497.317992,68.626686,08:15:00,6.0243,1.31877,5.20494,-41.66238,-0.5478,-4.81095,1.41243,-0.25113,76.73804,-8.763021,-2.097063,0.461497,2.04075,0.47969,-1.19999,50,5.88075,2.83988,-121.39672,-4.11894,3.0299,24.89564,-31.46186,46abbbc9-2487-4dd1-9a18-27c5fe7e4708,NA,NA,NA,NA,NA,1000098001,"Stanford, Cole",NA,NA,NA,Right,NA,NA,NA,NA,NA,NA,NA,NA,NA,NA,NA,NA,NA,NA,NA,NA,feefee20-b6b8-11f0-84b6-01d555e46d76,2,3,FLA_GAT,7,Top,1,Slider,Undefined,Undefined,Undefined,0,0,NA,JUD,FLA_GAT,121Financial,TeamExclusive,Team,20251031-121Financial-Private-2,81.67421,NA,NA,6.95765,NA,NA,NA,78e623f9-aa27-4d61-8f19-ec9f4998400f,2025-11-01,00:23:30,2025-11-01T00:23:30Z,2025-11-01T00:23:30Z,NA,v3,471326,471297,NA,"DeLisi, Nick",702670,Right,JUD,55.29334,-122.47745,12.44782,6.02991,-2.75317,-15.73093,-1.32042,2.70835,1.51495,NA,NA,NA,NA,NA,NA,NA,NA,NA,NA,NA,NA,NA,NA,NA,NA,NA,NA,NA,NA,NA,NA,NA,NA,NA,NA,NA,NA,NA,NA,NA,NA,NA,NA,NA,NA,NA,NA,NA,NA,NA,NA,NA,NA,NA,NA,NA,NA,NA,NA,High,High,High,NA,NA,NA,NA,NA,NA,NA,NA,NA,NA,NA,NA,NA,NA,NA,NA,NA,NA,NA,NA,NA,NA,NA,NA,NA,NA,NA,NA,NA,NA,NA,NA,NA,NA
219,2025-10-31,20:23:47,"Baker-Livingston, Ben",695492,Right,JUD,Undefined,3,0,StrikeCalled,Fastball,NA,NA,89.94264,-2.821238,-1.475251,2295.167642,192.864489,12:30:00,6.14148,1.04857,5.83972,-16.77536,18.29694,3.89134,2.11853,0.00147,81.35506,-6.022572,-0.777586,0.426239,-2.43217,10.57044,-0.93061,50,5.90167,3.18357,-130.2855,-6.90388,-4.13132,30.37727,-14.21896,8307f0b5-1133-42ca-be13-1c3bbe31f206,NA,NA,NA,NA,NA,1000098001,"Stanford, Cole",NA,NA,NA,Right,NA,NA,NA,NA,NA,NA,NA,NA,NA,NA,NA,NA,NA,NA,NA,NA,08ae6fe0-b6b9-11f0-84b6-01d555e46d76,2,4,FLA_GAT,7,Top,1,Four-Seam,Undefined,Undefined,Undefined,0,0,NA,JUD,FLA_GAT,121Financial,TeamExclusive,Team,20251031-121Financial-Private-2,88.4302,NA,NA,8.58757,NA,NA,NA,78e623f9-aa27-4d61-8f19-ec9f4998400f,2025-11-01,00:23:47,2025-11-01T00:23:47Z,2025-11-01T00:23:47Z,NA,v3,471326,471297,NA,"DeLisi, Nick",702670,Right,JUD,54.65465,-131.36629,15.18864,6.13831,-6.39799,-7.10948,-1.04649,3.33056,-2.06566,NA,NA,NA,NA,NA,NA,NA,NA,NA,NA,NA,NA,NA,NA,NA,NA,NA,NA,NA,NA,NA,NA,NA,NA,NA,NA,NA,NA,NA,NA,NA,NA,NA,NA,NA,NA,NA,NA,NA,NA,NA,NA,NA,NA,NA,NA,NA,NA,NA,NA,High,High,High,NA,NA,NA,NA,NA,NA,NA,NA,NA,NA,NA,NA,NA,NA,NA,NA,NA,NA,NA,NA,NA,NA,NA,NA,NA,NA,NA,NA,NA,NA,NA,NA,NA,NA
220,2025-10-31,20:24:03,"Baker-Livingston, Ben",695492,Right,JUD,Undefined,3,1,StrikeSwinging,Fastball,NA,NA,90.41468,-3.279382,-1.662146,2334.757901,196.282619,12:30:00,6.25435,1.0151,5.87294,-15.69406,18.90855,5.16721,1.896,-0.09854,82.00124,-6.278715,-0.735278,0.423376,-3.12772,11.00182,-0.88355,50,5.97969,3.57236,-130.95114,-7.94585,-5.3824,29.96693,-13.24138,59f29e2f-5a3c-4275-bcde-c782fdd8e575,NA,NA,NA,NA,NA,1000098001,"Stanford, Cole",NA,NA,NA,Right,NA,NA,NA,NA,NA,NA,NA,NA,NA,NA,NA,NA,NA,NA,NA,NA,12251330-b6b9-11f0-84b6-01d555e46d76,2,5,FLA_GAT,7,Top,1,Four-Seam,Undefined,Undefined,Undefined,0,0,NA,JUD,FLA_GAT,121Financial,TeamExclusive,Team,20251031-121Financial-Private-2,89.02837,NA,NA,8.41345,NA,NA,NA,78e623f9-aa27-4d61-8f19-ec9f4998400f,2025-11-01,00:24:03,2025-11-01T00:24:03Z,2025-11-01T00:24:03Z,NA,v3,471326,471297,NA,"DeLisi, Nick",702670,Right,JUD,54.62198,-132.0046,14.983459999999999,6.25083,-7.48036,-6.62069,-1.01245,3.76157,-2.6912,NA,NA,NA,NA,NA,NA,NA,NA,NA,NA,NA,NA,NA,NA,NA,NA,NA,NA,NA,NA,NA,NA,NA,NA,NA,NA,NA,NA,NA,NA,NA,NA,NA,NA,NA,NA,NA,NA,NA,NA,NA,NA,NA,NA,NA,NA,NA,NA,NA,NA,High,High,High,NA,NA,NA,NA,NA,NA,NA,NA,NA,NA,NA,NA,NA,NA,NA,NA,NA,NA,NA,NA,NA,NA,NA,NA,NA,NA,NA,NA,NA,NA,NA,NA,NA,NA
221,2025-10-31,20:24:17,"Baker-Livingston, Ben",695492,Right,JUD,Undefined,3,2,BallCalled,ChangeUp,NA,NA,83.56706,-1.289736,-1.647249,2418.615577,76.866602,08:30:00,6.01586,1.50753,5.11864,-41.39203,0.17744,-5.26067,1.35093,-0.48295,76.31389,-8.790147,-2.579404,0.464043,2.11914,0.89043,-1.34832,50,5.86241,3.71046,-121.10776,-4.27643,3.11765,25.73601,-30.86407,f0228cc6-d13f-4b30-b963-1e3a1c351027,NA,NA,NA,NA,NA,1000098001,"Stanford, Cole",NA,NA,NA,Right,NA,NA,NA,NA,NA,NA,NA,NA,NA,NA,NA,NA,NA,NA,NA,NA,1a98ec80-b6b9-11f0-84b6-01d555e46d76,2,6,FLA_GAT,7,Top,1,Slider,Walk,Undefined,Undefined,0,0,NA,JUD,FLA_GAT,121Financial,TeamExclusive,Team,20251031-121Financial-Private-2,81.2261,NA,NA,7.25317,NA,NA,NA,78e623f9-aa27-4d61-8f19-ec9f4998400f,2025-11-01,00:24:17,2025-11-01T00:24:17Z,2025-11-01T00:24:17Z,NA,v3,471326,471297,NA,"DeLisi, Nick",702670,Right,JUD,55.37904,-122.24549,12.86801,6.0213,-2.912,-15.43203,-1.5093,3.57263,1.55883,NA,NA,NA,NA,NA,NA,NA,NA,NA,NA,NA,NA,NA,NA,NA,NA,NA,NA,NA,NA,NA,NA,NA,NA,NA,NA,NA,NA,NA,NA,NA,NA,NA,NA,NA,NA,NA,NA,NA,NA,NA,NA,NA,NA,NA,NA,NA,NA,NA,NA,High,High,High,NA,NA,NA,NA,NA,NA,NA,NA,NA,NA,NA,NA,NA,NA,NA,NA,NA,NA,NA,NA,NA,NA,NA,NA,NA,NA,NA,NA,NA,NA,NA,NA,NA,NA
222,2025-10-31,20:24:52,"Baker-Livingston, Ben",695492,Right,JUD,Undefined,0,0,BallCalled,Fastball,NA,NA,90.61438,-3.563995,-1.253844,2351.115021,195.926603,12:30:00,6.2087,1.46307,6.01822,-15.23363,19.07627,5.09465,1.63296,0.72604,82.10699,-6.487303,-0.337236,0.421581,-2.98646,11.243,-1.36748,50,5.92074,2.65153,-131.24145,-8.58412,-5.15426,30.49051,-12.76996,66d0e93d-86bb-495a-9a6c-33b9a4a3e777,NA,NA,NA,NA,NA,703630,"Nadeau, Justin",NA,NA,NA,Left,NA,NA,NA,NA,NA,NA,NA,NA,NA,NA,NA,NA,NA,NA,NA,NA,2fb918b0-b6b9-11f0-84b6-01d555e46d76,3,1,FLA_GAT,7,Top,1,Four-Seam,Undefined,Undefined,Undefined,0,0,NA,JUD,FLA_GAT,121Financial,TeamExclusive,Team,20251031-121Financial-Private-2,89.40731,NA,NA,8.50739,NA,NA,NA,78e623f9-aa27-4d61-8f19-ec9f4998400f,2025-11-01,00:24:52,2025-11-01T00:24:52Z,2025-11-01T00:24:52Z,NA,v3,471326,471297,NA,"DeLisi, Nick",702670,Right,JUD,54.47666,-132.2774,15.24526,6.20502,-8.15025,-6.38498,-1.46054,2.82665,-2.57713,NA,NA,NA,NA,NA,NA,NA,NA,NA,NA,NA,NA,NA,NA,NA,NA,NA,NA,NA,NA,NA,NA,NA,NA,NA,NA,NA,NA,NA,NA,NA,NA,NA,NA,NA,NA,NA,NA,NA,NA,NA,NA,NA,NA,NA,NA,NA,NA,NA,NA,High,High,High,NA,NA,NA,NA,NA,NA,NA,NA,NA,NA,NA,NA,NA,NA,NA,NA,NA,NA,NA,NA,NA,NA,NA,NA,NA,NA,NA,NA,NA,NA,NA,NA,NA,NA
223,2025-10-31,20:25:08,"Baker-Livingston, Ben",695492,Right,JUD,Undefined,1,0,FoulBallNotFieldable,ChangeUp,NA,NA,82.24313,-0.822245,-1.147042,2514.337495,83.553993,08:45:00,5.99011,1.77424,5.51474,-41.17238,0.83791,-4.5017,1.79003,0.32641,75.45654,-8.340092,-1.950678,0.466497,1.96063,1.01032,-1.67113,50,5.89062,2.56999,-119.39745,-3.13698,2.8179,23.92527,-30.72199,5145d416-1b2a-4391-afc8-89f43b9d455a,NA,NA,NA,NA,NA,703630,"Nadeau, Justin",NA,NA,NA,Left,NA,NA,NA,NA,NA,NA,NA,NA,NA,NA,NA,NA,NA,NA,NA,NA,397db4f0-b6b9-11f0-84b6-01d555e46d76,3,2,FLA_GAT,7,Top,1,Slider,Undefined,Undefined,Undefined,0,0,NA,JUD,FLA_GAT,121Financial,TeamExclusive,Team,20251031-121Financial-Private-2,80.79883,NA,NA,6.78659,NA,NA,NA,78e623f9-aa27-4d61-8f19-ec9f4998400f,2025-11-01,00:25:08,2025-11-01T00:25:08Z,2025-11-01T00:25:08Z,NA,v3,471326,471297,NA,"DeLisi, Nick",702670,Right,JUD,54.98475,-120.39217,11.96263,5.99449,-1.85968,-15.361,-1.77554,2.45283,1.40895,NA,NA,NA,NA,NA,NA,NA,NA,NA,NA,NA,NA,NA,NA,NA,NA,NA,NA,NA,NA,NA,NA,NA,NA,NA,NA,NA,NA,NA,NA,NA,NA,NA,NA,NA,NA,NA,NA,NA,NA,NA,NA,NA,NA,NA,NA,NA,NA,NA,NA,High,High,High,NA,NA,NA,NA,NA,NA,NA,NA,NA,NA,NA,NA,NA,NA,NA,NA,NA,NA,NA,NA,NA,NA,NA,NA,NA,NA,NA,NA,NA,NA,NA,NA,NA,NA
224,2025-10-31,20:25:31,"Baker-Livingston, Ben",695492,Right,JUD,Undefined,1,1,InPlay,Fastball,NA,NA,89.34386,-1.704353,-0.979566,2191.231968,198.378108,12:30:00,6.17889,1.41343,5.75471,-20.64426,14.85206,4.52622,2.87131,0.87868,81.02886,-5.594221,-0.169005,0.428808,-2.6113,8.45103,-1.33501,50,6.02514,2.02117,-129.59232,-4.51541,-4.39758,29.53735,-17.94195,7557e096-04d9-4b04-b627-0631e72dc05d,NA,NA,NA,NA,-31.530616,703630,"Nadeau, Justin",2154.525948,NA,94.30751,Left,9.430086,89.97826,7.95348,-63.27642,157.36373,108.07103,1.342717,-36.478945,0.71705,3.02663,-1.0797,NA,NA,NA,NA,NA,46fa5020-b6b9-11f0-84b6-01d555e46d76,3,3,FLA_GAT,7,Top,1,Four-Seam,Undefined,LineDrive,Out,1,0,NA,JUD,FLA_GAT,121Financial,TeamExclusive,Team,20251031-121Financial-Private-2,87.90048,9.51355,NA,8.315,NA,NA,NA,78e623f9-aa27-4d61-8f19-ec9f4998400f,2025-11-01,00:25:31,2025-11-01T00:25:31Z,2025-11-01T00:25:31Z,LineDrive,v3,471326,471297,NA,"DeLisi, Nick",702670,Right,JUD,54.74202,-130.66868,14.76867,6.17777,-3.86159,-8.97097,-1.41158,2.18142,-2.19879,NA,0.71705,116.30316,-20.80858,3.85515,-0.8359,0.15895,-0.02851,0.00349,-9e-5,3.02663,22.66248,-20.97305,2.29402,-0.48105,0.10561,-0.0199,0.00319,-2.8e-4,-1.0797,-71.35619,0.91865,1.0544,-0.38244,0.11026,-0.0234,0.00325,-1.3e-4,NA,NA,NA,NA,NA,NA,NA,NA,NA,NA,NA,NA,NA,NA,NA,NA,NA,NA,NA,NA,NA,NA,High,High,High,High,Medium,NA,NA,NA,NA,NA,NA,NA,NA,NA,NA,NA,NA,NA,NA,NA,NA,NA,NA,NA,NA,NA,NA,NA,NA,NA,NA,NA,NA,NA,NA,NA,NA
225,2025-10-31,20:26:06,"Baker-Livingston, Ben",695492,Right,JUD,Undefined,0,0,InPlay,ChangeUp,NA,NA,82.02222,0.458112,-1.743425,2445.459952,110.784949,09:45:00,6.11683,1.79196,5.26339,-38.69809,3.35669,-5.78374,3.32257,-0.32837,76.04433,-6.576267,-2.769161,0.466744,2.49492,1.88067,-1.62785,50,6.12985,3.86183,-119.18622,-0.42093,3.62881,20.51401,-29.43865,0242b13e-f277-4933-aac5-17c1432d495b,NA,NA,NA,NA,32.182497,806235,"Stripling, Landon",3982.814753,NA,95.92588,Left,33.913063,90.31369,72.13237,62.79603,354.29545,184.27872,5.499848,41.657161,2.9649,4.5862,0.47854,NA,NA,NA,NA,NA,5b917630-b6b9-11f0-84b6-01d555e46d76,4,1,FLA_GAT,7,Top,2,Slider,Undefined,FlyBall,HomeRun,0,2,NA,JUD,FLA_GAT,121Financial,TeamExclusive,Team,20251031-121Financial-Private-2,80.75605,102.29515,NA,5.9779,NA,NA,NA,78e623f9-aa27-4d61-8f19-ec9f4998400f,2025-11-01,00:26:06,2025-11-01T00:26:06Z,2025-11-01T00:26:06Z,FlyBall,v3,471326,471297,NA,"DeLisi, Nick",702670,Right,JUD,55.23737,-120.08428,10.257,6.12007,0.86783,-14.71932,-1.79344,3.70297,1.81441,203.54721,2.97082,98.70387,-24.27483,5.63161,-0.81429,0.03208,0.01026,-0.00157,7e-5,4.58342,78.53922,-17.35304,0.76435,-0.03611,-0.03577,0.01672,-0.00274,1.5e-4,0.48015,62.15804,-7.38944,1.21231,-0.10062,-0.01198,0.00437,-4.2e-4,1e-5,NA,NA,NA,NA,NA,NA,NA,NA,NA,NA,NA,NA,NA,NA,NA,NA,NA,NA,NA,NA,NA,NA,High,High,High,Medium,Low,NA,NA,NA,NA,NA,NA,NA,NA,NA,NA,NA,NA,NA,NA,NA,NA,NA,NA,NA,NA,NA,NA,NA,NA,NA,NA,NA,NA,NA,NA,NA,NA
226,2025-10-31,20:26:57,"Baker-Livingston, Ben",695492,Right,JUD,Undefined,0,0,StrikeCalled,Fastball,NA,NA,90.97174,-2.69829,-2.132625,2256.711976,187.306506,12:15:00,6.17321,0.89139,5.77559,-19.42092,14.86572,1.75315,2.04043,-0.94785,82.57645,-6.353436,-1.818841,0.421438,-1.53634,8.74158,-0.71627,50,5.93854,4.82903,-131.77647,-6.8358,-2.6775,30.32296,-16.93939,9deca7d8-a6b2-4cea-b38b-674aa9f507d2,NA,NA,NA,NA,NA,804404,"Kurland, Cade",NA,NA,NA,Right,NA,NA,NA,NA,NA,NA,NA,NA,NA,NA,NA,NA,NA,NA,NA,NA,7a6accf0-b6b9-11f0-84b6-01d555e46d76,5,1,FLA_GAT,7,Top,2,Four-Seam,Undefined,Undefined,Undefined,0,0,NA,JUD,FLA_GAT,121Financial,TeamExclusive,Team,20251031-121Financial-Private-2,89.43763,NA,NA,8.39529,NA,NA,NA,78e623f9-aa27-4d61-8f19-ec9f4998400f,2025-11-01,00:26:57,2025-11-01T00:26:57Z,2025-11-01T00:26:57Z,NA,v3,471326,471297,NA,"DeLisi, Nick",702670,Right,JUD,54.71962,-132.85806,15.16148,6.17159,-6.23159,-8.4697,-0.89022,4.92453,-1.33875,NA,NA,NA,NA,NA,NA,NA,NA,NA,NA,NA,NA,NA,NA,NA,NA,NA,NA,NA,NA,NA,NA,NA,NA,NA,NA,NA,NA,NA,NA,NA,NA,NA,NA,NA,NA,NA,NA,NA,NA,NA,NA,NA,NA,NA,NA,NA,NA,NA,NA,High,High,High,NA,NA,NA,NA,NA,NA,NA,NA,NA,NA,NA,NA,NA,NA,NA,NA,NA,NA,NA,NA,NA,NA,NA,NA,NA,NA,NA,NA,NA,NA,NA,NA,NA,NA
227,2025-10-31,20:27:10,"Baker-Livingston, Ben",695492,Right,JUD,Undefined,0,1,InPlay,ChangeUp,NA,NA,80.58505,1.066857,-0.509819,2331.25704,33.936357,07:15:00,5.91988,1.37967,5.1348,-52.58412,-8.2656,-6.49792,2.54267,0.35808,73.97527,-8.437488,-1.661928,0.479142,3.10634,-4.06492,-1.32657,50,5.97871,1.30902,-116.98802,0.24501,4.29177,22.70245,-37.79022,44e65dbf-51b1-418c-9384-234706a595da,NA,NA,NA,NA,-18.951828,804404,"Kurland, Cade",1714.316239,NA,99.12901,Right,8.678853,102.05437,5.82043,-41.04576,145.1998,143.48754,1.168301,-22.893715,1.28036,2.50512,-0.3404,NA,NA,NA,NA,NA,81a2a3d0-b6b9-11f0-84b6-01d555e46d76,5,2,FLA_GAT,7,Top,2,Curveball,Undefined,GroundBall,Single,0,0,NA,JUD,FLA_GAT,121Financial,TeamExclusive,Team,20251031-121Financial-Private-2,78.66655,7.96336,NA,6.60978,NA,NA,NA,78e623f9-aa27-4d61-8f19-ec9f4998400f,2025-11-01,00:27:10,2025-11-01T00:27:10Z,2025-11-01T00:27:10Z,LineDrive,v3,471326,471297,NA,"DeLisi, Nick",702670,Right,JUD,55.36624,-118.02479,11.35123,5.92811,1.9708,-18.89511,-1.38187,1.11302,2.14588,71.851594,1.28036,135.93321,-23.22303,4.24243,-0.92193,0.18393,-0.0383,0.00689,-7e-4,2.50512,21.93861,-23.39867,3.00847,-0.68335,0.15973,-0.03438,0.00652,-7.2e-4,-0.3404,-46.67776,-2.89156,2.02781,-0.64844,0.18431,-0.04548,0.00918,-0.00103,NA,NA,NA,NA,NA,NA,NA,NA,NA,NA,NA,NA,NA,NA,NA,NA,NA,NA,NA,NA,NA,NA,High,High,High,High,High,NA,NA,NA,NA,NA,NA,NA,NA,NA,NA,NA,NA,NA,NA,NA,NA,NA,NA,NA,NA,NA,NA,NA,NA,NA,NA,NA,NA,NA,NA,NA,NA
228,2025-10-31,20:27:49,"Baker-Livingston, Ben",695492,Right,JUD,Undefined,0,0,InPlay,Fastball,NA,NA,89.85437,-2.163489,-1.538401,2288.365294,185.229323,12:15:00,6.24774,1.40184,5.91995,-21.74568,12.8815,1.07732,2.42624,0.06367,82.22423,-6.233544,-1.344921,0.423526,-0.9898,7.55622,-1.2793,50,6.06209,3.45778,-130.42192,-5.63019,-1.70223,27.82964,-19.17937,04c784c1-9680-4bfe-8881-18471678ade1,NA,NA,NA,NA,-6.153744,807116,"Lawson, Brendan",2066.532317,NA,92.36155,Left,11.249646,108.52109,15.33265,-17.97615,220.8455,219.76064,2.105343,-12.608661,1.32332,2.38694,-0.0534,NA,NA,NA,NA,NA,9924dbe0-b6b9-11f0-84b6-01d555e46d76,6,1,FLA_GAT,7,Top,2,Four-Seam,Undefined,LineDrive,Double,0,0,NA,JUD,FLA_GAT,121Financial,TeamExclusive,Team,20251031-121Financial-Private-2,88.99677,15.3902,NA,7.63015,NA,NA,NA,78e623f9-aa27-4d61-8f19-ec9f4998400f,2025-11-01,00:27:49,2025-11-01T00:27:49Z,2025-11-01T00:27:49Z,LineDrive,v3,471326,471297,NA,"DeLisi, Nick",702670,Right,JUD,54.57827,-131.3952,13.91482,6.24727,-4.95944,-9.58969,-1.40127,3.51731,-0.85112,124.365493,1.32331,132.09625,-20.74261,4.25837,-0.78238,0.09912,-0.00135,-0.00263,4.2e-4,2.38696,26.42431,-13.55192,0.02765,0.10909,0.01342,-0.0235,0.00841,-0.00104,-0.05343,-14.23924,-7.53188,2.6507,-0.67353,0.09048,0.01089,-0.00759,0.00105,NA,NA,NA,NA,NA,NA,NA,NA,NA,NA,NA,NA,NA,NA,NA,NA,NA,NA,NA,NA,NA,NA,High,High,High,High,High,NA,NA,NA,NA,NA,NA,NA,NA,NA,NA,NA,NA,NA,NA,NA,NA,NA,NA,NA,NA,NA,NA,NA,NA,NA,NA,NA,NA,NA,NA,NA,NA
229,2025-10-31,20:28:54,"Baker-Livingston, Ben",695492,Right,JUD,Undefined,0,0,StrikeSwinging,Fastball,NA,NA,90.75705,-1.123112,-1.071063,2199.707911,176.546418,12:00:00,6.28209,1.03964,5.83583,-18.19446,16.2404,-0.90567,3.72169,-0.03145,81.85797,-4.589894,-1.23342,0.422348,0.11803,8.98796,-0.95181,50,6.17993,2.50072,-131.58795,-3.13007,0.20415,31.47244,-16.62962,3851a753-8db8-41cc-bd4a-349727df11ae,NA,NA,NA,NA,NA,814065,"Surowiec, Ethan",NA,NA,NA,Right,NA,NA,NA,NA,NA,NA,NA,NA,NA,NA,NA,NA,NA,NA,NA,NA,c00abea0-b6b9-11f0-84b6-01d555e46d76,7,1,FLA_GAT,7,Top,2,Four-Seam,Undefined,Undefined,Undefined,0,0,NA,JUD,FLA_GAT,121Financial,TeamExclusive,Team,20251031-121Financial-Private-2,89.24492,NA,NA,8.89907,NA,NA,NA,78e623f9-aa27-4d61-8f19-ec9f4998400f,2025-11-01,00:28:54,2025-11-01T00:28:54Z,2025-11-01T00:28:54Z,NA,v3,471326,471297,NA,"DeLisi, Nick",702670,Right,JUD,54.65801,-132.69735,15.73622,6.27993,-2.54388,-8.31481,-1.03983,2.49352,0.10208,NA,NA,NA,NA,NA,NA,NA,NA,NA,NA,NA,NA,NA,NA,NA,NA,NA,NA,NA,NA,NA,NA,NA,NA,NA,NA,NA,NA,NA,NA,NA,NA,NA,NA,NA,NA,NA,NA,NA,NA,NA,NA,NA,NA,NA,NA,NA,NA,NA,NA,High,High,High,NA,NA,NA,NA,NA,NA,NA,NA,NA,NA,NA,NA,NA,NA,NA,NA,NA,NA,NA,NA,NA,NA,NA,NA,NA,NA,NA,NA,NA,NA,NA,NA,NA,NA
230,2025-10-31,20:29:12,"Baker-Livingston, Ben",695492,Right,JUD,Undefined,0,1,BallCalled,ChangeUp,NA,NA,82.53623,-0.504995,-0.615396,2440.507581,26.407165,07:00:00,6.03793,1.42506,5.34939,-48.4942,-6.31075,-3.83414,1.52305,0.52833,75.45994,-9.304034,-1.298711,0.467458,1.72717,-2.53961,-1.36689,50,5.95806,1.44855,-119.75136,-2.8442,2.48391,25.20097,-35.82636,f806a631-44df-42c7-a8c4-6a2311826ec4,NA,NA,NA,NA,NA,814065,"Surowiec, Ethan",NA,NA,NA,Right,NA,NA,NA,NA,NA,NA,NA,NA,NA,NA,NA,NA,NA,NA,NA,NA,ca9fa330-b6b9-11f0-84b6-01d555e46d76,7,2,FLA_GAT,7,Top,2,Curveball,Undefined,Undefined,Undefined,0,0,NA,JUD,FLA_GAT,121Financial,TeamExclusive,Team,20251031-121Financial-Private-2,80.6328,NA,NA,7.07629,NA,NA,NA,78e623f9-aa27-4d61-8f19-ec9f4998400f,2025-11-01,00:29:12,2025-11-01T00:29:12Z,2025-11-01T00:29:12Z,NA,v3,471326,471297,NA,"DeLisi, Nick",702670,Right,JUD,55.14888,-120.83005,12.60049,6.04698,-1.31071,-17.91318,-1.42662,1.34223,1.24196,NA,NA,NA,NA,NA,NA,NA,NA,NA,NA,NA,NA,NA,NA,NA,NA,NA,NA,NA,NA,NA,NA,NA,NA,NA,NA,NA,NA,NA,NA,NA,NA,NA,NA,NA,NA,NA,NA,NA,NA,NA,NA,NA,NA,NA,NA,NA,NA,NA,NA,High,High,High,NA,NA,NA,NA,NA,NA,NA,NA,NA,NA,NA,NA,NA,NA,NA,NA,NA,NA,NA,NA,NA,NA,NA,NA,NA,NA,NA,NA,NA,NA,NA,NA,NA,NA
231,2025-10-31,20:29:28,"Baker-Livingston, Ben",695492,Right,JUD,Undefined,1,1,InPlay,Fastball,NA,NA,91.09375,-1.545875,-0.933215,2384.085002,211.806755,01:00:00,6.20186,1.09513,5.84551,-23.70206,10.43776,5.72248,2.7896,0.70471,82.39131,-5.986572,0.09369,0.420535,-3.23,6.17654,-1.02263,50,6.06233,1.90383,-132.12449,-4.36564,-5.6317,31.73797,-21.40496,bf2b649d-26f7-4448-abe6-4c56957b5340,NA,NA,NA,NA,-37.900963,814065,"Surowiec, Ethan",NA,NA,98.48195,Right,-12.177837,NA,NA,NA,14.42346,14.42346,0.08966,-34.983812,1.81054,2.73675,-0.47927,NA,NA,NA,NA,NA,d3fc07c0-b6b9-11f0-84b6-01d555e46d76,7,3,FLA_GAT,7,Top,2,Four-Seam,Undefined,GroundBall,Out,1,0,NA,JUD,FLA_GAT,121Financial,TeamExclusive,Team,20251031-121Financial-Private-2,89.62975,2.73675,NA,8.70244,NA,NA,NA,78e623f9-aa27-4d61-8f19-ec9f4998400f,2025-11-01,00:29:28,2025-11-01T00:29:28Z,2025-11-01T00:29:28Z,GroundBall,v3,471326,471297,NA,"DeLisi, Nick",702670,Right,JUD,54.65121,-133.23708,15.86898,6.20222,-3.61528,-10.70248,-1.09283,2.10125,-2.81585,180,1.80768,111.6077,NA,NA,NA,NA,NA,NA,NA,2.73753,-30.52345,NA,NA,NA,NA,NA,NA,NA,-0.47704,-86.88724,NA,NA,NA,NA,NA,NA,NA,NA,NA,NA,NA,NA,NA,NA,NA,NA,NA,NA,NA,NA,NA,NA,NA,NA,NA,NA,NA,NA,NA,High,High,High,Low,Low,NA,NA,NA,NA,NA,NA,NA,NA,NA,NA,NA,NA,NA,NA,NA,NA,NA,NA,NA,NA,NA,NA,NA,NA,NA,NA,NA,NA,NA,NA,NA,NA
232,2025-10-31,20:31:50,"McNeillie, Luke",703667,Right,FLA_GAT,Undefined,0,0,BallCalled,Fastball,NA,NA,94.85451,-3.78495,-3.908987,2372.208186,216.790584,01:15:00,5.89753,2.08661,5.04587,-10.86193,21.81092,15.40749,1.40872,-0.32227,85.50513,-5.895297,-1.195705,0.411401,-8.8176,12.30922,-1.72639,50,5.52772,8.57369,-136.86004,-9.38298,-16.53933,33.32069,-9.08544,a05ab5d7-9e95-4d5b-8dcd-6b5abce9381b,NA,NA,NA,NA,NA,1000277607,"Baratta, Logan",NA,NA,NA,Left,NA,NA,NA,NA,NA,NA,NA,NA,NA,NA,NA,NA,NA,NA,NA,NA,2902ff80-b6ba-11f0-84b6-01d555e46d76,1,1,JUD,7,Bottom,0,Four-Seam,Undefined,Undefined,Undefined,0,0,NA,JUD,FLA_GAT,121Financial,TeamExclusive,Team,20251031-121Financial-Private-2,91.61976,NA,NA,9.34938,NA,NA,NA,78e623f9-aa27-4d61-8f19-ec9f4998400f,2025-11-01,00:31:50,2025-11-01T00:31:50Z,2025-11-01T00:31:50Z,NA,v3,471326,471297,NA,"Stanford, Cole",1000098001,Right,FLA_GAT,55.45021,-138.1806,16.66035,5.89245,-9.0229,-4.54272,-2.07917,9.22918,-8.26967,NA,NA,NA,NA,NA,NA,NA,NA,NA,NA,NA,NA,NA,NA,NA,NA,NA,NA,NA,NA,NA,NA,NA,NA,NA,NA,NA,NA,NA,NA,NA,NA,NA,NA,NA,NA,NA,NA,NA,NA,NA,NA,NA,NA,NA,NA,NA,NA,NA,NA,High,High,High,NA,NA,NA,NA,NA,NA,NA,NA,NA,NA,NA,NA,NA,NA,NA,NA,NA,NA,NA,NA,NA,NA,NA,NA,NA,NA,NA,NA,NA,NA,NA,NA,NA,NA
233,2025-10-31,20:32:02,"McNeillie, Luke",703667,Right,FLA_GAT,Undefined,1,0,BallinDirt,Fastball,NA,NA,96.05049,-4.185269,-4.294923,2383.912835,215.866134,01:15:00,5.84319,2.20946,5.25541,-9.00213,22.76513,15.58292,1.1425,-0.53497,86.28508,-5.977611,-1.542617,0.405659,-9.13201,13.03501,-1.82714,50,5.45202,9.61946,-138.46026,-10.36916,-17.47156,35.08599,-7.23522,b0ebb32c-06a9-4bdc-975f-e9f40a060af4,NA,NA,NA,NA,NA,1000277607,"Baratta, Logan",NA,NA,NA,Left,NA,NA,NA,NA,NA,NA,NA,NA,NA,NA,NA,NA,NA,NA,NA,NA,301748d0-b6ba-11f0-84b6-01d555e46d76,1,2,JUD,7,Bottom,0,Four-Seam,Undefined,Undefined,Undefined,0,0,NA,JUD,FLA_GAT,121Financial,TeamExclusive,Team,20251031-121Financial-Private-2,92.91651,NA,NA,9.76542,NA,NA,NA,78e623f9-aa27-4d61-8f19-ec9f4998400f,2025-11-01,00:32:02,2025-11-01T00:32:02Z,2025-11-01T00:32:02Z,NA,v3,471326,471297,NA,"Stanford, Cole",1000098001,Right,FLA_GAT,55.24065,-139.78194,17.543,5.83749,-10.09661,-3.61761,-2.2019,10.27761,-8.73578,NA,NA,NA,NA,NA,NA,NA,NA,NA,NA,NA,NA,NA,NA,NA,NA,NA,NA,NA,NA,NA,NA,NA,NA,NA,NA,NA,NA,NA,NA,NA,NA,NA,NA,NA,NA,NA,NA,NA,NA,NA,NA,NA,NA,NA,NA,NA,NA,NA,NA,High,High,High,NA,NA,NA,NA,NA,NA,NA,NA,NA,NA,NA,NA,NA,NA,NA,NA,NA,NA,NA,NA,NA,NA,NA,NA,NA,NA,NA,NA,NA,NA,NA,NA,NA,NA
234,2025-10-31,20:32:17,"McNeillie, Luke",703667,Right,FLA_GAT,Undefined,2,0,FoulBallNotFieldable,Fastball,NA,NA,95.12813,-3.108768,-4.078624,2354.395949,218.732023,01:15:00,5.85245,2.14211,5.16565,-12.41233,19.84934,14.98292,1.88197,-0.4544,85.86886,-5.493368,-1.434852,0.408804,-8.72634,11.1819,-1.7734,50,5.55299,9.05764,-137.38662,-7.86821,-16.50983,33.31386,-11.01841,b67e5d20-b848-4590-8e1b-98132d5e58dd,NA,NA,NA,NA,-96.15441,1000277607,"Baratta, Logan",4517.17755,NA,68.68547,Left,67.621188,NA,NA,NA,NA,15.05357,NA,NA,1.04453,1.93407,0.48515,NA,NA,NA,NA,NA,38fc5a80-b6ba-11f0-84b6-01d555e46d76,1,3,JUD,7,Bottom,0,Four-Seam,Undefined,Undefined,Undefined,0,0,NA,JUD,FLA_GAT,121Financial,TeamExclusive,Team,20251031-121Financial-Private-2,92.2018,35.80095,NA,9.25927,NA,NA,NA,78e623f9-aa27-4d61-8f19-ec9f4998400f,2025-11-01,00:32:17,2025-11-01T00:32:17Z,2025-11-01T00:32:17Z,NA,v3,471326,471297,NA,"Stanford, Cole",1000098001,Right,FLA_GAT,55.33153,-138.67339,16.65693,5.84869,-7.44262,-5.5092,-2.13558,9.69535,-8.25492,21.488803,1.0533,-4.40015,-7.13996,NA,NA,NA,NA,NA,NA,1.94095,92.92754,-24.28701,NA,NA,NA,NA,NA,NA,0.48647,-38.17729,0.89318,NA,NA,NA,NA,NA,NA,NA,NA,NA,NA,NA,NA,NA,NA,NA,NA,NA,NA,NA,NA,NA,NA,NA,NA,NA,NA,NA,NA,High,High,High,High,Undefined,NA,NA,NA,NA,NA,NA,NA,NA,NA,NA,NA,NA,NA,NA,NA,NA,NA,NA,NA,NA,NA,NA,NA,NA,NA,NA,NA,NA,NA,NA,NA,NA
235,2025-10-31,20:32:33,"McNeillie, Luke",703667,Right,FLA_GAT,Undefined,2,1,FoulBallNotFieldable,Fastball,NA,NA,95.76431,-2.865065,-2.624164,2368.855951,220.681552,01:15:00,5.8905,2.11711,5.36272,-13.03997,18.79942,15.08922,2.11218,0.91212,85.62416,-5.384176,0.054693,0.406119,-8.4363,10.74087,-1.89247,50,5.62423,5.59643,-138.40252,-7.32821,-16.01286,37.0628,-11.7869,5cd79e67-3e5d-4e79-a16d-afd5a0ff8673,NA,NA,NA,NA,-53.009302,1000277607,"Baratta, Logan",3470.623579,NA,80.26247,Left,26.328471,59.49335,40.77842,-92.52306,242.74412,145.211,3.358384,-61.903676,0.21337,2.15427,-1.08749,NA,NA,NA,NA,NA,425bcc50-b6ba-11f0-84b6-01d555e46d76,1,4,JUD,7,Bottom,0,Four-Seam,Undefined,Undefined,Undefined,0,0,NA,JUD,FLA_GAT,121Financial,TeamExclusive,Team,20251031-121Financial-Private-2,92.81124,42.71065,NA,10.14014,NA,NA,NA,78e623f9-aa27-4d61-8f19-ec9f4998400f,2025-11-01,00:32:33,2025-11-01T00:32:33Z,2025-11-01T00:32:33Z,LineDrive,v3,471326,471297,NA,"Stanford, Cole",1000098001,Right,FLA_GAT,55.13219,-139.77012,18.5314,5.88661,-6.89328,-5.89345,-2.10988,6.1873,-8.00643,NA,0.21328,63.48507,-17.14397,4.42457,-1.02238,0.22684000000000001,-0.04035,0.00427,-1.8e-4,2.1544,52.20476,-18.11266,0.88914,0.02179,-0.05412,0.01196,-6.3e-4,-4e-5,-1.08749,-84.27189,11.68454,-2.80799,0.58522,-0.11088,0.01584,-0.00107,-1e-5,NA,NA,NA,NA,NA,NA,NA,NA,NA,NA,NA,NA,NA,NA,NA,NA,NA,NA,NA,NA,NA,NA,High,High,High,Medium,Medium,NA,NA,NA,NA,NA,NA,NA,NA,NA,NA,NA,NA,NA,NA,NA,NA,NA,NA,NA,NA,NA,NA,NA,NA,NA,NA,NA,NA,NA,NA,NA,NA
236,2025-10-31,20:32:48,"McNeillie, Luke",703667,Right,FLA_GAT,Undefined,2,2,InPlay,Slider,NA,NA,88.07079,-1.219475,-2.498367,2542.58981,354.99961,05:45:00,5.75902,2.35747,4.44195,-41.96742,-3.42244,0.41705,1.09734,0.00782,80.07091,-8.722378,-2.425421,0.446843,-0.98417,-0.89402,-2.09331,50,5.5889,5.53769,-127.38621,-4.53498,-1.59785,29.0824,-33.62557,d8c05dd7-3eb1-49de-a7d6-d07c12eeb9ca,NA,NA,NA,NA,-37.900895,1000277607,"Baratta, Logan",NA,NA,34.53086,Left,-40.878335,NA,NA,NA,1.30894,1.30894,0.027773,-28.172108,0.30992,0.92576,0.03904,NA,NA,NA,NA,NA,4b1fe880-b6ba-11f0-84b6-01d555e46d76,1,5,JUD,7,Bottom,0,Slider,Undefined,GroundBall,Single,0,0,NA,JUD,FLA_GAT,121Financial,TeamExclusive,Team,20251031-121Financial-Private-2,84.35269,0.92576,NA,7.99988,NA,NA,NA,78e623f9-aa27-4d61-8f19-ec9f4998400f,2025-11-01,00:32:48,2025-11-01T00:32:48Z,2025-11-01T00:32:48Z,GroundBall,v3,471326,471297,NA,"Stanford, Cole",1000098001,Right,FLA_GAT,56.05535,-128.76123,14.5412,5.76573,-2.94516,-16.81279,-2.35692,5.61324,-0.79892,NA,0.30916,30.38734,NA,NA,NA,NA,NA,NA,NA,0.9266,-33.33302,NA,NA,NA,NA,NA,NA,NA,0.03964,-23.65666,NA,NA,NA,NA,NA,NA,NA,NA,NA,NA,NA,NA,NA,NA,NA,NA,NA,NA,NA,NA,NA,NA,NA,NA,NA,NA,NA,NA,NA,High,High,High,Estimated,Estimated,NA,NA,NA,NA,NA,NA,NA,NA,NA,NA,NA,NA,NA,NA,NA,NA,NA,NA,NA,NA,NA,NA,NA,NA,NA,NA,NA,NA,NA,NA,NA,NA
237,2025-10-31,20:33:35,"McNeillie, Luke",703667,Right,FLA_GAT,Undefined,0,0,StrikeSwinging,Slider,NA,NA,86.31718,-1.888071,-3.65492,2414.943522,18.838644,06:45:00,5.80587,2.67335,4.4687,-39.1301,1.33036,-0.05843,0.74079,-0.82053,78.02327,-8.908512,-3.665118,0.457812,-1.18402,1.69933,-2.28764,50,5.56902,7.95937,-124.56054,-5.74076,-1.82629,29.27617,-29.55293,6f4624ba-c6a5-4965-ac7b-bdc1fec1fdc3,NA,NA,NA,NA,NA,1000346497,"Cobb, Drew",NA,NA,NA,Left,NA,NA,NA,NA,NA,NA,NA,NA,NA,NA,NA,NA,NA,NA,NA,NA,676bb690-b6ba-11f0-84b6-01d555e46d76,2,1,JUD,7,Bottom,0,Slider,Undefined,Undefined,Undefined,0,0,NA,JUD,FLA_GAT,121Financial,TeamExclusive,Team,20251031-121Financial-Private-2,82.33179,NA,NA,8.2939,NA,NA,NA,78e623f9-aa27-4d61-8f19-ec9f4998400f,2025-11-01,00:33:35,2025-11-01T00:33:35Z,2025-11-01T00:33:35Z,NA,v3,471326,471297,NA,"Stanford, Cole",1000098001,Right,FLA_GAT,56.02687,-125.9691,14.63808,5.81102,-4.31888,-14.77646,-2.6727,8.04724,-0.91314,NA,NA,NA,NA,NA,NA,NA,NA,NA,NA,NA,NA,NA,NA,NA,NA,NA,NA,NA,NA,NA,NA,NA,NA,NA,NA,NA,NA,NA,NA,NA,NA,NA,NA,NA,NA,NA,NA,NA,NA,NA,NA,NA,NA,NA,NA,NA,NA,NA,NA,High,High,High,NA,NA,NA,NA,NA,NA,NA,NA,NA,NA,NA,NA,NA,NA,NA,NA,NA,NA,NA,NA,NA,NA,NA,NA,NA,NA,NA,NA,NA,NA,NA,NA,NA,NA
238,2025-10-31,20:33:51,"McNeillie, Luke",703667,Right,FLA_GAT,Undefined,0,1,StrikeSwinging,Fastball,NA,NA,95.34545,-2.088031,-2.969627,2356.895794,209.34679,01:00:00,5.76382,2.16351,5.31994,-10.63977,21.89037,11.52985,2.91414,0.33497,84.18311,-4.212643,-0.926189,0.410501,-6.7991,12.03662,-1.90287,50,5.56755,6.5481,-137.5954,-5.26872,-12.61457,39.69156,-9.84221,8357e7bd-f34a-4acf-ade7-7d1a051d0edd,NA,NA,NA,NA,NA,1000346497,"Cobb, Drew",NA,NA,NA,Left,NA,NA,NA,NA,NA,NA,NA,NA,NA,NA,NA,NA,NA,NA,NA,NA,710b3ea0-b6ba-11f0-84b6-01d555e46d76,2,2,JUD,7,Bottom,0,Four-Seam,Undefined,Undefined,Undefined,0,0,NA,JUD,FLA_GAT,121Financial,TeamExclusive,Team,20251031-121Financial-Private-2,91.82055,NA,NA,11.16234,NA,NA,NA,78e623f9-aa27-4d61-8f19-ec9f4998400f,2025-11-01,00:33:51,2025-11-01T00:33:51Z,2025-11-01T00:33:51Z,NA,v3,471326,471297,NA,"Stanford, Cole",1000098001,Right,FLA_GAT,55.1706,-139.07894,19.84578,5.75761,-4.90085,-4.92111,-2.15643,7.01959,-6.30729,NA,NA,NA,NA,NA,NA,NA,NA,NA,NA,NA,NA,NA,NA,NA,NA,NA,NA,NA,NA,NA,NA,NA,NA,NA,NA,NA,NA,NA,NA,NA,NA,NA,NA,NA,NA,NA,NA,NA,NA,NA,NA,NA,NA,NA,NA,NA,NA,NA,NA,High,High,High,NA,NA,NA,NA,NA,NA,NA,NA,NA,NA,NA,NA,NA,NA,NA,NA,NA,NA,NA,NA,NA,NA,NA,NA,NA,NA,NA,NA,NA,NA,NA,NA,NA,NA
239,2025-10-31,20:34:07,"McNeillie, Luke",703667,Right,FLA_GAT,Undefined,0,2,FoulBallNotFieldable,Slider,NA,NA,87.21349,-0.461591,-2.275299,2501.627683,23.297267,06:45:00,5.70064,2.50217,4.55583,-41.65467,-2.6141,-1.70205,1.78973,0.19358,79.32458,-7.938827,-2.573473,0.449707,0.13346,-0.80618,-2.26403,50,5.61332,5.09707,-126.25651,-2.76831,0.21317,28.25389,-33.46156,b27cf5b5-c4dd-468d-863d-5740c15fa515,NA,NA,NA,NA,-158.272543,1000346497,"Cobb, Drew",5468.513552,NA,65.86434,Left,56.961453,-103.88906,54.18021,-36.1533,154.01505,60.76779,3.511566,-162.442383,2.18213,1.93566,-0.22784,NA,NA,NA,NA,NA,7aae9740-b6ba-11f0-84b6-01d555e46d76,2,3,JUD,7,Bottom,0,Slider,Undefined,Undefined,Undefined,0,0,NA,JUD,FLA_GAT,121Financial,TeamExclusive,Team,20251031-121Financial-Private-2,83.81558,62.82645,NA,7.8889,NA,NA,NA,78e623f9-aa27-4d61-8f19-ec9f4998400f,2025-11-01,00:34:07,2025-11-01T00:34:07Z,2025-11-01T00:34:07Z,Popup,v3,471326,471297,NA,"Stanford, Cole",1000098001,Right,FLA_GAT,55.94277,-127.57946,14.12694,5.70626,-1.20152,-16.73078,-2.50246,5.08709,0.10658,5.294014,2.18262,-48.94585,-0.54156,1.0412,0.12451,-0.26873,0.11804,-0.02302,0.0017,1.93584,80.9758,-32.17714,4.4545,-0.9325,0.21283,-0.05641,0.0111,-0.00093000000000000005,-0.22758,-19.50798,1.40517,0.10475,0.17437,-0.17629,0.07344,-0.01434,0.00107,NA,NA,NA,NA,NA,NA,NA,NA,NA,NA,NA,NA,NA,NA,NA,NA,NA,NA,NA,NA,NA,NA,High,High,High,High,Low,NA,NA,NA,NA,NA,NA,NA,NA,NA,NA,NA,NA,NA,NA,NA,NA,NA,NA,NA,NA,NA,NA,NA,NA,NA,NA,NA,NA,NA,NA,NA,NA
240,2025-10-31,20:34:28,"McNeillie, Luke",703667,Right,FLA_GAT,Undefined,0,2,BallCalled,Fastball,NA,NA,95.63389,0.152865,-2.190877,2365.225669,211.903229,01:00:00,5.85172,2.36312,5.09186,-11.63197,20.60588,12.04725,5.02656,1.30129,85.10376,-2.124852,-0.062726,0.408653,-6.64363,10.44957,-2.16559,50,5.85786,4.65791,-138.26938,0.04774,-12.57099,37.32425,-12.40144,38fe8088-e819-4481-bda7-b420d01ee4cb,NA,NA,NA,NA,NA,1000346497,"Cobb, Drew",NA,NA,NA,Left,NA,NA,NA,NA,NA,NA,NA,NA,NA,NA,NA,NA,NA,NA,NA,NA,86d47c10-b6ba-11f0-84b6-01d555e46d76,2,4,JUD,7,Bottom,0,Four-Seam,Undefined,Undefined,Undefined,0,0,NA,JUD,FLA_GAT,121Financial,TeamExclusive,Team,20251031-121Financial-Private-2,92.23584,NA,NA,10.53013,NA,NA,NA,78e623f9-aa27-4d61-8f19-ec9f4998400f,2025-11-01,00:34:28,2025-11-01T00:34:28Z,2025-11-01T00:34:28Z,NA,v3,471326,471297,NA,"Stanford, Cole",1000098001,Right,FLA_GAT,55.39966,-139.71935,18.66212,5.84665,0.52951,-6.20072,-2.35603,5.14627,-6.2855,NA,NA,NA,NA,NA,NA,NA,NA,NA,NA,NA,NA,NA,NA,NA,NA,NA,NA,NA,NA,NA,NA,NA,NA,NA,NA,NA,NA,NA,NA,NA,NA,NA,NA,NA,NA,NA,NA,NA,NA,NA,NA,NA,NA,NA,NA,NA,NA,NA,NA,High,High,High,NA,NA,NA,NA,NA,NA,NA,NA,NA,NA,NA,NA,NA,NA,NA,NA,NA,NA,NA,NA,NA,NA,NA,NA,NA,NA,NA,NA,NA,NA,NA,NA,NA,NA
241,2025-10-31,20:34:44,"McNeillie, Luke",703667,Right,FLA_GAT,Undefined,1,2,InPlay,Fastball,NA,NA,94.6844,-2.03367,-3.869895,2303.191771,220.403302,01:15:00,5.76638,2.16816,5.12872,-14.28812,18.58316,14.72784,2.65522,-0.25471,84.6117,-4.773002,-1.271809,0.412648,-8.62469,10.27918,-1.81645,50,5.56486,8.51346,-136.71651,-5.33006,-15.99108,35.87257,-13.11535,78c5eb5f-779b-45ec-add3-397d891afd40,NA,NA,NA,NA,9.490173,1000346497,"Cobb, Drew",3845.523568,NA,89.6506,Left,47.29171,108.66756,109.82802,17.06846,271.81047,271.81047,5.764648,8.681773,1.64024,2.69392,0.24665,NA,NA,NA,NA,NA,903aa4a0-b6ba-11f0-84b6-01d555e46d76,2,5,JUD,7,Bottom,0,Four-Seam,Undefined,FlyBall,Out,1,0,NA,JUD,FLA_GAT,121Financial,TeamExclusive,Team,20251031-121Financial-Private-2,91.34285,125.09643,NA,10.0727,NA,NA,NA,78e623f9-aa27-4d61-8f19-ec9f4998400f,2025-11-01,00:34:44,2025-11-01T00:34:44Z,2025-11-01T00:34:44Z,FlyBall,v3,471326,471297,NA,"Stanford, Cole",1000098001,Right,FLA_GAT,55.36656,-138.11745,17.93628,5.76301,-4.81786,-6.55768,-2.16112,9.13796,-7.99554,178.034036,1.65252,87.72123,-23.21993,6.04583,-0.64058,-0.1465,0.06457,-0.00896,4.4e-4,2.67478,96.93678,-23.38757,2.67273,-0.75107,0.18275,-0.02113,1.4e-4,1e-4,0.24844,14.6679,-4.59181,1.33245,-0.20443,-0.00366,0.00806,-0.00132,7e-5,NA,NA,NA,NA,NA,NA,NA,NA,NA,NA,NA,NA,NA,NA,NA,NA,NA,NA,NA,NA,NA,NA,High,High,High,High,Medium,NA,NA,NA,NA,NA,NA,NA,NA,NA,NA,NA,NA,NA,NA,NA,NA,NA,NA,NA,NA,NA,NA,NA,NA,NA,NA,NA,NA,NA,NA,NA,NA
242,2025-10-31,20:35:18,"McNeillie, Luke",703667,Right,FLA_GAT,Undefined,0,0,StrikeSwinging,Slider,NA,NA,88.41377,-1.297643,-2.952621,2484.801066,355.36159,05:45:00,5.6847,2.38803,4.25816,-40.4792,-1.10512,0.2226,1.06775,-0.42154,78.67904,-8.567917,-2.913858,0.451624,-1.21437,0.44224,-2.06602,50,5.50189,6.56024,-127.4105,-4.67227,-1.93088,34.14789,-31.47087,0e40fff1-21c9-4172-97cc-143b4e7964c7,NA,NA,NA,NA,NA,10051429,"Phillips, Ayden",NA,NA,NA,Right,NA,NA,NA,NA,NA,NA,NA,NA,NA,NA,NA,NA,NA,NA,NA,NA,a4a5b1a0-b6ba-11f0-84b6-01d555e46d76,3,1,JUD,7,Bottom,1,Slider,Undefined,Undefined,Undefined,0,0,NA,JUD,FLA_GAT,121Financial,TeamExclusive,Team,20251031-121Financial-Private-2,83.45986,NA,NA,9.73473,NA,NA,NA,78e623f9-aa27-4d61-8f19-ec9f4998400f,2025-11-01,00:35:18,2025-11-01T00:35:18Z,2025-11-01T00:35:18Z,NA,v3,471326,471297,NA,"Stanford, Cole",1000098001,Right,FLA_GAT,56.23418,-129.07054,17.07395,5.69184,-3.14237,-15.73544,-2.38721,6.65411,-0.96544,NA,NA,NA,NA,NA,NA,NA,NA,NA,NA,NA,NA,NA,NA,NA,NA,NA,NA,NA,NA,NA,NA,NA,NA,NA,NA,NA,NA,NA,NA,NA,NA,NA,NA,NA,NA,NA,NA,NA,NA,NA,NA,NA,NA,NA,NA,NA,NA,NA,NA,High,High,High,NA,NA,NA,NA,NA,NA,NA,NA,NA,NA,NA,NA,NA,NA,NA,NA,NA,NA,NA,NA,NA,NA,NA,NA,NA,NA,NA,NA,NA,NA,NA,NA,NA,NA
243,2025-10-31,20:35:46,"McNeillie, Luke",703667,Right,FLA_GAT,Undefined,0,1,StrikeSwinging,Slider,NA,NA,87.28385,-0.635515,-2.714572,2446.934444,356.381891,06:00:00,5.65927,2.63847,4.48716,-42.26577,-2.82406,0.27083,1.53078,0.07214,78.75143,-8.225887,-2.6672,0.452011,-1.03437,-0.72902,-2.35337,50,5.55201,5.96755,-126.14097,-3.20631,-1.63555,30.11521,-33.32675,11aecd40-aab8-4a94-92d0-7f96b7939856,NA,NA,NA,NA,NA,10051429,"Phillips, Ayden",NA,NA,NA,Right,NA,NA,NA,NA,NA,NA,NA,NA,NA,NA,NA,NA,NA,NA,NA,NA,b5979d70-b6ba-11f0-84b6-01d555e46d76,3,2,JUD,7,Bottom,1,Slider,Undefined,Undefined,Undefined,0,0,NA,JUD,FLA_GAT,121Financial,TeamExclusive,Team,20251031-121Financial-Private-2,83.38827,NA,NA,8.53241,NA,NA,NA,78e623f9-aa27-4d61-8f19-ec9f4998400f,2025-11-01,00:35:46,2025-11-01T00:35:46Z,2025-11-01T00:35:46Z,NA,v3,471326,471297,NA,"Stanford, Cole",1000098001,Right,FLA_GAT,56.00862,-127.56742,15.0576,5.6665,-1.62774,-16.66338,-2.63786,6.04502,-0.81778,NA,NA,NA,NA,NA,NA,NA,NA,NA,NA,NA,NA,NA,NA,NA,NA,NA,NA,NA,NA,NA,NA,NA,NA,NA,NA,NA,NA,NA,NA,NA,NA,NA,NA,NA,NA,NA,NA,NA,NA,NA,NA,NA,NA,NA,NA,NA,NA,NA,NA,High,High,High,NA,NA,NA,NA,NA,NA,NA,NA,NA,NA,NA,NA,NA,NA,NA,NA,NA,NA,NA,NA,NA,NA,NA,NA,NA,NA,NA,NA,NA,NA,NA,NA,NA,NA
244,2025-10-31,20:36:05,"McNeillie, Luke",703667,Right,FLA_GAT,Undefined,0,2,StrikeCalled,Fastball,NA,NA,95.8692,-3.117699,-3.071965,2386.467723,210.85778,01:00:00,5.83958,1.92602,5.20858,-9.86008,21.98434,12.41355,2.07891,0.06884,86.0288,-5.062273,-0.876707,0.406152,-7.1389,12.27383,-1.65134,50,5.54395,6.80202,-138.48585,-7.80006,-13.64279,35.52672,-8.7182,667c64e4-6ebd-43be-81fe-d852ae4488cc,NA,NA,NA,NA,NA,10051429,"Phillips, Ayden",NA,NA,NA,Right,NA,NA,NA,NA,NA,NA,NA,NA,NA,NA,NA,NA,NA,NA,NA,NA,c1024890-b6ba-11f0-84b6-01d555e46d76,3,3,JUD,7,Bottom,1,Four-Seam,Strikeout,Undefined,Undefined,0,0,NA,JUD,FLA_GAT,121Financial,TeamExclusive,Team,20251031-121Financial-Private-2,92.80385,NA,NA,9.8404,NA,NA,NA,78e623f9-aa27-4d61-8f19-ec9f4998400f,2025-11-01,00:36:05,2025-11-01T00:36:05Z,2025-11-01T00:36:05Z,NA,v3,471326,471297,NA,"Stanford, Cole",1000098001,Right,FLA_GAT,55.28591,-139.83531,17.76336,5.83394,-7.4689,-4.3591,-1.91955,7.32024,-6.82139,NA,NA,NA,NA,NA,NA,NA,NA,NA,NA,NA,NA,NA,NA,NA,NA,NA,NA,NA,NA,NA,NA,NA,NA,NA,NA,NA,NA,NA,NA,NA,NA,NA,NA,NA,NA,NA,NA,NA,NA,NA,NA,NA,NA,NA,NA,NA,NA,NA,NA,High,High,High,NA,NA,NA,NA,NA,NA,NA,NA,NA,NA,NA,NA,NA,NA,NA,NA,NA,NA,NA,NA,NA,NA,NA,NA,NA,NA,NA,NA,NA,NA,NA,NA,NA,NA
245,2025-10-31,20:36:32,"McNeillie, Luke",703667,Right,FLA_GAT,Undefined,0,0,BallCalled,Fastball,NA,NA,95.98463,0.808097,-2.738402,2361.407797,223.560688,01:30:00,5.87272,2.25758,5.19142,-13.98843,17.78371,15.77871,5.46811,0.9945,85.72968,-1.880415,0.052689,0.40569,-8.6893,8.88654,-2.0156,50,5.93786,5.82872,-138.83178,1.51146,-16.64175,36.50557,-15.15453,46f1e223-eb15-43c6-9432-1bbe89294129,NA,NA,NA,NA,NA,10075720,"Hentz, Cade",NA,NA,NA,Right,NA,NA,NA,NA,NA,NA,NA,NA,NA,NA,NA,NA,NA,NA,NA,NA,d0c50330-b6ba-11f0-84b6-01d555e46d76,4,1,JUD,7,Bottom,2,Four-Seam,Undefined,Undefined,Undefined,0,0,NA,JUD,FLA_GAT,121Financial,TeamExclusive,Team,20251031-121Financial-Private-2,92.90942,NA,NA,10.25495,NA,NA,NA,78e623f9-aa27-4d61-8f19-ec9f4998400f,2025-11-01,00:36:32,2025-11-01T00:36:32Z,2025-11-01T00:36:32Z,NA,v3,471326,471297,NA,"Stanford, Cole",1000098001,Right,FLA_GAT,55.3023,-140.21908,18.25279,5.86948,2.08737,-7.57726,-2.24912,6.46115,-8.32088,NA,NA,NA,NA,NA,NA,NA,NA,NA,NA,NA,NA,NA,NA,NA,NA,NA,NA,NA,NA,NA,NA,NA,NA,NA,NA,NA,NA,NA,NA,NA,NA,NA,NA,NA,NA,NA,NA,NA,NA,NA,NA,NA,NA,NA,NA,NA,NA,NA,NA,High,High,High,NA,NA,NA,NA,NA,NA,NA,NA,NA,NA,NA,NA,NA,NA,NA,NA,NA,NA,NA,NA,NA,NA,NA,NA,NA,NA,NA,NA,NA,NA,NA,NA,NA,NA
246,2025-10-31,20:36:51,"McNeillie, Luke",703667,Right,FLA_GAT,Undefined,1,0,BallCalled,Slider,NA,NA,87.55142,0.415048,-1.186802,2630.984108,6.104625,06:15:00,5.60113,2.55036,4.64483,-40.374,-1.9037,-0.34189,2.63112,1.39397,79.63089,-6.863025,-1.246815,0.44641,-0.18843,-0.63437,-2.42861,50,5.60686,2.64434,-126.84147,-0.78682,-0.30475,27.6826,-33.20013,2142c875-37aa-4897-97db-a96bce239766,NA,NA,NA,NA,NA,10075720,"Hentz, Cade",NA,NA,NA,Right,NA,NA,NA,NA,NA,NA,NA,NA,NA,NA,NA,NA,NA,NA,NA,NA,dc248ac0-b6ba-11f0-84b6-01d555e46d76,4,2,JUD,7,Bottom,2,Slider,Undefined,Undefined,Undefined,0,0,NA,JUD,FLA_GAT,121Financial,TeamExclusive,Team,20251031-121Financial-Private-2,84.43454,NA,NA,7.92053,NA,NA,NA,78e623f9-aa27-4d61-8f19-ec9f4998400f,2025-11-01,00:36:51,2025-11-01T00:36:51Z,2025-11-01T00:36:51Z,NA,v3,471326,471297,NA,"Stanford, Cole",1000098001,Right,FLA_GAT,55.85183,-128.11224,13.8413,5.608,0.73723,-16.60007,-2.55032,2.65833,-0.15238,NA,NA,NA,NA,NA,NA,NA,NA,NA,NA,NA,NA,NA,NA,NA,NA,NA,NA,NA,NA,NA,NA,NA,NA,NA,NA,NA,NA,NA,NA,NA,NA,NA,NA,NA,NA,NA,NA,NA,NA,NA,NA,NA,NA,NA,NA,NA,NA,NA,NA,High,High,High,NA,NA,NA,NA,NA,NA,NA,NA,NA,NA,NA,NA,NA,NA,NA,NA,NA,NA,NA,NA,NA,NA,NA,NA,NA,NA,NA,NA,NA,NA,NA,NA,NA,NA
247,2025-10-31,20:37:07,"McNeillie, Luke",703667,Right,FLA_GAT,Undefined,2,0,BallCalled,Fastball,NA,NA,94.26093,-3.181196,-4.939504,2383.810868,215.815466,01:15:00,5.75294,2.12505,5.20279,-12.8239,20.0869,13.62709,1.67812,-1.3965,85.02543,-5.64386,-2.538496,0.412896,-8.28158,11.31792,-1.67739,50,5.4481,11.07597,-135.94191,-7.97358,-15.34018,32.6236,-11.20956,2913a248-59a8-47e4-8710-0a6608f69955,NA,NA,NA,NA,NA,10075720,"Hentz, Cade",NA,NA,NA,Right,NA,NA,NA,NA,NA,NA,NA,NA,NA,NA,NA,NA,NA,NA,NA,NA,e5adcbb0-b6ba-11f0-84b6-01d555e46d76,4,3,JUD,7,Bottom,2,Four-Seam,Undefined,Undefined,Undefined,0,0,NA,JUD,FLA_GAT,121Financial,TeamExclusive,Team,20251031-121Financial-Private-2,91.28799,NA,NA,9.23551,NA,NA,NA,78e623f9-aa27-4d61-8f19-ec9f4998400f,2025-11-01,00:37:07,2025-11-01T00:37:07Z,2025-11-01T00:37:07Z,NA,v3,471326,471297,NA,"Stanford, Cole",1000098001,Right,FLA_GAT,55.29307,-137.20627,16.3118,5.74871,-7.53914,-5.60478,-2.11817,11.6705,-7.67009,NA,NA,NA,NA,NA,NA,NA,NA,NA,NA,NA,NA,NA,NA,NA,NA,NA,NA,NA,NA,NA,NA,NA,NA,NA,NA,NA,NA,NA,NA,NA,NA,NA,NA,NA,NA,NA,NA,NA,NA,NA,NA,NA,NA,NA,NA,NA,NA,NA,NA,High,High,High,NA,NA,NA,NA,NA,NA,NA,NA,NA,NA,NA,NA,NA,NA,NA,NA,NA,NA,NA,NA,NA,NA,NA,NA,NA,NA,NA,NA,NA,NA,NA,NA,NA,NA
248,2025-10-31,20:37:26,"McNeillie, Luke",703667,Right,FLA_GAT,Undefined,3,0,BallCalled,Fastball,NA,NA,94.48309,-1.130673,-3.044008,2393.383849,220.582476,01:15:00,5.79076,2.43441,5.29291,-14.22749,18.40678,14.7154,3.54188,0.79990000000000006,84.65363,-3.864057,-0.436769,0.411158,-8.28831,9.88839,-2.16812,50,5.67795,6.53307,-136.66081,-3.14428,-15.40553,34.93768,-13.79441,d5dad574-6b98-4d09-bf2c-0720bbfb6a92,NA,NA,NA,NA,NA,10075720,"Hentz, Cade",NA,NA,NA,Right,NA,NA,NA,NA,NA,NA,NA,NA,NA,NA,NA,NA,NA,NA,NA,NA,f11605d0-b6ba-11f0-84b6-01d555e46d76,4,4,JUD,7,Bottom,2,Four-Seam,Walk,Undefined,Undefined,0,0,NA,JUD,FLA_GAT,121Financial,TeamExclusive,Team,20251031-121Financial-Private-2,91.67394,NA,NA,9.82947,NA,NA,NA,78e623f9-aa27-4d61-8f19-ec9f4998400f,2025-11-01,00:37:26,2025-11-01T00:37:26Z,2025-11-01T00:37:26Z,NA,v3,471326,471297,NA,"Stanford, Cole",1000098001,Right,FLA_GAT,55.20117,-137.9841,17.46884,5.78714,-2.62181,-6.8972,-2.42661,7.11657,-7.70277,NA,NA,NA,NA,NA,NA,NA,NA,NA,NA,NA,NA,NA,NA,NA,NA,NA,NA,NA,NA,NA,NA,NA,NA,NA,NA,NA,NA,NA,NA,NA,NA,NA,NA,NA,NA,NA,NA,NA,NA,NA,NA,NA,NA,NA,NA,NA,NA,NA,NA,High,High,High,NA,NA,NA,NA,NA,NA,NA,NA,NA,NA,NA,NA,NA,NA,NA,NA,NA,NA,NA,NA,NA,NA,NA,NA,NA,NA,NA,NA,NA,NA,NA,NA,NA,NA
249,2025-10-31,20:37:52,"McNeillie, Luke",703667,Right,FLA_GAT,Undefined,0,0,StrikeCalled,ChangeUp,NA,NA,85.0773,1.098258,-2.547151,2274.279299,36.354646,07:15:00,5.62322,2.63305,4.63737,-44.44089,-4.10642,-3.90189,2.96472,-0.11443,78.33089,-6.86711,-3.230612,0.457098,1.23276,-1.92146,-2.36822,50,5.69489,5.66839,-123.34692,0.53321,1.90862,23.3984,-35.14891,977fc97e-843a-45cc-a4e5-6f307406c860,NA,NA,NA,NA,NA,1000376520,"Walter, Cade",NA,NA,NA,Left,NA,NA,NA,NA,NA,NA,NA,NA,NA,NA,NA,NA,NA,NA,NA,NA,007d0be0-b6bb-11f0-84b6-01d555e46d76,5,1,JUD,7,Bottom,2,Slider,Undefined,Undefined,Undefined,0,0,NA,JUD,FLA_GAT,121Financial,TeamExclusive,Team,20251031-121Financial-Private-2,82.46028,NA,NA,6.74641,NA,NA,NA,78e623f9-aa27-4d61-8f19-ec9f4998400f,2025-11-01,00:37:52,2025-11-01T00:37:52Z,2025-11-01T00:37:52Z,NA,v3,471326,471297,NA,"Stanford, Cole",1000098001,Right,FLA_GAT,55.86221,-124.45399,11.6992,5.63032,2.19624,-17.57446,-2.63427,5.57809,0.95431,NA,NA,NA,NA,NA,NA,NA,NA,NA,NA,NA,NA,NA,NA,NA,NA,NA,NA,NA,NA,NA,NA,NA,NA,NA,NA,NA,NA,NA,NA,NA,NA,NA,NA,NA,NA,NA,NA,NA,NA,NA,NA,NA,NA,NA,NA,NA,NA,NA,NA,High,High,High,NA,NA,NA,NA,NA,NA,NA,NA,NA,NA,NA,NA,NA,NA,NA,NA,NA,NA,NA,NA,NA,NA,NA,NA,NA,NA,NA,NA,NA,NA,NA,NA,NA,NA
250,2025-10-31,20:38:04,"McNeillie, Luke",703667,Right,FLA_GAT,Undefined,0,1,FoulBallNotFieldable,Slider,NA,NA,85.68636,-0.011518,-2.635659,2354.354224,28.835764,07:00:00,5.62212,2.64977,4.47636,-44.10069,-4.05768,-2.89551,1.93607,-0.10555,78.96885,-7.879502,-3.141771,0.455444,0.71528,-1.7074,-2.3692,50,5.57782,5.85189,-124.2186,-1.86843,1.12108,24.15498,-34.85018,1ffe18e8-97dd-47fd-accd-7c30834cfb77,NA,NA,NA,NA,NA,1000376520,"Walter, Cade",NA,NA,NA,Left,NA,NA,NA,NA,NA,NA,NA,NA,NA,NA,NA,NA,NA,NA,NA,NA,07c6e420-b6bb-11f0-84b6-01d555e46d76,5,2,JUD,7,Bottom,2,Slider,Undefined,Undefined,Undefined,0,0,NA,JUD,FLA_GAT,121Financial,TeamExclusive,Team,20251031-121Financial-Private-2,82.7598,NA,NA,6.71752,NA,NA,NA,78e623f9-aa27-4d61-8f19-ec9f4998400f,2025-11-01,00:38:04,2025-11-01T00:38:04Z,2025-11-01T00:38:04Z,NA,v3,471326,471297,NA,"Stanford, Cole",1000098001,Right,FLA_GAT,56.02461,-125.38464,12.07749,5.62741,-0.18609,-17.42509,-2.65038,5.79777,0.56054,NA,NA,NA,NA,NA,NA,NA,NA,NA,NA,NA,NA,NA,NA,NA,NA,NA,NA,NA,NA,NA,NA,NA,NA,NA,NA,NA,NA,NA,NA,NA,NA,NA,NA,NA,NA,NA,NA,NA,NA,NA,NA,NA,NA,NA,NA,NA,NA,NA,NA,High,High,High,NA,NA,NA,NA,NA,NA,NA,NA,NA,NA,NA,NA,NA,NA,NA,NA,NA,NA,NA,NA,NA,NA,NA,NA,NA,NA,NA,NA,NA,NA,NA,NA,NA,NA
251,2025-10-31,20:38:24,"McNeillie, Luke",703667,Right,FLA_GAT,Undefined,0,2,StrikeCalled,Slider,NA,NA,87.28802,-0.499064,-1.666801,2622.060453,27.316891,07:00:00,5.68457,2.6837,4.56926,-41.57691,-2.40421,-1.97524,1.74473,0.9326,78.90795,-7.98152,-2.013176,0.450467,0.41626,-0.57039,-2.50899,50,5.59415,3.77115,-126.28547,-2.86306,0.66125,29.6225,-33.08019,c3546a6d-5be7-46e3-90a2-9769b5eb6881,NA,NA,NA,NA,NA,1000376520,"Walter, Cade",NA,NA,NA,Left,NA,NA,NA,NA,NA,NA,NA,NA,NA,NA,NA,NA,NA,NA,NA,NA,1394e4f0-b6bb-11f0-84b6-01d555e46d76,5,3,JUD,7,Bottom,2,Slider,Strikeout,Undefined,Undefined,0,0,NA,JUD,FLA_GAT,121Financial,TeamExclusive,Team,20251031-121Financial-Private-2,83.67412,NA,NA,8.38007,NA,NA,NA,78e623f9-aa27-4d61-8f19-ec9f4998400f,2025-11-01,00:38:24,2025-11-01T00:38:24Z,2025-11-01T00:38:24Z,NA,v3,471326,471297,NA,"Stanford, Cole",1000098001,Right,FLA_GAT,55.92647,-127.66806,14.81125,5.69175,-1.31909,-16.5401,-2.6842800000000002,3.74029,0.33062,NA,NA,NA,NA,NA,NA,NA,NA,NA,NA,NA,NA,NA,NA,NA,NA,NA,NA,NA,NA,NA,NA,NA,NA,NA,NA,NA,NA,NA,NA,NA,NA,NA,NA,NA,NA,NA,NA,NA,NA,NA,NA,NA,NA,NA,NA,NA,NA,NA,NA,High,High,High,NA,NA,NA,NA,NA,NA,NA,NA,NA,NA,NA,NA,NA,NA,NA,NA,NA,NA,NA,NA,NA,NA,NA,NA,NA,NA,NA,NA,NA,NA,NA,NA,NA,NA
252,2025-10-31,20:41:17,"Williamson, Austin",702485,Right,JUD,Undefined,0,0,BallCalled,Fastball,NA,NA,88.37933,-2.153805,-1.889893,1865.109747,233.696041,01:45:00,5.81678,1.62671,5.27437,-22.89726,14.32835,17.63013,1.88366,1.32016,79.68603,-6.425263,1.2393,0.439129,-9.30567,8.2439,-1.46705,50,5.60365,3.39095,-127.89858,-5.60361,-15.18317,30.066770000000002,-18.72327,dddee886-1358-4836-a2ae-b0b1fb7739d0,NA,NA,NA,NA,NA,807272,"Myers, Kolt",NA,NA,NA,Right,NA,NA,NA,NA,NA,NA,NA,NA,NA,NA,NA,NA,NA,NA,NA,NA,7a9351a0-b6bb-11f0-84b6-01d555e46d76,1,1,FLA_GAT,8,Top,0,Changeup,Undefined,Undefined,Undefined,0,0,NA,JUD,FLA_GAT,121Financial,TeamExclusive,Team,20251031-121Financial-Private-2,85.83454,NA,NA,8.6933,NA,NA,NA,78e623f9-aa27-4d61-8f19-ec9f4998400f,2025-11-01,00:41:17,2025-11-01T00:41:17Z,2025-11-01T00:41:17Z,NA,v3,471326,471297,NA,"DeLisi, Nick",702670,Right,JUD,55.21948,-129.11976,15.03339,5.8158,-4.84315,-9.36163,-1.61729,4.00762,-7.59158,NA,NA,NA,NA,NA,NA,NA,NA,NA,NA,NA,NA,NA,NA,NA,NA,NA,NA,NA,NA,NA,NA,NA,NA,NA,NA,NA,NA,NA,NA,NA,NA,NA,NA,NA,NA,NA,NA,NA,NA,NA,NA,NA,NA,NA,NA,NA,NA,NA,NA,High,High,High,NA,NA,NA,NA,NA,NA,NA,NA,NA,NA,NA,NA,NA,NA,NA,NA,NA,NA,NA,NA,NA,NA,NA,NA,NA,NA,NA,NA,NA,NA,NA,NA,NA,NA
253,2025-10-31,20:41:30,"Williamson, Austin",702485,Right,JUD,Undefined,1,0,BallCalled,Fastball,NA,NA,91.25802,-1.91607,-4.103362,2066.777623,219.483392,01:15:00,5.74483,1.32614,5.39242,-17.03379,17.9467,13.68241,2.52434,-1.38588,81.77588,-5.161793,-1.67889,0.425681,-8.14571,9.98591,-0.96896,50,5.56186,8.80056,-131.79696,-4.95465,-14.0733,32.65245,-14.92146,53f8f961-e841-42b0-af09-3b9c98badeea,NA,NA,NA,NA,NA,807272,"Myers, Kolt",NA,NA,NA,Right,NA,NA,NA,NA,NA,NA,NA,NA,NA,NA,NA,NA,NA,NA,NA,NA,82486ed0-b6bb-11f0-84b6-01d555e46d76,1,2,FLA_GAT,8,Top,0,Four-Seam,Undefined,Undefined,Undefined,0,0,NA,JUD,FLA_GAT,121Financial,TeamExclusive,Team,20251031-121Financial-Private-2,88.54619,NA,NA,9.48214,NA,NA,NA,78e623f9-aa27-4d61-8f19-ec9f4998400f,2025-11-01,00:41:30,2025-11-01T00:41:30Z,2025-11-01T00:41:30Z,NA,v3,471326,471297,NA,"DeLisi, Nick",702670,Right,JUD,55.10102,-133.05472,16.32623,5.74164,-4.37988,-7.46073,-1.3184,9.34266,-7.03665,NA,NA,NA,NA,NA,NA,NA,NA,NA,NA,NA,NA,NA,NA,NA,NA,NA,NA,NA,NA,NA,NA,NA,NA,NA,NA,NA,NA,NA,NA,NA,NA,NA,NA,NA,NA,NA,NA,NA,NA,NA,NA,NA,NA,NA,NA,NA,NA,NA,NA,High,High,High,NA,NA,NA,NA,NA,NA,NA,NA,NA,NA,NA,NA,NA,NA,NA,NA,NA,NA,NA,NA,NA,NA,NA,NA,NA,NA,NA,NA,NA,NA,NA,NA,NA,NA
254,2025-10-31,20:41:46,"Williamson, Austin",702485,Right,JUD,Undefined,2,0,BallCalled,Fastball,NA,NA,89.28946,-0.094007,-2.020813,1932.371887,246.632698,02:15:00,5.73178,1.58821,5.41018,-26.75328,9.29315,18.60741,3.41421,1.24478,80.77949,-5.059412,1.288705,0.432118,-9.87363,5.07929,-1.4214,50,5.70512,3.70254,-129.4265,-1.18372,-16.57845,29.56507,-23.64557,de2fade2-ff66-4a53-a239-d4b5472e3ef9,NA,NA,NA,NA,NA,807272,"Myers, Kolt",NA,NA,NA,Right,NA,NA,NA,NA,NA,NA,NA,NA,NA,NA,NA,NA,NA,NA,NA,NA,8bcd42f0-b6bb-11f0-84b6-01d555e46d76,1,3,FLA_GAT,8,Top,0,Sinker,Undefined,Undefined,Undefined,0,0,NA,JUD,FLA_GAT,121Financial,TeamExclusive,Team,20251031-121Financial-Private-2,87.22717,NA,NA,8.50997,NA,NA,NA,78e623f9-aa27-4d61-8f19-ec9f4998400f,2025-11-01,00:41:46,2025-11-01T00:41:46Z,2025-11-01T00:41:46Z,NA,v3,471326,471297,NA,"DeLisi, Nick",702670,Right,JUD,55.08565,-130.58306,14.78254,5.73333,-0.25873,-11.82279,-1.57892,4.35107,-8.28923,NA,NA,NA,NA,NA,NA,NA,NA,NA,NA,NA,NA,NA,NA,NA,NA,NA,NA,NA,NA,NA,NA,NA,NA,NA,NA,NA,NA,NA,NA,NA,NA,NA,NA,NA,NA,NA,NA,NA,NA,NA,NA,NA,NA,NA,NA,NA,NA,NA,NA,High,High,High,NA,NA,NA,NA,NA,NA,NA,NA,NA,NA,NA,NA,NA,NA,NA,NA,NA,NA,NA,NA,NA,NA,NA,NA,NA,NA,NA,NA,NA,NA,NA,NA,NA,NA
255,2025-10-31,20:42:02,"Williamson, Austin",702485,Right,JUD,Undefined,3,0,BallCalled,Fastball,NA,NA,90.99407,-0.682348,-3.433937,2181.781561,220.795669,01:15:00,5.82932,1.45436,5.48871,-16.25969,18.72607,15.01513,3.83483,-0.51071,81.4225,-3.805025,-0.76558,0.425713,-8.60142,9.98713,-1.16336,50,5.75885,7.1825,-131.59311,-2.05297,-14.80612,32.6988,-14.98263,48892d36-cc23-40a7-a1bf-25a75fdec148,NA,NA,NA,NA,NA,807272,"Myers, Kolt",NA,NA,NA,Right,NA,NA,NA,NA,NA,NA,NA,NA,NA,NA,NA,NA,NA,NA,NA,NA,957b49f0-b6bb-11f0-84b6-01d555e46d76,1,4,FLA_GAT,8,Top,0,Four-Seam,Walk,Undefined,Undefined,0,0,NA,JUD,FLA_GAT,121Financial,TeamExclusive,Team,20251031-121Financial-Private-2,88.53952,NA,NA,9.57156,NA,NA,NA,78e623f9-aa27-4d61-8f19-ec9f4998400f,2025-11-01,00:42:02,2025-11-01T00:42:02Z,2025-11-01T00:42:02Z,NA,v3,471326,471297,NA,"DeLisi, Nick",702670,Right,JUD,55.00441,-132.83081,16.3494,5.82583,-1.48585,-7.49132,-1.44583,7.74294,-7.40306,NA,NA,NA,NA,NA,NA,NA,NA,NA,NA,NA,NA,NA,NA,NA,NA,NA,NA,NA,NA,NA,NA,NA,NA,NA,NA,NA,NA,NA,NA,NA,NA,NA,NA,NA,NA,NA,NA,NA,NA,NA,NA,NA,NA,NA,NA,NA,NA,NA,NA,High,High,High,NA,NA,NA,NA,NA,NA,NA,NA,NA,NA,NA,NA,NA,NA,NA,NA,NA,NA,NA,NA,NA,NA,NA,NA,NA,NA,NA,NA,NA,NA,NA,NA,NA,NA
256,2025-10-31,20:42:37,"Williamson, Austin",702485,Right,JUD,Undefined,0,0,BallCalled,Fastball,NA,NA,90.44545,-0.096912,-1.578536,2071.871886,216.44927,01:15:00,5.73056,1.83227,5.47199,-17.99741,17.28863,11.80631,4.14006,1.33856,81.12814,-3.526915,0.523084,0.427536,-6.38374,9.07339,-1.7015,50,5.71019,3.05219,-130.9983,-0.78486,-10.90571,32.02916,-16.67341,57a79861-74a0-41f5-9277-0f37e5918617,NA,NA,NA,NA,NA,10106056,"Kendall, Jacob",NA,NA,NA,Left,NA,NA,NA,NA,NA,NA,NA,NA,NA,NA,NA,NA,NA,NA,NA,NA,aa3f9a80-b6bb-11f0-84b6-01d555e46d76,2,1,FLA_GAT,8,Top,0,Four-Seam,Undefined,Undefined,Undefined,0,0,NA,JUD,FLA_GAT,121Financial,TeamExclusive,Team,20251031-121Financial-Private-2,88.16201,NA,NA,9.31732,NA,NA,NA,78e623f9-aa27-4d61-8f19-ec9f4998400f,2025-11-01,00:42:37,2025-11-01T00:42:37Z,2025-11-01T00:42:37Z,NA,v3,471326,471297,NA,"DeLisi, Nick",702670,Right,JUD,55.02087,-132.2202,16.01458,5.728,-0.14877,-8.33671,-1.82588,3.46824,-5.45285,NA,NA,NA,NA,NA,NA,NA,NA,NA,NA,NA,NA,NA,NA,NA,NA,NA,NA,NA,NA,NA,NA,NA,NA,NA,NA,NA,NA,NA,NA,NA,NA,NA,NA,NA,NA,NA,NA,NA,NA,NA,NA,NA,NA,NA,NA,NA,NA,NA,NA,High,High,High,NA,NA,NA,NA,NA,NA,NA,NA,NA,NA,NA,NA,NA,NA,NA,NA,NA,NA,NA,NA,NA,NA,NA,NA,NA,NA,NA,NA,NA,NA,NA,NA,NA,NA
257,2025-10-31,20:42:53,"Williamson, Austin",702485,Right,JUD,Undefined,1,0,BallCalled,ChangeUp,NA,NA,82.7556,-0.684256,-1.878318,2293.271107,62.654143,08:00:00,5.53584,1.9251,5.06994,-44.04861,-1.72339,-6.0054,1.21962,-0.3469,75.79753,-8.647381,-2.941024,0.468243,2.42973,-0.24209,-1.74186,50,5.43603,4.19362,-119.98087,-3.08984,3.52006,24.54447,-32.52476,3996a2fd-2870-45de-9ce7-37be9c9f8450,NA,NA,NA,NA,NA,10106056,"Kendall, Jacob",NA,NA,NA,Left,NA,NA,NA,NA,NA,NA,NA,NA,NA,NA,NA,NA,NA,NA,NA,NA,b3d9cb60-b6bb-11f0-84b6-01d555e46d76,2,2,FLA_GAT,8,Top,0,Slider,Undefined,Undefined,Undefined,0,0,NA,JUD,FLA_GAT,121Financial,TeamExclusive,Team,20251031-121Financial-Private-2,80.49765,NA,NA,6.95807,NA,NA,NA,78e623f9-aa27-4d61-8f19-ec9f4998400f,2025-11-01,00:42:53,2025-11-01T00:42:53Z,2025-11-01T00:42:53Z,NA,v3,471326,471297,NA,"DeLisi, Nick",702670,Right,JUD,55.4284,-121.08626,12.27223,5.5422,-1.62504,-16.26238,-1.92715,4.03509,1.76003,NA,NA,NA,NA,NA,NA,NA,NA,NA,NA,NA,NA,NA,NA,NA,NA,NA,NA,NA,NA,NA,NA,NA,NA,NA,NA,NA,NA,NA,NA,NA,NA,NA,NA,NA,NA,NA,NA,NA,NA,NA,NA,NA,NA,NA,NA,NA,NA,NA,NA,High,High,High,NA,NA,NA,NA,NA,NA,NA,NA,NA,NA,NA,NA,NA,NA,NA,NA,NA,NA,NA,NA,NA,NA,NA,NA,NA,NA,NA,NA,NA,NA,NA,NA,NA,NA
258,2025-10-31,20:43:30,"Williamson, Austin",702485,Right,JUD,Undefined,2,0,StrikeCalled,Fastball,NA,NA,91.4251,-1.272235,-3.0443,2170.33539,222.046186,01:30:00,5.7083,1.66268,5.45119,-18.42497,16.13391,13.40438,2.97999,-0.07294,82.23477,-4.761392,-0.662048,0.423108,-7.6485900000000004,8.86619,-1.40306,50,5.58364,6.3998100000000004,-132.29785,-3.54453,-13.35957,32.03778,-16.6877,0d631a5e-8841-4c00-afde-6acf90be7821,NA,NA,NA,NA,NA,10106056,"Kendall, Jacob",NA,NA,NA,Left,NA,NA,NA,NA,NA,NA,NA,NA,NA,NA,NA,NA,NA,NA,NA,NA,ca45b170-b6bb-11f0-84b6-01d555e46d76,2,3,FLA_GAT,8,Top,0,Four-Seam,Undefined,Undefined,Undefined,0,0,NA,JUD,FLA_GAT,121Financial,TeamExclusive,Team,20251031-121Financial-Private-2,89.08469,NA,NA,9.19033,NA,NA,NA,78e623f9-aa27-4d61-8f19-ec9f4998400f,2025-11-01,00:43:30,2025-11-01T00:43:30Z,2025-11-01T00:43:30Z,NA,v3,471326,471297,NA,"DeLisi, Nick",702670,Right,JUD,55.0429,-133.51347,16.01889,5.70612,-2.91134,-8.34385,-1.65551,6.90672,-6.67979,NA,NA,NA,NA,NA,NA,NA,NA,NA,NA,NA,NA,NA,NA,NA,NA,NA,NA,NA,NA,NA,NA,NA,NA,NA,NA,NA,NA,NA,NA,NA,NA,NA,NA,NA,NA,NA,NA,NA,NA,NA,NA,NA,NA,NA,NA,NA,NA,NA,NA,High,High,High,NA,NA,NA,NA,NA,NA,NA,NA,NA,NA,NA,NA,NA,NA,NA,NA,NA,NA,NA,NA,NA,NA,NA,NA,NA,NA,NA,NA,NA,NA,NA,NA,NA,NA
259,2025-10-31,20:43:49,"Williamson, Austin",702485,Right,JUD,Undefined,2,1,BallCalled,Fastball,NA,NA,90.77727,-0.744255,-2.074739,2143.808551,229.203952,01:45:00,5.72229,1.70693,5.37838,-19.76466,15.43253,16.35501,3.37705,1.12406,81.42954,-4.478656,0.831485,0.426997,-8.79233,8.34233,-1.53275,50,5.64219,3.97947,-131.42194,-2.36934,-15.10527,32.44719,-17.84189,fd639968-bc88-4e38-9f0a-47b8664dfabe,NA,NA,NA,NA,NA,10106056,"Kendall, Jacob",NA,NA,NA,Left,NA,NA,NA,NA,NA,NA,NA,NA,NA,NA,NA,NA,NA,NA,NA,NA,d5698f90-b6bb-11f0-84b6-01d555e46d76,2,4,FLA_GAT,8,Top,0,Sinker,Undefined,Undefined,Undefined,0,0,NA,JUD,FLA_GAT,121Financial,TeamExclusive,Team,20251031-121Financial-Private-2,88.27322,NA,NA,9.34774,NA,NA,NA,78e623f9-aa27-4d61-8f19-ec9f4998400f,2025-11-01,00:43:49,2025-11-01T00:43:49Z,2025-11-01T00:43:49Z,NA,v3,471326,471297,NA,"DeLisi, Nick",702670,Right,JUD,55.11527,-132.67885,16.22359,5.72058,-1.67819,-8.92095,-1.69823,4.5646,-7.55263,NA,NA,NA,NA,NA,NA,NA,NA,NA,NA,NA,NA,NA,NA,NA,NA,NA,NA,NA,NA,NA,NA,NA,NA,NA,NA,NA,NA,NA,NA,NA,NA,NA,NA,NA,NA,NA,NA,NA,NA,NA,NA,NA,NA,NA,NA,NA,NA,NA,NA,High,High,High,NA,NA,NA,NA,NA,NA,NA,NA,NA,NA,NA,NA,NA,NA,NA,NA,NA,NA,NA,NA,NA,NA,NA,NA,NA,NA,NA,NA,NA,NA,NA,NA,NA,NA
260,2025-10-31,20:44:30,"Williamson, Austin",702485,Right,JUD,Undefined,3,1,BallCalled,Fastball,NA,NA,90.55404,-1.484262,-1.669161,2064.836546,229.982021,01:45:00,5.75937,1.74164,5.34548,-20.19273,15.1565,16.49733,2.68349,1.55028,81.48388,-5.282192,1.262045,0.427919,-8.71855,8.43544,-1.60311,50,5.61166,3.0350799999999998,-131.12074,-4.08448,-14.93908,31.80288,-17.72003,525d6c60-2a8a-464d-8188-09debcf2b630,NA,NA,NA,NA,NA,10106056,"Kendall, Jacob",NA,NA,NA,Left,NA,NA,NA,NA,NA,NA,NA,NA,NA,NA,NA,NA,NA,NA,NA,NA,edcf97f0-b6bb-11f0-84b6-01d555e46d76,2,5,FLA_GAT,8,Top,0,Sinker,Walk,Undefined,Undefined,0,0,NA,JUD,FLA_GAT,121Financial,TeamExclusive,Team,20251031-121Financial-Private-2,88.08318,NA,NA,9.07016,NA,NA,NA,78e623f9-aa27-4d61-8f19-ec9f4998400f,2025-11-01,00:44:30,2025-11-01T00:44:30Z,2025-11-01T00:44:30Z,NA,v3,471326,471297,NA,"DeLisi, Nick",702670,Right,JUD,55.14863,-132.36364,15.90144,5.75775,-3.39196,-8.86001,-1.73314,3.61891,-7.46954,NA,NA,NA,NA,NA,NA,NA,NA,NA,NA,NA,NA,NA,NA,NA,NA,NA,NA,NA,NA,NA,NA,NA,NA,NA,NA,NA,NA,NA,NA,NA,NA,NA,NA,NA,NA,NA,NA,NA,NA,NA,NA,NA,NA,NA,NA,NA,NA,NA,NA,High,High,High,NA,NA,NA,NA,NA,NA,NA,NA,NA,NA,NA,NA,NA,NA,NA,NA,NA,NA,NA,NA,NA,NA,NA,NA,NA,NA,NA,NA,NA,NA,NA,NA,NA,NA
261,2025-10-31,20:45:01,"Williamson, Austin",702485,Right,JUD,Undefined,0,0,FoulBallNotFieldable,ChangeUp,NA,NA,83.27065,0.385446,-0.992752,2199.88092,98.068696,09:15:00,5.68199,1.95302,5.07515,-39.55093,2.33307,-6.46028,2.74952,0.47868,75.7284,-6.823018,-2.135455,0.465796,2.83705,1.59976,-1.85397,50,5.68828,2.38938,-120.66151,-0.69234,4.15192,25.08408,-29.83286,bbe0c611-cc79-4f04-9c90-950be73f89b4,NA,NA,NA,NA,NA,806035,"Brookins, Blake",NA,NA,NA,Left,NA,NA,NA,NA,NA,NA,NA,NA,NA,NA,NA,NA,NA,NA,NA,NA,001f3f00-b6bc-11f0-84b6-01d555e46d76,3,1,FLA_GAT,8,Top,0,Slider,Undefined,Undefined,Undefined,0,0,NA,JUD,FLA_GAT,121Financial,TeamExclusive,Team,20251031-121Financial-Private-2,80.92055,NA,NA,7.54224,NA,NA,NA,78e623f9-aa27-4d61-8f19-ec9f4998400f,2025-11-01,00:45:01,2025-11-01T00:45:01Z,2025-11-01T00:45:01Z,NA,v3,471326,471297,NA,"DeLisi, Nick",702670,Right,JUD,55.41758,-121.78255,12.54204,5.68943,0.64094,-14.91643,-1.9566,2.20383,2.07596,NA,NA,NA,NA,NA,NA,NA,NA,NA,NA,NA,NA,NA,NA,NA,NA,NA,NA,NA,NA,NA,NA,NA,NA,NA,NA,NA,NA,NA,NA,NA,NA,NA,NA,NA,NA,NA,NA,NA,NA,NA,NA,NA,NA,NA,NA,NA,NA,NA,NA,High,High,High,NA,NA,NA,NA,NA,NA,NA,NA,NA,NA,NA,NA,NA,NA,NA,NA,NA,NA,NA,NA,NA,NA,NA,NA,NA,NA,NA,NA,NA,NA,NA,NA,NA,NA
262,2025-10-31,20:45:28,"Williamson, Austin",702485,Right,JUD,Undefined,0,1,FoulBallNotFieldable,Slider,NA,NA,82.28538,-1.087843,-1.851364,1722.379836,240.553045,02:00:00,5.81404,1.60723,5.29973,-34.67844,8.17874,11.7141,1.90224,0.84472,74.38744,-7.473609,0.229903,0.471176,-6.50394,4.87933,-1.44796,50,5.6902,3.36469,-119.18947,-3.45766,-9.20323,26.39903,-25.26967,328bd8d0-3f23-44a9-80fb-982aa16d176a,NA,NA,NA,NA,NA,806035,"Brookins, Blake",NA,NA,NA,Left,NA,NA,NA,NA,NA,NA,NA,NA,NA,NA,NA,NA,NA,NA,NA,NA,10417ec0-b6bc-11f0-84b6-01d555e46d76,3,2,FLA_GAT,8,Top,0,Changeup,Undefined,Undefined,Undefined,0,0,NA,JUD,FLA_GAT,121Financial,TeamExclusive,Team,20251031-121Financial-Private-2,79.99648,NA,NA,7.89794,NA,NA,NA,78e623f9-aa27-4d61-8f19-ec9f4998400f,2025-11-01,00:45:28,2025-11-01T00:45:28Z,2025-11-01T00:45:28Z,NA,v3,471326,471297,NA,"DeLisi, Nick",702670,Right,JUD,55.19726,-120.3351,13.19952,5.81646,-2.36104,-12.63483,-1.60264,3.76408,-4.60162,NA,NA,NA,NA,NA,NA,NA,NA,NA,NA,NA,NA,NA,NA,NA,NA,NA,NA,NA,NA,NA,NA,NA,NA,NA,NA,NA,NA,NA,NA,NA,NA,NA,NA,NA,NA,NA,NA,NA,NA,NA,NA,NA,NA,NA,NA,NA,NA,NA,NA,High,High,High,NA,NA,NA,NA,NA,NA,NA,NA,NA,NA,NA,NA,NA,NA,NA,NA,NA,NA,NA,NA,NA,NA,NA,NA,NA,NA,NA,NA,NA,NA,NA,NA,NA,NA
263,2025-10-31,20:45:53,"Williamson, Austin",702485,Right,JUD,Undefined,0,2,BallCalled,Fastball,NA,NA,89.42692,0.956251,0.154191,2147.658445,227.55085,01:30:00,5.7608,1.68846,5.08294,-19.75371,16.69465,16.86139,5.01611,3.23892,80.60735,-2.758294,3.133625,0.434521,-8.20052,8.32437,-1.71644,50,5.83642,-1.16982,-129.54226,1.4879,-13.76919,30.06505,-18.19689,7d94b169-955c-4f0f-9448-7843dbcd9110,NA,NA,NA,NA,NA,806035,"Brookins, Blake",NA,NA,NA,Left,NA,NA,NA,NA,NA,NA,NA,NA,NA,NA,NA,NA,NA,NA,NA,NA,1f337be0-b6bc-11f0-84b6-01d555e46d76,3,3,FLA_GAT,8,Top,0,Sinker,Undefined,Undefined,Undefined,0,0,NA,JUD,FLA_GAT,121Financial,TeamExclusive,Team,20251031-121Financial-Private-2,86.74487,NA,NA,8.81957,NA,NA,NA,78e623f9-aa27-4d61-8f19-ec9f4998400f,2025-11-01,00:45:53,2025-11-01T00:45:53Z,2025-11-01T00:45:53Z,NA,v3,471326,471297,NA,"DeLisi, Nick",702670,Right,JUD,55.41058,-130.79196,15.03253,5.75886,2.24428,-9.09845,-1.67971,-0.59748,-6.88459,NA,NA,NA,NA,NA,NA,NA,NA,NA,NA,NA,NA,NA,NA,NA,NA,NA,NA,NA,NA,NA,NA,NA,NA,NA,NA,NA,NA,NA,NA,NA,NA,NA,NA,NA,NA,NA,NA,NA,NA,NA,NA,NA,NA,NA,NA,NA,NA,NA,NA,High,High,High,NA,NA,NA,NA,NA,NA,NA,NA,NA,NA,NA,NA,NA,NA,NA,NA,NA,NA,NA,NA,NA,NA,NA,NA,NA,NA,NA,NA,NA,NA,NA,NA,NA,NA
264,2025-10-31,20:46:26,"Williamson, Austin",702485,Right,JUD,Undefined,1,2,StrikeSwinging,Slider,NA,NA,82.54501,-0.567213,-2.948226,1749.752441,253.251783,02:30:00,5.79007,1.71335,5.35563,-34.87927,7.60241,20.13993,2.35079,0.62429,74.59532,-6.998884,0.629941,0.469107,-10.97666,4.46024,-1.46275,50,5.7146,5.29303,-119.51778,-2.39195,-15.6514,26.0921,-25.81427,aafba386-295f-492e-9793-322083c58e74,NA,NA,NA,NA,NA,806035,"Brookins, Blake",NA,NA,NA,Left,NA,NA,NA,NA,NA,NA,NA,NA,NA,NA,NA,NA,NA,NA,NA,NA,32f6d730-b6bc-11f0-84b6-01d555e46d76,3,4,FLA_GAT,8,Top,0,Changeup,Strikeout,Undefined,Undefined,0,0,NA,JUD,FLA_GAT,121Financial,TeamExclusive,Team,20251031-121Financial-Private-2,80.34929,NA,NA,7.94969,NA,NA,NA,78e623f9-aa27-4d61-8f19-ec9f4998400f,2025-11-01,00:46:26,2025-11-01T00:46:26Z,2025-11-01T00:46:26Z,NA,v3,471326,471297,NA,"DeLisi, Nick",702670,Right,JUD,55.1407,-120.63483,13.04605,5.79335,-1.28679,-12.90713,-1.70369,5.96309,-7.8257,NA,NA,NA,NA,NA,NA,NA,NA,NA,NA,NA,NA,NA,NA,NA,NA,NA,NA,NA,NA,NA,NA,NA,NA,NA,NA,NA,NA,NA,NA,NA,NA,NA,NA,NA,NA,NA,NA,NA,NA,NA,NA,NA,NA,NA,NA,NA,NA,NA,NA,High,High,High,NA,NA,NA,NA,NA,NA,NA,NA,NA,NA,NA,NA,NA,NA,NA,NA,NA,NA,NA,NA,NA,NA,NA,NA,NA,NA,NA,NA,NA,NA,NA,NA,NA,NA
265,2025-10-31,20:47:01,"Williamson, Austin",702485,Right,JUD,Undefined,0,0,BallCalled,Fastball,NA,NA,89.86959,-1.996711,-4.987651,2061.985885,246.046947,02:15:00,5.76739,1.47075,5.42676,-25.59596,9.95339,19.71458,1.75642,-1.56958,81.87682,-6.725074,-1.494243,0.429128,-11.28304,5.93555,-1.04141,50,5.57209,10.43582,-129.91204,-5.47486,-19.2369,27.81689,-22.05424,ade6572a-9ea7-4608-b0f4-4740cb7f40e6,NA,NA,NA,NA,NA,701341,"Wilson, Ashton",NA,NA,NA,Right,NA,NA,NA,NA,NA,NA,NA,NA,NA,NA,NA,NA,NA,NA,NA,NA,47b70910-b6bc-11f0-84b6-01d555e46d76,4,1,FLA_GAT,8,Top,1,Sinker,Undefined,Undefined,Undefined,0,0,NA,JUD,FLA_GAT,121Financial,TeamExclusive,Team,20251031-121Financial-Private-2,87.83491,NA,NA,7.99277,NA,NA,NA,78e623f9-aa27-4d61-8f19-ec9f4998400f,2025-11-01,00:47:01,2025-11-01T00:47:01Z,2025-11-01T00:47:01Z,NA,v3,471326,471297,NA,"DeLisi, Nick",702670,Right,JUD,55.07127,-130.9934,13.90844,5.76826,-4.61751,-11.02712,-1.46163,11.18365,-9.61845,NA,NA,NA,NA,NA,NA,NA,NA,NA,NA,NA,NA,NA,NA,NA,NA,NA,NA,NA,NA,NA,NA,NA,NA,NA,NA,NA,NA,NA,NA,NA,NA,NA,NA,NA,NA,NA,NA,NA,NA,NA,NA,NA,NA,NA,NA,NA,NA,NA,NA,High,High,High,NA,NA,NA,NA,NA,NA,NA,NA,NA,NA,NA,NA,NA,NA,NA,NA,NA,NA,NA,NA,NA,NA,NA,NA,NA,NA,NA,NA,NA,NA,NA,NA,NA,NA
266,2025-10-31,20:47:20,"Williamson, Austin",702485,Right,JUD,Undefined,1,0,StrikeCalled,Slider,NA,NA,82.04264,-0.133961,-2.337895,2145.755827,105.642624,09:30:00,5.63837,1.88136,5.18856,-39.06447,3.33792,-7.50603,2.25687,-0.94473,75.80773,-7.222501,-3.666524,0.468669,3.14106,2.08339,-1.65835,50,5.59626,5.17569,-119.0785,-1.68931,4.53783,21.54753,-29.1642,f2942bd4-4117-43c7-9bb7-bb5d186a9e3f,NA,NA,NA,NA,NA,701341,"Wilson, Ashton",NA,NA,NA,Right,NA,NA,NA,NA,NA,NA,NA,NA,NA,NA,NA,NA,NA,NA,NA,NA,53227780-b6bc-11f0-84b6-01d555e46d76,4,2,FLA_GAT,8,Top,1,Slider,Undefined,Undefined,Undefined,0,0,NA,JUD,FLA_GAT,121Financial,TeamExclusive,Team,20251031-121Financial-Private-2,80.42438,NA,NA,6.23491,NA,NA,NA,78e623f9-aa27-4d61-8f19-ec9f4998400f,2025-11-01,00:47:20,2025-11-01T00:47:20Z,2025-11-01T00:47:20Z,NA,v3,471326,471297,NA,"DeLisi, Nick",702670,Right,JUD,55.31043,-120.03559,10.77376,5.64253,-0.39391,-14.5821,-1.88377,4.97413,2.26892,NA,NA,NA,NA,NA,NA,NA,NA,NA,NA,NA,NA,NA,NA,NA,NA,NA,NA,NA,NA,NA,NA,NA,NA,NA,NA,NA,NA,NA,NA,NA,NA,NA,NA,NA,NA,NA,NA,NA,NA,NA,NA,NA,NA,NA,NA,NA,NA,NA,NA,High,High,High,NA,NA,NA,NA,NA,NA,NA,NA,NA,NA,NA,NA,NA,NA,NA,NA,NA,NA,NA,NA,NA,NA,NA,NA,NA,NA,NA,NA,NA,NA,NA,NA,NA,NA
267,2025-10-31,20:47:38,"Williamson, Austin",702485,Right,JUD,Undefined,1,1,BallCalled,ChangeUp,NA,NA,82.92906,0.049502,-3.696017,2418.346017,99.819976,09:15:00,5.61706,1.84454,5.1545,-38.97286,2.96394,-9.63993,2.41602,-2.44283,76.16879,-7.020776,-5.395848,0.466089,3.75732,1.87295,-1.49121,50,5.59193,8.17284,-120.11619,-1.32472,5.48522,23.42825,-29.43978,f9b8223e-82e0-42c5-8eeb-e49404a5ad8e,NA,NA,NA,NA,NA,701341,"Wilson, Ashton",NA,NA,NA,Right,NA,NA,NA,NA,NA,NA,NA,NA,NA,NA,NA,NA,NA,NA,NA,NA,5e19a050-b6bc-11f0-84b6-01d555e46d76,4,3,FLA_GAT,8,Top,1,Slider,Undefined,Undefined,Undefined,0,0,NA,JUD,FLA_GAT,121Financial,TeamExclusive,Team,20251031-121Financial-Private-2,80.86956,NA,NA,6.76027,NA,NA,NA,78e623f9-aa27-4d61-8f19-ec9f4998400f,2025-11-01,00:47:38,2025-11-01T00:47:38Z,2025-11-01T00:47:38Z,NA,v3,471326,471297,NA,"DeLisi, Nick",702670,Right,JUD,55.34338,-121.15392,11.71412,5.62173,-0.02073,-14.71989,-1.84783,7.92988,2.74261,NA,NA,NA,NA,NA,NA,NA,NA,NA,NA,NA,NA,NA,NA,NA,NA,NA,NA,NA,NA,NA,NA,NA,NA,NA,NA,NA,NA,NA,NA,NA,NA,NA,NA,NA,NA,NA,NA,NA,NA,NA,NA,NA,NA,NA,NA,NA,NA,NA,NA,High,High,High,NA,NA,NA,NA,NA,NA,NA,NA,NA,NA,NA,NA,NA,NA,NA,NA,NA,NA,NA,NA,NA,NA,NA,NA,NA,NA,NA,NA,NA,NA,NA,NA,NA,NA
268,2025-10-31,20:48:00,"Williamson, Austin",702485,Right,JUD,Undefined,2,1,StrikeSwinging,Fastball,NA,NA,90.57388,-0.491699,-3.541806,2040.434284,220.173602,01:15:00,5.81334,1.44344,5.55433,-18.65718,16.23635,12.68083,3.79826,-0.81338,81.8502,-4.022804,-1.286103,0.425152,-7.43937,8.68969,-1.14537,50,5.75875,7.53551,-131.14279,-1.72687,-12.84086,30.03183,-17.17506,69a1873a-5a4a-4984-bda9-5c5051b9c624,NA,NA,NA,NA,NA,701341,"Wilson, Ashton",NA,NA,NA,Right,NA,NA,NA,NA,NA,NA,NA,NA,NA,NA,NA,NA,NA,NA,NA,NA,6b33d030-b6bc-11f0-84b6-01d555e46d76,4,4,FLA_GAT,8,Top,1,Four-Seam,Undefined,Undefined,Undefined,0,0,NA,JUD,FLA_GAT,121Financial,TeamExclusive,Team,20251031-121Financial-Private-2,88.65645,NA,NA,8.72368,NA,NA,NA,78e623f9-aa27-4d61-8f19-ec9f4998400f,2025-11-01,00:48:00,2025-11-01T00:48:00Z,2025-11-01T00:48:00Z,NA,v3,471326,471297,NA,"DeLisi, Nick",702670,Right,JUD,54.94122,-132.26949,15.01591,5.81145,-1.08252,-8.58753,-1.43712,8.01726,-6.42043,NA,NA,NA,NA,NA,NA,NA,NA,NA,NA,NA,NA,NA,NA,NA,NA,NA,NA,NA,NA,NA,NA,NA,NA,NA,NA,NA,NA,NA,NA,NA,NA,NA,NA,NA,NA,NA,NA,NA,NA,NA,NA,NA,NA,NA,NA,NA,NA,NA,NA,High,High,High,NA,NA,NA,NA,NA,NA,NA,NA,NA,NA,NA,NA,NA,NA,NA,NA,NA,NA,NA,NA,NA,NA,NA,NA,NA,NA,NA,NA,NA,NA,NA,NA,NA,NA
269,2025-10-31,20:48:23,"Williamson, Austin",702485,Right,JUD,Undefined,2,2,StrikeSwinging,Slider,NA,NA,82.94163,-0.328226,-2.367166,2386.083018,91.00505,09:00:00,5.6334,1.85332,5.08077,-40.37471,1.53063,-14.29083,1.95918,-1.57021,76.35142,-7.63129,-4.891047,0.465914,6.44618,1.24665,-1.61733,50,5.57052,5.58748,-120.29992,-2.19287,9.4437,23.40243,-30.34769,a681d62d-21cd-47ad-a38c-3a14b5383699,NA,NA,NA,NA,NA,701341,"Wilson, Ashton",NA,NA,NA,Right,NA,NA,NA,NA,NA,NA,NA,NA,NA,NA,NA,NA,NA,NA,NA,NA,786d20d0-b6bc-11f0-84b6-01d555e46d76,4,5,FLA_GAT,8,Top,1,Slider,Strikeout,Undefined,Undefined,0,0,NA,JUD,FLA_GAT,121Financial,TeamExclusive,Team,20251031-121Financial-Private-2,80.89994,NA,NA,6.59021,NA,NA,NA,78e623f9-aa27-4d61-8f19-ec9f4998400f,2025-11-01,00:48:23,2025-11-01T00:48:23Z,2025-11-01T00:48:23Z,NA,v3,471326,471297,NA,"DeLisi, Nick",702670,Right,JUD,55.4183,-121.34939,11.70121,5.63835,-0.83195,-15.17385,-1.85841,5.16398,4.72185,NA,NA,NA,NA,NA,NA,NA,NA,NA,NA,NA,NA,NA,NA,NA,NA,NA,NA,NA,NA,NA,NA,NA,NA,NA,NA,NA,NA,NA,NA,NA,NA,NA,NA,NA,NA,NA,NA,NA,NA,NA,NA,NA,NA,NA,NA,NA,NA,NA,NA,High,High,High,NA,NA,NA,NA,NA,NA,NA,NA,NA,NA,NA,NA,NA,NA,NA,NA,NA,NA,NA,NA,NA,NA,NA,NA,NA,NA,NA,NA,NA,NA,NA,NA,NA,NA
270,2025-10-31,20:48:53,"Williamson, Austin",702485,Right,JUD,Undefined,0,0,StrikeSwinging,ChangeUp,NA,NA,83.34571,-0.512083,-1.58672,2359.405559,81.481952,08:45:00,5.62418,1.89803,5.03535,-41.37853,0.21654,-7.29272,1.69267,-0.20702,76.54097,-7.996769,-2.876113,0.464186,3.17067,0.64988,-1.74039,50,5.54214,3.66662,-120.90118,-2.64729,4.68542,23.92704,-31.21369,80f09bc4-7c2d-441b-8c0f-a81c1653461a,NA,NA,NA,NA,NA,1000098001,"Stanford, Cole",NA,NA,NA,Right,NA,NA,NA,NA,NA,NA,NA,NA,NA,NA,NA,NA,NA,NA,NA,NA,8a7dc310-b6bc-11f0-84b6-01d555e46d76,5,1,FLA_GAT,8,Top,2,Slider,Undefined,Undefined,Undefined,0,0,NA,JUD,FLA_GAT,121Financial,TeamExclusive,Team,20251031-121Financial-Private-2,81.20113,NA,NA,6.80474,NA,NA,NA,78e623f9-aa27-4d61-8f19-ec9f4998400f,2025-11-01,00:48:53,2025-11-01T00:48:53Z,2025-11-01T00:48:53Z,NA,v3,471326,471297,NA,"DeLisi, Nick",702670,Right,JUD,55.46312,-121.97757,11.96352,5.62965,-1.2431,-15.60685,-1.90059,3.45585,2.34271,NA,NA,NA,NA,NA,NA,NA,NA,NA,NA,NA,NA,NA,NA,NA,NA,NA,NA,NA,NA,NA,NA,NA,NA,NA,NA,NA,NA,NA,NA,NA,NA,NA,NA,NA,NA,NA,NA,NA,NA,NA,NA,NA,NA,NA,NA,NA,NA,NA,NA,High,High,High,NA,NA,NA,NA,NA,NA,NA,NA,NA,NA,NA,NA,NA,NA,NA,NA,NA,NA,NA,NA,NA,NA,NA,NA,NA,NA,NA,NA,NA,NA,NA,NA,NA,NA
271,2025-10-31,20:49:12,"Williamson, Austin",702485,Right,JUD,Undefined,0,1,BallinDirt,Slider,NA,NA,82.95046,-0.74308,-3.426041,2335.96047,91.500162,09:00:00,5.60237,1.79728,5.13835,-40.25089,1.61973,-13.56694,1.54713,-2.56319,76.50672,-8.011369,-5.81994,0.465721,5.79654,1.42193,-1.46515,50,5.50168,7.77757,-120.2026,-3.05031,8.48326,23.2359,-30.09306,4db1ec1b-3f15-4de3-a383-a1ad87944ded,NA,NA,NA,NA,NA,1000098001,"Stanford, Cole",NA,NA,NA,Right,NA,NA,NA,NA,NA,NA,NA,NA,NA,NA,NA,NA,NA,NA,NA,NA,96017470-b6bc-11f0-84b6-01d555e46d76,5,2,FLA_GAT,8,Top,2,Slider,Undefined,Undefined,Undefined,0,1,NA,JUD,FLA_GAT,121Financial,TeamExclusive,Team,20251031-121Financial-Private-2,80.93346,NA,NA,6.44374,NA,NA,NA,78e623f9-aa27-4d61-8f19-ec9f4998400f,2025-11-01,00:49:12,2025-11-01T00:49:12Z,2025-11-01T00:49:12Z,NA,v3,471326,471297,NA,"DeLisi, Nick",702670,Right,JUD,55.36035,-121.23436,11.61795,5.60746,-1.71407,-15.04653,-1.80214,7.40088,4.24163,NA,NA,NA,NA,NA,NA,NA,NA,NA,NA,NA,NA,NA,NA,NA,NA,NA,NA,NA,NA,NA,NA,NA,NA,NA,NA,NA,NA,NA,NA,NA,NA,NA,NA,NA,NA,NA,NA,NA,NA,NA,NA,NA,NA,NA,NA,NA,NA,NA,NA,High,High,High,NA,NA,NA,NA,NA,NA,NA,NA,NA,NA,NA,NA,NA,NA,NA,NA,NA,NA,NA,NA,NA,NA,NA,NA,NA,NA,NA,NA,NA,NA,NA,NA,NA,NA
272,2025-10-31,20:49:50,"Williamson, Austin",702485,Right,JUD,Undefined,1,1,InPlay,Fastball,NA,NA,90.18789,-1.471137,-2.888385,2034.329357,212.141887,01:00:00,5.76989,1.50886,5.67342,-19.99348,15.37938,8.81784,2.7302,-0.45141,80.86342,-5.263304,-1.314594,0.428062,-5.47461,8.69162,-1.2708,50,5.63346,6.19795,-130.53473,-3.99426,-9.25159,32.74907,-17.48605,303ac057-4f92-4572-ad00-893c20ab2576,NA,NA,NA,NA,-23.940747000000002,1000098001,"Stanford, Cole",2916.150404,NA,76.04843,Right,-0.60203,NA,NA,NA,40.37104,38.8793,0.357268,-23.396703,2.55197,2.84769,0.42227,NA,NA,NA,NA,NA,ac91d270-b6bc-11f0-84b6-01d555e46d76,5,3,FLA_GAT,8,Top,2,Four-Seam,Undefined,GroundBall,Out,1,0,NA,JUD,FLA_GAT,121Financial,TeamExclusive,Team,20251031-121Financial-Private-2,88.05377,2.84769,NA,9.32447,NA,NA,NA,78e623f9-aa27-4d61-8f19-ec9f4998400f,2025-11-01,00:49:50,2025-11-01T00:49:50Z,2025-11-01T00:49:50Z,GroundBall,v3,471326,471297,NA,"DeLisi, Nick",702670,Right,JUD,54.82258,-131.73908,16.37453,5.76853,-3.35121,-8.74302,-1.50499,6.53818,-4.62579,68.228614,2.5554,101.80781,-14.72677,NA,NA,NA,NA,NA,NA,2.8516,-1.31758,-18.68308,NA,NA,NA,NA,NA,NA,0.42477,-45.35185,-2.00209,NA,NA,NA,NA,NA,NA,NA,NA,NA,NA,NA,NA,NA,NA,NA,NA,NA,NA,NA,NA,NA,NA,NA,NA,NA,NA,NA,NA,High,High,High,High,High,NA,NA,NA,NA,NA,NA,NA,NA,NA,NA,NA,NA,NA,NA,NA,NA,NA,NA,NA,NA,NA,NA,NA,NA,NA,NA,NA,NA,NA,NA,NA,NA
273,2025-10-31,20:52:42,"Barberi, Jackson",815346,Right,FLA_GAT,Undefined,0,0,BallinDirt,Fastball,NA,NA,97.6662,-4.189135,-2.975274,2534.528813,190.312616,12:15:00,6.21579,1.87195,4.96547,-8.2702,22.88934,3.94197,1.55697,-0.61265,87.37138,-5.840097,-2.281684,0.40176,-2.93437,13.0241,-1.58736,50,5.80377,7.10902,-140.78901,-10.51218,-5.77395,37.82126,-6.54653,69e3d798-1958-48b8-8fe1-330dd91c2727,NA,NA,NA,NA,NA,816188,"Vergara, Roger",NA,NA,NA,Left,NA,NA,NA,NA,NA,NA,NA,NA,NA,NA,NA,NA,NA,NA,NA,NA,12fb0400-b6bd-11f0-84b6-01d555e46d76,1,1,JUD,8,Bottom,0,Four-Seam,Undefined,Undefined,Undefined,0,0,NA,JUD,FLA_GAT,121Financial,TeamExclusive,Team,20251031-121Financial-Private-2,93.81824,NA,NA,10.29482,NA,NA,NA,78e623f9-aa27-4d61-8f19-ec9f4998400f,2025-11-01,00:52:42,2025-11-01T00:52:42Z,2025-11-01T00:52:42Z,NA,v3,471326,471297,NA,"Stanford, Cole",1000098001,Right,FLA_GAT,55.52807,-142.26631,18.91063,6.20938,-10.25647,-3.27326,-1.86944,7.33455,-2.88698,NA,NA,NA,NA,NA,NA,NA,NA,NA,NA,NA,NA,NA,NA,NA,NA,NA,NA,NA,NA,NA,NA,NA,NA,NA,NA,NA,NA,NA,NA,NA,NA,NA,NA,NA,NA,NA,NA,NA,NA,NA,NA,NA,NA,NA,NA,NA,NA,NA,NA,High,High,High,NA,NA,NA,NA,NA,NA,NA,NA,NA,NA,NA,NA,NA,NA,NA,NA,NA,NA,NA,NA,NA,NA,NA,NA,NA,NA,NA,NA,NA,NA,NA,NA,NA,NA
274,2025-10-31,20:52:56,"Barberi, Jackson",815346,Right,FLA_GAT,Undefined,1,0,FoulBallNotFieldable,Slider,NA,NA,85.40814,-1.286304,-1.986036,2490.625979,136.439395,10:30:00,5.99829,2.20875,4.63366,-32.01242,7.72166,-6.28839,2.1071,-0.20363,79.2566,-7.043994,-3.08836,0.453683,2.63181,4.40351,-1.99893,50,5.83703,4.58075,-123.95309,-4.04974,4.14363,21.99637,-25.24099,b8880480-dfd2-4cfa-bd41-6191d69abdcf,NA,NA,NA,NA,NA,816188,"Vergara, Roger",NA,NA,NA,Left,NA,NA,NA,NA,NA,NA,NA,NA,NA,NA,NA,NA,NA,NA,NA,NA,1b235560-b6bd-11f0-84b6-01d555e46d76,1,2,JUD,8,Bottom,0,Slider,Undefined,Undefined,Undefined,0,0,NA,JUD,FLA_GAT,121Financial,TeamExclusive,Team,20251031-121Financial-Private-2,83.08095,NA,NA,6.15154,NA,NA,NA,78e623f9-aa27-4d61-8f19-ec9f4998400f,2025-11-01,00:52:56,2025-11-01T00:52:56Z,2025-11-01T00:52:56Z,NA,v3,471326,471297,NA,"Stanford, Cole",1000098001,Right,FLA_GAT,55.86689,-124.98988,10.99819,5.99988,-2.86002,-12.6205,-2.21023,4.38544,2.07181,NA,NA,NA,NA,NA,NA,NA,NA,NA,NA,NA,NA,NA,NA,NA,NA,NA,NA,NA,NA,NA,NA,NA,NA,NA,NA,NA,NA,NA,NA,NA,NA,NA,NA,NA,NA,NA,NA,NA,NA,NA,NA,NA,NA,NA,NA,NA,NA,NA,NA,High,High,High,NA,NA,NA,NA,NA,NA,NA,NA,NA,NA,NA,NA,NA,NA,NA,NA,NA,NA,NA,NA,NA,NA,NA,NA,NA,NA,NA,NA,NA,NA,NA,NA,NA,NA
275,2025-10-31,20:53:10,"Barberi, Jackson",815346,Right,FLA_GAT,Undefined,1,1,FoulBallNotFieldable,Slider,NA,NA,85.71759,-0.761162,-2.012019,2567.950449,86.815716,09:00:00,6.00454,2.15275,4.65538,-39.53313,1.24803,-5.63307,1.98648,-0.22898,77.02797,-7.915885,-3.00061,0.459623,2.07213,1.2748,-1.9417,50,5.89107,4.61571,-123.91408,-3.23533,3.14527,30.24184,-30.23904,c0e8aa39-276b-4729-8b08-50b0e33c3f7c,NA,NA,NA,NA,NA,816188,"Vergara, Roger",NA,NA,NA,Left,NA,NA,NA,NA,NA,NA,NA,NA,NA,NA,NA,NA,NA,NA,NA,NA,23d65a90-b6bd-11f0-84b6-01d555e46d76,1,3,JUD,8,Bottom,0,Slider,Undefined,Undefined,Undefined,0,0,NA,JUD,FLA_GAT,121Financial,TeamExclusive,Team,20251031-121Financial-Private-2,82.00738,NA,NA,8.68961,NA,NA,NA,78e623f9-aa27-4d61-8f19-ec9f4998400f,2025-11-01,00:53:10,2025-11-01T00:53:10Z,2025-11-01T00:53:10Z,NA,v3,471326,471297,NA,"Stanford, Cole",1000098001,Right,FLA_GAT,55.84074,-125.33143,15.12092,6.0094900000000004,-1.81811,-15.11952,-2.15457,4.4683,1.57263,NA,NA,NA,NA,NA,NA,NA,NA,NA,NA,NA,NA,NA,NA,NA,NA,NA,NA,NA,NA,NA,NA,NA,NA,NA,NA,NA,NA,NA,NA,NA,NA,NA,NA,NA,NA,NA,NA,NA,NA,NA,NA,NA,NA,NA,NA,NA,NA,NA,NA,High,High,High,NA,NA,NA,NA,NA,NA,NA,NA,NA,NA,NA,NA,NA,NA,NA,NA,NA,NA,NA,NA,NA,NA,NA,NA,NA,NA,NA,NA,NA,NA,NA,NA,NA,NA
276,2025-10-31,20:53:27,"Barberi, Jackson",815346,Right,FLA_GAT,Undefined,1,2,FoulBallNotFieldable,Fastball,NA,NA,97.86023,-2.180381,-2.455308,2621.82509,209.324272,01:00:00,6.03712,2.04933,4.83906,-9.15347,22.22793,11.74296,3.20695,0.70169,86.48084,-4.015509,-0.391222,0.403188,-6.66181,12.07426,-1.81703,50,5.81485,5.42233,-141.20066,-5.60856,-13.03079,41.47276,-8.55626,65be00be-459a-4804-8bca-c2188d0c27e6,NA,NA,NA,NA,-141.058618,816188,"Vergara, Roger",2346.389618,NA,74.86909,Left,38.408402,NA,NA,NA,NA,53.30514,NA,NA,0.89749,2.95501,-0.52021,NA,NA,NA,NA,NA,2e13f760-b6bd-11f0-84b6-01d555e46d76,1,4,JUD,8,Bottom,0,Four-Seam,Undefined,Undefined,Undefined,0,0,NA,JUD,FLA_GAT,121Financial,TeamExclusive,Team,20251031-121Financial-Private-2,93.48605,35.882,NA,11.37939,NA,NA,NA,78e623f9-aa27-4d61-8f19-ec9f4998400f,2025-11-01,00:53:27,2025-11-01T00:53:27Z,2025-11-01T00:53:27Z,NA,v3,471326,471297,NA,"Stanford, Cole",1000098001,Right,FLA_GAT,55.65363,-142.85157,20.73638,6.03133,-5.26797,-4.27813,-2.0432,5.94105,-6.51539,28.829975,0.89749,-66.92525,2.11068,1.08177,-0.82798,1.85727,-3.40397,3.33353,-1.29533,2.95501,68.2197,-29.85063,4.04358,-1.49941,2.41525,-4.32816,4.20257,-1.61621,-0.52021,-54.08193,8.09663,-1.32485,0.50531,-0.93714,1.72844,-1.6782300000000001,0.64317,NA,NA,NA,NA,NA,NA,NA,NA,NA,NA,NA,NA,NA,NA,NA,NA,NA,NA,NA,NA,NA,NA,High,High,High,High,Undefined,NA,NA,NA,NA,NA,NA,NA,NA,NA,NA,NA,NA,NA,NA,NA,NA,NA,NA,NA,NA,NA,NA,NA,NA,NA,NA,NA,NA,NA,NA,NA,NA
277,2025-10-31,20:53:46,"Barberi, Jackson",815346,Right,FLA_GAT,Undefined,1,2,BallCalled,Slider,NA,NA,86.83994,0.978448,-2.284337,2682.062452,148.533956,11:00:00,6.03096,2.16469,4.69174,-32.34734,7.82611,-3.75591,4.26514,-0.31824,76.70308,-4.98006,-2.942504,0.456185,0.93024,3.99795,-1.92934,50,6.1026300000000004,5.18604,-125.19978,0.86106,1.42854,32.92308,-26.03445,ecad25f1-9d85-498e-bf10-df8ddc72dcb1,NA,NA,NA,NA,NA,816188,"Vergara, Roger",NA,NA,NA,Left,NA,NA,NA,NA,NA,NA,NA,NA,NA,NA,NA,NA,NA,NA,NA,NA,3911afe0-b6bd-11f0-84b6-01d555e46d76,1,5,JUD,8,Bottom,0,Cutter,Undefined,Undefined,Undefined,0,0,NA,JUD,FLA_GAT,121Financial,TeamExclusive,Team,20251031-121Financial-Private-2,82.62534,NA,NA,10.13687,NA,NA,NA,78e623f9-aa27-4d61-8f19-ec9f4998400f,2025-11-01,00:53:46,2025-11-01T00:53:46Z,2025-11-01T00:53:46Z,NA,v3,471326,471297,NA,"Stanford, Cole",1000098001,Right,FLA_GAT,55.79393,-126.71422,16.46154,6.03548,2.05863,-13.01722,-2.16639,5.12033,0.71427,NA,NA,NA,NA,NA,NA,NA,NA,NA,NA,NA,NA,NA,NA,NA,NA,NA,NA,NA,NA,NA,NA,NA,NA,NA,NA,NA,NA,NA,NA,NA,NA,NA,NA,NA,NA,NA,NA,NA,NA,NA,NA,NA,NA,NA,NA,NA,NA,NA,NA,High,High,High,NA,NA,NA,NA,NA,NA,NA,NA,NA,NA,NA,NA,NA,NA,NA,NA,NA,NA,NA,NA,NA,NA,NA,NA,NA,NA,NA,NA,NA,NA,NA,NA,NA,NA
278,2025-10-31,20:54:21,"Barberi, Jackson",815346,Right,FLA_GAT,Undefined,2,2,InPlay,Fastball,NA,NA,98.39951,-3.395686,-3.199838,2421.363764,213.832338,01:15:00,6.14388,1.86445,4.9793,-11.02489,19.38989,12.2432,2.00948,-0.14036,88.60395,-5.519884,-1.043959,0.39693,-7.10867,11.01434,-1.56619,50,5.80749,7.31418,-142.12291,-8.8047,-14.3459,36.62449,-9.94613,ede26f37-30ac-44a4-adb4-eb928e076b70,NA,NA,NA,NA,10.25717,816188,"Vergara, Roger",NA,NA,92.97206,Left,-15.717461,NA,NA,NA,8.7057,8.7057,0.054602,9.364592,1.52618,2.02007,0.13836,NA,NA,NA,NA,NA,4dcc1560-b6bd-11f0-84b6-01d555e46d76,1,6,JUD,8,Bottom,0,Four-Seam,Undefined,GroundBall,Out,1,0,NA,JUD,FLA_GAT,121Financial,TeamExclusive,Team,20251031-121Financial-Private-2,94.95994,2.02007,NA,9.79556,NA,NA,NA,78e623f9-aa27-4d61-8f19-ec9f4998400f,2025-11-01,00:54:21,2025-11-01T00:54:21Z,2025-11-01T00:54:21Z,GroundBall,v3,471326,471297,NA,"Stanford, Cole",1000098001,Right,FLA_GAT,55.51802,-143.53784,18.31224,6.14023,-8.42045,-4.97306,-1.85947,7.86842,-7.17295,NA,1.52443,129.36245,NA,NA,NA,NA,NA,NA,NA,2.02057,-36.99594,NA,NA,NA,NA,NA,NA,NA,0.13804,23.40926,NA,NA,NA,NA,NA,NA,NA,NA,NA,NA,NA,NA,NA,NA,NA,NA,NA,NA,NA,NA,NA,NA,NA,NA,NA,NA,NA,NA,NA,High,High,High,Estimated,Estimated,NA,NA,NA,NA,NA,NA,NA,NA,NA,NA,NA,NA,NA,NA,NA,NA,NA,NA,NA,NA,NA,NA,NA,NA,NA,NA,NA,NA,NA,NA,NA,NA
279,2025-10-31,20:54:54,"Barberi, Jackson",815346,Right,FLA_GAT,Undefined,0,0,StrikeSwinging,Slider,NA,NA,87.02575,-2.400303,-2.698469,2575.483377,92.415045,09:00:00,6.05836,1.96963,4.89054,-37.76884,1.91843,-6.86508,0.63655,-1.15696,77.74355,-9.251442,-3.908248,0.453416,2.36606,2.31496,-1.69887,50,5.79152,6.23995,-125.53638,-6.76329,3.65152,33.20316,-28.6014,5c18740a-b94d-480f-96c4-9ae1e85f804e,NA,NA,NA,NA,NA,1000242117,"Grunberg, Sam",NA,NA,NA,Right,NA,NA,NA,NA,NA,NA,NA,NA,NA,NA,NA,NA,NA,NA,NA,NA,61b03f20-b6bd-11f0-84b6-01d555e46d76,2,1,JUD,8,Bottom,1,Slider,Undefined,Undefined,Undefined,0,0,NA,JUD,FLA_GAT,121Financial,TeamExclusive,Team,20251031-121Financial-Private-2,83.12989,NA,NA,9.2822,NA,NA,NA,78e623f9-aa27-4d61-8f19-ec9f4998400f,2025-11-01,00:54:54,2025-11-01T00:54:54Z,2025-11-01T00:54:54Z,NA,v3,471326,471297,NA,"Stanford, Cole",1000098001,Right,FLA_GAT,55.60276,-127.00961,16.60158,6.06346,-5.49424,-14.3007,-1.97215,6.07793,1.82576,NA,NA,NA,NA,NA,NA,NA,NA,NA,NA,NA,NA,NA,NA,NA,NA,NA,NA,NA,NA,NA,NA,NA,NA,NA,NA,NA,NA,NA,NA,NA,NA,NA,NA,NA,NA,NA,NA,NA,NA,NA,NA,NA,NA,NA,NA,NA,NA,NA,NA,High,High,High,NA,NA,NA,NA,NA,NA,NA,NA,NA,NA,NA,NA,NA,NA,NA,NA,NA,NA,NA,NA,NA,NA,NA,NA,NA,NA,NA,NA,NA,NA,NA,NA,NA,NA
280,2025-10-31,20:55:08,"Barberi, Jackson",815346,Right,FLA_GAT,Undefined,0,1,BallCalled,Slider,NA,NA,87.935059999999993,-0.308854,-2.767868,2517.811881,92.707967,09:00:00,6.03643,1.98173,4.91875,-36.34211,1.87291,-10.21127,2.71557,-1.48815,79.34368,-6.913904,-4.564655,0.444927,4.09815,1.45622,-1.70273,50,5.97642,6.63377,-127.17127,-2.14559,6.5892,30.50484,-29.83265,aec271d2-f1e1-48b7-bc8f-1e588454c73e,NA,NA,NA,NA,NA,1000242117,"Grunberg, Sam",NA,NA,NA,Right,NA,NA,NA,NA,NA,NA,NA,NA,NA,NA,NA,NA,NA,NA,NA,NA,6a39ea60-b6bd-11f0-84b6-01d555e46d76,2,2,JUD,8,Bottom,1,Slider,Undefined,Undefined,Undefined,0,0,NA,JUD,FLA_GAT,121Financial,TeamExclusive,Team,20251031-121Financial-Private-2,84.71606,NA,NA,8.59138,NA,NA,NA,78e623f9-aa27-4d61-8f19-ec9f4998400f,2025-11-01,00:55:08,2025-11-01T00:55:08Z,2025-11-01T00:55:08Z,NA,v3,471326,471297,NA,"Stanford, Cole",1000098001,Right,FLA_GAT,55.57631,-128.5019,15.25242,6.04163,-0.84427,-14.91633,-1.98583,6.34635,3.2946,NA,NA,NA,NA,NA,NA,NA,NA,NA,NA,NA,NA,NA,NA,NA,NA,NA,NA,NA,NA,NA,NA,NA,NA,NA,NA,NA,NA,NA,NA,NA,NA,NA,NA,NA,NA,NA,NA,NA,NA,NA,NA,NA,NA,NA,NA,NA,NA,NA,NA,High,High,High,NA,NA,NA,NA,NA,NA,NA,NA,NA,NA,NA,NA,NA,NA,NA,NA,NA,NA,NA,NA,NA,NA,NA,NA,NA,NA,NA,NA,NA,NA,NA,NA,NA,NA
281,2025-10-31,20:55:24,"Barberi, Jackson",815346,Right,FLA_GAT,Undefined,1,1,StrikeSwinging,Slider,NA,NA,83.76973,-2.035826,-1.480448,2684.828581,101.749176,09:30:00,6.05128,2.05153,4.46456,-38.66034,4.32331,-12.93701,0.8872,-0.4383,75.58627,-8.99317,-3.744827,0.471871,5.77087,3.26835,-1.88208,50,5.79977,3.73513,-121.02471,-5.84656,8.3715,28.44705,-27.43286,ba717824-3c80-41b9-8a41-a65132e077c7,NA,NA,NA,NA,NA,1000242117,"Grunberg, Sam",NA,NA,NA,Right,NA,NA,NA,NA,NA,NA,NA,NA,NA,NA,NA,NA,NA,NA,NA,NA,73919400-b6bd-11f0-84b6-01d555e46d76,2,3,JUD,8,Bottom,1,Slider,Undefined,Undefined,Undefined,0,0,NA,JUD,FLA_GAT,121Financial,TeamExclusive,Team,20251031-121Financial-Private-2,79.87873,NA,NA,8.18346,NA,NA,NA,78e623f9-aa27-4d61-8f19-ec9f4998400f,2025-11-01,00:55:24,2025-11-01T00:55:24Z,2025-11-01T00:55:24Z,NA,v3,471326,471297,NA,"Stanford, Cole",1000098001,Right,FLA_GAT,56.03038,-122.43395,14.22352,6.05574,-4.48756,-13.71643,-2.05685,3.32042,4.18575,NA,NA,NA,NA,NA,NA,NA,NA,NA,NA,NA,NA,NA,NA,NA,NA,NA,NA,NA,NA,NA,NA,NA,NA,NA,NA,NA,NA,NA,NA,NA,NA,NA,NA,NA,NA,NA,NA,NA,NA,NA,NA,NA,NA,NA,NA,NA,NA,NA,NA,High,High,High,NA,NA,NA,NA,NA,NA,NA,NA,NA,NA,NA,NA,NA,NA,NA,NA,NA,NA,NA,NA,NA,NA,NA,NA,NA,NA,NA,NA,NA,NA,NA,NA,NA,NA
282,2025-10-31,20:55:40,"Barberi, Jackson",815346,Right,FLA_GAT,Undefined,1,2,BallCalled,Slider,NA,NA,85.84371,-2.250579,-2.976326,2648.256064,116.228367,09:45:00,5.93198,2.08186,4.72442,-34.13151,5.75461,-9.06941,0.94825,-1.50054,78.77578,-8.388809,-4.567136,0.454551,3.60803,3.84969,-1.77272,50,5.67436,6.87486,-124.21271,-6.23582,5.61838,25.64448,-26.17938,870a4be6-9983-4e4c-a70c-319d097a0854,NA,NA,NA,NA,NA,1000242117,"Grunberg, Sam",NA,NA,NA,Right,NA,NA,NA,NA,NA,NA,NA,NA,NA,NA,NA,NA,NA,NA,NA,NA,7d238780-b6bd-11f0-84b6-01d555e46d76,2,4,JUD,8,Bottom,1,Slider,Undefined,Undefined,Undefined,0,0,NA,JUD,FLA_GAT,121Financial,TeamExclusive,Team,20251031-121Financial-Private-2,82.92239,NA,NA,7.06793,NA,NA,NA,78e623f9-aa27-4d61-8f19-ec9f4998400f,2025-11-01,00:55:40,2025-11-01T00:55:40Z,2025-11-01T00:55:40Z,NA,v3,471326,471297,NA,"Stanford, Cole",1000098001,Right,FLA_GAT,55.77338,-125.399,12.82224,5.93481,-5.02479,-13.08969,-2.08473,6.61496,2.80919,NA,NA,NA,NA,NA,NA,NA,NA,NA,NA,NA,NA,NA,NA,NA,NA,NA,NA,NA,NA,NA,NA,NA,NA,NA,NA,NA,NA,NA,NA,NA,NA,NA,NA,NA,NA,NA,NA,NA,NA,NA,NA,NA,NA,NA,NA,NA,NA,NA,NA,High,High,High,NA,NA,NA,NA,NA,NA,NA,NA,NA,NA,NA,NA,NA,NA,NA,NA,NA,NA,NA,NA,NA,NA,NA,NA,NA,NA,NA,NA,NA,NA,NA,NA,NA,NA
283,2025-10-31,20:55:56,"Barberi, Jackson",815346,Right,FLA_GAT,Undefined,2,2,StrikeCalled,Slider,NA,NA,86.0218,-1.524081,-1.207773,2678.641282,120.778451,10:00:00,5.97486,2.20284,4.86303,-31.56061,7.92544,-11.10662,1.90172,0.13405,78.54812,-7.260791,-3.164504,0.452265,5.11725,4.74772,-2.07396,50,5.79828,3.13849,-124.64425,-4.53087,8.00528,26.36641,-24.74682,667d375d-c575-470e-b535-dbfb2ebcee34,NA,NA,NA,NA,NA,1000242117,"Grunberg, Sam",NA,NA,NA,Right,NA,NA,NA,NA,NA,NA,NA,NA,NA,NA,NA,NA,NA,NA,NA,NA,867c4290-b6bd-11f0-84b6-01d555e46d76,2,5,JUD,8,Bottom,1,Slider,Strikeout,Undefined,Undefined,0,0,NA,JUD,FLA_GAT,121Financial,TeamExclusive,Team,20251031-121Financial-Private-2,83.34145,NA,NA,7.47368,NA,NA,NA,78e623f9-aa27-4d61-8f19-ec9f4998400f,2025-11-01,00:55:56,2025-11-01T00:55:56Z,2025-11-01T00:55:56Z,NA,v3,471326,471297,NA,"Stanford, Cole",1000098001,Right,FLA_GAT,55.63385,-125.83035,13.18321,5.97706,-3.41763,-12.37341,-2.20704,2.77837,4.00264,NA,NA,NA,NA,NA,NA,NA,NA,NA,NA,NA,NA,NA,NA,NA,NA,NA,NA,NA,NA,NA,NA,NA,NA,NA,NA,NA,NA,74.28527,NA,NA,0.884106,NA,NA,NA,-1.01019,6.27968,-4.64299,70.31351,8.59266,-54.65282,-0.93885,86.68369,-6.85344,6.26756,11.40718,-9.93221,-4.72407,-62.81571,7.13273,High,High,High,NA,NA,High,Medium,High,NA,NA,NA,NA,NA,NA,NA,NA,NA,NA,NA,NA,NA,NA,NA,NA,NA,NA,NA,NA,NA,NA,NA,NA,NA,NA,NA,NA,NA
284,2025-10-31,20:56:21,"Barberi, Jackson",815346,Right,FLA_GAT,Undefined,0,0,FoulBallNotFieldable,Fastball,NA,NA,97.16053,-3.718429,-2.511304,2547.662376,203.338845,12:45:00,6.30991,1.74673,5.08283,-8.94843,22.18446,9.0654,2.05094,0.13352,87.31005,-5.487743,-0.911025,0.401589,-5.29666,12.52847,-1.51636,50,5.95104,5.68776,-140.3226,-9.35243,-10.4008,36.24114,-7.57246,5a099913-bf3b-4f4f-81f8-9823869de1d5,NA,NA,NA,NA,NA,1000123232,"Souffrain, Manuel",NA,NA,NA,Left,NA,NA,NA,NA,NA,NA,NA,NA,NA,NA,NA,NA,NA,NA,NA,NA,95b274a0-b6bd-11f0-84b6-01d555e46d76,3,1,JUD,8,Bottom,2,Four-Seam,Undefined,Undefined,Undefined,0,0,NA,JUD,FLA_GAT,121Financial,TeamExclusive,Team,20251031-121Financial-Private-2,93.85834,NA,NA,9.85048,NA,NA,NA,78e623f9-aa27-4d61-8f19-ec9f4998400f,2025-11-01,00:56:21,2025-11-01T00:56:21Z,2025-11-01T00:56:21Z,NA,v3,471326,471297,NA,"Stanford, Cole",1000098001,Right,FLA_GAT,55.41242,-141.71357,18.12057,6.30442,-9.06179,-3.78623,-1.74232,6.08695,-5.2004,NA,NA,NA,NA,NA,NA,NA,NA,NA,NA,NA,NA,NA,NA,NA,NA,NA,NA,NA,NA,NA,NA,NA,NA,NA,NA,NA,NA,NA,NA,NA,NA,NA,NA,NA,NA,NA,NA,NA,NA,NA,NA,NA,NA,NA,NA,NA,NA,NA,NA,High,High,High,NA,NA,NA,NA,NA,NA,NA,NA,NA,NA,NA,NA,NA,NA,NA,NA,NA,NA,NA,NA,NA,NA,NA,NA,NA,NA,NA,NA,NA,NA,NA,NA,NA,NA
285,2025-10-31,20:56:37,"Barberi, Jackson",815346,Right,FLA_GAT,Undefined,0,1,BallCalled,Fastball,NA,NA,96.67348,0.304713,-2.810697,2532.443698,205.123588,12:45:00,6.19423,1.89075,4.83883,-8.3213,23.79986,10.53977,5.78966,0.10562,85.32212,-1.394273,-0.959063,0.407912,-6.09,11.80528,-1.62169,50,6.21842,6.26408,-139.4835,0.59849,-11.64737,39.91008,-9.59599,35437316-d6b2-4539-b6f4-aa240f6fac9d,NA,NA,NA,NA,NA,1000123232,"Souffrain, Manuel",NA,NA,NA,Left,NA,NA,NA,NA,NA,NA,NA,NA,NA,NA,NA,NA,NA,NA,NA,NA,9efb0310-b6bd-11f0-84b6-01d555e46d76,3,2,JUD,8,Bottom,2,Four-Seam,Undefined,Undefined,Undefined,0,0,NA,JUD,FLA_GAT,121Financial,TeamExclusive,Team,20251031-121Financial-Private-2,92.40326,NA,NA,11.35136,NA,NA,NA,78e623f9-aa27-4d61-8f19-ec9f4998400f,2025-11-01,00:56:37,2025-11-01T00:56:37Z,2025-11-01T00:56:37Z,NA,v3,471326,471297,NA,"Stanford, Cole",1000098001,Right,FLA_GAT,55.64958,-141.09074,19.95504,6.18654,0.98494,-4.798,-1.8834,6.73314,-5.82369,NA,NA,NA,NA,NA,NA,NA,NA,NA,NA,NA,NA,NA,NA,NA,NA,NA,NA,NA,NA,NA,NA,NA,NA,NA,NA,NA,NA,NA,NA,NA,NA,NA,NA,NA,NA,NA,NA,NA,NA,NA,NA,NA,NA,NA,NA,NA,NA,NA,NA,High,High,High,NA,NA,NA,NA,NA,NA,NA,NA,NA,NA,NA,NA,NA,NA,NA,NA,NA,NA,NA,NA,NA,NA,NA,NA,NA,NA,NA,NA,NA,NA,NA,NA,NA,NA
286,2025-10-31,20:56:57,"Barberi, Jackson",815346,Right,FLA_GAT,Undefined,1,1,BallCalled,Slider,NA,NA,84.67946,2.275795,-1.482519,2691.24554,73.782242,08:30:00,5.86914,2.15891,4.69151,-42.97187,-1.15575,-9.51134,4.4507,-0.04155,75.60187,-5.533044,-3.150135,0.465418,4.07595,-0.81669,-1.99949,50,6.06228,3.62223,-122.31701,3.12257,6.0277,29.49328,-33.3818,8ced3728-b97e-4b8f-9e2f-ff3a488443e1,NA,NA,NA,NA,NA,1000123232,"Souffrain, Manuel",NA,NA,NA,Left,NA,NA,NA,NA,NA,NA,NA,NA,NA,NA,NA,NA,NA,NA,NA,NA,aac5f6a0-b6bd-11f0-84b6-01d555e46d76,3,3,JUD,8,Bottom,2,Slider,Undefined,Undefined,Undefined,0,0,NA,JUD,FLA_GAT,121Financial,TeamExclusive,Team,20251031-121Financial-Private-2,80.98619,NA,NA,9.0776,NA,NA,NA,78e623f9-aa27-4d61-8f19-ec9f4998400f,2025-11-01,00:56:57,2025-11-01T00:56:57Z,2025-11-01T00:56:57Z,NA,v3,471326,471297,NA,"Stanford, Cole",1000098001,Right,FLA_GAT,55.80161,-123.70799,14.74664,5.87788,4.69695,-16.6909,-2.16362,3.33795,3.01385,NA,NA,NA,NA,NA,NA,NA,NA,NA,NA,NA,NA,NA,NA,NA,NA,NA,NA,NA,NA,NA,NA,NA,NA,NA,NA,NA,NA,NA,NA,NA,NA,NA,NA,NA,NA,NA,NA,NA,NA,NA,NA,NA,NA,NA,NA,NA,NA,NA,NA,High,High,High,NA,NA,NA,NA,NA,NA,NA,NA,NA,NA,NA,NA,NA,NA,NA,NA,NA,NA,NA,NA,NA,NA,NA,NA,NA,NA,NA,NA,NA,NA,NA,NA,NA,NA
287,2025-10-31,20:57:10,"Barberi, Jackson",815346,Right,FLA_GAT,Undefined,2,1,StrikeSwinging,Fastball,NA,NA,94.94078,-3.504219,-2.318165,2454.983087,199.948282,12:45:00,6.18414,1.91825,4.81448,-13.16127,19.80631,6.73347,1.76104,0.28222,85.28447,-6.011758,-1.134873,0.413252,-4.045,11.20741,-1.69396,50,5.82508,5.19792,-137.0577,-8.83461,-7.56989,34.85971,-11.20038,32ffea2a-5022-4ac9-9915-32245d01b043,NA,NA,NA,NA,NA,1000123232,"Souffrain, Manuel",NA,NA,NA,Left,NA,NA,NA,NA,NA,NA,NA,NA,NA,NA,NA,NA,NA,NA,NA,NA,b2bb7830-b6bd-11f0-84b6-01d555e46d76,3,4,JUD,8,Bottom,2,Four-Seam,Undefined,Undefined,Undefined,0,0,NA,JUD,FLA_GAT,121Financial,TeamExclusive,Team,20251031-121Financial-Private-2,91.20936,NA,NA,9.6563,NA,NA,NA,78e623f9-aa27-4d61-8f19-ec9f4998400f,2025-11-01,00:57:10,2025-11-01T00:57:10Z,2025-11-01T00:57:10Z,NA,v3,471326,471297,NA,"Stanford, Cole",1000098001,Right,FLA_GAT,55.67944,-138.4947,17.42986,6.17974,-8.3729,-5.60019,-1.91466,5.50997,-3.78494,NA,NA,NA,NA,NA,NA,NA,NA,NA,NA,NA,NA,NA,NA,NA,NA,NA,NA,NA,NA,NA,NA,NA,NA,NA,NA,NA,NA,NA,NA,NA,NA,NA,NA,NA,NA,NA,NA,NA,NA,NA,NA,NA,NA,NA,NA,NA,NA,NA,NA,High,High,High,NA,NA,NA,NA,NA,NA,NA,NA,NA,NA,NA,NA,NA,NA,NA,NA,NA,NA,NA,NA,NA,NA,NA,NA,NA,NA,NA,NA,NA,NA,NA,NA,NA,NA
288,2025-10-31,20:57:25,"Barberi, Jackson",815346,Right,FLA_GAT,Undefined,2,2,HitByPitch,Slider,NA,NA,85.75325,1.127915,-3.157207,2448.793927,56.097954,07:45:00,5.9724,2.23436,4.66048,-44.54869,-2.83551,-6.98693,3.33326,-1.35015,75.30116,-6.974542,-4.379784,0.464845,2.0641,-1.21823,-1.90529,50,6.04818,7.15533,-123.46432,0.59414,3.04603,34.62556,-33.97177,54476bfe-1695-4cbd-a14a-48f5b683e285,NA,NA,NA,NA,NA,1000123232,"Souffrain, Manuel",NA,NA,NA,Left,NA,NA,NA,NA,NA,NA,NA,NA,NA,NA,NA,NA,NA,NA,NA,NA,bbdb9710-b6bd-11f0-84b6-01d555e46d76,3,5,JUD,8,Bottom,2,Slider,Undefined,Undefined,Undefined,0,0,NA,JUD,FLA_GAT,121Financial,TeamExclusive,Team,20251031-121Financial-Private-2,81.08607,NA,NA,10.45209,NA,NA,NA,78e623f9-aa27-4d61-8f19-ec9f4998400f,2025-11-01,00:57:25,2025-11-01T00:57:25Z,2025-11-01T00:57:25Z,NA,v3,471326,471297,NA,"Stanford, Cole",1000098001,Right,FLA_GAT,55.82851,-125.08824,17.31278,5.98295,2.1874,-16.98589,-2.23752,7.01248,1.52301,NA,NA,NA,NA,NA,NA,NA,NA,NA,NA,NA,NA,NA,NA,NA,NA,NA,NA,NA,NA,NA,NA,NA,NA,NA,NA,NA,NA,NA,NA,NA,NA,NA,NA,NA,NA,NA,NA,NA,NA,NA,NA,NA,NA,NA,NA,NA,NA,NA,NA,High,High,High,NA,NA,NA,NA,NA,NA,NA,NA,NA,NA,NA,NA,NA,NA,NA,NA,NA,NA,NA,NA,NA,NA,NA,NA,NA,NA,NA,NA,NA,NA,NA,NA,NA,NA
289,2025-10-31,20:57:57,"Barberi, Jackson",815346,Right,FLA_GAT,Undefined,0,0,StrikeSwinging,Fastball,NA,NA,95.7125,-2.029253,-2.902495,2504.090162,211.219525,01:00:00,6.11244,2.2565,5.00612,-12.88552,19.39619,10.99426,3.11991,0.43058,85.50471,-4.512101,-0.964884,0.40893,-6.34359,10.57623,-1.98676,50,5.90777,6.43082,-138.24484,-5.30523,-12.03148,36.5532,-12.11475,048f41cb-6f8a-4a6f-ba8c-6dda8fb37684,NA,NA,NA,NA,NA,10124955,"Pomper, Griffin",NA,NA,NA,Left,NA,NA,NA,NA,NA,NA,NA,NA,NA,NA,NA,NA,NA,NA,NA,NA,cef51dd0-b6bd-11f0-84b6-01d555e46d76,4,1,JUD,8,Bottom,2,Four-Seam,Undefined,Undefined,Undefined,0,0,NA,JUD,FLA_GAT,121Financial,TeamExclusive,Team,20251031-121Financial-Private-2,92.17322,NA,NA,10.20779,NA,NA,NA,78e623f9-aa27-4d61-8f19-ec9f4998400f,2025-11-01,00:57:57,2025-11-01T00:57:57Z,2025-11-01T00:57:57Z,NA,v3,471326,471297,NA,"Stanford, Cole",1000098001,Right,FLA_GAT,55.48604,-139.68787,18.2766,6.10777,-4.82697,-6.05738,-2.25001,6.90579,-6.01574,NA,NA,NA,NA,NA,NA,NA,NA,NA,NA,NA,NA,NA,NA,NA,NA,NA,NA,NA,NA,NA,NA,NA,NA,NA,NA,NA,NA,NA,NA,NA,NA,NA,NA,NA,NA,NA,NA,NA,NA,NA,NA,NA,NA,NA,NA,NA,NA,NA,NA,High,High,High,NA,NA,NA,NA,NA,NA,NA,NA,NA,NA,NA,NA,NA,NA,NA,NA,NA,NA,NA,NA,NA,NA,NA,NA,NA,NA,NA,NA,NA,NA,NA,NA,NA,NA
290,2025-10-31,20:58:14,"Barberi, Jackson",815346,Right,FLA_GAT,Undefined,0,1,StrikeSwinging,Fastball,NA,NA,96.58065,-3.0011930000000002,-2.208879,2498.885936,210.877645,01:00:00,6.08785,2.2219,5.06185,-12.79792,18.68147,10.46749,2.18666,1.01027,86.83735,-5.449429,-0.360397,0.403817,-5.8741,10.54623,-2.02055,50,5.79287,4.84415,-139.59983,-7.7406,-11.41683,35.85136,-11.67647,a7ab0ddd-6679-4a85-8525-83d04f79eccc,NA,NA,NA,NA,NA,10124955,"Pomper, Griffin",NA,NA,NA,Left,NA,NA,NA,NA,NA,NA,NA,NA,NA,NA,NA,NA,NA,NA,NA,NA,d8f00c50-b6bd-11f0-84b6-01d555e46d76,4,2,JUD,8,Bottom,2,Four-Seam,Undefined,Undefined,Undefined,0,0,NA,JUD,FLA_GAT,121Financial,TeamExclusive,Team,20251031-121Financial-Private-2,93.34042,NA,NA,9.74331,NA,NA,NA,78e623f9-aa27-4d61-8f19-ec9f4998400f,2025-11-01,00:58:14,2025-11-01T00:58:14Z,2025-11-01T00:58:14Z,NA,v3,471326,471297,NA,"Stanford, Cole",1000098001,Right,FLA_GAT,55.43276,-140.98814,17.92568,6.08387,-7.28844,-5.83824,-2.2167,5.28625,-5.70842,NA,NA,NA,NA,NA,NA,NA,NA,NA,NA,NA,NA,NA,NA,NA,NA,NA,NA,NA,NA,NA,NA,NA,NA,NA,NA,NA,NA,NA,NA,NA,NA,NA,NA,NA,NA,NA,NA,NA,NA,NA,NA,NA,NA,NA,NA,NA,NA,NA,NA,High,High,High,NA,NA,NA,NA,NA,NA,NA,NA,NA,NA,NA,NA,NA,NA,NA,NA,NA,NA,NA,NA,NA,NA,NA,NA,NA,NA,NA,NA,NA,NA,NA,NA,NA,NA
291,2025-10-31,20:58:33,"Barberi, Jackson",815346,Right,FLA_GAT,Undefined,0,2,StrikeSwinging,Slider,NA,NA,85.50615,-1.59421,-2.156692,2675.760222,57.447808,08:00:00,5.96151,2.32625,4.83453,-43.38825,-3.40606,-7.34319,0.83477,-0.32888,78.5564,-9.370262,-3.450926,0.455098,3.00886,-0.87114,-2.10598,50,5.76609,4.99647,-123.9004,-5.18781,4.65434,25.88529,-33.52159,ec442c8e-3b75-4022-abc0-496d91783682,NA,NA,NA,NA,NA,10124955,"Pomper, Griffin",NA,NA,NA,Left,NA,NA,NA,NA,NA,NA,NA,NA,NA,NA,NA,NA,NA,NA,NA,NA,e45ade80-b6bd-11f0-84b6-01d555e46d76,4,3,JUD,8,Bottom,2,Slider,Strikeout,Undefined,Undefined,1,0,NA,JUD,FLA_GAT,121Financial,TeamExclusive,Team,20251031-121Financial-Private-2,82.82274,NA,NA,6.94975,NA,NA,NA,78e623f9-aa27-4d61-8f19-ec9f4998400f,2025-11-01,00:58:33,2025-11-01T00:58:33Z,2025-11-01T00:58:33Z,NA,v3,471326,471297,NA,"Stanford, Cole",1000098001,Right,FLA_GAT,55.66496,-125.07832,12.94264,5.96746,-3.6624,-16.76079,-2.32853,4.78467,2.32717,NA,NA,NA,NA,NA,NA,NA,NA,NA,NA,NA,NA,NA,NA,NA,NA,NA,NA,NA,NA,NA,NA,NA,NA,NA,NA,NA,NA,NA,NA,NA,NA,NA,NA,NA,NA,NA,NA,NA,NA,NA,NA,NA,NA,NA,NA,NA,NA,NA,NA,High,High,High,NA,NA,NA,NA,NA,NA,NA,NA,NA,NA,NA,NA,NA,NA,NA,NA,NA,NA,NA,NA,NA,NA,NA,NA,NA,NA,NA,NA,NA,NA,NA,NA,NA,NA
292,2025-10-31,21:00:53,"Powers, Kyle",1000376525,Left,JUD,Undefined,0,0,StrikeCalled,Fastball,NA,NA,88.03051,-2.252721,1.293011,2216.94385,169.946746,11:45:00,5.91864,-1.34697,6.70437,-16.59761,18.5358,-3.07811,2.47427,-0.42109,80.17722,-5.464396,0.732045,0.426611,1.99536,10.78363,1.26217,50,5.76199,-2.76896,-127.8596,-5.4143,3.28456,27.74768,-14.42315,28e34406-8109-4549-8910-fea241b7fea6,NA,NA,NA,NA,NA,703630,"Nadeau, Justin",NA,NA,NA,Left,NA,NA,NA,NA,NA,NA,NA,NA,NA,NA,NA,NA,NA,NA,NA,NA,377a0370-b6be-11f0-84b6-01d555e46d76,1,1,FLA_GAT,9,Top,0,Four-Seam,Undefined,Undefined,Undefined,0,0,NA,JUD,FLA_GAT,121Financial,TeamExclusive,Team,20251031-121Financial-Private-2,88.35327,NA,NA,7.85329,NA,NA,NA,78e623f9-aa27-4d61-8f19-ec9f4998400f,2025-11-01,01:00:53,2025-11-01T01:00:53Z,2025-11-01T01:00:53Z,NA,v3,471326,471297,NA,"Pomper, Griffin",10124955,Right,JUD,53.79161,-128.67981,13.87384,5.91573,-4.98796,-7.21158,1.34545,-2.86605,1.64228,NA,NA,NA,NA,NA,NA,NA,NA,NA,NA,NA,NA,NA,NA,NA,NA,NA,NA,NA,NA,NA,NA,NA,NA,NA,NA,NA,NA,NA,NA,NA,NA,NA,NA,NA,NA,NA,NA,NA,NA,NA,NA,NA,NA,NA,NA,NA,NA,NA,NA,High,High,High,NA,NA,NA,NA,NA,NA,NA,NA,NA,NA,NA,NA,NA,NA,NA,NA,NA,NA,NA,NA,NA,NA,NA,NA,NA,NA,NA,NA,NA,NA,NA,NA,NA,NA
293,2025-10-31,21:01:08,"Powers, Kyle",1000376525,Left,JUD,Undefined,0,1,BallCalled,ChangeUp,NA,NA,81.31399,2.250038,0.954043,2280.626059,233.723603,01:45:00,5.90251,-1.78666,6.05783,-38.07821,4.11465,3.74902,4.81327,-0.59112,73.99,-4.838127,1.628558,0.46751,-1.63433,1.91701,1.7107,50,6.05732,-2.11092,-118.00962,3.44431,-2.29392,23.44034,-29.48342,e0694ce4-9990-484d-8c6f-d4309fee8a46,NA,NA,NA,NA,NA,703630,"Nadeau, Justin",NA,NA,NA,Left,NA,NA,NA,NA,NA,NA,NA,NA,NA,NA,NA,NA,NA,NA,NA,NA,408dc640-b6be-11f0-84b6-01d555e46d76,1,2,FLA_GAT,9,Top,0,Slider,Undefined,Undefined,Undefined,0,0,NA,JUD,FLA_GAT,121Financial,TeamExclusive,Team,20251031-121Financial-Private-2,80.62383,NA,NA,7.32399,NA,NA,NA,78e623f9-aa27-4d61-8f19-ec9f4998400f,2025-11-01,01:01:08,2025-11-01T01:01:08Z,2025-11-01T01:01:08Z,NA,v3,471326,471297,NA,"Pomper, Griffin",10124955,Right,JUD,54.43831,-118.88793,11.72017,5.90756,4.54906,-14.74171,1.78819,-2.02496,-1.14696,NA,NA,NA,NA,NA,NA,NA,NA,NA,NA,NA,NA,NA,NA,NA,NA,NA,NA,NA,NA,NA,NA,NA,NA,NA,NA,NA,NA,NA,NA,NA,NA,NA,NA,NA,NA,NA,NA,NA,NA,NA,NA,NA,NA,NA,NA,NA,NA,NA,NA,High,High,High,NA,NA,NA,NA,NA,NA,NA,NA,NA,NA,NA,NA,NA,NA,NA,NA,NA,NA,NA,NA,NA,NA,NA,NA,NA,NA,NA,NA,NA,NA,NA,NA,NA,NA
294,2025-10-31,21:01:24,"Powers, Kyle",1000376525,Left,JUD,Undefined,1,1,BallCalled,Slider,NA,NA,81.95271,-1.370315,2.220424,2253.996058,243.881659,02:15:00,5.91957,-1.57721,6.33066,-37.15707,3.66173,4.96701,1.56015,0.88233,75.69141,-8.248275,3.11965,0.459835,-1.97843,2.68362,1.41313,50,5.80226,-4.79809,-119.08094,-3.97025,-2.84696,22.4023,-28.31227,0ca1792c-3453-4dd0-b293-d390b4988ce6,NA,NA,NA,NA,NA,703630,"Nadeau, Justin",NA,NA,NA,Left,NA,NA,NA,NA,NA,NA,NA,NA,NA,NA,NA,NA,NA,NA,NA,NA,4a75f010-b6be-11f0-84b6-01d555e46d76,1,3,FLA_GAT,9,Top,0,Slider,Undefined,Undefined,Undefined,0,0,NA,JUD,FLA_GAT,121Financial,TeamExclusive,Team,20251031-121Financial-Private-2,81.96955,NA,NA,6.2613,NA,NA,NA,78e623f9-aa27-4d61-8f19-ec9f4998400f,2025-11-01,01:01:24,2025-11-01T01:01:24Z,2025-11-01T01:01:24Z,NA,v3,471326,471297,NA,"Pomper, Griffin",10124955,Right,JUD,54.16776,-119.86244,11.20115,5.92354,-2.98258,-14.15614,1.57878,-4.69878,-1.42348,NA,NA,NA,NA,NA,NA,NA,NA,NA,NA,NA,NA,NA,NA,NA,NA,NA,NA,NA,NA,NA,NA,NA,NA,NA,NA,NA,NA,NA,NA,NA,NA,NA,NA,NA,NA,NA,NA,NA,NA,NA,NA,NA,NA,NA,NA,NA,NA,NA,NA,High,High,High,NA,NA,NA,NA,NA,NA,NA,NA,NA,NA,NA,NA,NA,NA,NA,NA,NA,NA,NA,NA,NA,NA,NA,NA,NA,NA,NA,NA,NA,NA,NA,NA,NA,NA
295,2025-10-31,21:01:40,"Powers, Kyle",1000376525,Left,JUD,Undefined,2,1,FoulBallNotFieldable,Fastball,NA,NA,87.5274,-1.723905,2.522873,2253.925433,169.9124,11:45:00,6.01861,-1.47394,6.75402,-18.71076,16.908,-2.79067,2.88272,0.59945,79.45053,-5.333455,2.014458,0.429547,2.25382,9.84241,1.30957,50,5.8981,-5.49675,-127.07377,-4.28069,3.64854,28.46483,-16.24104,98c277fd-fedf-4362-b96a-62f622739486,NA,NA,NA,NA,-135.797629,703630,"Nadeau, Justin",3906.357513,NA,76.27344,Left,29.941818,-91.38038,29.65131,-61.23388,167.00309,52.76976,2.40599,-151.165315,1.25938,2.53771,-0.47328,NA,NA,NA,NA,NA,53fb3960-b6be-11f0-84b6-01d555e46d76,1,4,FLA_GAT,9,Top,0,Four-Seam,Undefined,Undefined,Undefined,0,0,NA,JUD,FLA_GAT,121Financial,TeamExclusive,Team,20251031-121Financial-Private-2,87.74926,31.53929,NA,8.07687,NA,NA,NA,78e623f9-aa27-4d61-8f19-ec9f4998400f,2025-11-01,01:01:40,2025-11-01T01:01:40Z,2025-11-01T01:01:40Z,FlyBall,v3,471326,471297,NA,"Pomper, Griffin",10124955,Right,JUD,53.74306,-127.90947,14.23242,6.01678,-3.80387,-8.12052,1.47252,-5.60387,1.82427,NA,1.25938,-69.49279,0.81845,2.62168,-1.22377,0.39071,-0.08885,0.0127,-7.1e-4,2.53771,55.83542,-30.70741,4.27071,-0.73715,0.09119,-0.00618,-1.1e-4,0,-0.47329,-67.58319,25.36552,-7.81621,2.07274,-0.45303,0.07556,-0.00657,3e-5,NA,NA,NA,NA,NA,NA,NA,NA,NA,NA,NA,NA,NA,NA,NA,NA,NA,NA,NA,NA,NA,NA,High,High,High,Medium,Low,NA,NA,NA,NA,NA,NA,NA,NA,NA,NA,NA,NA,NA,NA,NA,NA,NA,NA,NA,NA,NA,NA,NA,NA,NA,NA,NA,NA,NA,NA,NA,NA
296,2025-10-31,21:02:05,"Powers, Kyle",1000376525,Left,JUD,Undefined,2,2,StrikeSwinging,ChangeUp,NA,NA,83.97443,0.463641,1.234675,2254.63509,226.61704,01:30:00,5.78762,-1.67743,6.16358,-33.40927,5.62575,4.71961,3.4319,-0.14345,77.20996,-5.749386,2.086079,0.449675,-2.09748,3.17331,1.58158,50,5.80586,-2.81415,-122.07419,-0.06257,-3.17653,23.21834,-27.36823,99162aac-6a45-4234-8537-9e1c48d4395a,NA,NA,NA,NA,NA,703630,"Nadeau, Justin",NA,NA,NA,Left,NA,NA,NA,NA,NA,NA,NA,NA,NA,NA,NA,NA,NA,NA,NA,NA,626eb7b0-b6be-11f0-84b6-01d555e46d76,1,5,FLA_GAT,9,Top,0,Slider,Strikeout,Undefined,Undefined,0,0,NA,JUD,FLA_GAT,121Financial,TeamExclusive,Team,20251031-121Financial-Private-2,83.82156,NA,NA,6.76447,NA,NA,NA,78e623f9-aa27-4d61-8f19-ec9f4998400f,2025-11-01,01:02:05,2025-11-01T01:02:05Z,2025-11-01T01:02:05Z,NA,v3,471326,471297,NA,"Pomper, Griffin",10124955,Right,JUD,54.334,-122.89575,11.60917,5.79095,0.90583,-13.68412,1.67917,-2.70175,-1.58826,NA,NA,NA,NA,NA,NA,NA,NA,NA,NA,NA,NA,NA,NA,NA,NA,NA,NA,NA,NA,NA,NA,NA,NA,NA,NA,NA,NA,NA,NA,NA,NA,NA,NA,NA,NA,NA,NA,NA,NA,NA,NA,NA,NA,NA,NA,NA,NA,NA,NA,High,High,High,NA,NA,NA,NA,NA,NA,NA,NA,NA,NA,NA,NA,NA,NA,NA,NA,NA,NA,NA,NA,NA,NA,NA,NA,NA,NA,NA,NA,NA,NA,NA,NA,NA,NA
297,2025-10-31,21:02:34,"Powers, Kyle",1000376525,Left,JUD,Undefined,0,0,FoulBallNotFieldable,Fastball,NA,NA,87.9809,-0.867806,1.449587,2213.685896,182.198333,12:00:00,5.88752,-1.37135,6.6401,-20.918,14.16757,0.50126,3.34963,-0.00233,80.42092,-4.857933,1.540807,0.42632,0.14717,8.05154,1.27334,50,5.82021,-3.25567,-127.91586,-2.49648,0.24331,26.88623,-18.86079,99c72f0b-4144-476f-b843-93ab4c25bdb5,NA,NA,NA,NA,-90.083814,806235,"Stripling, Landon",4745.30996,NA,83.8105,Left,58.696668,NA,NA,NA,NA,41.65654,NA,NA,1.02622,2.95965,0.23305,NA,NA,NA,NA,NA,73c11300-b6be-11f0-84b6-01d555e46d76,2,1,FLA_GAT,9,Top,1,Four-Seam,Undefined,Undefined,Undefined,0,0,NA,JUD,FLA_GAT,121Financial,TeamExclusive,Team,20251031-121Financial-Private-2,88.41347,68.43158,NA,7.55998,NA,NA,NA,78e623f9-aa27-4d61-8f19-ec9f4998400f,2025-11-01,01:02:34,2025-11-01T01:02:34Z,2025-11-01T01:02:34Z,NA,v3,471326,471297,NA,"Pomper, Griffin",10124955,Right,JUD,53.8576,-128.72413,13.44312,5.88674,-1.92948,-9.43039,1.37132,-3.26299,0.12166,31.331934,1.02623,-0.09444,-9.84192,3.01108,1.31389,-4.78717,6.52604,-4.78114,1.49007,2.95965,105.02828,-26.96059,3.22852,-1.28522,1.75409,-2.18019,1.55344,-0.47414,0.23305,-63.86571,14.19354,-3.4002,-0.46949,2.67416,-3.71351,2.74084,-0.85978,NA,NA,NA,NA,NA,NA,NA,NA,NA,NA,NA,NA,NA,NA,NA,NA,NA,NA,NA,NA,NA,NA,High,High,High,Medium,Undefined,NA,NA,NA,NA,NA,NA,NA,NA,NA,NA,NA,NA,NA,NA,NA,NA,NA,NA,NA,NA,NA,NA,NA,NA,NA,NA,NA,NA,NA,NA,NA,NA
298,2025-10-31,21:02:52,"Powers, Kyle",1000376525,Left,JUD,Undefined,0,1,BallCalled,Fastball,NA,NA,90.10328,-3.076621,3.369855,2251.082834,162.00071,11:30:00,5.97685,-1.39906,7.04574,-14.43331,18.85371,-5.75555,1.97195,1.1858,81.89672,-5.902333,2.316641,0.415249,4.05957,11.31367,1.19658,50,5.78495,-7.47757,-130.64239,-7.31863,6.96282,29.46997,-12.76929,8ba89be9-3f57-4fe7-9d6b-7abe92d4ccc4,NA,NA,NA,NA,NA,806235,"Stripling, Landon",NA,NA,NA,Left,NA,NA,NA,NA,NA,NA,NA,NA,NA,NA,NA,NA,NA,NA,NA,NA,7ea2df10-b6be-11f0-84b6-01d555e46d76,2,2,FLA_GAT,9,Top,1,Four-Seam,Undefined,Undefined,Undefined,0,0,NA,JUD,FLA_GAT,121Financial,TeamExclusive,Team,20251031-121Financial-Private-2,90.77064,NA,NA,8.20655,NA,NA,NA,78e623f9-aa27-4d61-8f19-ec9f4998400f,2025-11-01,01:02:52,2025-11-01T01:02:52Z,2025-11-01T01:02:52Z,NA,v3,471326,471297,NA,"Pomper, Griffin",10124955,Right,JUD,53.44985,-131.41829,14.73498,5.97322,-6.98243,-6.38465,1.39587,-7.6609,3.48141,NA,NA,NA,NA,NA,NA,NA,NA,NA,NA,NA,NA,NA,NA,NA,NA,NA,NA,NA,NA,NA,NA,NA,NA,NA,NA,NA,NA,NA,NA,NA,NA,NA,NA,NA,NA,NA,NA,NA,NA,NA,NA,NA,NA,NA,NA,NA,NA,NA,NA,High,High,High,NA,NA,NA,NA,NA,NA,NA,NA,NA,NA,NA,NA,NA,NA,NA,NA,NA,NA,NA,NA,NA,NA,NA,NA,NA,NA,NA,NA,NA,NA,NA,NA,NA,NA
299,2025-10-31,21:03:08,"Powers, Kyle",1000376525,Left,JUD,Undefined,1,1,BallCalled,ChangeUp,NA,NA,83.76003,1.22241,0.80654,2294.392383,206.889308,01:00:00,5.87782,-1.68775,6.17588,-33.06966,6.41343,2.61272,4.25122,-0.72512,76.38181,-4.957979,1.277944,0.452248,-1.10713,3.38323,1.62558,50,5.95374,-1.81564,-121.66136,1.56726,-1.65418,24.56736,-27.11913,1670c36f-22c9-43f4-a80f-27b0dc18c2e3,NA,NA,NA,NA,NA,806235,"Stripling, Landon",NA,NA,NA,Left,NA,NA,NA,NA,NA,NA,NA,NA,NA,NA,NA,NA,NA,NA,NA,NA,8820fc70-b6be-11f0-84b6-01d555e46d76,2,3,FLA_GAT,9,Top,1,Slider,Undefined,Undefined,Undefined,0,0,NA,JUD,FLA_GAT,121Financial,TeamExclusive,Team,20251031-121Financial-Private-2,83.34456,NA,NA,7.37822,NA,NA,NA,78e623f9-aa27-4d61-8f19-ec9f4998400f,2025-11-01,01:03:08,2025-11-01T01:03:08Z,2025-11-01T01:03:08Z,NA,v3,471326,471297,NA,"Pomper, Griffin",10124955,Right,JUD,54.32001,-122.5306,12.28368,5.88131,2.52679,-13.55957,1.68879,-1.75711,-0.82709,NA,NA,NA,NA,NA,NA,NA,NA,NA,NA,NA,NA,NA,NA,NA,NA,NA,NA,NA,NA,NA,NA,NA,NA,NA,NA,NA,NA,NA,NA,NA,NA,NA,NA,NA,NA,NA,NA,NA,NA,NA,NA,NA,NA,NA,NA,NA,NA,NA,NA,High,High,High,NA,NA,NA,NA,NA,NA,NA,NA,NA,NA,NA,NA,NA,NA,NA,NA,NA,NA,NA,NA,NA,NA,NA,NA,NA,NA,NA,NA,NA,NA,NA,NA,NA,NA
300,2025-10-31,21:03:26,"Powers, Kyle",1000376525,Left,JUD,Undefined,2,1,FoulBallNotFieldable,Fastball,NA,NA,87.5745,-1.352432,0.386919,2237.23331,161.423615,11:30:00,6.03508,-1.2083,6.75338,-17.61973,17.99001,-5.62674,3.33115,-1.32376,79.23019,-4.775484,-0.639804,0.429493,3.1163,10.33052,1.18494,50,5.93946,-0.65465,-127.26248,-3.417,5.04135,29.42546,-15.46214,782043a4-5678-4c77-b276-15f813e9daf0,NA,NA,NA,NA,149.761889,806235,"Stripling, Landon",3193.301995,NA,81.95104,Left,59.422064,NA,NA,NA,NA,42.33828,NA,NA,2.90698,3.36588,1.26151,NA,NA,NA,NA,NA,92a69ec0-b6be-11f0-84b6-01d555e46d76,2,4,FLA_GAT,9,Top,1,Four-Seam,Undefined,Undefined,Undefined,0,0,NA,JUD,FLA_GAT,121Financial,TeamExclusive,Team,20251031-121Financial-Private-2,87.76039,65.7102,NA,8.34431,NA,NA,NA,78e623f9-aa27-4d61-8f19-ec9f4998400f,2025-11-01,01:03:26,2025-11-01T01:03:26Z,2025-11-01T01:03:26Z,NA,v3,471326,471297,NA,"Pomper, Griffin",10124955,Right,JUD,53.74405,-128.12525,14.71273,6.033,-2.96365,-7.73107,1.2063,-0.80247,2.52067,331.429227,2.90698,-52.82458,-0.11781,0.75716,-0.99704,2.44608,-4.02789,3.44842,-1.16787,3.36588,103.48028,-30.41878,4.24781,-1.17562,0.98211,-1.36052,1.12686,-0.37426,1.26151,30.7924,-7.8685600000000004,2.52016,-1.64139,3.42711,-5.56234,4.74773,-1.60437,NA,NA,NA,NA,NA,NA,NA,NA,NA,NA,NA,NA,NA,NA,NA,NA,NA,NA,NA,NA,NA,NA,High,High,High,High,Undefined,NA,NA,NA,NA,NA,NA,NA,NA,NA,NA,NA,NA,NA,NA,NA,NA,NA,NA,NA,NA,NA,NA,NA,NA,NA,NA,NA,NA,NA,NA,NA,NA
301,2025-10-31,21:03:48,"Powers, Kyle",1000376525,Left,JUD,Undefined,2,2,InPlay,Slider,NA,NA,81.87565,0.386074,0.91464,2295.610279,263.575167,02:45:00,5.82985,-1.53752,5.76155,-40.06112,1.99177,5.52355,2.85082,-0.22585,74.78213,-6.996133,1.904382,0.466734,-2.56158,1.27161,1.4583,50,5.83739,-2.11279,-118.89778,-0.52214,-3.64384,24.13299,-30.36515,67ed699d-62b7-4fe0-b421-891bbaf12a4c,NA,NA,NA,NA,-0.686624,806235,"Stripling, Landon",2338.588931,NA,98.66864,Left,17.157668,109.90411,30.03168,-4.58818,308.68402,300.31151,3.293783,-6.309818,1.7042,2.88999,0.26221,NA,NA,NA,NA,NA,a0434510-b6be-11f0-84b6-01d555e46d76,2,5,FLA_GAT,9,Top,1,Slider,Undefined,LineDrive,Out,1,0,NA,JUD,FLA_GAT,121Financial,TeamExclusive,Team,20251031-121Financial-Private-2,80.75789,35.99224,NA,7.09351,NA,NA,NA,78e623f9-aa27-4d61-8f19-ec9f4998400f,2025-11-01,01:03:48,2025-11-01T01:03:48Z,2025-11-01T01:03:48Z,LineDrive,v3,471326,471297,NA,"Pomper, Griffin",10124955,Right,JUD,54.73732,-119.85547,12.0665,5.8342,0.68287,-15.18258,1.53927,-1.96819,-1.82192,150.188803,1.70426,138.26214,-24.88067,5.81381,-1.32647,0.31655,-0.06811,0.00974,-6.3e-4,2.88992,42.69006,-14.32992,0.24137,0.27317,-0.22177,0.08266,-0.0152,0.00112,0.26224,-1.6572,-5.10039,1.36672,-0.37803,0.1182,-0.03139,0.0051,-3.5e-4,NA,NA,NA,NA,NA,NA,NA,NA,NA,NA,NA,NA,NA,NA,NA,NA,NA,NA,NA,NA,NA,NA,High,High,High,High,High,NA,NA,NA,NA,NA,NA,NA,NA,NA,NA,NA,NA,NA,NA,NA,NA,NA,NA,NA,NA,NA,NA,NA,NA,NA,NA,NA,NA,NA,NA,NA,NA
302,2025-10-31,21:04:22,"Powers, Kyle",1000376525,Left,JUD,Undefined,0,0,StrikeCalled,Fastball,NA,NA,90.53611,-2.903076,1.642121,2177.234148,174.204644,11:45:00,5.93648,-1.33079,6.75683,-15.86985,17.41454,-1.6515,1.95904,0.03187,82.26793,-5.975181,1.340909,0.415233,1.36406,10.41134,1.22381,50,5.73968,-3.70215,-131.38754,-7.03651,2.36397,30.0671,-14.13089,fe6a2f38-d08c-45f5-9e76-6e6056204a06,NA,NA,NA,NA,NA,10106329,"Schwarz, Colton",NA,NA,NA,Right,NA,NA,NA,NA,NA,NA,NA,NA,NA,NA,NA,NA,NA,NA,NA,NA,b41127b0-b6be-11f0-84b6-01d555e46d76,3,1,FLA_GAT,9,Top,2,Four-Seam,Undefined,Undefined,Undefined,0,0,NA,JUD,FLA_GAT,121Financial,TeamExclusive,Team,20251031-121Financial-Private-2,90.77423,NA,NA,8.26818,NA,NA,NA,78e623f9-aa27-4d61-8f19-ec9f4998400f,2025-11-01,01:04:22,2025-11-01T01:04:22Z,2025-11-01T01:04:22Z,NA,v3,471326,471297,NA,"Pomper, Griffin",10124955,Right,JUD,53.73864,-132.24033,15.03355,5.93357,-6.63572,-7.06544,1.32977,-3.7692,1.18198,NA,NA,NA,NA,NA,NA,NA,NA,NA,NA,NA,NA,NA,NA,NA,NA,NA,NA,NA,NA,NA,NA,NA,NA,NA,NA,NA,NA,NA,NA,NA,NA,NA,NA,NA,NA,NA,NA,NA,NA,NA,NA,NA,NA,NA,NA,NA,NA,NA,NA,High,High,High,NA,NA,NA,NA,NA,NA,NA,NA,NA,NA,NA,NA,NA,NA,NA,NA,NA,NA,NA,NA,NA,NA,NA,NA,NA,NA,NA,NA,NA,NA,NA,NA,NA,NA
303,2025-10-31,21:04:38,"Powers, Kyle",1000376525,Left,JUD,Undefined,0,1,BallCalled,ChangeUp,NA,NA,82.12328,-0.57857,1.511757,1438.69919,107.069182,09:30:00,5.44182,-2.20732,6.92822,-34.2038,6.28591,-15.62615,2.06458,-2.1329,74.10026,-7.073114,-1.351659,0.457977,8.73646,4.02071,2.11676,50,5.39449,-2.59709,-119.29045,-2.10736,12.33588,27.24729,-26.49678,f86049b6-0ed2-4902-9ea3-1ad77f66cbf8,NA,NA,NA,NA,NA,10106329,"Schwarz, Colton",NA,NA,NA,Right,NA,NA,NA,NA,NA,NA,NA,NA,NA,NA,NA,NA,NA,NA,NA,NA,bda4eff0-b6be-11f0-84b6-01d555e46d76,3,2,FLA_GAT,9,Top,2,Changeup,Undefined,Undefined,Undefined,0,0,NA,JUD,FLA_GAT,121Financial,TeamExclusive,Team,20251031-121Financial-Private-2,82.30203,NA,NA,8.02302,NA,NA,NA,78e623f9-aa27-4d61-8f19-ec9f4998400f,2025-11-01,01:04:38,2025-11-01T01:04:38Z,2025-11-01T01:04:38Z,NA,v3,471326,471297,NA,"Pomper, Griffin",10124955,Right,JUD,53.5671,-120.10245,13.62365,5.44553,-1.31772,-13.24839,2.19963,-2.96471,6.16794,NA,NA,NA,NA,NA,NA,NA,NA,NA,NA,NA,NA,NA,NA,NA,NA,NA,NA,NA,NA,NA,NA,NA,NA,NA,NA,NA,NA,NA,NA,NA,NA,NA,NA,NA,NA,NA,NA,NA,NA,NA,NA,NA,NA,NA,NA,NA,NA,NA,NA,High,High,High,NA,NA,NA,NA,NA,NA,NA,NA,NA,NA,NA,NA,NA,NA,NA,NA,NA,NA,NA,NA,NA,NA,NA,NA,NA,NA,NA,NA,NA,NA,NA,NA,NA,NA
304,2025-10-31,21:04:53,"Powers, Kyle",1000376525,Left,JUD,Undefined,1,1,FoulBallNotFieldable,Fastball,NA,NA,88.63356,-1.825124,1.775812,2142.704793,158.511428,11:15:00,5.92869,-1.47578,6.87997,-19.92088,14.4815,-5.25402,2.60415,-0.29493,80.79617,-5.648749,0.815121,0.422149,3.27441,8.55922,1.36468,50,5.80556,-3.79193,-128.767,-4.59946,5.47082,27.95834,-17.87339,cb0c4c03-a11c-4322-89dd-ee6bf1804630,NA,NA,NA,NA,161.092251,10106329,"Schwarz, Colton",2754.515869,NA,70.95124,Right,28.99953,-105.60908,26.63735,30.76852,175.02532,52.95266,2.313855,166.301231,1.20796,2.50692,0.285,NA,NA,NA,NA,NA,c6b111a0-b6be-11f0-84b6-01d555e46d76,3,3,FLA_GAT,9,Top,2,Four-Seam,Undefined,Undefined,Undefined,0,0,NA,JUD,FLA_GAT,121Financial,TeamExclusive,Team,20251031-121Financial-Private-2,89.28708,28.0949,NA,7.83739,NA,NA,NA,78e623f9-aa27-4d61-8f19-ec9f4998400f,2025-11-01,01:04:53,2025-11-01T01:04:53Z,2025-11-01T01:04:53Z,FlyBall,v3,471326,471297,NA,"Pomper, Griffin",10124955,Right,JUD,53.615,-129.54953,13.97917,5.92729,-4.0992,-8.9367,1.47295,-3.94505,2.73541,338.435554,1.20806,-86.11153,4.62473,0.09292,0.57187,-0.70759,0.4283,-0.12703,0.01458,2.50698,50.44474,-27.82351,3.30455,-0.44738,-0.01755,0.01948,0.0023,-0.00124,0.28492,29.49853,-5.22296,0.32004,-0.51468,0.56886,-0.34552,0.10389,-0.012070000000000001,NA,NA,NA,NA,NA,NA,NA,NA,NA,NA,NA,NA,NA,NA,NA,NA,NA,NA,NA,NA,NA,NA,High,High,High,High,Low,NA,NA,NA,NA,NA,NA,NA,NA,NA,NA,NA,NA,NA,NA,NA,NA,NA,NA,NA,NA,NA,NA,NA,NA,NA,NA,NA,NA,NA,NA,NA,NA
305,2025-10-31,21:05:14,"Powers, Kyle",1000376525,Left,JUD,Undefined,1,2,BallCalled,ChangeUp,NA,NA,81.09766,-1.398697,2.559724,1426.072096,99.326744,09:15:00,5.33953,-2.44332,7.11193,-37.05789,3.8861,-15.11607,0.98099,-1.37931,73.94138,-8.401266,-0.220118,0.460539,8.85048,2.98402,2.29484,50,5.24581,-4.76958,-117.84313,-3.82654,12.30035,24.83253,-28.02684,6a895717-b11f-4164-a022-003bac515c98,NA,NA,NA,NA,NA,10106329,"Schwarz, Colton",NA,NA,NA,Right,NA,NA,NA,NA,NA,NA,NA,NA,NA,NA,NA,NA,NA,NA,NA,NA,d34855e0-b6be-11f0-84b6-01d555e46d76,3,4,FLA_GAT,9,Top,2,Changeup,Undefined,Undefined,Undefined,0,0,NA,JUD,FLA_GAT,121Financial,TeamExclusive,Team,20251031-121Financial-Private-2,81.84417,NA,NA,7.15628,NA,NA,NA,78e623f9-aa27-4d61-8f19-ec9f4998400f,2025-11-01,01:05:14,2025-11-01T01:05:14Z,2025-11-01T01:05:14Z,NA,v3,471326,471297,NA,"Pomper, Griffin",10124955,Right,JUD,53.38565,-118.55443,12.41626,5.34392,-3.02374,-14.01342,2.4365,-5.12191,6.15018,NA,NA,NA,NA,NA,NA,NA,NA,NA,NA,NA,NA,NA,NA,NA,NA,NA,NA,NA,NA,NA,NA,NA,NA,NA,NA,NA,NA,NA,NA,NA,NA,NA,NA,NA,NA,NA,NA,NA,NA,NA,NA,NA,NA,NA,NA,NA,NA,NA,NA,High,High,High,NA,NA,NA,NA,NA,NA,NA,NA,NA,NA,NA,NA,NA,NA,NA,NA,NA,NA,NA,NA,NA,NA,NA,NA,NA,NA,NA,NA,NA,NA,NA,NA,NA,NA
306,2025-10-31,21:05:33,"Powers, Kyle",1000376525,Left,JUD,Undefined,2,2,BallCalled,ChangeUp,NA,NA,82.20526,-0.003542,1.393455,1425.424467,141.990077,10:45:00,5.45483,-2.46343,6.95225,-27.83958,12.05379,-8.38756,3.13164,-1.89415,74.81655,-5.322545,-0.142637,0.454592,4.84906,6.83134,2.3791,50,5.44502,-2.61817,-119.52245,-0.69087,6.96395,24.5869,-22.36326,17aeb344-0dfa-49e4-a269-41a81d49ff0f,NA,NA,NA,NA,NA,10106329,"Schwarz, Colton",NA,NA,NA,Right,NA,NA,NA,NA,NA,NA,NA,NA,NA,NA,NA,NA,NA,NA,NA,NA,de7e5c70-b6be-11f0-84b6-01d555e46d76,3,5,FLA_GAT,9,Top,2,Changeup,Undefined,Undefined,Undefined,0,0,NA,JUD,FLA_GAT,121Financial,TeamExclusive,Team,20251031-121Financial-Private-2,82.91489,NA,NA,7.38871,NA,NA,NA,78e623f9-aa27-4d61-8f19-ec9f4998400f,2025-11-01,01:05:33,2025-11-01T01:05:33Z,2025-11-01T01:05:33Z,NA,v3,471326,471297,NA,"Pomper, Griffin",10124955,Right,JUD,53.54358,-120.24919,12.29345,5.45567,-0.02986,-11.18163,2.45953,-2.82401,3.48198,NA,NA,NA,NA,NA,NA,NA,NA,NA,NA,NA,NA,NA,NA,NA,NA,NA,NA,NA,NA,NA,NA,NA,NA,NA,NA,NA,NA,NA,NA,NA,NA,NA,NA,NA,NA,NA,NA,NA,NA,NA,NA,NA,NA,NA,NA,NA,NA,NA,NA,High,High,High,NA,NA,NA,NA,NA,NA,NA,NA,NA,NA,NA,NA,NA,NA,NA,NA,NA,NA,NA,NA,NA,NA,NA,NA,NA,NA,NA,NA,NA,NA,NA,NA,NA,NA
307,2025-10-31,21:05:52,"Powers, Kyle",1000376525,Left,JUD,Undefined,3,2,FoulBallNotFieldable,Fastball,NA,NA,90.17488,-2.069823,1.710488,2244.32437,162.680978,11:30:00,5.94071,-1.3095,6.74342,-18.34544,15.08824,-4.35866,2.51924,-0.10954,82.14795,-5.592058,0.915626,0.416163,2.82244,8.93725,1.19867,50,5.79734,-3.74933,-131.01046,-5.20904,4.87357,29.35545,-16.74186,1bfc572e-1496-4880-bf5e-a325a9a3c578,NA,NA,NA,NA,134.111804,10106329,"Schwarz, Colton",4229.884601,NA,72.42606,Right,48.989885,NA,NA,NA,NA,55.10358,NA,NA,0.60118,2.43219,0.03785,NA,NA,NA,NA,NA,e99ce360-b6be-11f0-84b6-01d555e46d76,3,6,FLA_GAT,9,Top,2,Four-Seam,Undefined,Undefined,Undefined,0,0,NA,JUD,FLA_GAT,121Financial,TeamExclusive,Team,20251031-121Financial-Private-2,90.57134,49.79562,NA,8.02693,NA,NA,NA,78e623f9-aa27-4d61-8f19-ec9f4998400f,2025-11-01,01:05:52,2025-11-01T01:05:52Z,2025-11-01T01:05:52Z,NA,v3,471326,471297,NA,"Pomper, Griffin",10124955,Right,JUD,53.7546,-131.84907,14.67772,5.93932,-4.73077,-8.37093,1.30777,-3.88856,2.43678,328.68116,0.60118,-48.51821,-1.66272,1.4531,-1.19592,2.69951,-4.02009,2.98563,-0.87876,2.43219,80.15653,-31.32687,4.31477,-1.17683,1.24745,-1.6088,1.13033,-0.3218,0.03786,50.04599,-9.23116,3.67614,-2.33937,5.01271,-7.40359,5.47534,-1.60719,NA,NA,NA,NA,NA,NA,NA,NA,NA,NA,NA,NA,NA,NA,NA,NA,NA,NA,NA,NA,NA,NA,High,High,High,High,Undefined,NA,NA,NA,NA,NA,NA,NA,NA,NA,NA,NA,NA,NA,NA,NA,NA,NA,NA,NA,NA,NA,NA,NA,NA,NA,NA,NA,NA,NA,NA,NA,NA
308,2025-10-31,21:06:12,"Powers, Kyle",1000376525,Left,JUD,Undefined,3,2,StrikeSwinging,Fastball,NA,NA,89.84714,-1.542715,1.478427,2192.351084,168.800613,11:45:00,6.0252,-1.51777,6.67472,-15.28418,18.5545,-3.44547,3.33942,-0.45212,81.5135,-4.519445,0.851052,0.418676,2.24902,10.56434,1.42002,50,5.91531,-3.23239,-130.49725,-3.86263,3.84528,29.63888,-14.11145,47857d3c-5ab0-4595-b7f0-5c0a17c56960,NA,NA,NA,NA,NA,10106329,"Schwarz, Colton",NA,NA,NA,Right,NA,NA,NA,NA,NA,NA,NA,NA,NA,NA,NA,NA,NA,NA,NA,NA,f60f1370-b6be-11f0-84b6-01d555e46d76,3,7,FLA_GAT,9,Top,2,Four-Seam,Strikeout,Undefined,Undefined,0,0,NA,JUD,FLA_GAT,121Financial,TeamExclusive,Team,20251031-121Financial-Private-2,90.02767,NA,NA,8.33364,NA,NA,NA,78e623f9-aa27-4d61-8f19-ec9f4998400f,2025-11-01,01:06:12,2025-11-01T01:06:12Z,2025-11-01T01:06:12Z,NA,v3,471326,471297,NA,"Pomper, Griffin",10124955,Right,JUD,53.82062,-131.36213,14.81944,6.02201,-3.45084,-7.05572,1.51598,-3.3446,1.92264,NA,NA,NA,NA,NA,NA,NA,NA,NA,NA,NA,NA,NA,NA,NA,NA,NA,NA,NA,NA,NA,NA,NA,NA,NA,NA,NA,NA,NA,NA,NA,NA,NA,NA,NA,NA,NA,NA,NA,NA,NA,NA,NA,NA,NA,NA,NA,NA,NA,NA,High,High,High,NA,NA,NA,NA,NA,NA,NA,NA,NA,NA,NA,NA,NA,NA,NA,NA,NA,NA,NA,NA,NA,NA,NA,NA,NA,NA,NA,NA,NA,NA,NA,NA,NA,NA
309,2025-10-31,21:08:56,"Whritenour, Joshua",813963,Right,FLA_GAT,Undefined,0,0,HitByPitch,Fastball,NA,NA,97.91328,-1.077515,-1.487535,2507.198456,221.757846,01:30:00,6.10031,1.52778,5.40743,-12.59512,17.81899,14.83796,4.04071,1.37025,87.16952,-3.524314,1.151067,0.396925,-7.94532,9.64772,-1.40604,50,5.99622,2.92823,-141.70775,-3.04904,-15.74634,40.0379,-13.05387,c5736c1e-5523-41a9-b68c-43c5d3edf4a2,NA,NA,NA,NA,NA,10909661,"Ogbourne, Archer",NA,NA,NA,Right,NA,NA,NA,NA,NA,NA,NA,NA,NA,NA,NA,NA,NA,NA,NA,NA,577a3180-b6bf-11f0-84b6-01d555e46d76,1,1,JUD,9,Bottom,0,Four-Seam,Undefined,Undefined,Undefined,0,0,NA,JUD,FLA_GAT,121Financial,TeamExclusive,Team,20251031-121Financial-Private-2,94.96101,NA,NA,10.74376,NA,NA,NA,78e623f9-aa27-4d61-8f19-ec9f4998400f,2025-11-01,01:08:56,2025-11-01T01:08:56Z,2025-11-01T01:08:56Z,NA,v3,471326,471297,NA,"Stanford, Cole",1000098001,Right,FLA_GAT,55.08673,-143.13773,20.01895,6.0968,-2.58281,-6.52694,-1.52067,3.49062,-7.87317,NA,NA,NA,NA,NA,NA,NA,NA,NA,NA,NA,NA,NA,NA,NA,NA,NA,NA,NA,NA,NA,NA,NA,NA,NA,NA,NA,NA,NA,NA,NA,NA,NA,NA,NA,NA,NA,NA,NA,NA,NA,NA,NA,NA,NA,NA,NA,NA,NA,NA,High,High,High,NA,NA,NA,NA,NA,NA,NA,NA,NA,NA,NA,NA,NA,NA,NA,NA,NA,NA,NA,NA,NA,NA,NA,NA,NA,NA,NA,NA,NA,NA,NA,NA,NA,NA
310,2025-10-31,21:09:25,"Whritenour, Joshua",813963,Right,FLA_GAT,Undefined,0,0,StrikeSwinging,Fastball,NA,NA,97.407,-3.483747,-2.647319,2466.741901,210.81394,01:00:00,5.99535,1.60838,5.59531,-9.59819,20.9695,11.78631,1.93542,0.11715,86.99295,-5.39442,-0.546643,0.397926,-6.78331,12.06446,-1.3888,50,5.69008,5.91196,-140.69769,-8.78438,-13.30208,38.38683,-8.51572,da72055e-a41d-4b7b-8bcf-5f05d93de070,NA,NA,NA,NA,NA,1000277607,"Baratta, Logan",NA,NA,NA,Left,NA,NA,NA,NA,NA,NA,NA,NA,NA,NA,NA,NA,NA,NA,NA,NA,691c5a80-b6bf-11f0-84b6-01d555e46d76,2,1,JUD,9,Bottom,0,Four-Seam,Undefined,Undefined,Undefined,0,0,NA,JUD,FLA_GAT,121Financial,TeamExclusive,Team,20251031-121Financial-Private-2,94.72219,NA,NA,10.41405,NA,NA,NA,78e623f9-aa27-4d61-8f19-ec9f4998400f,2025-11-01,01:09:25,2025-11-01T01:09:25Z,2025-11-01T01:09:25Z,NA,v3,471326,471297,NA,"Stanford, Cole",1000098001,Right,FLA_GAT,54.89736,-142.02756,19.19342,5.98929,-8.48936,-4.25786,-1.6016,6.3728,-6.65104,NA,NA,NA,NA,NA,NA,NA,NA,NA,NA,NA,NA,NA,NA,NA,NA,NA,NA,NA,NA,NA,NA,NA,NA,NA,NA,NA,NA,NA,NA,NA,NA,NA,NA,NA,NA,NA,NA,NA,NA,NA,NA,NA,NA,NA,NA,NA,NA,NA,NA,High,High,High,NA,NA,NA,NA,NA,NA,NA,NA,NA,NA,NA,NA,NA,NA,NA,NA,NA,NA,NA,NA,NA,NA,NA,NA,NA,NA,NA,NA,NA,NA,NA,NA,NA,NA
311,2025-10-31,21:09:41,"Whritenour, Joshua",813963,Right,FLA_GAT,Undefined,0,1,FoulBallNotFieldable,Fastball,NA,NA,97.8196,-2.64178,-2.890129,2506.43997,212.060815,01:00:00,6.08146,1.47643,5.6417,-11.08331,19.0717,11.21772,2.68862,-0.28707,87.53501,-4.814651,-0.889574,0.395231,-6.653,10.8791,-1.23816,50,5.85011,6.59512,-141.45935,-6.83567,-13.20556,38.41709,-10.58013,3a86d7d1-0be1-4bdc-a558-21cb4de9e0ce,NA,NA,NA,NA,-104.448718,1000277607,"Baratta, Logan",4239.721139,NA,73.6267,Left,66.642128,NA,NA,NA,NA,19.84674,NA,NA,0.28886,2.61924,0.31771,NA,NA,NA,NA,NA,7236ad00-b6bf-11f0-84b6-01d555e46d76,2,2,JUD,9,Bottom,0,Four-Seam,Undefined,Undefined,Undefined,0,0,NA,JUD,FLA_GAT,121Financial,TeamExclusive,Team,20251031-121Financial-Private-2,95.36811,42.82855,NA,10.28458,NA,NA,NA,78e623f9-aa27-4d61-8f19-ec9f4998400f,2025-11-01,01:09:41,2025-11-01T01:09:41Z,2025-11-01T01:09:41Z,NA,v3,471326,471297,NA,"Stanford, Cole",1000098001,Right,FLA_GAT,54.8536,-142.77139,19.20854,6.07739,-6.47433,-5.29007,-1.47111,7.04613,-6.60278,21.033289,0.30906,-11.25918,-7.35558,NA,NA,NA,NA,NA,NA,2.64338,98.45503,-29.76631,NA,NA,NA,NA,NA,NA,0.31699,-41.44181,3.33219,NA,NA,NA,NA,NA,NA,NA,NA,NA,NA,NA,NA,NA,NA,NA,NA,NA,NA,NA,NA,NA,NA,NA,NA,NA,NA,NA,NA,High,High,High,Medium,Undefined,NA,NA,NA,NA,NA,NA,NA,NA,NA,NA,NA,NA,NA,NA,NA,NA,NA,NA,NA,NA,NA,NA,NA,NA,NA,NA,NA,NA,NA,NA,NA,NA
312,2025-10-31,21:09:59,"Whritenour, Joshua",813963,Right,FLA_GAT,Undefined,0,2,StrikeSwinging,Fastball,NA,NA,98.63848,-0.899041,-2.880344,2507.52297,218.057352,01:15:00,6.02759,1.54953,5.37838,-11.85083,18.16962,13.30036,4.19609,-0.04451,87.79778,-3.210675,-0.519852,0.394348,-7.55851,9.68776,-1.30083,50,5.93909,6.47371,-142.59833,-2.58218,-15.203,39.86929,-12.68831,fcf88241-f384-4e0d-a9ed-f675794c9b07,NA,NA,NA,NA,NA,1000277607,"Baratta, Logan",NA,NA,NA,Left,NA,NA,NA,NA,NA,NA,NA,NA,NA,NA,NA,NA,NA,NA,NA,NA,7cee34c0-b6bf-11f0-84b6-01d555e46d76,2,3,JUD,9,Bottom,0,Four-Seam,Strikeout,Undefined,Undefined,0,0,NA,JUD,FLA_GAT,121Financial,TeamExclusive,Team,20251031-121Financial-Private-2,95.58158,NA,NA,10.8407,NA,NA,NA,78e623f9-aa27-4d61-8f19-ec9f4998400f,2025-11-01,01:09:59,2025-11-01T01:09:59Z,2025-11-01T01:09:59Z,NA,v3,471326,471297,NA,"Stanford, Cole",1000098001,Right,FLA_GAT,55.11336,-144.02089,19.93465,6.02314,-2.12945,-6.34416,-1.5415,7.01616,-7.6015,NA,NA,NA,NA,NA,NA,NA,NA,NA,NA,NA,NA,NA,NA,NA,NA,NA,NA,NA,NA,NA,NA,NA,NA,NA,NA,NA,NA,NA,NA,NA,NA,NA,NA,NA,NA,NA,NA,NA,NA,NA,NA,NA,NA,NA,NA,NA,NA,NA,NA,High,High,High,NA,NA,NA,NA,NA,NA,NA,NA,NA,NA,NA,NA,NA,NA,NA,NA,NA,NA,NA,NA,NA,NA,NA,NA,NA,NA,NA,NA,NA,NA,NA,NA,NA,NA
313,2025-10-31,21:10:21,"Whritenour, Joshua",813963,Right,FLA_GAT,Undefined,0,0,StrikeCalled,Fastball,NA,NA,98.42093,-2.519897,-2.807641,2482.19639,210.639021,01:00:00,6.06198,1.40213,5.59077,-10.43902,19.38777,10.80544,2.83481,-0.32109,88.08008,-4.57439,-0.882351,0.393075,-6.33933,10.91753,-1.16801,50,5.83887,6.43258,-142.31078,-6.53609,-12.75018,38.52139,-10.21575,c69b55a0-6164-405d-b5c6-a70403a2914c,NA,NA,NA,NA,NA,1000346497,"Cobb, Drew",NA,NA,NA,Left,NA,NA,NA,NA,NA,NA,NA,NA,NA,NA,NA,NA,NA,NA,NA,NA,8a74e210-b6bf-11f0-84b6-01d555e46d76,3,1,JUD,9,Bottom,1,Four-Seam,Undefined,Undefined,Undefined,0,0,NA,JUD,FLA_GAT,121Financial,TeamExclusive,Team,20251031-121Financial-Private-2,95.89134,NA,NA,10.34085,NA,NA,NA,78e623f9-aa27-4d61-8f19-ec9f4998400f,2025-11-01,01:10:21,2025-11-01T01:10:21Z,2025-11-01T01:10:21Z,NA,v3,471326,471297,NA,"Stanford, Cole",1000098001,Right,FLA_GAT,54.90257,-143.63169,19.2607,6.05699,-6.18578,-5.10787,-1.39608,6.86979,-6.37509,NA,NA,NA,NA,NA,NA,NA,NA,NA,NA,NA,NA,NA,NA,NA,NA,NA,NA,NA,NA,NA,NA,NA,NA,NA,NA,NA,NA,NA,NA,NA,NA,NA,NA,NA,NA,NA,NA,NA,NA,NA,NA,NA,NA,NA,NA,NA,NA,NA,NA,High,High,High,NA,NA,NA,NA,NA,NA,NA,NA,NA,NA,NA,NA,NA,NA,NA,NA,NA,NA,NA,NA,NA,NA,NA,NA,NA,NA,NA,NA,NA,NA,NA,NA,NA,NA
314,2025-10-31,21:10:36,"Whritenour, Joshua",813963,Right,FLA_GAT,Undefined,0,1,BallCalled,Fastball,NA,NA,97.83957,-0.656262,-2.944491,2447.168306,204.018117,12:45:00,6.04848,1.38861,5.35801,-9.6115,20.90068,8.78422,4.63125,-0.64312,87.1388,-2.571731,-1.386811,0.397565,-5.34477,10.94997,-1.13002,50,5.98305,6.81632,-141.44178,-1.84246,-10.58712,38.93492,-10.48389,8bce2976-3ab4-41cc-ad3f-96569a6c5778,NA,NA,NA,NA,NA,1000346497,"Cobb, Drew",NA,NA,NA,Left,NA,NA,NA,NA,NA,NA,NA,NA,NA,NA,NA,NA,NA,NA,NA,NA,932db3a0-b6bf-11f0-84b6-01d555e46d76,3,2,JUD,9,Bottom,1,Four-Seam,Undefined,Undefined,Undefined,0,0,NA,JUD,FLA_GAT,121Financial,TeamExclusive,Team,20251031-121Financial-Private-2,94.80827,NA,NA,10.70077,NA,NA,NA,78e623f9-aa27-4d61-8f19-ec9f4998400f,2025-11-01,01:10:36,2025-11-01T01:10:36Z,2025-11-01T01:10:36Z,NA,v3,471326,471297,NA,"Stanford, Cole",1000098001,Right,FLA_GAT,55.133540000000004,-142.84791,19.46746,6.04276,-1.46384,-5.24195,-1.3831,7.19867,-5.29356,NA,NA,NA,NA,NA,NA,NA,NA,NA,NA,NA,NA,NA,NA,NA,NA,NA,NA,NA,NA,NA,NA,NA,NA,NA,NA,NA,NA,NA,NA,NA,NA,NA,NA,NA,NA,NA,NA,NA,NA,NA,NA,NA,NA,NA,NA,NA,NA,NA,NA,High,High,High,NA,NA,NA,NA,NA,NA,NA,NA,NA,NA,NA,NA,NA,NA,NA,NA,NA,NA,NA,NA,NA,NA,NA,NA,NA,NA,NA,NA,NA,NA,NA,NA,NA,NA
315,2025-10-31,21:10:52,"Whritenour, Joshua",813963,Right,FLA_GAT,Undefined,1,1,StrikeCalled,Slider,NA,NA,88.8184,0.391709,-1.192013,2760.299694,51.996866,07:45:00,5.72757,1.78783,5.1411,-41.14542,-3.40606,-6.38685,2.66769,0.13306,78.67796,-7.141286,-2.323438,0.442149,2.67311,-1.29839,-1.6712,50,5.73331,2.9804,-128.34306,-0.79459,4.29766,35.48609,-34.26149,bb86d695-20dc-4b44-864c-fc94d6946424,NA,NA,NA,NA,NA,1000346497,"Cobb, Drew",NA,NA,NA,Left,NA,NA,NA,NA,NA,NA,NA,NA,NA,NA,NA,NA,NA,NA,NA,NA,9ccd14a0-b6bf-11f0-84b6-01d555e46d76,3,3,JUD,9,Bottom,1,Slider,Undefined,Undefined,Undefined,0,0,NA,JUD,FLA_GAT,121Financial,TeamExclusive,Team,20251031-121Financial-Private-2,85.24827,NA,NA,10.14044,NA,NA,NA,78e623f9-aa27-4d61-8f19-ec9f4998400f,2025-11-01,01:10:52,2025-11-01T01:10:52Z,2025-11-01T01:10:52Z,NA,v3,471326,471297,NA,"Stanford, Cole",1000098001,Right,FLA_GAT,55.35029,-129.81395,17.74305,5.73682,0.62554,-17.13075,-1.79104,2.80226,2.14883,NA,NA,NA,NA,NA,NA,NA,NA,NA,NA,NA,NA,NA,NA,NA,NA,NA,NA,NA,NA,NA,NA,NA,NA,NA,NA,NA,NA,NA,NA,NA,NA,NA,NA,NA,NA,NA,NA,NA,NA,NA,NA,NA,NA,NA,NA,NA,NA,NA,NA,High,High,High,NA,NA,NA,NA,NA,NA,NA,NA,NA,NA,NA,NA,NA,NA,NA,NA,NA,NA,NA,NA,NA,NA,NA,NA,NA,NA,NA,NA,NA,NA,NA,NA,NA,NA
316,2025-10-31,21:11:08,"Whritenour, Joshua",813963,Right,FLA_GAT,Undefined,1,2,FoulBallNotFieldable,Slider,NA,NA,90.45677,0.133051,-2.372561,2635.056016,138.827576,10:45:00,5.77247,1.84796,5.15944,-31.42269,4.63922,-2.81603,3.27926,-0.62117,80.67688,-5.658962,-2.870557,0.432211,0.55354,2.65307,-1.62416,50,5.76127,5.55245,-130.78767,-0.92213,0.93278,34.56118,-27.70342,292e282c-7313-464e-838c-0001e76a1ab6,NA,NA,NA,NA,-170.946381,1000346497,"Cobb, Drew",2935.755729,NA,74.51891,Left,71.50215,NA,NA,NA,NA,35.74304,NA,NA,1.40276,3.34365,0.67916,NA,NA,NA,NA,NA,a661c740-b6bf-11f0-84b6-01d555e46d76,3,4,JUD,9,Bottom,1,Cutter,Undefined,Undefined,Undefined,0,0,NA,JUD,FLA_GAT,121Financial,TeamExclusive,Team,20251031-121Financial-Private-2,87.20845,74.78361,NA,9.77989,NA,NA,NA,78e623f9-aa27-4d61-8f19-ec9f4998400f,2025-11-01,01:11:08,2025-11-01T01:11:08Z,2025-11-01T01:11:08Z,NA,v3,471326,471297,NA,"Stanford, Cole",1000098001,Right,FLA_GAT,55.33496,-132.18994,17.28059,5.77588,0.2019,-13.85171,-1.84867,5.51461,0.46639,359.427084,1.40276,-34.24367,-6.36365,4.26817,-1.46513,0.42947,-0.11268,0.02447,-0.0031,3.34365,103.64761,-36.21914,5.90464,-1.21789,0.25126,-0.09022,0.04451,-0.01143,0.67916,-5.45652,-1.40791,0.85169,-0.28549,0.08297,-0.02218,0.00515,-7.3e-4,NA,NA,NA,NA,NA,NA,NA,NA,NA,NA,NA,NA,NA,NA,NA,NA,NA,NA,NA,NA,NA,NA,High,High,High,High,Undefined,NA,NA,NA,NA,NA,NA,NA,NA,NA,NA,NA,NA,NA,NA,NA,NA,NA,NA,NA,NA,NA,NA,NA,NA,NA,NA,NA,NA,NA,NA,NA,NA
317,2025-10-31,21:11:34,"Whritenour, Joshua",813963,Right,FLA_GAT,Undefined,1,2,FoulBallNotFieldable,Fastball,NA,NA,99.96799,-2.735093,-3.037993,2535.706084,194.063117,12:30:00,5.98469,1.45836,5.48414,-6.53,22.66812,5.38587,2.87605,-0.93779,88.97826,-4.095964,-2.081183,0.38891,-3.78099,12.70166,-1.19562,50,5.74075,7.39094,-144.41356,-6.99943,-7.78396,41.51114,-6.02496,8a66699f-49c6-4cc5-babe-b9c8e368b867,NA,NA,NA,NA,-167.526364,1000346497,"Cobb, Drew",2524.282015,NA,72.6832,Left,35.092063,NA,NA,NA,NA,53.52777,NA,NA,0.8895,2.8458,0.95566,NA,NA,NA,NA,NA,b5907f40-b6bf-11f0-84b6-01d555e46d76,3,5,JUD,9,Bottom,1,Four-Seam,Undefined,Undefined,Undefined,0,0,NA,JUD,FLA_GAT,121Financial,TeamExclusive,Team,20251031-121Financial-Private-2,96.91824,31.21123,NA,10.98974,NA,NA,NA,78e623f9-aa27-4d61-8f19-ec9f4998400f,2025-11-01,01:11:34,2025-11-01T01:11:34Z,2025-11-01T01:11:34Z,NA,v3,471326,471297,NA,"Stanford, Cole",1000098001,Right,FLA_GAT,55.01035,-145.84666000000001,20.75557,5.9788,-6.79143,-3.01248,-1.45542,7.65966,-3.89198,2.50915,0.8895,-85.16587,5.68976,0.11465,-0.11174,0.09536,-0.11097,0.11477,-0.0499,2.8458,61.28455,-29.69877,3.88916,-0.88015,0.32565,-0.36075,0.36742,-0.15586,0.95566,-18.83971,1.67557,0.23871,-0.09362,0.06235,-0.07609,0.0789,-0.03405,NA,NA,NA,NA,NA,NA,NA,NA,NA,NA,NA,NA,NA,NA,NA,NA,NA,NA,NA,NA,NA,NA,High,High,High,High,Undefined,NA,NA,NA,NA,NA,NA,NA,NA,NA,NA,NA,NA,NA,NA,NA,NA,NA,NA,NA,NA,NA,NA,NA,NA,NA,NA,NA,NA,NA,NA,NA,NA
318,2025-10-31,21:11:54,"Whritenour, Joshua",813963,Right,FLA_GAT,Undefined,1,2,FoulBallNotFieldable,Slider,NA,NA,91.03859,-0.994306,-1.522468,2768.272273,85.015228,08:45:00,5.73099,1.94814,5.09027,-34.48242,1.31587,-1.52791,1.91994,0.38561,81.12092,-7.310004,-1.792917,0.430628,0.18882,1.53299,-1.80301,50,5.61085,3.57356,-131.54668,-3.70622,0.32126,35.46947,-29.566,df9313f5-47ce-48ba-83c7-5a639a0840e8,NA,NA,NA,NA,-169.534197,1000346497,"Cobb, Drew",5066.502192,NA,50.02885,Left,22.907045,NA,NA,NA,NA,32.06724,NA,NA,NA,NA,NA,NA,NA,NA,NA,NA,c1825bc0-b6bf-11f0-84b6-01d555e46d76,3,6,JUD,9,Bottom,1,Slider,Undefined,Undefined,Undefined,0,0,NA,JUD,FLA_GAT,121Financial,TeamExclusive,Team,20251031-121Financial-Private-2,87.52892,10.57541,NA,9.91767,NA,NA,NA,78e623f9-aa27-4d61-8f19-ec9f4998400f,2025-11-01,01:11:54,2025-11-01T01:11:54Z,2025-11-01T01:11:54Z,NA,v3,471326,471297,NA,"Stanford, Cole",1000098001,Right,FLA_GAT,55.3994,-132.99458,17.73473,5.7375,-2.49931,-14.783,-1.94861,3.56044,0.16063,85.235642,-2.43688,-66.3479,7.08668,NA,NA,NA,NA,NA,NA,1.45784,28.32127,-18.78338,NA,NA,NA,NA,NA,NA,-0.59047,-11.89694,8.2369,NA,NA,NA,NA,NA,NA,NA,NA,NA,NA,NA,NA,NA,NA,NA,NA,NA,NA,NA,NA,NA,NA,NA,NA,NA,NA,NA,NA,High,High,High,Low,Undefined,NA,NA,NA,NA,NA,NA,NA,NA,NA,NA,NA,NA,NA,NA,NA,NA,NA,NA,NA,NA,NA,NA,NA,NA,NA,NA,NA,NA,NA,NA,NA,NA
319,2025-10-31,21:12:13,"Whritenour, Joshua",813963,Right,FLA_GAT,Undefined,1,2,StrikeSwinging,Fastball,NA,NA,99.20577,-1.744389,-2.069076,2459.540337,222.068975,01:30:00,6.05815,1.37693,5.56232,-11.05989,17.98997,15.31717,3.50527,0.71954,89.60473,-3.889516,0.661571,0.387921,-8.3113,9.88945,-1.20838,50,5.90044,4.42172,-143.76704,-4.70134,-17.22324,36.40422,-11.68036,ef697b03-8cc7-4160-ad61-945ac1d56507,NA,NA,NA,NA,NA,1000346497,"Cobb, Drew",NA,NA,NA,Left,NA,NA,NA,NA,NA,NA,NA,NA,NA,NA,NA,NA,NA,NA,NA,NA,ccba1000-b6bf-11f0-84b6-01d555e46d76,3,7,JUD,9,Bottom,1,Four-Seam,Strikeout,Undefined,Undefined,0,0,NA,JUD,FLA_GAT,121Financial,TeamExclusive,Team,20251031-121Financial-Private-2,97.16518,NA,NA,9.60104,NA,NA,NA,78e623f9-aa27-4d61-8f19-ec9f4998400f,2025-11-01,01:12:13,2025-11-01T01:12:13Z,2025-11-01T01:12:13Z,NA,v3,471326,471297,NA,"Stanford, Cole",1000098001,Right,FLA_GAT,54.93358,-145.01093,18.20211,6.05426,-4.30224,-5.84018,-1.36952,5.01022,-8.61162,NA,NA,NA,NA,NA,NA,NA,NA,NA,NA,NA,NA,NA,NA,NA,NA,NA,NA,NA,NA,NA,NA,NA,NA,NA,NA,NA,NA,76.36699,2.039728,0.730573,1.309155,-1.965,3.27027,-0.76368,-1.06161,6.20619,-0.3101,127.28088,2.75826,-1.8929,-0.92712,109.74347,-9.13652,6.21648,12.16551,-11.32356,-0.35726,-4.43911,2.53398,High,High,High,NA,NA,High,Medium,High,NA,NA,NA,NA,NA,NA,NA,NA,NA,NA,NA,NA,NA,NA,NA,NA,NA,NA,NA,NA,NA,NA,NA,NA,NA,NA,NA,NA,NA
320,2025-10-31,21:12:44,"Whritenour, Joshua",813963,Right,FLA_GAT,Undefined,0,0,BallinDirt,Slider,NA,NA,89.74856,-1.801263,-3.095692,2786.531137,66.589178,08:15:00,5.74259,1.81683,5.26183,-38.46711,-2.92953,-9.20406,0.84174,-1.86131,82.93417,-8.731063,-4.727125,0.429057,3.75453,-0.62209,-1.52629,50,5.54908,7.45683,-130.1035,-5.64041,6.44894,26.75767,-33.24254,f8e462ca-539a-4510-a4a4-aea88bd757b9,NA,NA,NA,NA,NA,1000320249,"Gardner, JJ",NA,NA,NA,Right,NA,NA,NA,NA,NA,NA,NA,NA,NA,NA,NA,NA,NA,NA,NA,NA,df91d2d0-b6bf-11f0-84b6-01d555e46d76,4,1,JUD,9,Bottom,2,Slider,Undefined,Undefined,Undefined,0,0,NA,JUD,FLA_GAT,121Financial,TeamExclusive,Team,20251031-121Financial-Private-2,87.8494,NA,NA,6.81439,NA,NA,NA,78e623f9-aa27-4d61-8f19-ec9f4998400f,2025-11-01,01:12:44,2025-11-01T01:12:44Z,2025-11-01T01:12:44Z,NA,v3,471326,471297,NA,"Stanford, Cole",1000098001,Right,FLA_GAT,55.23741,-131.17622,13.37883,5.74849,-4.30771,-16.62127,-1.82005,7.19829,3.22447,NA,NA,NA,NA,NA,NA,NA,NA,NA,NA,NA,NA,NA,NA,NA,NA,NA,NA,NA,NA,NA,NA,NA,NA,NA,NA,NA,NA,NA,NA,NA,NA,NA,NA,NA,NA,NA,NA,NA,NA,NA,NA,NA,NA,NA,NA,NA,NA,NA,NA,High,High,High,NA,NA,NA,NA,NA,NA,NA,NA,NA,NA,NA,NA,NA,NA,NA,NA,NA,NA,NA,NA,NA,NA,NA,NA,NA,NA,NA,NA,NA,NA,NA,NA,NA,NA
321,2025-10-31,21:13:14,"Whritenour, Joshua",813963,Right,FLA_GAT,Undefined,1,0,FoulBallNotFieldable,Slider,NA,NA,89.38932,-0.996997,-1.621068,2831.871343,76.605427,08:30:00,5.67492,2.1112,5.04777,-37.81124,-1.52307,-11.32839,1.58314,-0.36224,81.79051,-7.83179,-3.624319,0.433565,5.18492,-0.15713,-1.94715,50,5.54956,4.18905,-129.62589,-3.78646,8.76744,28.66081,-32.43975,be18fc6e-7f55-4538-81b4-e112578b532c,NA,NA,NA,NA,-70.250505,1000320249,"Gardner, JJ",NA,NA,75.67541,Right,-34.356451,NA,NA,NA,3.29896,2.18735,0.025632,-33.440123,1.95765,1.60873,0.39696,NA,NA,NA,NA,NA,f17571a0-b6bf-11f0-84b6-01d555e46d76,4,2,JUD,9,Bottom,2,Slider,Undefined,Undefined,Undefined,0,0,NA,JUD,FLA_GAT,121Financial,TeamExclusive,Team,20251031-121Financial-Private-2,86.93613,1.60873,NA,7.59881,NA,NA,NA,78e623f9-aa27-4d61-8f19-ec9f4998400f,2025-11-01,01:13:14,2025-11-01T01:13:14Z,2025-11-01T01:13:14Z,GroundBall,v3,471326,471297,NA,"Stanford, Cole",1000098001,Right,FLA_GAT,55.45171,-130.82573,14.3304,5.67965,-2.42842,-16.21988,-2.11484,3.82201,4.38372,NA,1.9574,31.0237,NA,NA,NA,NA,NA,NA,NA,1.60925,-62.76184,NA,NA,NA,NA,NA,NA,NA,0.39767,-86.41055,NA,NA,NA,NA,NA,NA,NA,NA,NA,NA,NA,NA,NA,NA,NA,NA,NA,NA,NA,NA,NA,NA,NA,NA,NA,NA,NA,NA,NA,High,High,High,Low,Low,NA,NA,NA,NA,NA,NA,NA,NA,NA,NA,NA,NA,NA,NA,NA,NA,NA,NA,NA,NA,NA,NA,NA,NA,NA,NA,NA,NA,NA,NA,NA,NA
322,2025-10-31,21:13:35,"Whritenour, Joshua",813963,Right,FLA_GAT,Undefined,1,1,InPlay,Fastball,NA,NA,99.19417,-2.945841,-2.922726,2593.214609,215.313159,01:15:00,5.97747,1.46872,5.48139,-10.98485,18.43284,12.27465,2.2998,-0.24538,89.06522,-5.083304,-0.740117,0.39037,-7.14402,10.56725,-1.22085,50,5.71165,6.70999,-143.43023,-7.71321,-14.63223,38.37052,-10.53049,07efe7f7-869c-404d-9503-013507df5bc5,NA,NA,NA,NA,-13.749603,1000320249,"Gardner, JJ",NA,NA,85.69653,Right,-19.004072,NA,NA,NA,7.77834,5.31724,0.066416,-12.401963,-0.08913,2.72519,0.21014,NA,NA,NA,NA,NA,fd9bf2b0-b6bf-11f0-84b6-01d555e46d76,4,3,JUD,9,Bottom,2,Four-Seam,Undefined,GroundBall,Out,1,0,NA,JUD,FLA_GAT,121Financial,TeamExclusive,Team,20251031-121Financial-Private-2,96.5558,2.72519,NA,10.12895,NA,NA,NA,78e623f9-aa27-4d61-8f19-ec9f4998400f,2025-11-01,01:13:35,2025-11-01T01:13:35Z,2025-11-01T01:13:35Z,GroundBall,v3,471326,471297,NA,"Stanford, Cole",1000098001,Right,FLA_GAT,55.01482,-144.76559,19.18526,5.97371,-7.34674,-5.26525,-1.46323,7.21922,-7.31612,NA,-0.09225,115.72391,NA,NA,NA,NA,NA,NA,NA,2.7263,-41.03196,NA,NA,NA,NA,NA,NA,NA,0.21091,-28.31661,NA,NA,NA,NA,NA,NA,NA,NA,NA,NA,NA,NA,NA,NA,NA,NA,NA,NA,NA,NA,NA,NA,NA,NA,NA,NA,NA,NA,NA,High,High,High,Low,Low,NA,NA,NA,NA,NA,NA,NA,NA,NA,NA,NA,NA,NA,NA,NA,NA,NA,NA,NA,NA,NA,NA,NA,NA,NA,NA,NA,NA,NA,NA,NA,NA
323,2025-10-31,21:16:25,"Brooks, Grant",1000181317,Right,JUD,Undefined,0,0,StrikeCalled,Fastball,NA,NA,93.34811,0.18967,-3.102412,2144.228715,256.615581,02:30:00,5.36337,2.49199,5.74899,-27.69702,4.98823,16.07993,3.23212,0.94092,84.1797,-4.961192,-0.227693,0.411479,-9.06182,2.85106,-2.24363,50,5.3626,6.57451,-135.23897,-0.58394,-16.56793,33.01378,-26.96139,8937f60d-66fc-4b3b-a143-a9d042eb99f2,NA,NA,NA,NA,NA,807116,"Lawson, Brendan",NA,NA,NA,Left,NA,NA,NA,NA,NA,NA,NA,NA,NA,NA,NA,NA,NA,NA,NA,NA,637a4960-b6c0-11f0-84b6-01d555e46d76,1,1,FLA_GAT,10,Top,0,Sinker,Undefined,Undefined,Undefined,0,0,NA,JUD,FLA_GAT,121Financial,TeamExclusive,Team,20251031-121Financial-Private-2,91.60243,NA,NA,9.1684,NA,NA,NA,78e623f9-aa27-4d61-8f19-ec9f4998400f,2025-11-01,01:16:25,2025-11-01T01:16:25Z,2025-11-01T01:16:25Z,NA,v3,471326,471297,NA,"Pomper, Griffin",10124955,Right,JUD,54.74657,-136.39275,16.50689,5.36654,0.35832,-13.4807,-2.48351,7.15354,-8.28396,NA,NA,NA,NA,NA,NA,NA,NA,NA,NA,NA,NA,NA,NA,NA,NA,NA,NA,NA,NA,NA,NA,NA,NA,NA,NA,NA,NA,NA,NA,NA,NA,NA,NA,NA,NA,NA,NA,NA,NA,NA,NA,NA,NA,NA,NA,NA,NA,NA,NA,High,High,High,NA,NA,NA,NA,NA,NA,NA,NA,NA,NA,NA,NA,NA,NA,NA,NA,NA,NA,NA,NA,NA,NA,NA,NA,NA,NA,NA,NA,NA,NA,NA,NA,NA,NA
324,2025-10-31,21:16:46,"Brooks, Grant",1000181317,Right,JUD,Undefined,0,1,InPlay,ChangeUp,NA,NA,82.40735,0.738773,-1.633304,2289.287938,47.925119,07:30:00,5.20661,2.28124,5.3432,-51.04432,-8.59847,-11.11213,1.64624,-0.1773,75.10152,-8.528437,-3.609446,0.46891,5.08949,-4.18292,-2.12568,50,5.23634,3.86808,-119.52893,-0.32523,7.2695,25.77177,-38.14865,0aaa5b7a-51c4-46d0-8b5d-6c43c26d9d4b,NA,NA,NA,NA,17.341592,807116,"Lawson, Brendan",NA,NA,114.07299,Left,-1.388715,NA,NA,NA,29.98972,29.69728,0.174996,17.121707,1.73253,1.58501,0.15062999999999999,NA,NA,NA,NA,NA,6f7a7dc0-b6c0-11f0-84b6-01d555e46d76,1,2,FLA_GAT,10,Top,0,Curveball,Undefined,GroundBall,Error,0,0,NA,JUD,FLA_GAT,121Financial,TeamExclusive,Team,20251031-121Financial-Private-2,80.38317,1.58501,NA,7.30583,NA,NA,NA,78e623f9-aa27-4d61-8f19-ec9f4998400f,2025-11-01,01:16:46,2025-11-01T01:16:46Z,2025-11-01T01:16:46Z,GroundBall,v3,471326,471297,NA,"Pomper, Griffin",10124955,Right,JUD,55.15702,-120.63572,12.88589,5.21512,1.31309,-19.07433,-2.28509,3.55589,3.63475,327.278916,1.73414,159.53303,-32.41864,NA,NA,NA,NA,NA,NA,1.58666,-4.18018,-27.98604,NA,NA,NA,NA,NA,NA,0.15034,49.87589,-1.60398,NA,NA,NA,NA,NA,NA,NA,NA,NA,NA,NA,NA,NA,NA,NA,NA,NA,NA,NA,NA,NA,NA,NA,NA,NA,NA,NA,NA,High,High,High,High,High,NA,NA,NA,NA,NA,NA,NA,NA,NA,NA,NA,NA,NA,NA,NA,NA,NA,NA,NA,NA,NA,NA,NA,NA,NA,NA,NA,NA,NA,NA,NA,NA
325,2025-10-31,21:17:30,"Brooks, Grant",1000181317,Right,JUD,Undefined,0,0,BallCalled,Fastball,NA,NA,91.14695,-1.06938,-4.98726,2236.903583,254.459738,02:30:00,5.34662,2.39448,5.89974,-28.44411,5.55957,15.8515,1.97965,-0.92614,82.85651,-6.346444,-2.154328,0.419695,-9.52004,3.52571,-2.0013,50,5.24421,10.80739,-131.86863,-3.47774,-16.67156,29.47552,-25.99979,e1d53edb-0634-426f-a32b-779012fc82ad,NA,NA,NA,NA,NA,814065,"Surowiec, Ethan",NA,NA,NA,Right,NA,NA,NA,NA,NA,NA,NA,NA,NA,NA,NA,NA,NA,NA,NA,NA,89de03d0-b6c0-11f0-84b6-01d555e46d76,2,1,FLA_GAT,10,Top,0,Sinker,Undefined,Undefined,Undefined,0,0,NA,JUD,FLA_GAT,121Financial,TeamExclusive,Team,20251031-121Financial-Private-2,89.80902,NA,NA,8.29044,NA,NA,NA,78e623f9-aa27-4d61-8f19-ec9f4998400f,2025-11-01,01:17:30,2025-11-01T01:17:30Z,2025-11-01T01:17:30Z,NA,v3,471326,471297,NA,"Pomper, Griffin",10124955,Right,JUD,54.59761,-132.89232,14.73776,5.34931,-2.57476,-12.9999,-2.38669,11.38639,-8.33578,NA,NA,NA,NA,NA,NA,NA,NA,NA,NA,NA,NA,NA,NA,NA,NA,NA,NA,NA,NA,NA,NA,NA,NA,NA,NA,NA,NA,NA,NA,NA,NA,NA,NA,NA,NA,NA,NA,NA,NA,NA,NA,NA,NA,NA,NA,NA,NA,NA,NA,High,High,High,NA,NA,NA,NA,NA,NA,NA,NA,NA,NA,NA,NA,NA,NA,NA,NA,NA,NA,NA,NA,NA,NA,NA,NA,NA,NA,NA,NA,NA,NA,NA,NA,NA,NA
326,2025-10-31,21:17:48,"Brooks, Grant",1000181317,Right,JUD,Undefined,1,0,StrikeSwinging,Fastball,NA,NA,92.20349,-0.140717,-3.894584,2353.125026,256.721382,02:30:00,5.43617,2.18808,5.98408,-28.26316,4.80677,15.60725,2.95018,-0.12662,83.62928,-5.402585,-1.095305,0.413893,-9.09536,2.87559,-1.88836,50,5.4097,8.3981,-133.60604,-1.33385,-16.32119,30.73378,-27.0139,b9401f79-3fa1-466b-af87-9511311dce54,NA,NA,NA,NA,NA,814065,"Surowiec, Ethan",NA,NA,NA,Right,NA,NA,NA,NA,NA,NA,NA,NA,NA,NA,NA,NA,NA,NA,NA,NA,94889340-b6c0-11f0-84b6-01d555e46d76,2,2,FLA_GAT,10,Top,0,Sinker,Undefined,Undefined,Undefined,0,0,NA,JUD,FLA_GAT,121Financial,TeamExclusive,Team,20251031-121Financial-Private-2,91.06802,NA,NA,8.57421,NA,NA,NA,78e623f9-aa27-4d61-8f19-ec9f4998400f,2025-11-01,01:17:48,2025-11-01T01:17:48Z,2025-11-01T01:17:48Z,NA,v3,471326,471297,NA,"Pomper, Griffin",10124955,Right,JUD,54.51266,-134.6401,15.36689,5.43929,-0.42494,-13.50695,-2.18016,8.94724,-8.1606,NA,NA,NA,NA,NA,NA,NA,NA,NA,NA,NA,NA,NA,NA,NA,NA,NA,NA,NA,NA,NA,NA,NA,NA,NA,NA,NA,NA,NA,NA,NA,NA,NA,NA,NA,NA,NA,NA,NA,NA,NA,NA,NA,NA,NA,NA,NA,NA,NA,NA,High,High,High,NA,NA,NA,NA,NA,NA,NA,NA,NA,NA,NA,NA,NA,NA,NA,NA,NA,NA,NA,NA,NA,NA,NA,NA,NA,NA,NA,NA,NA,NA,NA,NA,NA,NA
327,2025-10-31,21:18:09,"Brooks, Grant",1000181317,Right,JUD,Undefined,1,1,InPlay,Fastball,NA,NA,92.38239,-0.826305,-2.752204,2339.560434,260.959433,02:45:00,5.40837,2.31551,5.70887,-29.54013,3.79945,16.57021,2.17591,1.13025,83.67649,-6.2916,0.211518,0.415577,-9.28091,2.52776,-2.09537,50,5.32089,5.6909,-133.9269,-3.03314,-16.66318,32.01932,-27.63563,eae0b1e0-7b65-4eb0-bd0b-c8d08f1f0c9e,NA,NA,NA,NA,-6.011668,814065,"Surowiec, Ethan",NA,NA,100.0457,Right,-15.670204,NA,NA,NA,8.89442,2.79563,0.055172,-14.170748,0.86076,2.18977,-1.35994,NA,NA,NA,NA,NA,a1048750-b6c0-11f0-84b6-01d555e46d76,2,3,FLA_GAT,10,Top,0,Sinker,Undefined,GroundBall,Out,2,0,NA,JUD,FLA_GAT,121Financial,TeamExclusive,Team,20251031-121Financial-Private-2,90.69903,2.18977,NA,8.7059,NA,NA,NA,78e623f9-aa27-4d61-8f19-ec9f4998400f,2025-11-01,01:18:09,2025-11-01T01:18:09Z,2025-11-01T01:18:09Z,GroundBall,v3,471326,471297,NA,"Pomper, Griffin",10124955,Right,JUD,54.78914,-135.06704,16.00966,5.41137,-2.04909,-13.81782,-2.30858,6.28424,-8.33159,NA,0.85897,140.70435,NA,NA,NA,NA,NA,NA,NA,2.19027,-39.68954,NA,NA,NA,NA,NA,NA,NA,-1.35975,-14.8176,NA,NA,NA,NA,NA,NA,NA,NA,NA,NA,NA,NA,NA,NA,NA,NA,NA,NA,NA,NA,NA,NA,NA,NA,NA,NA,NA,NA,NA,High,High,High,Low,Low,NA,NA,NA,NA,NA,NA,NA,NA,NA,NA,NA,NA,NA,NA,NA,NA,NA,NA,NA,NA,NA,NA,NA,NA,NA,NA,NA,NA,NA,NA,NA,NA
328,2025-10-31,21:18:50,"Brooks, Grant",1000181317,Right,JUD,Undefined,0,0,BallCalled,Slider,NA,NA,87.13442,3.164884,-5.713108,2241.60187,290.731748,03:45:00,4.36226,4.31734,6.05245,-43.06061,-5.85599,18.84462,3.72114,0.58168,78.69844,-4.772208,-2.346866,0.439005,-11.29993,-3.49693,-3.88131,50,4.58725,11.79498,-125.81932,5.46786,-17.98084,27.27809,-37.73851,926e4b98-9879-4b0b-bcc9-6f14f4b301c8,NA,NA,NA,NA,NA,807272,"Myers, Kolt",NA,NA,NA,Right,NA,NA,NA,NA,NA,NA,NA,NA,NA,NA,NA,NA,NA,NA,NA,NA,b9703500-b6c0-11f0-84b6-01d555e46d76,3,1,FLA_GAT,10,Top,2,Sinker,Undefined,Undefined,Undefined,0,0,NA,JUD,FLA_GAT,121Financial,TeamExclusive,Team,20251031-121Financial-Private-2,85.8587,NA,NA,8.43598,NA,NA,NA,78e623f9-aa27-4d61-8f19-ec9f4998400f,2025-11-01,01:18:50,2025-11-01T01:18:50Z,2025-11-01T01:18:50Z,NA,v3,471326,471297,NA,"Pomper, Griffin",10124955,Right,JUD,54.44701,-126.77978,13.63905,4.37134,6.79664,-18.86925,-4.30776,12.42809,-8.99042,NA,NA,NA,NA,NA,NA,NA,NA,NA,NA,NA,NA,NA,NA,NA,NA,NA,NA,NA,NA,NA,NA,NA,NA,NA,NA,NA,NA,NA,NA,NA,NA,NA,NA,NA,NA,NA,NA,NA,NA,NA,NA,NA,NA,NA,NA,NA,NA,NA,NA,High,High,High,NA,NA,NA,NA,NA,NA,NA,NA,NA,NA,NA,NA,NA,NA,NA,NA,NA,NA,NA,NA,NA,NA,NA,NA,NA,NA,NA,NA,NA,NA,NA,NA,NA,NA
329,2025-10-31,21:19:07,"Brooks, Grant",1000181317,Right,JUD,Undefined,1,0,BallCalled,Fastball,NA,NA,91.94188,-1.574593,-3.07164,2271.913457,249.962978,02:15:00,5.42764,2.36701,5.90079,-25.5095,7.94567,18.55336,1.83766,1.05894,83.24383,-6.336277,0.257357,0.416297,-10.39508,4.91422,-2.13024,50,5.28645,6.32292,-133.23805,-4.55491,-18.47384,31.66635,-23.44064,e12110d2-6357-4474-ba2e-7435494321fb,NA,NA,NA,NA,NA,807272,"Myers, Kolt",NA,NA,NA,Right,NA,NA,NA,NA,NA,NA,NA,NA,NA,NA,NA,NA,NA,NA,NA,NA,c40b5b20-b6c0-11f0-84b6-01d555e46d76,3,2,FLA_GAT,10,Top,2,Sinker,Undefined,Undefined,Undefined,0,0,NA,JUD,FLA_GAT,121Financial,TeamExclusive,Team,20251031-121Financial-Private-2,90.54225,NA,NA,8.69805,NA,NA,NA,78e623f9-aa27-4d61-8f19-ec9f4998400f,2025-11-01,01:19:07,2025-11-01T01:19:07Z,2025-11-01T01:19:07Z,NA,v3,471326,471297,NA,"Pomper, Griffin",10124955,Right,JUD,54.59621,-134.32598,15.83317,5.4291,-3.74959,-11.72032,-2.35837,6.9576,-9.23692,NA,NA,NA,NA,NA,NA,NA,NA,NA,NA,NA,NA,NA,NA,NA,NA,NA,NA,NA,NA,NA,NA,NA,NA,NA,NA,NA,NA,NA,NA,NA,NA,NA,NA,NA,NA,NA,NA,NA,NA,NA,NA,NA,NA,NA,NA,NA,NA,NA,NA,High,High,High,NA,NA,NA,NA,NA,NA,NA,NA,NA,NA,NA,NA,NA,NA,NA,NA,NA,NA,NA,NA,NA,NA,NA,NA,NA,NA,NA,NA,NA,NA,NA,NA,NA,NA
330,2025-10-31,21:19:27,"Brooks, Grant",1000181317,Right,JUD,Undefined,2,0,BallCalled,Fastball,NA,NA,92.31565,-0.650464,-6.180191,2386.586385,246.933648,02:15:00,5.36328,2.09119,5.92308,-25.17462,8.01705,16.19804,2.65826,-2.31609,83.83249,-5.340361,-3.295689,0.414654,-9.99402,4.64193,-1.60366,50,5.29681,13.70824,-133.31766,-2.39862,-17.92391,29.59826,-23.8489,3ab2ca3a-b877-4aa6-9e24-916f8a43f429,NA,NA,NA,NA,NA,807272,"Myers, Kolt",NA,NA,NA,Right,NA,NA,NA,NA,NA,NA,NA,NA,NA,NA,NA,NA,NA,NA,NA,NA,cfa330c0-b6c0-11f0-84b6-01d555e46d76,3,3,FLA_GAT,10,Top,2,Sinker,Undefined,Undefined,Undefined,0,0,NA,JUD,FLA_GAT,121Financial,TeamExclusive,Team,20251031-121Financial-Private-2,90.90094,NA,NA,8.48317,NA,NA,NA,78e623f9-aa27-4d61-8f19-ec9f4998400f,2025-11-01,01:19:27,2025-11-01T01:19:27Z,2025-11-01T01:19:27Z,NA,v3,471326,471297,NA,"Pomper, Griffin",10124955,Right,JUD,54.57386,-134.32928,14.79913,5.36487,-1.58351,-11.92445,-2.08266,14.32084,-8.96196,NA,NA,NA,NA,NA,NA,NA,NA,NA,NA,NA,NA,NA,NA,NA,NA,NA,NA,NA,NA,NA,NA,NA,NA,NA,NA,NA,NA,NA,NA,NA,NA,NA,NA,NA,NA,NA,NA,NA,NA,NA,NA,NA,NA,NA,NA,NA,NA,NA,NA,High,High,High,NA,NA,NA,NA,NA,NA,NA,NA,NA,NA,NA,NA,NA,NA,NA,NA,NA,NA,NA,NA,NA,NA,NA,NA,NA,NA,NA,NA,NA,NA,NA,NA,NA,NA
331,2025-10-31,21:19:48,"Brooks, Grant",1000181317,Right,JUD,Undefined,3,0,BallCalled,Fastball,NA,NA,91.13649,0.74898,-2.919739,2357.930918,256.432416,02:30:00,5.3475,2.47217,5.99401,-28.55683,5.24437,16.97729,3.66278,1.1789,82.5493,-4.579862,0.129611,0.418444,-9.508,2.83756,-2.25082,50,5.39114,5.9906,-132.17636,0.73179,-16.6828,30.32454,-27.19525,5350d084-9aee-407c-816d-19d29ec1c1db,NA,NA,NA,NA,NA,807272,"Myers, Kolt",NA,NA,NA,Right,NA,NA,NA,NA,NA,NA,NA,NA,NA,NA,NA,NA,NA,NA,NA,NA,dc2a4860-b6c0-11f0-84b6-01d555e46d76,3,4,FLA_GAT,10,Top,2,Sinker,Walk,Undefined,Undefined,0,0,NA,JUD,FLA_GAT,121Financial,TeamExclusive,Team,20251031-121Financial-Private-2,90.07762,NA,NA,8.58719,NA,NA,NA,78e623f9-aa27-4d61-8f19-ec9f4998400f,2025-11-01,01:19:48,2025-11-01T01:19:48Z,2025-11-01T01:19:48Z,NA,v3,471326,471297,NA,"Pomper, Griffin",10124955,Right,JUD,54.50272,-133.20539,15.16227,5.35065,1.6546400000000001,-13.59763,-2.46371,6.55672,-8.3414,NA,NA,NA,NA,NA,NA,NA,NA,NA,NA,NA,NA,NA,NA,NA,NA,NA,NA,NA,NA,NA,NA,NA,NA,NA,NA,NA,NA,NA,NA,NA,NA,NA,NA,NA,NA,NA,NA,NA,NA,NA,NA,NA,NA,NA,NA,NA,NA,NA,NA,High,High,High,NA,NA,NA,NA,NA,NA,NA,NA,NA,NA,NA,NA,NA,NA,NA,NA,NA,NA,NA,NA,NA,NA,NA,NA,NA,NA,NA,NA,NA,NA,NA,NA,NA,NA
332,2025-10-31,21:20:49,"Brooks, Grant",1000181317,Right,JUD,Undefined,0,0,BallCalled,ChangeUp,NA,NA,81.37192,0.435889,-1.764536,2286.37747,46.834216,07:30:00,5.22337,2.54338,5.15673,-51.59085,-7.90611,-9.95201,1.33464,0.05256,74.48163,-8.885923,-3.52857,0.475704,4.41142,-3.60709,-2.37071,50,5.22454,4.05804,-118.01873,-1.02781,6.17054,24.19023,-37.21954,0be19e09-ce06-48c3-9412-bea7a80029e5,NA,NA,NA,NA,NA,10106056,"Kendall, Jacob",NA,NA,NA,Left,NA,NA,NA,NA,NA,NA,NA,NA,NA,NA,NA,NA,NA,NA,NA,NA,0099ace0-b6c1-11f0-84b6-01d555e46d76,4,1,FLA_GAT,10,Top,2,Curveball,Undefined,Undefined,Undefined,0,0,NA,JUD,FLA_GAT,121Financial,TeamExclusive,Team,20251031-121Financial-Private-2,79.23514,NA,NA,6.89029,NA,NA,NA,78e623f9-aa27-4d61-8f19-ec9f4998400f,2025-11-01,01:20:49,2025-11-01T01:20:49Z,2025-11-01T01:20:49Z,NA,v3,471326,471297,NA,"Pomper, Griffin",10124955,Right,JUD,55.34276,-119.1088,12.09512,5.23307,0.64939,-18.60977,-2.54731,3.77999,3.08527,NA,NA,NA,NA,NA,NA,NA,NA,NA,NA,NA,NA,NA,NA,NA,NA,NA,NA,NA,NA,NA,NA,NA,NA,NA,NA,NA,NA,NA,NA,NA,NA,NA,NA,NA,NA,NA,NA,NA,NA,NA,NA,NA,NA,NA,NA,NA,NA,NA,NA,High,High,High,NA,NA,NA,NA,NA,NA,NA,NA,NA,NA,NA,NA,NA,NA,NA,NA,NA,NA,NA,NA,NA,NA,NA,NA,NA,NA,NA,NA,NA,NA,NA,NA,NA,NA
333,2025-10-31,21:21:05,"Brooks, Grant",1000181317,Right,JUD,Undefined,1,0,BallCalled,Fastball,NA,NA,92.08883,-1.067975,-4.657096,2398.343671,234.557385,01:45:00,5.31664,2.22415,5.77471,-22.43753,11.02819,13.8893,2.44967,-0.96148,83.54455,-5.266325,-2.180667,0.416362,-8.53638,6.27036,-1.84755,50,5.2147,10.25464,-133.28116,-3.26059,-15.24712,30.52605,-20.97438,7f4fccaf-72bc-47c2-bb99-3158d45d0612,NA,NA,NA,NA,NA,10106056,"Kendall, Jacob",NA,NA,NA,Left,NA,NA,NA,NA,NA,NA,NA,NA,NA,NA,NA,NA,NA,NA,NA,NA,0a2fe620-b6c1-11f0-84b6-01d555e46d76,4,2,FLA_GAT,10,Top,2,Sinker,Undefined,Undefined,Undefined,0,0,NA,JUD,FLA_GAT,121Financial,TeamExclusive,Team,20251031-121Financial-Private-2,90.52798,NA,NA,8.54428,NA,NA,NA,78e623f9-aa27-4d61-8f19-ec9f4998400f,2025-11-01,01:21:05,2025-11-01T01:21:05Z,2025-11-01T01:21:05Z,NA,v3,471326,471297,NA,"Pomper, Griffin",10124955,Right,JUD,54.72438,-134.35885,15.26303,5.31674,-2.52011,-10.48719,-2.21908,10.79293,-7.62356,NA,NA,NA,NA,NA,NA,NA,NA,NA,NA,NA,NA,NA,NA,NA,NA,NA,NA,NA,NA,NA,NA,NA,NA,NA,NA,NA,NA,NA,NA,NA,NA,NA,NA,NA,NA,NA,NA,NA,NA,NA,NA,NA,NA,NA,NA,NA,NA,NA,NA,High,High,High,NA,NA,NA,NA,NA,NA,NA,NA,NA,NA,NA,NA,NA,NA,NA,NA,NA,NA,NA,NA,NA,NA,NA,NA,NA,NA,NA,NA,NA,NA,NA,NA,NA,NA
334,2025-10-31,21:21:22,"Brooks, Grant",1000181317,Right,JUD,Undefined,2,0,StrikeCalled,Fastball,NA,NA,91.37658,-1.202299,-2.862749,2307.768697,247.091107,02:15:00,5.36518,2.48655,5.89627,-26.30438,7.42823,14.86808,2.05538,1.06558,83.02871,-6.102295,-0.195298,0.418019,-8.41516,4.51721,-2.2643,50,5.2534,5.96722,-132.49771,-3.70191,-14.84966,30.25213,-24.20285,cdec52ba-2aaa-4ced-8bb1-1609f87f88c4,NA,NA,NA,NA,NA,10106056,"Kendall, Jacob",NA,NA,NA,Left,NA,NA,NA,NA,NA,NA,NA,NA,NA,NA,NA,NA,NA,NA,NA,NA,143a8c10-b6c1-11f0-84b6-01d555e46d76,4,3,FLA_GAT,10,Top,2,Sinker,Undefined,Undefined,Undefined,0,0,NA,JUD,FLA_GAT,121Financial,TeamExclusive,Team,20251031-121Financial-Private-2,90.16911,NA,NA,8.34787,NA,NA,NA,78e623f9-aa27-4d61-8f19-ec9f4998400f,2025-11-01,01:21:22,2025-11-01T01:21:22Z,2025-11-01T01:21:22Z,NA,v3,471326,471297,NA,"Pomper, Griffin",10124955,Right,JUD,54.60057,-133.54399,15.12606,5.36696,-2.86485,-12.10142,-2.47956,6.4808,-7.42483,NA,NA,NA,NA,NA,NA,NA,NA,NA,NA,NA,NA,NA,NA,NA,NA,NA,NA,NA,NA,NA,NA,NA,NA,NA,NA,NA,NA,NA,NA,NA,NA,NA,NA,NA,NA,NA,NA,NA,NA,NA,NA,NA,NA,NA,NA,NA,NA,NA,NA,High,High,High,NA,NA,NA,NA,NA,NA,NA,NA,NA,NA,NA,NA,NA,NA,NA,NA,NA,NA,NA,NA,NA,NA,NA,NA,NA,NA,NA,NA,NA,NA,NA,NA,NA,NA
335,2025-10-31,21:21:42,"Brooks, Grant",1000181317,Right,JUD,Undefined,2,1,BallCalled,Fastball,NA,NA,90.76746,-0.788768,-1.828024,2369.30875,249.351922,02:15:00,5.26685,2.38673,5.67522,-26.69423,7.85918,17.65292,2.30658,2.15305,82.17311,-5.753557,1.328984,0.423074,-9.43351,4.60922,-2.24338,50,5.18383,3.39263,-131.62243,-2.76961,-16.36493,30.83811,-24.17817,396affde-f394-477e-bcbe-23d9f32201ee,NA,NA,NA,NA,NA,10106056,"Kendall, Jacob",NA,NA,NA,Left,NA,NA,NA,NA,NA,NA,NA,NA,NA,NA,NA,NA,NA,NA,NA,NA,201696a0-b6c1-11f0-84b6-01d555e46d76,4,4,FLA_GAT,10,Top,2,Sinker,Undefined,Undefined,Undefined,0,0,NA,JUD,FLA_GAT,121Financial,TeamExclusive,Team,20251031-121Financial-Private-2,89.09173,NA,NA,8.59435,NA,NA,NA,78e623f9-aa27-4d61-8f19-ec9f4998400f,2025-11-01,01:21:42,2025-11-01T01:21:42Z,2025-11-01T01:21:42Z,NA,v3,471326,471297,NA,"Pomper, Griffin",10124955,Right,JUD,54.82066,-132.74706,15.41906,5.26876,-1.88785,-12.08909,-2.37799,3.98945,-8.18246,NA,NA,NA,NA,NA,NA,NA,NA,NA,NA,NA,NA,NA,NA,NA,NA,NA,NA,NA,NA,NA,NA,NA,NA,NA,NA,NA,NA,NA,NA,NA,NA,NA,NA,NA,NA,NA,NA,NA,NA,NA,NA,NA,NA,NA,NA,NA,NA,NA,NA,High,High,High,NA,NA,NA,NA,NA,NA,NA,NA,NA,NA,NA,NA,NA,NA,NA,NA,NA,NA,NA,NA,NA,NA,NA,NA,NA,NA,NA,NA,NA,NA,NA,NA,NA,NA
336,2025-10-31,21:22:02,"Brooks, Grant",1000181317,Right,JUD,Undefined,3,1,BallinDirt,Fastball,NA,NA,91.52789,-1.933133,-5.150146,2313.863077,252.447251,02:30:00,5.40386,2.35654,5.89705,-26.3623,7.51292,19.97241,1.40436,-0.77332,82.93263,-6.841334,-1.580271,0.418902,-11.70485,4.80118,-1.9522,50,5.23274,11.03441,-132.30063,-5.40288,-20.55947,30.5921,-23.74078,67cd2ebd-b35f-4091-8ef8-8cd2cc423f9d,NA,NA,NA,NA,NA,10106056,"Kendall, Jacob",NA,NA,NA,Left,NA,NA,NA,NA,NA,NA,NA,NA,NA,NA,NA,NA,NA,NA,NA,NA,2bd38070-b6c1-11f0-84b6-01d555e46d76,4,5,FLA_GAT,10,Top,2,Sinker,Walk,Undefined,Undefined,0,0,NA,JUD,FLA_GAT,121Financial,TeamExclusive,Team,20251031-121Financial-Private-2,89.97914,NA,NA,8.59526,NA,NA,NA,78e623f9-aa27-4d61-8f19-ec9f4998400f,2025-11-01,01:22:02,2025-11-01T01:22:02Z,2025-11-01T01:22:02Z,NA,v3,471326,471297,NA,"Pomper, Griffin",10124955,Right,JUD,54.60028,-133.36012,15.29605,5.40562,-4.58068,-11.87039,-2.34669,11.74644,-10.27973,NA,NA,NA,NA,NA,NA,NA,NA,NA,NA,NA,NA,NA,NA,NA,NA,NA,NA,NA,NA,NA,NA,NA,NA,NA,NA,NA,NA,NA,NA,NA,NA,NA,NA,NA,NA,NA,NA,NA,NA,NA,NA,NA,NA,NA,NA,NA,NA,NA,NA,High,High,High,NA,NA,NA,NA,NA,NA,NA,NA,NA,NA,NA,NA,NA,NA,NA,NA,NA,NA,NA,NA,NA,NA,NA,NA,NA,NA,NA,NA,NA,NA,NA,NA,NA,NA
337,2025-10-31,21:22:34,"Brooks, Grant",1000181317,Right,JUD,Undefined,0,0,BallCalled,Fastball,NA,NA,91.05943,0.150033,-1.611302,2524.773845,224.464345,01:30:00,5.40841,2.21591,5.96398,-18.8882,15.02788,13.60068,3.97357,1.85489,82.28392,-3.448339,0.832225,0.419154,-7.39898,7.98721,-2.09528,50,5.40979,3.11253,-132.12101,-0.22619,-12.94487,30.83303,-18.20005,8e536737-12ea-47f1-b1bb-4887d197b1b3,NA,NA,NA,NA,NA,806035,"Brookins, Blake",NA,NA,NA,Left,NA,NA,NA,NA,NA,NA,NA,NA,NA,NA,NA,NA,NA,NA,NA,NA,3f015280-b6c1-11f0-84b6-01d555e46d76,5,1,FLA_GAT,10,Top,2,Four-Seam,Undefined,Undefined,Undefined,0,0,NA,JUD,FLA_GAT,121Financial,TeamExclusive,Team,20251031-121Financial-Private-2,89.92494,NA,NA,8.77551,NA,NA,NA,78e623f9-aa27-4d61-8f19-ec9f4998400f,2025-11-01,01:22:34,2025-11-01T01:22:34Z,2025-11-01T01:22:34Z,NA,v3,471326,471297,NA,"Pomper, Griffin",10124955,Right,JUD,54.53106,-133.17423,15.41652,5.4069,0.3955,-9.10002,-2.20915,3.5547,-6.47243,NA,NA,NA,NA,NA,NA,NA,NA,NA,NA,NA,NA,NA,NA,NA,NA,NA,NA,NA,NA,NA,NA,NA,NA,NA,NA,NA,NA,NA,NA,NA,NA,NA,NA,NA,NA,NA,NA,NA,NA,NA,NA,NA,NA,NA,NA,NA,NA,NA,NA,High,High,High,NA,NA,NA,NA,NA,NA,NA,NA,NA,NA,NA,NA,NA,NA,NA,NA,NA,NA,NA,NA,NA,NA,NA,NA,NA,NA,NA,NA,NA,NA,NA,NA,NA,NA
338,2025-10-31,21:22:53,"Brooks, Grant",1000181317,Right,JUD,Undefined,1,0,FoulBallNotFieldable,Fastball,NA,NA,91.97341,-0.526446,-3.050763,2227.913766,254.022328,02:30:00,5.3788,2.29898,5.81117,-27.49462,5.96638,16.81095,2.59735,0.86036,83.34593,-5.639051,-0.040513,0.416333,-9.41359,3.57201,-2.05837,50,5.31954,6.33892,-133.32258,-2.22022,-16.79119,31.06874,-25.80262,62097e00-a04d-4d69-9a8d-6bdbf7e42dce,NA,NA,NA,NA,NA,806035,"Brookins, Blake",NA,NA,NA,Left,NA,NA,NA,NA,NA,NA,NA,NA,NA,NA,NA,NA,NA,NA,NA,NA,4a935bc0-b6c1-11f0-84b6-01d555e46d76,5,2,FLA_GAT,10,Top,2,Sinker,Undefined,Undefined,Undefined,0,0,NA,JUD,FLA_GAT,121Financial,TeamExclusive,Team,20251031-121Financial-Private-2,90.53432,NA,NA,8.62749,NA,NA,NA,78e623f9-aa27-4d61-8f19-ec9f4998400f,2025-11-01,01:22:53,2025-11-01T01:22:53Z,2025-11-01T01:22:53Z,NA,v3,471326,471297,NA,"Pomper, Griffin",10124955,Right,JUD,54.68522,-134.40996,15.53437,5.38144,-1.31715,-12.90131,-2.29052,6.9266,-8.39559,NA,NA,NA,NA,NA,NA,NA,NA,NA,NA,NA,NA,NA,NA,NA,NA,NA,NA,NA,NA,NA,NA,NA,NA,NA,NA,NA,NA,NA,NA,NA,NA,NA,NA,NA,NA,NA,NA,NA,NA,NA,NA,NA,NA,NA,NA,NA,NA,NA,NA,High,High,High,NA,NA,NA,NA,NA,NA,NA,NA,NA,NA,NA,NA,NA,NA,NA,NA,NA,NA,NA,NA,NA,NA,NA,NA,NA,NA,NA,NA,NA,NA,NA,NA,NA,NA
339,2025-10-31,21:23:14,"Brooks, Grant",1000181317,Right,JUD,Undefined,1,1,InPlay,Slider,NA,NA,82.12615,1.867438,-1.456137,2496.705472,59.868711,08:00:00,5.25689,2.41413,5.46338,-48.44345,-5.21225,-11.86402,2.96895,0.0623,73.46218,-7.02487,-3.567908,0.473228,5.44091,-2.81831,-2.27757,50,5.38847,3.51836,-118.86788,2.1475,7.5667,28.72869,-36.09348,81976929-eb8a-4164-8bad-7f78d9c9659b,NA,NA,NA,NA,7.844602,806035,"Brookins, Blake",NA,NA,90.33671,Left,-9.507918,NA,NA,NA,16.01415,15.29483,0.117504,7.857324,0.95967,2.90376,0.01325,NA,NA,NA,NA,NA,56ef1da0-b6c1-11f0-84b6-01d555e46d76,5,3,FLA_GAT,10,Top,2,Curveball,Undefined,GroundBall,Out,1,0,NA,JUD,FLA_GAT,121Financial,TeamExclusive,Team,20251031-121Financial-Private-2,79.64972,2.90376,NA,8.66397,NA,NA,NA,78e623f9-aa27-4d61-8f19-ec9f4998400f,2025-11-01,01:23:14,2025-11-01T01:23:14Z,2025-11-01T01:23:14Z,GroundBall,v3,471326,471297,NA,"Pomper, Griffin",10124955,Right,JUD,55.03315,-120.07816,14.36435,5.26597,3.66804,-18.04674,-2.41907,3.1996000000000002,3.78335,323.321877,0.95984,129.43162,-22.0876,NA,NA,NA,NA,NA,NA,2.90407,-21.92114,-23.79618,NA,NA,NA,NA,NA,NA,0.0131,17.85189,5.69372,NA,NA,NA,NA,NA,NA,NA,NA,NA,NA,NA,NA,NA,NA,NA,NA,NA,NA,NA,NA,NA,NA,NA,NA,NA,NA,NA,NA,High,High,High,High,High,NA,NA,NA,NA,NA,NA,NA,NA,NA,NA,NA,NA,NA,NA,NA,NA,NA,NA,NA,NA,NA,NA,NA,NA,NA,NA,NA,NA,NA,NA,NA,NA
