PitchNo,Date,Time,Pitcher,PitcherId,PitcherThrows,PitcherTeam,PitcherSet,Balls,Strikes,PitchCall,TaggedPitchType,PitchSession,Flag,RelSpeed,VertRelAngle,HorzRelAngle,SpinRate,SpinAxis,Tilt,RelHeight,RelSide,Extension,VertBreak,InducedVertBreak,HorzBreak,PlateLocHeight,PlateLocSide,ZoneSpeed,VertApprAngle,HorzApprAngle,ZoneTime,pfxx,pfxz,x0,y0,z0,vx0,vy0,vz0,ax0,ay0,az0,PlayID,CalibrationId,EffVelocity,PracticeType,Device,Direction,BatterId,Batter,HitSpinRate,HitType,ExitSpeed,BatterSide,Angle,PositionAt110X,PositionAt110Y,PositionAt110Z,Distance,LastTrackedDistance,HangTime,Bearing,ContactPositionX,ContactPositionY,ContactPositionZ,SpinAxis3dTransverseAngle,SpinAxis3dLongitudinalAngle,SpinAxis3dActiveSpinRate,SpinAxis3dSpinEfficiency,SpinAxis3dTilt,PitchUID,PAofInning,PitchofPA,BatterTeam,Inning,Top/Bottom,Outs,AutoPitchType,KorBB,TaggedHitType,PlayResult,OutsOnPlay,RunsScored,Notes,HomeTeam,AwayTeam,Stadium,Level,League,GameID,EffectiveVelo,MaxHeight,MeasuredDuration,SpeedDrop,PitchLastMeasuredX,PitchLastMeasuredY,PitchLastMeasuredZ,GameUID,UTCDate,UTCTime,LocalDateTime,UTCDateTime,AutoHitType,System,HomeTeamForeignID,AwayTeamForeignID,GameForeignID,Catcher,CatcherId,CatcherThrows,CatcherTeam,PitchTrajectoryXc0,PitchTrajectoryXc1,PitchTrajectoryXc2,PitchTrajectoryYc0,PitchTrajectoryYc1,PitchTrajectoryYc2,PitchTrajectoryZc0,PitchTrajectoryZc1,PitchTrajectoryZc2,HitSpinAxis,HitTrajectoryXc0,HitTrajectoryXc1,HitTrajectoryXc2,HitTrajectoryXc3,HitTrajectoryXc4,HitTrajectoryXc5,HitTrajectoryXc6,HitTrajectoryXc7,HitTrajectoryXc8,HitTrajectoryYc0,HitTrajectoryYc1,HitTrajectoryYc2,HitTrajectoryYc3,HitTrajectoryYc4,HitTrajectoryYc5,HitTrajectoryYc6,HitTrajectoryYc7,HitTrajectoryYc8,HitTrajectoryZc0,HitTrajectoryZc1,HitTrajectoryZc2,HitTrajectoryZc3,HitTrajectoryZc4,HitTrajectoryZc5,HitTrajectoryZc6,HitTrajectoryZc7,HitTrajectoryZc8,ThrowSpeed,PopTime,ExchangeTime,TimeToBase,CatchPositionX,CatchPositionY,CatchPositionZ,ThrowPositionX,ThrowPositionY,ThrowPositionZ,BasePositionX,BasePositionY,BasePositionZ,ThrowTrajectoryXc0,ThrowTrajectoryXc1,ThrowTrajectoryXc2,ThrowTrajectoryYc0,ThrowTrajectoryYc1,ThrowTrajectoryYc2,ThrowTrajectoryZc0,ThrowTrajectoryZc1,ThrowTrajectoryZc2,PitchReleaseConfidence,PitchLocationConfidence,PitchMovementConfidence,HitLaunchConfidence,HitLandingConfidence,CatcherThrowCatchConfidence,CatcherThrowReleaseConfidence,CatcherThrowLocationConfidence,SpinAxis3dVectorX,SpinAxis3dVectorY,SpinAxis3dVectorZ,SpinAxis3dSeamOrientationRotationX,SpinAxis3dSeamOrientationRotationY,SpinAxis3dSeamOrientationRotationZ,SpinAxis3dSeamOrientationBallYAmb1,SpinAxis3dSeamOrientationBallAngleHorizontalAmb1,SpinAxis3dSeamOrientationBallZAmb1,SpinAxis3dSeamOrientationBallAngleVerticalAmb2,SpinAxis3dSeamOrientationBallZAmb2,SpinAxis3dSeamOrientationBallXAmb4,SpinAxis3dSeamOrientationBallYAmb4,SpinAxis3dSeamOrientationBallAngleHorizontalAmb2,SpinAxis3dSeamOrientationBallAngleVerticalAmb1,SpinAxis3dSeamOrientationBallXAmb1,SpinAxis3dSeamOrientationBallYAmb2,SpinAxis3dSeamOrientationBallAngleHorizontalAmb4,SpinAxis3dSeamOrientationBallAngleVerticalAmb4,SpinAxis3dSeamOrientationBallXAmb2,SpinAxis3dSeamOrientationBallAngleVerticalAmb3,SpinAxis3dSeamOrientationBallAngleHorizontalAmb3,SpinAxis3dSeamOrientationBallXAmb3,SpinAxis3dSeamOrientationBallYAmb3,SpinAxis3dSeamOrientationBallZAmb3,SpinAxis3dSeamOrientationBallZAmb4,BatSpeed,VerticalAttackAngle,HorizontalAttackAngle
1,2025-11-12,16:01:58,"Biemiller, McCall",803538,Left,FLA_GAT,Undefined,0,0,StrikeCalled,Fastball,NA,NA,91.40923,-2.537888,3.115571,2187.554173,151.544378,11:00:00,5.7034,-2.11744,5.8197,-15.33288,18.41855,-9.37063,2.06103,0.00122,83.23867,-5.462828,1.439305,0.418136,5.65252,10.44981,1.86779,50,5.48629,-6.79226,-132.42466,-6.32311,10.00691,29.07949,-13.67426,38f864c2-0178-43b0-bfac-cfd00066e90e,NA,NA,NA,NA,NA,812807,"Jones, Kyle",NA,NA,NA,Right,NA,NA,NA,NA,NA,NA,NA,NA,NA,NA,NA,NA,NA,NA,NA,NA,d6762bc0-c00a-11f0-a406-372210f9cb79,1,1,FLA_GAT,1,Top,0,Four-Seam,Undefined,Undefined,Undefined,0,0,NA,FLA_GAT,FLA_GAT,CondronBallpark,TeamExclusive,Team,20251112-CondronBallpark-Private-2,90.14398,NA,NA,8.17056,NA,NA,NA,8fb8e9a3-628d-4bd2-917e-53033ce94b91,2025-11-12,21:01:58,2025-11-12T21:01:58Z,2025-11-12T21:01:58Z,NA,v3,471297,471297,NA,"Malzone, Aj",1000352389,Right,FLA_GAT,54.67756,-133.44786,14.53975,5.70031,-5.84196,-6.83713,2.11298,-7.14437,5.00345,NA,NA,NA,NA,NA,NA,NA,NA,NA,NA,NA,NA,NA,NA,NA,NA,NA,NA,NA,NA,NA,NA,NA,NA,NA,NA,NA,NA,NA,NA,NA,NA,NA,NA,NA,NA,NA,NA,NA,NA,NA,NA,NA,NA,NA,NA,NA,NA,NA,NA,High,High,High,NA,NA,NA,NA,NA,NA,NA,NA,NA,NA,NA,NA,NA,NA,NA,NA,NA,NA,NA,NA,NA,NA,NA,NA,NA,NA,NA,NA,NA,NA,NA,NA,NA,NA
2,2025-11-12,16:02:11,"Biemiller, McCall",803538,Left,FLA_GAT,Undefined,0,1,StrikeCalled,Fastball,NA,NA,92.17728,-1.940718,4.017507,2122.994844,116.188832,09:45:00,5.71032,-2.22181,5.9071,-23.27037,9.79709,-17.70733,1.96458,0.03783,84.08792,-6.283245,0.845639,0.413877,10.18548,5.89894,1.90877,50,5.54082,-8.60103,-133.54139,-5.33177,18.35183,29.35842,-21.54552,c7c770b9-64c8-4b5b-947d-6dcfcf49e96d,NA,NA,NA,NA,NA,812807,"Jones, Kyle",NA,NA,NA,Right,NA,NA,NA,NA,NA,NA,NA,NA,NA,NA,NA,NA,NA,NA,NA,NA,ddefc690-c00a-11f0-a406-372210f9cb79,1,2,FLA_GAT,1,Top,0,Sinker,Undefined,Undefined,Undefined,0,0,NA,FLA_GAT,FLA_GAT,CondronBallpark,TeamExclusive,Team,20251112-CondronBallpark-Private-2,91.07152,NA,NA,8.08936,NA,NA,NA,8fb8e9a3-628d-4bd2-917e-53033ce94b91,2025-11-12,21:02:11,2025-11-12T21:02:11Z,2025-11-12T21:02:11Z,NA,v3,471297,471297,NA,"Malzone, Aj",1000352389,Right,FLA_GAT,54.59209,-134.54715,14.67921,5.71083,-4.59366,-10.77276,2.21419,-9.22973,9.17592,NA,NA,NA,NA,NA,NA,NA,NA,NA,NA,NA,NA,NA,NA,NA,NA,NA,NA,NA,NA,NA,NA,NA,NA,NA,NA,NA,NA,NA,NA,NA,NA,NA,NA,NA,NA,NA,NA,NA,NA,NA,NA,NA,NA,NA,NA,NA,NA,NA,NA,High,High,High,NA,NA,NA,NA,NA,NA,NA,NA,NA,NA,NA,NA,NA,NA,NA,NA,NA,NA,NA,NA,NA,NA,NA,NA,NA,NA,NA,NA,NA,NA,NA,NA,NA,NA
3,2025-11-12,16:02:24,"Biemiller, McCall",803538,Left,FLA_GAT,Undefined,0,2,FoulBallNotFieldable,Fastball,NA,NA,91.14315,-0.800885,2.617722,2154.319235,120.76002,10:00:00,5.59703,-2.37986,5.79561,-25.14934,8.68249,-12.7593,2.75547,-1.00652,83.20157,-5.479763,0.333177,0.418634,7.24839,4.98366,2.17218,50,5.51609,-5.48884,-132.26284,-2.72963,12.81664,28.68399,-23.36192,ad92387e-7392-4d99-9e71-6f614b1bfa96,NA,NA,NA,NA,NA,812807,"Jones, Kyle",NA,NA,NA,Right,NA,NA,NA,NA,NA,NA,NA,NA,NA,NA,NA,NA,NA,NA,NA,NA,e5f8f730-c00a-11f0-a406-372210f9cb79,1,3,FLA_GAT,1,Top,0,Sinker,Undefined,Undefined,Undefined,0,0,NA,FLA_GAT,FLA_GAT,CondronBallpark,TeamExclusive,Team,20251112-CondronBallpark-Private-2,90.03682,NA,NA,7.94158,NA,NA,NA,8fb8e9a3-628d-4bd2-917e-53033ce94b91,2025-11-12,21:02:24,2025-11-12T21:02:24Z,2025-11-12T21:02:24Z,NA,v3,471297,471297,NA,"Malzone, Aj",1000352389,Right,FLA_GAT,54.70334,-133.27895,14.342,5.59813,-1.90205,-11.68096,2.37466,-5.94286,6.40832,NA,NA,NA,NA,NA,NA,NA,NA,NA,NA,NA,NA,NA,NA,NA,NA,NA,NA,NA,NA,NA,NA,NA,NA,NA,NA,NA,NA,NA,NA,NA,NA,NA,NA,NA,NA,NA,NA,NA,NA,NA,NA,NA,NA,NA,NA,NA,NA,NA,NA,High,High,High,NA,NA,NA,NA,NA,NA,NA,NA,NA,NA,NA,NA,NA,NA,NA,NA,NA,NA,NA,NA,NA,NA,NA,NA,NA,NA,NA,NA,NA,NA,NA,NA,NA,NA
4,2025-11-12,16:02:39,"Biemiller, McCall",803538,Left,FLA_GAT,Undefined,0,2,FoulBallFieldable,Slider,NA,NA,80.93773,0.821579,0.729517,2520.165056,264.99463,02:45:00,5.93852,-2.06596,5.2928,-40.96967,3.00847,17.53859,3.29591,0.0806,73.67039,-6.676464,3.84264,0.477298,-8.59323,1.66366,1.98612,50,5.98346,-2.21411,-117.40813,0.25478,-11.87503,24.30103,-29.87502,437be267-e905-45f7-aaae-5ed631e742d6,NA,NA,NA,NA,43.389269,812807,"Jones, Kyle",NA,NA,71.81095,Right,70.355356,NA,NA,NA,112.40802,37.60686,5.175159,70.335691,0.48967,4.11814,-0.03531,NA,NA,NA,NA,NA,eec8fa40-c00a-11f0-a406-372210f9cb79,1,4,FLA_GAT,1,Top,0,Slider,Undefined,Undefined,Undefined,0,0,NA,FLA_GAT,FLA_GAT,CondronBallpark,TeamExclusive,Team,20251112-CondronBallpark-Private-2,78.97041,115.14047,NA,7.26734,NA,NA,NA,8fb8e9a3-628d-4bd2-917e-53033ce94b91,2025-11-12,21:02:39,2025-11-12T21:02:39Z,2025-11-12T21:02:39Z,Popup,v3,471297,471297,NA,"Malzone, Aj",1000352389,Right,FLA_GAT,55.20673,-118.48092,12.15051,5.94311,1.57363,-14.93751,2.07229,-1.68989,-5.93752,197.933508,0.47685,25.91881,-13.31868,4.80799,-1.00411,0.00112,0.05719,-0.01195,7.8e-4,4.11851,99.14862,-27.05508,2.45019,0.19984,-0.29954,0.08964,-0.01236,6.7e-4,-0.02049,24.04197,1.31056,-2.40664,1.47007,-0.51299,0.09908,-0.00972,3.7e-4,NA,NA,NA,NA,NA,NA,NA,NA,NA,NA,NA,NA,NA,NA,NA,NA,NA,NA,NA,NA,NA,NA,High,High,High,High,Low,NA,NA,NA,NA,NA,NA,NA,NA,NA,NA,NA,NA,NA,NA,NA,NA,NA,NA,NA,NA,NA,NA,NA,NA,NA,NA,NA,NA,NA,62.43394,14.51347,-22.30259
5,2025-11-12,16:03:09,"Biemiller, McCall",803538,Left,FLA_GAT,Undefined,0,2,FoulBallNotFieldable,Slider,NA,NA,80.16659,0.782604,0.756353,2537.120007,263.655853,02:45:00,5.93013,-2.04805,5.35191,-41.88837,3.29488,14.70985,3.17356,-0.1128,72.25783,-6.918929,3.370692,0.483794,-7.04059,1.93512,1.96948,50,5.97135,-2.15349,-116.12426,0.13788,-9.42794,25.666,-29.58277,5192ada2-78a3-4026-b424-25f919cf0888,NA,NA,NA,NA,168.132331,812807,"Jones, Kyle",4331.924969,NA,64.06831,Right,27.012715,NA,NA,NA,135.75629,45.4653,1.963854,173.442562,2.1368,3.08279,0.13963,NA,NA,NA,NA,NA,00e0a160-c00b-11f0-a406-372210f9cb79,1,5,FLA_GAT,1,Top,0,Slider,Undefined,Undefined,Undefined,0,0,NA,FLA_GAT,FLA_GAT,CondronBallpark,TeamExclusive,Team,20251112-CondronBallpark-Private-2,77.91014,21.35144,NA,7.90876,NA,NA,NA,8fb8e9a3-628d-4bd2-917e-53033ce94b91,2025-11-12,21:03:09,2025-11-12T21:03:09Z,2025-11-12T21:03:09Z,LineDrive,v3,471297,471297,NA,"Malzone, Aj",1000352389,Right,FLA_GAT,55.14328,-117.25553,12.833,5.93653,1.44178,-14.79139,2.05524,-1.73794,-4.71397,337.968088,2.13688,-81.93218,5.91922,-0.02714,0.54055,-0.72028,0.47653,-0.15296,0.01881,3.08277,42.68083,-27.57337,3.64042,-0.93011,0.38483,-0.17961,0.05794,-0.00796,0.13957,17.2209,-4.68095,0.09887,-0.42827,0.55007,-0.36197,0.11615,-0.01429,NA,NA,NA,NA,NA,NA,NA,NA,NA,NA,NA,NA,NA,NA,NA,NA,NA,NA,NA,NA,NA,NA,High,High,High,High,Low,NA,NA,NA,NA,NA,NA,NA,NA,NA,NA,NA,NA,NA,NA,NA,NA,NA,NA,NA,NA,NA,NA,NA,NA,NA,NA,NA,NA,NA,67.00277,9.63034,-18.43986
6,2025-11-12,16:03:24,"Biemiller, McCall",803538,Left,FLA_GAT,Undefined,0,2,InPlay,ChangeUp,NA,NA,87.64321,-1.082872,3.662311,1813.239381,124.491633,10:15:00,5.6923,-2.39167,6.05436,-26.91545,9.61445,-12.16812,2.44482,-0.01104,79.57223,-6.122249,1.476282,0.435006,7.40559,5.6437,2.11326,50,5.59358,-7.63914,-127.02562,-3.26331,11.99269,28.17259,-23.03457,60e9bc23-c802-48a0-9b80-0ce561bd8e89,NA,NA,NA,NA,32.260452,812807,"Jones, Kyle",NA,NA,78.25134,Right,49.961872,80.68306,91.9456,74.76792,225.18531,115.27768,4.823011,49.822098,1.75903,2.43558,0.02534,NA,NA,NA,NA,NA,09a4e4a0-c00b-11f0-a406-372210f9cb79,1,6,FLA_GAT,1,Top,0,Changeup,Undefined,FlyBall,Out,1,0,NA,FLA_GAT,FLA_GAT,CondronBallpark,TeamExclusive,Team,20251112-CondronBallpark-Private-2,86.64801,94.07316,NA,8.07098,NA,NA,NA,8fb8e9a3-628d-4bd2-917e-53033ce94b91,2025-11-12,21:03:24,2025-11-12T21:03:24Z,2025-11-12T21:03:24Z,FlyBall,v3,471297,471297,NA,"Malzone, Aj",1000352389,Right,FLA_GAT,54.44445,-128.00754,14.0863,5.69332,-2.46047,-11.51729,2.3868,-8.05713,5.99635,219.97853,1.81033,61.37253,-12.84707,-2.33859,4.63404,-2.23267,0.52154,-0.05932,0.00261,2.43897,87.77978,-24.71076,1.65003,0.50938,-0.42774,0.12926,-0.01847,0.00102,0.00342,39.84858,0.08306,1.06415,-1.5668,0.74277,-0.16777,0.01785,-7e-4,NA,NA,NA,NA,NA,NA,NA,NA,NA,NA,NA,NA,NA,NA,NA,NA,NA,NA,NA,NA,NA,NA,High,High,High,High,Low,NA,NA,NA,NA,NA,NA,NA,NA,NA,NA,NA,NA,NA,NA,NA,NA,NA,NA,NA,NA,NA,NA,NA,NA,NA,NA,NA,NA,NA,NA,NA,NA
7,2025-11-12,16:04:00,"Biemiller, McCall",803538,Left,FLA_GAT,Undefined,0,0,BallCalled,Slider,NA,NA,80.15266,0.273367,1.985408,2498.476058,259.153316,02:45:00,5.95647,-1.91577,5.15547,-41.11286,4.14071,13.48674,2.78789,1.07781,72.85145,-7.230206,4.370849,0.48417,-6.07496,2.45189,1.71954,50,5.95085,-4.59122,-116.12148,-0.89338,-8.19352,24.22297,-28.86711,cc28600f-0f13-4459-b2de-9539c65b9e29,NA,NA,NA,NA,NA,803734,"Yost, Hayden",NA,NA,NA,Left,NA,NA,NA,NA,NA,NA,NA,NA,NA,NA,NA,NA,NA,NA,NA,NA,1f5c95e0-c00b-11f0-a406-372210f9cb79,2,1,FLA_GAT,1,Top,1,Slider,Undefined,Undefined,Undefined,0,0,NA,FLA_GAT,FLA_GAT,CondronBallpark,TeamExclusive,Team,20251112-CondronBallpark-Private-2,77.84963,NA,NA,7.30121,NA,NA,NA,8fb8e9a3-628d-4bd2-917e-53033ce94b91,2025-11-12,21:04:00,2025-11-12T21:04:00Z,2025-11-12T21:04:00Z,NA,v3,471297,471297,NA,"Malzone, Aj",1000352389,Right,FLA_GAT,55.34179,-117.23048,12.11149,5.9615,0.42825,-14.43356,1.92116,-4.21609,-4.09676,NA,NA,NA,NA,NA,NA,NA,NA,NA,NA,NA,NA,NA,NA,NA,NA,NA,NA,NA,NA,NA,NA,NA,NA,NA,NA,NA,NA,NA,NA,NA,NA,NA,NA,NA,NA,NA,NA,NA,NA,NA,NA,NA,NA,NA,NA,NA,NA,NA,NA,High,High,High,NA,NA,NA,NA,NA,NA,NA,NA,NA,NA,NA,NA,NA,NA,NA,NA,NA,NA,NA,NA,NA,NA,NA,NA,NA,NA,NA,NA,NA,NA,NA,NA,NA,NA
8,2025-11-12,16:04:12,"Biemiller, McCall",803538,Left,FLA_GAT,Undefined,1,0,BallCalled,Fastball,NA,NA,90.90962,-2.64399,3.504604,2157.657035,139.729755,10:45:00,5.56978,-2.12923,5.91622,-24.99478,9.09032,-6.73626,1.02676,0.56596,82.94418,-7.288249,2.297066,0.420198,4.47874,5.7791,1.85191,50,5.34324,-7.77362,-131.65354,-6.94063,7.81956,29.31682,-22.08422,6a8320cb-33b4-47f7-ac6a-394a51b326b4,NA,NA,NA,NA,NA,803734,"Yost, Hayden",NA,NA,NA,Left,NA,NA,NA,NA,NA,NA,NA,NA,NA,NA,NA,NA,NA,NA,NA,NA,26a22860-c00b-11f0-a406-372210f9cb79,2,2,FLA_GAT,1,Top,1,Four-Seam,Undefined,Undefined,Undefined,0,0,NA,FLA_GAT,FLA_GAT,CondronBallpark,TeamExclusive,Team,20251112-CondronBallpark-Private-2,89.70171,NA,NA,7.96544,NA,NA,NA,8fb8e9a3-628d-4bd2-917e-53033ce94b91,2025-11-12,21:04:12,2025-11-12T21:04:12Z,2025-11-12T21:04:12Z,NA,v3,471297,471297,NA,"Malzone, Aj",1000352389,Right,FLA_GAT,54.5818,-132.6699,14.65841,5.57058,-6.17501,-11.04211,2.1261,-8.04471,3.90978,NA,NA,NA,NA,NA,NA,NA,NA,NA,NA,NA,NA,NA,NA,NA,NA,NA,NA,NA,NA,NA,NA,NA,NA,NA,NA,NA,NA,NA,NA,NA,NA,NA,NA,NA,NA,NA,NA,NA,NA,NA,NA,NA,NA,NA,NA,NA,NA,NA,NA,High,High,High,NA,NA,NA,NA,NA,NA,NA,NA,NA,NA,NA,NA,NA,NA,NA,NA,NA,NA,NA,NA,NA,NA,NA,NA,NA,NA,NA,NA,NA,NA,NA,NA,NA,NA
9,2025-11-12,16:04:26,"Biemiller, McCall",803538,Left,FLA_GAT,Undefined,2,0,StrikeCalled,Fastball,NA,NA,91.79043,-2.60066,2.728984,2340.129554,158.610563,11:15:00,5.6345,-2.20889,6.02746,-17.58438,15.72473,-5.71217,1.75623,-0.15562,83.40406,-5.939417,1.702543,0.415387,3.73949,9.19646,1.99836,50,5.42125,-6.09177,-133.00632,-6.57388,6.65132,30.41412,-15.81646,9c9d0c6b-aef5-4f6d-aee1-836fbc95b196,NA,NA,NA,NA,NA,803734,"Yost, Hayden",NA,NA,NA,Left,NA,NA,NA,NA,NA,NA,NA,NA,NA,NA,NA,NA,NA,NA,NA,NA,2eb67c90-c00b-11f0-a406-372210f9cb79,2,3,FLA_GAT,1,Top,1,Four-Seam,Undefined,Undefined,Undefined,0,0,NA,FLA_GAT,FLA_GAT,CondronBallpark,TeamExclusive,Team,20251112-CondronBallpark-Private-2,90.74056,NA,NA,8.38637,NA,NA,NA,8fb8e9a3-628d-4bd2-917e-53033ce94b91,2025-11-12,21:04:26,2025-11-12T21:04:26Z,2025-11-12T21:04:26Z,NA,v3,471297,471297,NA,"Malzone, Aj",1000352389,Right,FLA_GAT,54.46927,-134.02440000000001,15.20706,5.63244,-6.04444,-7.90823,2.206,-6.31441,3.32566,NA,NA,NA,NA,NA,NA,NA,NA,NA,NA,NA,NA,NA,NA,NA,NA,NA,NA,NA,NA,NA,NA,NA,NA,NA,NA,NA,NA,NA,NA,NA,NA,NA,NA,NA,NA,NA,NA,NA,NA,NA,NA,NA,NA,NA,NA,NA,NA,NA,NA,High,High,High,NA,NA,NA,NA,NA,NA,NA,NA,NA,NA,NA,NA,NA,NA,NA,NA,NA,NA,NA,NA,NA,NA,NA,NA,NA,NA,NA,NA,NA,NA,NA,NA,NA,NA
10,2025-11-12,16:04:40,"Biemiller, McCall",803538,Left,FLA_GAT,Undefined,2,1,StrikeCalled,Fastball,NA,NA,91.48403,-2.615255,3.112309,2324.54946,151.229711,11:00:00,5.68072,-2.23967,5.99383,-18.23761,15.11083,-7.71083,1.73208,0.0048,83.72569,-6.054626,1.728137,0.415632,4.82355,8.81603,1.99849,50,5.4642,-6.88268,-132.6262,-6.63021,8.59597,28.22333,-16.46313,c8b9616d-0588-4183-bf79-a319069b0215,NA,NA,NA,NA,NA,803734,"Yost, Hayden",NA,NA,NA,Left,NA,NA,NA,NA,NA,NA,NA,NA,NA,NA,NA,NA,NA,NA,NA,NA,36ce0510-c00b-11f0-a406-372210f9cb79,2,4,FLA_GAT,1,Top,1,Four-Seam,Undefined,Undefined,Undefined,0,0,NA,FLA_GAT,FLA_GAT,CondronBallpark,TeamExclusive,Team,20251112-CondronBallpark-Private-2,90.68699,NA,NA,7.75834,NA,NA,NA,8fb8e9a3-628d-4bd2-917e-53033ce94b91,2025-11-12,21:04:40,2025-11-12T21:04:40Z,2025-11-12T21:04:40Z,NA,v3,471297,471297,NA,"Malzone, Aj",1000352389,Right,FLA_GAT,54.50474,-133.58139,14.11166,5.67917,-6.07303,-8.23157,2.23635,-7.1736,4.29799,NA,NA,NA,NA,NA,NA,NA,NA,NA,NA,NA,NA,NA,NA,NA,NA,NA,NA,NA,NA,NA,NA,NA,NA,NA,NA,NA,NA,NA,NA,NA,NA,NA,NA,NA,NA,NA,NA,NA,NA,NA,NA,NA,NA,NA,NA,NA,NA,NA,NA,High,High,High,NA,NA,NA,NA,NA,NA,NA,NA,NA,NA,NA,NA,NA,NA,NA,NA,NA,NA,NA,NA,NA,NA,NA,NA,NA,NA,NA,NA,NA,NA,NA,NA,NA,NA
11,2025-11-12,16:04:54,"Biemiller, McCall",803538,Left,FLA_GAT,Undefined,2,2,StrikeSwinging,Fastball,NA,NA,90.22659,-1.030391,2.685964,2229.921911,147.687593,11:00:00,5.56151,-2.22786,6.02424,-19.39029,14.97217,-8.74252,2.99017,-0.4669,81.99472,-4.708023,1.11504,0.421904,5.26205,8.33752,2.02214,50,5.47024,-5.76584,-130.88001,-2.94263,9.07751,29.03039,-17.79115,b820b32a-c60e-4845-8981-0a5ff161bef8,NA,NA,NA,NA,NA,803734,"Yost, Hayden",NA,NA,NA,Left,NA,NA,NA,NA,NA,NA,NA,NA,NA,NA,NA,NA,NA,NA,NA,NA,3fab4e90-c00b-11f0-a406-372210f9cb79,2,5,FLA_GAT,1,Top,1,Four-Seam,Strikeout,Undefined,Undefined,0,0,NA,FLA_GAT,FLA_GAT,CondronBallpark,TeamExclusive,Team,20251112-CondronBallpark-Private-2,89.33895,NA,NA,8.23187,NA,NA,NA,8fb8e9a3-628d-4bd2-917e-53033ce94b91,2025-11-12,21:04:54,2025-11-12T21:04:54Z,2025-11-12T21:04:54Z,NA,v3,471297,471297,NA,"Malzone, Aj",1000352389,Right,FLA_GAT,54.47272,-131.86837,14.5152,5.56012,-2.33692,-8.89557,2.2237,-6.07489,4.53875,NA,NA,NA,NA,NA,NA,NA,NA,NA,NA,NA,NA,NA,NA,NA,NA,NA,NA,NA,NA,NA,NA,NA,NA,NA,NA,NA,NA,57.01653,2.691355,1.445018,1.246338,-1.75645,2.72164,0.40775,-1.48492,3.08361,0.08531,72.02296,6.92831,-52.76061,-1.46732,62.97969,-3.21998,3.20856,23.76837,-16.65924,0.00761,-48.0369,4.56358,High,High,High,NA,NA,High,High,High,NA,NA,NA,NA,NA,NA,NA,NA,NA,NA,NA,NA,NA,NA,NA,NA,NA,NA,NA,NA,NA,NA,NA,NA,NA,NA,NA,NA,NA
12,2025-11-12,16:05:19,"Biemiller, McCall",803538,Left,FLA_GAT,Undefined,0,0,BallinDirt,ChangeUp,NA,NA,87.82366,-3.36822,4.797874,1713.6795300000001,101.712695,09:30:00,5.61735,-2.13262,5.98144,-33.14258,3.36225,-10.4678,-0.2812,1.45274,80.60799,-9.449246,2.921006,0.434857,6.82441,3.01701,1.75879,50,5.33154,-10.24357,-126.98674,-8.61861,11.10274,26.89242,-27.26566,2a84b69f-0ac8-4aae-80dd-fc0597374a6c,NA,NA,NA,NA,NA,803724,"McDonald, Caden",NA,NA,NA,Right,NA,NA,NA,NA,NA,NA,NA,NA,NA,NA,NA,NA,NA,NA,NA,NA,4e5baed0-c00b-11f0-a406-372210f9cb79,3,1,FLA_GAT,1,Top,2,Changeup,Undefined,Undefined,Undefined,0,0,NA,FLA_GAT,FLA_GAT,CondronBallpark,TeamExclusive,Team,20251112-CondronBallpark-Private-2,86.67779,NA,NA,7.21566,NA,NA,NA,8fb8e9a3-628d-4bd2-917e-53033ce94b91,2025-11-12,21:05:19,2025-11-12T21:05:19Z,2025-11-12T21:05:19Z,NA,v3,471297,471297,NA,"Malzone, Aj",1000352389,Right,FLA_GAT,54.51935,-127.94024,13.44621,5.61998,-7.65188,-13.63283,2.12896,-10.63722,5.55137,NA,NA,NA,NA,NA,NA,NA,NA,NA,NA,NA,NA,NA,NA,NA,NA,NA,NA,NA,NA,NA,NA,NA,NA,NA,NA,NA,NA,NA,NA,NA,NA,NA,NA,NA,NA,NA,NA,NA,NA,NA,NA,NA,NA,NA,NA,NA,NA,NA,NA,High,High,High,NA,NA,NA,NA,NA,NA,NA,NA,NA,NA,NA,NA,NA,NA,NA,NA,NA,NA,NA,NA,NA,NA,NA,NA,NA,NA,NA,NA,NA,NA,NA,NA,NA,NA
13,2025-11-12,16:05:35,"Biemiller, McCall",803538,Left,FLA_GAT,Undefined,1,0,InPlay,Fastball,NA,NA,91.39402,-1.979909,2.133882,2285.569249,162.154556,11:30:00,5.60317,-2.24459,5.75385,-18.38741,15.24489,-4.56536,2.22578,-0.63769,83.6497,-5.436337,1.317177,0.417397,2.92831,8.64741,2.07037,50,5.42766,-4.74406,-132.62262,-5.18419,5.219,28.18329,-16.76226,2f0e3d3a-4097-4031-8aa3-afb9f3b88642,NA,NA,NA,NA,16.953779,803724,"McDonald, Caden",3706.663365,NA,105.66319,Right,38.361492,102.3772,81.34704,40.23409,397.70423,211.42231,5.883693,31.372801,1.3025,2.34005,0.6409,NA,NA,NA,NA,NA,57dba0f0-c00b-11f0-a406-372210f9cb79,3,2,FLA_GAT,1,Top,2,Four-Seam,Undefined,FlyBall,HomeRun,0,1,NA,FLA_GAT,FLA_GAT,CondronBallpark,TeamExclusive,Team,20251112-CondronBallpark-Private-2,90.30352,123.48091,NA,7.74431,NA,NA,NA,8fb8e9a3-628d-4bd2-917e-53033ce94b91,2025-11-12,21:05:35,2025-11-12T21:05:35Z,2025-11-12T21:05:35Z,FlyBall,v3,471297,471297,NA,"Malzone, Aj",1000352389,Right,FLA_GAT,54.74542,-133.62725,14.09165,5.60181,-4.58668,-8.38113,2.24279,-4.9301,2.6095,215.294348,1.31665,115.98683,-25.67779,5.61238,-0.69957,-0.02217,0.02093,-0.00248,9e-5,2.33931,96.17581,-23.04387,1.97102,-0.09746,-0.08667,0.03134,-0.00429,2.1e-4,0.64,35.45016,2.42935,-1.46483,0.45871,-0.10122,0.01576,-0.00152,7e-5,NA,NA,NA,NA,NA,NA,NA,NA,NA,NA,NA,NA,NA,NA,NA,NA,NA,NA,NA,NA,NA,NA,High,High,High,High,Low,NA,NA,NA,NA,NA,NA,NA,NA,NA,NA,NA,NA,NA,NA,NA,NA,NA,NA,NA,NA,NA,NA,NA,NA,NA,NA,NA,NA,NA,81.24399,17.04438,0.53535
14,2025-11-12,16:06:17,"Biemiller, McCall",803538,Left,FLA_GAT,Undefined,0,0,StrikeCalled,Fastball,NA,NA,90.63179,-2.31448,3.219328,2144.145648,160.183935,11:15:00,5.5585,-2.18483,6.14083,-17.82497,15.84733,-5.33599,1.92963,0.34875,83.20066,-5.685755,2.259267,0.417646,3.6141,9.12926,1.94193,50,5.3724,-7.17394,-131.47037,-5.84671,6.3504,26.84582,-16.13286,650e5295-9a02-4947-a1b6-8297f0cc4f56,NA,NA,NA,NA,NA,806235,"Stripling, Landon",NA,NA,NA,Left,NA,NA,NA,NA,NA,NA,NA,NA,NA,NA,NA,NA,NA,NA,NA,NA,70cef530-c00b-11f0-a406-372210f9cb79,4,1,FLA_GAT,1,Top,2,Four-Seam,Undefined,Undefined,Undefined,0,0,NA,FLA_GAT,FLA_GAT,CondronBallpark,TeamExclusive,Team,20251112-CondronBallpark-Private-2,90.24979,NA,NA,7.43113,NA,NA,NA,8fb8e9a3-628d-4bd2-917e-53033ce94b91,2025-11-12,21:06:17,2025-11-12T21:06:17Z,2025-11-12T21:06:17Z,NA,v3,471297,471297,NA,"Malzone, Aj",1000352389,Right,FLA_GAT,54.3578,-132.35723,13.42291,5.55675,-5.31376,-8.06643,2.18238,-7.38372,3.1752,NA,NA,NA,NA,NA,NA,NA,NA,NA,NA,NA,NA,NA,NA,NA,NA,NA,NA,NA,NA,NA,NA,NA,NA,NA,NA,NA,NA,NA,NA,NA,NA,NA,NA,NA,NA,NA,NA,NA,NA,NA,NA,NA,NA,NA,NA,NA,NA,NA,NA,High,High,High,NA,NA,NA,NA,NA,NA,NA,NA,NA,NA,NA,NA,NA,NA,NA,NA,NA,NA,NA,NA,NA,NA,NA,NA,NA,NA,NA,NA,NA,NA,NA,NA,NA,NA
15,2025-11-12,16:06:28,"Biemiller, McCall",803538,Left,FLA_GAT,Undefined,0,1,FoulBallNotFieldable,Slider,NA,NA,80.88421,-0.309975,1.249902,2437.032759,254.246883,02:30:00,5.9377,-1.96518,5.24019,-38.68388,5.56677,14.32343,2.42264,0.40336,73.54624,-7.388151,3.790241,0.478775,-6.77701,3.32126,1.83914,50,5.8807,-3.1524,-117.25279,-1.97988,-9.319,24.70616,-27.60703,78d212f4-e214-41a8-a003-60d0f6425614,NA,NA,NA,NA,-170.936829,806235,"Stripling, Landon",2458.024868,NA,68.82503,Left,7.713771,NA,NA,NA,NA,39.65008,NA,NA,1.59199,2.45919,-0.4813,NA,NA,NA,NA,NA,775c0d20-c00b-11f0-a406-372210f9cb79,4,2,FLA_GAT,1,Top,2,Slider,Undefined,Undefined,Undefined,0,0,NA,FLA_GAT,FLA_GAT,CondronBallpark,TeamExclusive,Team,20251112-CondronBallpark-Private-2,78.72688,6.88269,NA,7.33797,NA,NA,NA,8fb8e9a3-628d-4bd2-917e-53033ce94b91,2025-11-12,21:06:28,2025-11-12T21:06:28Z,2025-11-12T21:06:28Z,NA,v3,471297,471297,NA,"Malzone, Aj",1000352389,Right,FLA_GAT,55.2578,-118.35546,12.35308,5.94156,-0.74773,-13.80351,1.97055,-2.73648,-4.6595,224.817575,1.58362,-98.52485,13.36861,NA,NA,NA,NA,NA,NA,2.45544,13.66559,-7.96912,NA,NA,NA,NA,NA,NA,-0.47372,-15.99148,-6.99056,NA,NA,NA,NA,NA,NA,NA,NA,NA,NA,NA,NA,NA,NA,NA,NA,NA,NA,NA,NA,NA,NA,NA,NA,NA,NA,NA,NA,High,High,High,Medium,Undefined,NA,NA,NA,NA,NA,NA,NA,NA,NA,NA,NA,NA,NA,NA,NA,NA,NA,NA,NA,NA,NA,NA,NA,NA,NA,NA,NA,NA,NA,66.63021,9.51819,4.43637
16,2025-11-12,16:06:44,"Biemiller, McCall",803538,Left,FLA_GAT,Undefined,0,2,BallCalled,Slider,NA,NA,81.16919,-1.112127,1.743033,2606.278212,260.979925,02:45:00,5.93745,-1.78402,5.17904,-40.27294,3.7428,14.16765,1.53432,1.03719,74.09328,-8.433766,4.253342,0.477502,-6.5426,2.64492,1.61062,50,5.80354,-4.17053,-117.63387,-3.71441,-9.06777,24.58192,-28.50827,7583eb27-4384-4bd0-be30-c6994339cd34,NA,NA,NA,NA,NA,806235,"Stripling, Landon",NA,NA,NA,Left,NA,NA,NA,NA,NA,NA,NA,NA,NA,NA,NA,NA,NA,NA,NA,NA,8105ce60-c00b-11f0-a406-372210f9cb79,4,3,FLA_GAT,1,Top,2,Slider,Undefined,Undefined,Undefined,0,0,NA,FLA_GAT,FLA_GAT,CondronBallpark,TeamExclusive,Team,20251112-CondronBallpark-Private-2,78.93668,NA,NA,7.07591,NA,NA,NA,8fb8e9a3-628d-4bd2-917e-53033ce94b91,2025-11-12,21:06:44,2025-11-12T21:06:44Z,2025-11-12T21:06:44Z,NA,v3,471297,471297,NA,"Malzone, Aj",1000352389,Right,FLA_GAT,55.31947,-118.74027,12.29096,5.94184,-2.43128,-14.25414,1.78914,-3.7624,-4.53388,NA,NA,NA,NA,NA,NA,NA,NA,NA,NA,NA,NA,NA,NA,NA,NA,NA,NA,NA,NA,NA,NA,NA,NA,NA,NA,NA,NA,NA,NA,NA,NA,NA,NA,NA,NA,NA,NA,NA,NA,NA,NA,NA,NA,NA,NA,NA,NA,NA,NA,High,High,High,NA,NA,NA,NA,NA,NA,NA,NA,NA,NA,NA,NA,NA,NA,NA,NA,NA,NA,NA,NA,NA,NA,NA,NA,NA,NA,NA,NA,NA,NA,NA,NA,NA,NA
17,2025-11-12,16:07:03,"Biemiller, McCall",803538,Left,FLA_GAT,Undefined,1,2,BallCalled,Fastball,NA,NA,89.54099,-1.827949,4.006178,2254.686143,155.940823,11:15:00,5.58314,-2.08305,6.06254,-22.49844,12.25253,-4.97894,2.01177,1.21583,81.99819,-6.040301,3.112874,0.424282,3.66134,7.15622,1.77435,50,5.4289,-8.87926,-129.75208,-4.86145,6.2467,26.94817,-19.9646,0e0c69c3-3c18-4813-afa7-7c5bdddd6648,NA,NA,NA,NA,NA,806235,"Stripling, Landon",NA,NA,NA,Left,NA,NA,NA,NA,NA,NA,NA,NA,NA,NA,NA,NA,NA,NA,NA,NA,8bfaad40-c00b-11f0-a406-372210f9cb79,4,4,FLA_GAT,1,Top,2,Four-Seam,Undefined,Undefined,Undefined,0,0,NA,FLA_GAT,FLA_GAT,CondronBallpark,TeamExclusive,Team,20251112-CondronBallpark-Private-2,88.83816,NA,NA,7.54281,NA,NA,NA,8fb8e9a3-628d-4bd2-917e-53033ce94b91,2025-11-12,21:07:03,2025-11-12T21:07:03Z,2025-11-12T21:07:03Z,NA,v3,471297,471297,NA,"Malzone, Aj",1000352389,Right,FLA_GAT,54.43524,-130.66999,13.47408,5.58291,-4.18141,-9.9823,2.08042,-9.09203,3.12335,NA,NA,NA,NA,NA,NA,NA,NA,NA,NA,NA,NA,NA,NA,NA,NA,NA,NA,NA,NA,NA,NA,NA,NA,NA,NA,NA,NA,NA,NA,NA,NA,NA,NA,NA,NA,NA,NA,NA,NA,NA,NA,NA,NA,NA,NA,NA,NA,NA,NA,High,High,High,NA,NA,NA,NA,NA,NA,NA,NA,NA,NA,NA,NA,NA,NA,NA,NA,NA,NA,NA,NA,NA,NA,NA,NA,NA,NA,NA,NA,NA,NA,NA,NA,NA,NA
18,2025-11-12,16:07:19,"Biemiller, McCall",803538,Left,FLA_GAT,Undefined,2,2,StrikeCalled,Fastball,NA,NA,91.63094,-1.687665,2.657806,2370.588528,167.750552,11:30:00,5.64946,-2.24412,6.00109,-20.65292,12.66887,-2.51244,2.36249,0.01095,83.51347,-5.571965,2.20656,0.415466,2.05417,7.32902,2.03628,50,5.50524,-6.05962,-132.8908,-4.58198,3.65869,29.54097,-19.12028,40594f2f-3707-4a52-9817-3d483f28d509,NA,NA,NA,NA,NA,806235,"Stripling, Landon",NA,NA,NA,Left,NA,NA,NA,NA,NA,NA,NA,NA,NA,NA,NA,NA,NA,NA,NA,NA,95e7e020-c00b-11f0-a406-372210f9cb79,4,5,FLA_GAT,1,Top,2,Four-Seam,Strikeout,Undefined,Undefined,0,0,NA,FLA_GAT,FLA_GAT,CondronBallpark,TeamExclusive,Team,20251112-CondronBallpark-Private-2,90.72326,NA,NA,8.11748,NA,NA,NA,8fb8e9a3-628d-4bd2-917e-53033ce94b91,2025-11-12,21:07:19,2025-11-12T21:07:19Z,2025-11-12T21:07:19Z,NA,v3,471297,471297,NA,"Malzone, Aj",1000352389,Right,FLA_GAT,54.49576,-133.88646,14.77049,5.64881,-3.93755,-9.56014,2.2426,-6.18293,1.82934,NA,NA,NA,NA,NA,NA,NA,NA,NA,NA,NA,NA,NA,NA,NA,NA,NA,NA,NA,NA,NA,NA,NA,NA,NA,NA,NA,NA,NA,NA,NA,NA,NA,NA,NA,NA,NA,NA,NA,NA,NA,NA,NA,NA,NA,NA,NA,NA,NA,NA,High,High,High,NA,NA,NA,NA,NA,NA,NA,NA,NA,NA,NA,NA,NA,NA,NA,NA,NA,NA,NA,NA,NA,NA,NA,NA,NA,NA,NA,NA,NA,NA,NA,NA,NA,NA
19,2025-11-12,16:09:43,"McDonald, Caden",803724,Right,FLA_GAT,Undefined,0,0,BallCalled,Fastball,NA,NA,89.69361,-2.992365,-2.208831,2006.52578,213.736195,01:00:00,6.11866,2.80517,5.49225,-17.05434,19.01375,11.76449,1.89359,1.71825,80.43924,-6.246425,-0.114116,0.432248,-6.61335,10.9528,-2.61973,50,5.84527,4.45625,-129.66447,-7.29339,-11.0364,32.11268,-13.89594,c8b46d14-7f24-4b58-b4bb-480279efa28d,NA,NA,NA,NA,NA,10147779,"Strayer, Cash",NA,NA,NA,Left,NA,NA,NA,NA,NA,NA,NA,NA,NA,NA,NA,NA,NA,NA,NA,NA,ebc22d70-c00b-11f0-a406-372210f9cb79,1,1,FLA_GAT,1,Bottom,0,Four-Seam,Undefined,Undefined,Undefined,0,0,NA,FLA_GAT,FLA_GAT,CondronBallpark,TeamExclusive,Team,20251112-CondronBallpark-Private-2,87.20095,NA,NA,9.25437,NA,NA,NA,8fb8e9a3-628d-4bd2-917e-53033ce94b91,2025-11-12,21:09:43,2025-11-12T21:09:43Z,2025-11-12T21:09:43Z,NA,v3,471297,471297,NA,"Bowen, Karson",702710,Right,FLA_GAT,55.00175,-130.89734,16.05634,6.11504,-6.75989,-6.94797,-2.79895,4.87996,-5.5182,NA,NA,NA,NA,NA,NA,NA,NA,NA,NA,NA,NA,NA,NA,NA,NA,NA,NA,NA,NA,NA,NA,NA,NA,NA,NA,NA,NA,NA,NA,NA,NA,NA,NA,NA,NA,NA,NA,NA,NA,NA,NA,NA,NA,NA,NA,NA,NA,NA,NA,High,High,High,NA,NA,NA,NA,NA,NA,NA,NA,NA,NA,NA,NA,NA,NA,NA,NA,NA,NA,NA,NA,NA,NA,NA,NA,NA,NA,NA,NA,NA,NA,NA,NA,NA,NA
20,2025-11-12,16:10:00,"McDonald, Caden",803724,Right,FLA_GAT,Undefined,1,0,StrikeSwinging,ChangeUp,NA,NA,81.61512,-0.688385,-4.588352,1194.203941,257.413307,02:30:00,6.02608,3.17279,5.22908,-39.14482,4.14634,12.26512,2.11478,-0.12765,74.73001,-7.814428,-2.421265,0.473556,-7.40304,2.69953,-2.75873,50,5.93333,8.9607,-118.08315,-2.81689,-10.44085,22.72086,-28.36679,361276b4-8fc7-4571-b294-7e90c67a131b,NA,NA,NA,NA,NA,10147779,"Strayer, Cash",NA,NA,NA,Left,NA,NA,NA,NA,NA,NA,NA,NA,NA,NA,NA,NA,NA,NA,NA,NA,f596cf40-c00b-11f0-a406-372210f9cb79,1,2,FLA_GAT,1,Bottom,0,Splitter,Undefined,Undefined,Undefined,0,0,NA,FLA_GAT,FLA_GAT,CondronBallpark,TeamExclusive,Team,20251112-CondronBallpark-Private-2,79.59452,NA,NA,6.88511,NA,NA,NA,8fb8e9a3-628d-4bd2-917e-53033ce94b91,2025-11-12,21:10:00,2025-11-12T21:10:00Z,2025-11-12T21:10:00Z,NA,v3,471297,471297,NA,"Bowen, Karson",702710,Right,FLA_GAT,55.26972,-119.0928,11.36043,6.0305,-1.55635,-14.18339,-3.16723,9.42466,-5.22043,NA,NA,NA,NA,NA,NA,NA,NA,NA,NA,NA,NA,NA,NA,NA,NA,NA,NA,NA,NA,NA,NA,NA,NA,NA,NA,NA,NA,NA,NA,NA,NA,NA,NA,NA,NA,NA,NA,NA,NA,NA,NA,NA,NA,NA,NA,NA,NA,NA,NA,High,High,High,NA,NA,NA,NA,NA,NA,NA,NA,NA,NA,NA,NA,NA,NA,NA,NA,NA,NA,NA,NA,NA,NA,NA,NA,NA,NA,NA,NA,NA,NA,NA,NA,NA,NA
21,2025-11-12,16:10:12,"McDonald, Caden",803724,Right,FLA_GAT,Undefined,1,1,FoulBallFieldable,Fastball,NA,NA,90.34951,-3.055535,-3.381328,1856.040642,212.306836,01:00:00,6.03866,2.71797,5.61557,-16.75863,18.33903,10.80264,1.78268,0.45869,81.78504,-6.238647,-1.456626,0.426393,-6.59209,10.64304,-2.43639,50,5.76681,7.25614,-130.70974,-7.50798,-11.27767,30.41186,-13.96605,825779b1-a781-4ece-a1a6-9b1a4eca908d,NA,NA,NA,NA,-66.407758,10147779,"Strayer, Cash",4400.939039,NA,66.01714,Left,69.396536,NA,NA,NA,NA,55.23798,NA,NA,4.93283,2.15948,-0.55199,NA,NA,NA,NA,NA,fccd6da0-c00b-11f0-a406-372210f9cb79,1,3,FLA_GAT,1,Bottom,0,Four-Seam,Undefined,Undefined,Undefined,0,0,NA,FLA_GAT,FLA_GAT,CondronBallpark,TeamExclusive,Team,20251112-CondronBallpark-Private-2,88.3983,87.40215,NA,8.56447,NA,NA,NA,8fb8e9a3-628d-4bd2-917e-53033ce94b91,2025-11-12,21:10:12,2025-11-12T21:10:12Z,2025-11-12T21:10:12Z,NA,v3,471297,471297,NA,"Bowen, Karson",702710,Right,FLA_GAT,54.88375,-131.84114,15.20593,6.03646,-6.98841,-6.98302,-2.71414,7.6757,-5.63884,346.849044,4.93284,13.63663,2.90578,-0.96424,-0.23468,0.55585,-0.39537,0.14186000000000001,-0.02096,2.15948,90.63184,-26.25275,2.93967,-0.40793,-0.12318,0.12926,-0.04907,0.00733,-0.552,-31.2246,0.23344,0.26043,0.20351,-0.36870000000000003,0.25873,-0.09263,0.01372,NA,NA,NA,NA,NA,NA,NA,NA,NA,NA,NA,NA,NA,NA,NA,NA,NA,NA,NA,NA,NA,NA,High,High,High,Medium,Undefined,NA,NA,NA,NA,NA,NA,NA,NA,NA,NA,NA,NA,NA,NA,NA,NA,NA,NA,NA,NA,NA,NA,NA,NA,NA,NA,NA,NA,NA,76.02103,16.08201,8.70943
22,2025-11-12,16:10:43,"McDonald, Caden",803724,Right,FLA_GAT,Undefined,1,2,BallCalled,Fastball,NA,NA,91.46424,-0.06561,-3.025369,2054.734638,212.97469,01:00:00,6.08528,2.77899,5.4837,-15.11339,19.56084,11.83079,4.76436,0.93169,81.65871,-2.98787,-0.922408,0.423814,-6.90937,10.1978,-2.52151,50,6.06972,6.42787,-132.29738,-0.58417,-11.99575,33.594970000000004,-14.46907,1d6a3b0e-b902-44b7-8349-147e5abfedc8,NA,NA,NA,NA,NA,10147779,"Strayer, Cash",NA,NA,NA,Left,NA,NA,NA,NA,NA,NA,NA,NA,NA,NA,NA,NA,NA,NA,NA,NA,0f12db80-c00c-11f0-a406-372210f9cb79,1,4,FLA_GAT,1,Bottom,0,Four-Seam,Undefined,Undefined,Undefined,0,0,NA,FLA_GAT,FLA_GAT,CondronBallpark,TeamExclusive,Team,20251112-CondronBallpark-Private-2,88.93635,NA,NA,9.80553,NA,NA,NA,8fb8e9a3-628d-4bd2-917e-53033ce94b91,2025-11-12,21:10:43,2025-11-12T21:10:43Z,2025-11-12T21:10:43Z,NA,v3,471297,471297,NA,"Bowen, Karson",702710,Right,FLA_GAT,55.00975,-133.56348,16.79748,6.08146,-0.03887,-7.23453,-2.77228,6.87996,-5.99788,NA,NA,NA,NA,NA,NA,NA,NA,NA,NA,NA,NA,NA,NA,NA,NA,NA,NA,NA,NA,NA,NA,NA,NA,NA,NA,NA,NA,NA,NA,NA,NA,NA,NA,NA,NA,NA,NA,NA,NA,NA,NA,NA,NA,NA,NA,NA,NA,NA,NA,High,High,High,NA,NA,NA,NA,NA,NA,NA,NA,NA,NA,NA,NA,NA,NA,NA,NA,NA,NA,NA,NA,NA,NA,NA,NA,NA,NA,NA,NA,NA,NA,NA,NA,NA,NA
23,2025-11-12,16:10:55,"McDonald, Caden",803724,Right,FLA_GAT,Undefined,2,2,StrikeCalled,Curveball,NA,NA,78.20481,1.766785,-1.751949,2424.669179,48.296196,07:30:00,6.17368,3.05041,5.19158,-58.61165,-10.93725,-14.15127,2.95272,0.22256,70.97673,-8.852093,-4.259562,0.496952,6.43772,-5.46996,-2.87682,50,6.29355,4.04861,-113.29983,1.38691,8.22176,24.07822,-39.15987,d72faba8-0a9a-438d-9b1a-ea99c46811e6,NA,NA,NA,NA,NA,10147779,"Strayer, Cash",NA,NA,NA,Left,NA,NA,NA,NA,NA,NA,NA,NA,NA,NA,NA,NA,NA,NA,NA,NA,16dc1cf0-c00c-11f0-a406-372210f9cb79,1,5,FLA_GAT,1,Bottom,0,Curveball,Strikeout,Undefined,Undefined,0,0,NA,FLA_GAT,FLA_GAT,CondronBallpark,TeamExclusive,Team,20251112-CondronBallpark-Private-2,75.84731,NA,NA,7.22808,NA,NA,NA,8fb8e9a3-628d-4bd2-917e-53033ce94b91,2025-11-12,21:10:55,2025-11-12T21:10:55Z,2025-11-12T21:10:55Z,NA,v3,471297,471297,NA,"Bowen, Karson",702710,Right,FLA_GAT,55.30866,-114.42245,12.03911,6.18632,3.2127,-19.57994,-3.05664,3.66528,4.11088,NA,NA,NA,NA,NA,NA,NA,NA,NA,NA,NA,NA,NA,NA,NA,NA,NA,NA,NA,NA,NA,NA,NA,NA,NA,NA,NA,NA,47.08876,2.743609,1.126861,1.616748,-2.37483,2.33302,0.06578,-3.07776,5.15711,-0.35564,81.01796,-0.36245,-43.76224,-2.98997,57.76161,-3.65504,5.23717,19.77473,-14.45236,-0.40087,-29.80962,1.88373,High,High,High,NA,NA,High,High,Medium,NA,NA,NA,NA,NA,NA,NA,NA,NA,NA,NA,NA,NA,NA,NA,NA,NA,NA,NA,NA,NA,NA,NA,NA,NA,NA,NA,NA,NA
24,2025-11-12,16:11:24,"McDonald, Caden",803724,Right,FLA_GAT,Undefined,0,0,FoulBallNotFieldable,Fastball,NA,NA,91.56669,-2.794025,-3.120568,2135.7774,200.562114,12:45:00,6.24224,2.64409,5.53756,-13.98265,20.2256,7.1339,2.45958,0.319,82.90564,-5.476353,-1.851505,0.420956,-4.55733,11.42264,-2.37808,50,5.99053,6.89919,-132.49507,-6.88237,-8.02729,30.72125,-12.05414,532d1552-7b68-427e-8a4e-323d60049bdf,NA,NA,NA,NA,97.926108,804404,"Kurland, Cade",5229.536245,NA,81.59986,Right,68.413765,NA,NA,NA,NA,13.18048,NA,NA,1.03654,2.40079,-0.34591,NA,NA,NA,NA,NA,27e9f530-c00c-11f0-a406-372210f9cb79,2,1,FLA_GAT,1,Bottom,1,Four-Seam,Undefined,Undefined,Undefined,0,0,NA,FLA_GAT,FLA_GAT,CondronBallpark,TeamExclusive,Team,20251112-CondronBallpark-Private-2,89.54004,33.9529,NA,8.66105,NA,NA,NA,8fb8e9a3-628d-4bd2-917e-53033ce94b91,2025-11-12,21:11:24,2025-11-12T21:11:24Z,2025-11-12T21:11:24Z,NA,v3,471297,471297,NA,"Bowen, Karson",702710,Right,FLA_GAT,54.95978,-133.64014,15.36063,6.23868,-6.43308,-6.02707,-2.64081,7.19839,-4.01365,339.343905,1.04621,-6.4835,-11.42159,NA,NA,NA,NA,NA,NA,2.41168,110.82673,-35.80977,NA,NA,NA,NA,NA,NA,-0.34532,43.58651,-4.64298,NA,NA,NA,NA,NA,NA,NA,NA,NA,NA,NA,NA,NA,NA,NA,NA,NA,NA,NA,NA,NA,NA,NA,NA,NA,NA,NA,NA,High,High,High,High,Undefined,NA,NA,NA,NA,NA,NA,NA,NA,NA,NA,NA,NA,NA,NA,NA,NA,NA,NA,NA,NA,NA,NA,NA,NA,NA,NA,NA,NA,NA,NA,NA,NA
25,2025-11-12,16:11:41,"McDonald, Caden",803724,Right,FLA_GAT,Undefined,0,1,FoulBallNotFieldable,Curveball,NA,NA,77.81008,1.918223,-2.174708,2432.439172,20.150617,06:45:00,6.17518,2.62525,4.80883,-63.96322,-15.52332,-6.27473,2.6642,0.04107,71.26161,-9.54044,-3.279445,0.500925,2.45099,-7.86245,-2.40306,50,6.30973,4.54103,-112.77246,1.3938,3.1301,22.10132,-42.21503,c14dc937-f43d-4f8a-85af-ac5c66699546,NA,NA,NA,NA,-62.021363,804404,"Kurland, Cade",NA,NA,87.82623,Right,-37.704862,NA,NA,NA,5.06125,5.06125,0.035321,-40.2639,2.16906,2.78972,-0.08408,NA,NA,NA,NA,NA,31ec0fa0-c00c-11f0-a406-372210f9cb79,2,2,FLA_GAT,1,Bottom,1,Curveball,Undefined,Undefined,Undefined,0,0,NA,FLA_GAT,FLA_GAT,CondronBallpark,TeamExclusive,Team,20251112-CondronBallpark-Private-2,75.24562,2.78972,NA,6.54847,NA,NA,NA,8fb8e9a3-628d-4bd2-917e-53033ce94b91,2025-11-12,21:11:41,2025-11-12T21:11:41Z,2025-11-12T21:11:41Z,GroundBall,v3,471297,471297,NA,"Bowen, Karson",702710,Right,FLA_GAT,55.69464,-113.88303,11.05066,6.1864,3.51507,-21.10751,-2.62729,4.38374,1.56505,NA,2.16836,47.93416,NA,NA,NA,NA,NA,NA,NA,2.79087,-78.98291,NA,NA,NA,NA,NA,NA,NA,-0.08277,-90.23218,NA,NA,NA,NA,NA,NA,NA,NA,NA,NA,NA,NA,NA,NA,NA,NA,NA,NA,NA,NA,NA,NA,NA,NA,NA,NA,NA,NA,NA,High,High,High,Estimated,Estimated,NA,NA,NA,NA,NA,NA,NA,NA,NA,NA,NA,NA,NA,NA,NA,NA,NA,NA,NA,NA,NA,NA,NA,NA,NA,NA,NA,NA,NA,70.87725,21.51676,-19.8919
26,2025-11-12,16:12:00,"McDonald, Caden",803724,Right,FLA_GAT,Undefined,0,2,StrikeCalled,Slider,NA,NA,81.56329,-0.328568,-3.426067,2325.537998,64.443231,08:15:00,6.08087,2.7474,5.21271,-43.20514,0.20004,-2.53469,2.17092,-0.68934,74.68204,-8.167442,-3.874473,0.474179,0.25913,0.64736,-2.42849,50,6.01815,7.17912,-118.12971,-2.24406,0.36436,23.53778,-31.26378,7ab834c0-2bfe-41c9-a059-9b4de9403484,NA,NA,NA,NA,NA,804404,"Kurland, Cade",NA,NA,NA,Right,NA,NA,NA,NA,NA,NA,NA,NA,NA,NA,NA,NA,NA,NA,NA,NA,3d1719b0-c00c-11f0-a406-372210f9cb79,2,3,FLA_GAT,1,Bottom,1,Slider,Strikeout,Undefined,Undefined,0,0,NA,FLA_GAT,FLA_GAT,CondronBallpark,TeamExclusive,Team,20251112-CondronBallpark-Private-2,79.48993,NA,NA,6.88125,NA,NA,NA,8fb8e9a3-628d-4bd2-917e-53033ce94b91,2025-11-12,21:12:00,2025-11-12T21:12:00Z,2025-11-12T21:12:00Z,NA,v3,471297,471297,NA,"Bowen, Karson",702710,Right,FLA_GAT,55.28545,-119.1782,11.76889,6.08709,-0.85141,-15.63189,-2.74792,7.16289,0.18218,NA,NA,NA,NA,NA,NA,NA,NA,NA,NA,NA,NA,NA,NA,NA,NA,NA,NA,NA,NA,NA,NA,NA,NA,NA,NA,NA,NA,54.18038,2.647165,1.265818,1.381348,-1.57523,1.72786,0.89262,-2.92568,4.43688,2.80531,74.15763,7.39065,-50.62406,-2.80785,61.07635,-3.87869,4.51012,20.7077,-13.47926,2.68795,-43.62544,3.64169,High,High,High,NA,NA,High,Medium,High,NA,NA,NA,NA,NA,NA,NA,NA,NA,NA,NA,NA,NA,NA,NA,NA,NA,NA,NA,NA,NA,NA,NA,NA,NA,NA,NA,NA,NA
27,2025-11-12,16:12:27,"McDonald, Caden",803724,Right,FLA_GAT,Undefined,0,0,BallCalled,Curveball,NA,NA,76.69623,3.833334,-0.816429,2347.965915,25.998605,06:45:00,6.16192,2.81246,4.75235,-69.96401,-19.28056,-10.31205,3.97282,1.17879,69.08636,-8.740316,-2.629141,0.512395,4.72614,-10.05587,-2.72091,50,6.48557,2.02292,-110.88185,4.77074,5.76092,23.69133,-44.43161,c2264eb6-0e4c-4d38-b75e-d7f821753040,NA,NA,NA,NA,NA,814065,"Surowiec, Ethan",NA,NA,NA,Right,NA,NA,NA,NA,NA,NA,NA,NA,NA,NA,NA,NA,NA,NA,NA,NA,4d28b7a0-c00c-11f0-a406-372210f9cb79,3,1,FLA_GAT,1,Bottom,2,Curveball,Undefined,Undefined,Undefined,0,0,NA,FLA_GAT,FLA_GAT,CondronBallpark,TeamExclusive,Team,20251112-CondronBallpark-Private-2,73.56135,NA,NA,7.60988,NA,NA,NA,8fb8e9a3-628d-4bd2-917e-53033ce94b91,2025-11-12,21:12:27,2025-11-12T21:12:27Z,2025-11-12T21:12:27Z,NA,v3,471297,471297,NA,"Bowen, Karson",702710,Right,FLA_GAT,55.7496,-112.1036,11.84567,6.18046,7.06205,-22.2158,-2.81757,1.72583,2.88046,NA,NA,NA,NA,NA,NA,NA,NA,NA,NA,NA,NA,NA,NA,NA,NA,NA,NA,NA,NA,NA,NA,NA,NA,NA,NA,NA,NA,NA,NA,NA,NA,NA,NA,NA,NA,NA,NA,NA,NA,NA,NA,NA,NA,NA,NA,NA,NA,NA,NA,High,High,High,NA,NA,NA,NA,NA,NA,NA,NA,NA,NA,NA,NA,NA,NA,NA,NA,NA,NA,NA,NA,NA,NA,NA,NA,NA,NA,NA,NA,NA,NA,NA,NA,NA,NA
28,2025-11-12,16:12:47,"McDonald, Caden",803724,Right,FLA_GAT,Undefined,1,0,BallCalled,Curveball,NA,NA,75.49903,3.732929,-1.112077,2297.251422,26.351983,07:00:00,6.15772,2.77749,4.94527,-69.47405,-17.46536,-9.61008,3.90153,0.9256,67.94506,-8.808484,-2.807059,0.51905,4.31815,-9.2167,-2.66124,50,6.46319,2.51677,-109.15945,4.59642,5.09256,23.26258,-43.04363,86b5da11-76ac-4e72-8c8a-df20b9d8dba9,NA,NA,NA,NA,NA,814065,"Surowiec, Ethan",NA,NA,NA,Right,NA,NA,NA,NA,NA,NA,NA,NA,NA,NA,NA,NA,NA,NA,NA,NA,592ac0c0-c00c-11f0-a406-372210f9cb79,3,2,FLA_GAT,1,Bottom,2,Curveball,Undefined,Undefined,Undefined,0,0,NA,FLA_GAT,FLA_GAT,CondronBallpark,TeamExclusive,Team,20251112-CondronBallpark-Private-2,72.61811,NA,NA,7.55397,NA,NA,NA,8fb8e9a3-628d-4bd2-917e-53033ce94b91,2025-11-12,21:12:47,2025-11-12T21:12:47Z,2025-11-12T21:12:47Z,NA,v3,471297,471297,NA,"Bowen, Karson",702710,Right,FLA_GAT,55.55595,-110.33711,11.63129,6.17533,6.77548,-21.52181,-2.78212,2.25896,2.54628,NA,NA,NA,NA,NA,NA,NA,NA,NA,NA,NA,NA,NA,NA,NA,NA,NA,NA,NA,NA,NA,NA,NA,NA,NA,NA,NA,NA,NA,NA,NA,NA,NA,NA,NA,NA,NA,NA,NA,NA,NA,NA,NA,NA,NA,NA,NA,NA,NA,NA,High,High,High,NA,NA,NA,NA,NA,NA,NA,NA,NA,NA,NA,NA,NA,NA,NA,NA,NA,NA,NA,NA,NA,NA,NA,NA,NA,NA,NA,NA,NA,NA,NA,NA,NA,NA
29,2025-11-12,16:13:00,"McDonald, Caden",803724,Right,FLA_GAT,Undefined,2,0,BallCalled,Curveball,NA,NA,76.20063,1.745025,-0.626515,2429.403971,28.232573,07:00:00,6.16529,2.73498,4.87885,-68.62555,-17.77147,-10.51914,2.0981900000000002,1.26557,69.22719,-10.581908,-2.485421,0.513256,4.95343,-8.75249,-2.66412,50,6.27849,1.64241,-110.4082,0.83616,5.99279,23.30109,-42.76305,1c35449a-11df-4487-8d93-193364bc458e,NA,NA,NA,NA,NA,814065,"Surowiec, Ethan",NA,NA,NA,Right,NA,NA,NA,NA,NA,NA,NA,NA,NA,NA,NA,NA,NA,NA,NA,NA,610dcbc0-c00c-11f0-a406-372210f9cb79,3,3,FLA_GAT,1,Bottom,2,Curveball,Undefined,Undefined,Undefined,0,0,NA,FLA_GAT,FLA_GAT,CondronBallpark,TeamExclusive,Team,20251112-CondronBallpark-Private-2,73.43784,NA,NA,6.97344,NA,NA,NA,8fb8e9a3-628d-4bd2-917e-53033ce94b91,2025-11-12,21:13:00,2025-11-12T21:13:00Z,2025-11-12T21:13:00Z,NA,v3,471297,471297,NA,"Bowen, Karson",702710,Right,FLA_GAT,55.6235,-111.5887,11.65054,6.18125,3.00266,-21.38153,-2.73964,1.3388,2.99639,NA,NA,NA,NA,NA,NA,NA,NA,NA,NA,NA,NA,NA,NA,NA,NA,NA,NA,NA,NA,NA,NA,NA,NA,NA,NA,NA,NA,NA,NA,NA,NA,NA,NA,NA,NA,NA,NA,NA,NA,NA,NA,NA,NA,NA,NA,NA,NA,NA,NA,High,High,High,NA,NA,NA,NA,NA,NA,NA,NA,NA,NA,NA,NA,NA,NA,NA,NA,NA,NA,NA,NA,NA,NA,NA,NA,NA,NA,NA,NA,NA,NA,NA,NA,NA,NA
30,2025-11-12,16:13:13,"McDonald, Caden",803724,Right,FLA_GAT,Undefined,3,0,BallCalled,Fastball,NA,NA,92.02755,-1.739572,-1.950251,2121.147695,203.001926,12:45:00,6.30904,2.53748,5.28638,-13.08426,21.50698,8.54953,3.58369,1.41785,82.04441,-4.29057,-0.434214,0.423306,-4.8978,11.67827,-2.36604,50,6.14154,4.11111,-133.05699,-4.39707,-8.57665,34.724850000000004,-11.72388,ef377a87-fe02-4b81-b86c-c8ddbea6a9e4,NA,NA,NA,NA,NA,814065,"Surowiec, Ethan",NA,NA,NA,Right,NA,NA,NA,NA,NA,NA,NA,NA,NA,NA,NA,NA,NA,NA,NA,NA,688d5a00-c00c-11f0-a406-372210f9cb79,3,4,FLA_GAT,1,Bottom,2,Four-Seam,Walk,Undefined,Undefined,0,0,NA,FLA_GAT,FLA_GAT,CondronBallpark,TeamExclusive,Team,20251112-CondronBallpark-Private-2,89.043,NA,NA,9.98314,NA,NA,NA,8fb8e9a3-628d-4bd2-917e-53033ce94b91,2025-11-12,21:13:13,2025-11-12T21:13:13Z,2025-11-12T21:13:13Z,NA,v3,471297,471297,NA,"Bowen, Karson",702710,Right,FLA_GAT,55.20618,-134.40882,17.36243,6.30383,-3.94066,-5.86194,-2.53259,4.445,-4.28832,NA,NA,NA,NA,NA,NA,NA,NA,NA,NA,NA,NA,NA,NA,NA,NA,NA,NA,NA,NA,NA,NA,NA,NA,NA,NA,NA,NA,NA,NA,NA,NA,NA,NA,NA,NA,NA,NA,NA,NA,NA,NA,NA,NA,NA,NA,NA,NA,NA,NA,High,High,High,NA,NA,NA,NA,NA,NA,NA,NA,NA,NA,NA,NA,NA,NA,NA,NA,NA,NA,NA,NA,NA,NA,NA,NA,NA,NA,NA,NA,NA,NA,NA,NA,NA,NA
31,2025-11-12,16:13:46,"McDonald, Caden",803724,Right,FLA_GAT,Undefined,0,0,BallinDirt,ChangeUp,NA,NA,82.60605,-2.281797,-4.912226,1373.117433,261.613937,02:45:00,6.00246,2.70422,5.11661,-39.19994,3.71776,14.86749,0.57725,-0.6956,75.17796,-9.393293,-2.289102,0.471509,-8.96752,2.96732,-2.25326,50,5.75644,9.62005,-119.26003,-6.1914,-12.77329,25.28837,-27.94738,9f198026-7363-4d0d-9962-c2bde225c289,NA,NA,NA,NA,NA,1000352389,"Malzone, Aj",NA,NA,NA,Left,NA,NA,NA,NA,NA,NA,NA,NA,NA,NA,NA,NA,NA,NA,NA,NA,7ca034e0-c00c-11f0-a406-372210f9cb79,4,1,FLA_GAT,1,Bottom,2,Changeup,Undefined,Undefined,Undefined,0,0,NA,FLA_GAT,FLA_GAT,CondronBallpark,TeamExclusive,Team,20251112-CondronBallpark-Private-2,79.94008,NA,NA,7.42809,NA,NA,NA,8fb8e9a3-628d-4bd2-917e-53033ce94b91,2025-11-12,21:13:46,2025-11-12T21:13:46Z,2025-11-12T21:13:46Z,NA,v3,471297,471297,NA,"Bowen, Karson",702710,Right,FLA_GAT,55.38269,-120.39598,12.64418,6.00636,-4.936,-13.97369,-2.69828,10.19382,-6.38664,NA,NA,NA,NA,NA,NA,NA,NA,NA,NA,NA,NA,NA,NA,NA,NA,NA,NA,NA,NA,NA,NA,NA,NA,NA,NA,NA,NA,NA,NA,NA,NA,NA,NA,NA,NA,NA,NA,NA,NA,NA,NA,NA,NA,NA,NA,NA,NA,NA,NA,High,High,High,NA,NA,NA,NA,NA,NA,NA,NA,NA,NA,NA,NA,NA,NA,NA,NA,NA,NA,NA,NA,NA,NA,NA,NA,NA,NA,NA,NA,NA,NA,NA,NA,NA,NA
32,2025-11-12,16:14:17,"McDonald, Caden",803724,Right,FLA_GAT,Undefined,1,0,InPlay,Fastball,NA,NA,90.2119,-2.794461,-4.234584,1949.343779,212.467975,01:00:00,6.16429,2.61725,5.39218,-15.40556,20.44564,12.12934,2.25225,-0.3479,80.88701,-5.75202,-2.086408,0.430946,-7.49406,11.58142,-2.24744,50,5.90384,9.08283,-130.21025,-6.82782,-12.62907,32.03948,-12.65695,816225bc-e2de-4d46-9be3-0ad1c9184956,NA,NA,NA,NA,5.26486,1000352389,"Malzone, Aj",923.041618,NA,85.46662,Left,3.273444,NA,NA,NA,66.29257,61.51071,0.560652,4.39014,1.22388,2.34278,0.30045,NA,NA,NA,NA,NA,8ea27f40-c00c-11f0-a406-372210f9cb79,4,2,FLA_GAT,1,Bottom,2,Four-Seam,Undefined,GroundBall,Single,0,1,NA,FLA_GAT,FLA_GAT,CondronBallpark,TeamExclusive,Team,20251112-CondronBallpark-Private-2,87.46432,2.94564,NA,9.32489,NA,NA,NA,8fb8e9a3-628d-4bd2-917e-53033ce94b91,2025-11-12,21:14:17,2025-11-12T21:14:17Z,2025-11-12T21:14:17Z,GroundBall,v3,471297,471297,NA,"Bowen, Karson",702710,Right,FLA_GAT,55.10393,-131.46012,16.01974,6.16057,-6.33406,-6.32847,-2.61137,9.5755,-6.31453,43.741705,1.24107,124.20519,-15.25443,NA,NA,NA,NA,NA,NA,2.36223,6.6902,-19.50645,NA,NA,NA,NA,NA,NA,0.31012,11.2499,-4.93702,NA,NA,NA,NA,NA,NA,NA,NA,NA,NA,NA,NA,NA,NA,NA,NA,NA,NA,NA,NA,NA,NA,NA,NA,NA,NA,NA,NA,High,High,High,High,High,NA,NA,NA,NA,NA,NA,NA,NA,NA,NA,NA,NA,NA,NA,NA,NA,NA,NA,NA,NA,NA,NA,NA,NA,NA,NA,NA,NA,NA,NA,NA,NA
33,2025-11-12,16:15:12,"McDonald, Caden",803724,Right,FLA_GAT,Undefined,0,0,FoulBallNotFieldable,Slider,NA,NA,82.66133,0.75892,-3.24537,2090.620449,175.850374,11:45:00,6.04145,2.8277,4.66096,-38.09211,5.36646,-0.27831,3.58926,-0.28179,74.76801,-6.156631,-3.29406,0.47447,-0.8787,2.82713,-2.49595,50,6.08487,6.7888,-119.50267,0.12427,-1.25565,25.57108,-28.13413,aaf69e67-bb0a-4224-8535-522ae0c2ae87,NA,NA,NA,NA,51.064117,10106329,"Schwarz, Colton",4392.252442,NA,89.4344,Right,40.784744,60.27603,86.35827,92.0148,307.57433,137.13024,5.414341,64.3699,0.15301,3.63155,0.10634,NA,NA,NA,NA,NA,afde5710-c00c-11f0-a406-372210f9cb79,5,1,FLA_GAT,1,Bottom,2,Slider,Undefined,Undefined,Undefined,0,0,NA,FLA_GAT,FLA_GAT,CondronBallpark,TeamExclusive,Team,20251112-CondronBallpark-Private-2,79.4411,105.6269,NA,7.89331,NA,NA,NA,8fb8e9a3-628d-4bd2-917e-53033ce94b91,2025-11-12,21:15:12,2025-11-12T21:15:12Z,2025-11-12T21:15:12Z,FlyBall,v3,471297,471297,NA,"Bowen, Karson",702710,Right,FLA_GAT,55.83553,-120.74489,12.78554,6.04563,1.491,-14.06707,-2.82723,6.8498,-0.62782,NA,0.16192,62.23888,-18.85556,4.14514,-0.20959,-0.18904,0.05879,-0.00703,3.1e-4,3.62758,85.74507,-20.99561,1.76022,-0.29199,0.00885,0.01423,-0.00312,2e-4,0.11032,77.17471,-10.39472,1.62986,0.0493,-0.1213,0.03284,-0.00388,1.7e-4,NA,NA,NA,NA,NA,NA,NA,NA,NA,NA,NA,NA,NA,NA,NA,NA,NA,NA,NA,NA,NA,NA,High,High,High,High,Low,NA,NA,NA,NA,NA,NA,NA,NA,NA,NA,NA,NA,NA,NA,NA,NA,NA,NA,NA,NA,NA,NA,NA,NA,NA,NA,NA,NA,NA,68.189,9.49104,15.3466
34,2025-11-12,16:15:32,"McDonald, Caden",803724,Right,FLA_GAT,Undefined,0,1,StrikeCalled,Slider,NA,NA,81.26642,-0.241687,-3.016959,2217.920951,74.512486,08:30:00,6.16677,2.40235,5.15463,-43.5355,0.1061,-4.56851,2.31098,-0.82101,74.66113,-8.125661,-3.824819,0.475469,1.42366,0.53516,-2.11661,50,6.11072,6.39917,-117.79104,-2.07749,1.99665,22.74251,-31.42353,2e7d288c-c282-4578-84f1-7adef15b1839,NA,NA,NA,NA,NA,10106329,"Schwarz, Colton",NA,NA,NA,Right,NA,NA,NA,NA,NA,NA,NA,NA,NA,NA,NA,NA,NA,NA,NA,NA,bbabe2b0-c00c-11f0-a406-372210f9cb79,5,2,FLA_GAT,1,Bottom,2,Slider,Undefined,Undefined,Undefined,0,0,NA,FLA_GAT,FLA_GAT,CondronBallpark,TeamExclusive,Team,20251112-CondronBallpark-Private-2,79.2743,NA,NA,6.60529,NA,NA,NA,8fb8e9a3-628d-4bd2-917e-53033ce94b91,2025-11-12,21:15:32,2025-11-12T21:15:32Z,2025-11-12T21:15:32Z,NA,v3,471297,471297,NA,"Bowen, Karson",702710,Right,FLA_GAT,55.34464,-118.81847,11.37126,6.1725,-0.65788,-15.71176,-2.40366,6.30897,0.99833,NA,NA,NA,NA,NA,NA,NA,NA,NA,NA,NA,NA,NA,NA,NA,NA,NA,NA,NA,NA,NA,NA,NA,NA,NA,NA,NA,NA,NA,NA,NA,NA,NA,NA,NA,NA,NA,NA,NA,NA,NA,NA,NA,NA,NA,NA,NA,NA,NA,NA,High,High,High,NA,NA,NA,NA,NA,NA,NA,NA,NA,NA,NA,NA,NA,NA,NA,NA,NA,NA,NA,NA,NA,NA,NA,NA,NA,NA,NA,NA,NA,NA,NA,NA,NA,NA
35,2025-11-12,16:15:47,"McDonald, Caden",803724,Right,FLA_GAT,Undefined,0,2,StrikeCalled,Fastball,NA,NA,93.57744,-3.199074,-3.81301,2115.027666,207.162422,01:00:00,6.27434,2.42154,5.1902,-15.19808,18.19013,8.7039,1.98854,-0.44547,84.40413,-6.078099,-2.276154,0.41588,-5.49941,10.39654,-2.07397,50,5.96563,8.57354,-135.09583,-8.06627,-10.04081,32.74582,-13.19217,63239f43-8cb5-4a9e-ba29-eb35f3db687d,NA,NA,NA,NA,NA,10106329,"Schwarz, Colton",NA,NA,NA,Right,NA,NA,NA,NA,NA,NA,NA,NA,NA,NA,NA,NA,NA,NA,NA,NA,c4c5c000-c00c-11f0-a406-372210f9cb79,5,3,FLA_GAT,1,Bottom,2,Four-Seam,Strikeout,Undefined,Undefined,0,0,NA,FLA_GAT,FLA_GAT,CondronBallpark,TeamExclusive,Team,20251112-CondronBallpark-Private-2,90.63299,NA,NA,9.17331,NA,NA,NA,8fb8e9a3-628d-4bd2-917e-53033ce94b91,2025-11-12,21:15:47,2025-11-12T21:15:47Z,2025-11-12T21:15:47Z,NA,v3,471297,471297,NA,"Bowen, Karson",702710,Right,FLA_GAT,55.30498,-136.37564,16.37291,6.27081,-7.55068,-6.59608,-2.41672,8.96596,-5.0204,NA,NA,NA,NA,NA,NA,NA,NA,NA,NA,NA,NA,NA,NA,NA,NA,NA,NA,NA,NA,NA,NA,NA,NA,NA,NA,NA,NA,NA,NA,NA,NA,NA,NA,NA,NA,NA,NA,NA,NA,NA,NA,NA,NA,NA,NA,NA,NA,NA,NA,High,High,High,NA,NA,NA,NA,NA,NA,NA,NA,NA,NA,NA,NA,NA,NA,NA,NA,NA,NA,NA,NA,NA,NA,NA,NA,NA,NA,NA,NA,NA,NA,NA,NA,NA,NA
36,2025-11-12,16:19:07,"Jenkins, Matthew",804285,Right,FLA_GAT,Undefined,1,0,StrikeSwinging,Fastball,NA,NA,94.12906,-2.501699,-1.214933,2268.16557,196.707776,12:30:00,6.35883,1.39156,6.90501,-11.45075,19.404419999999998,5.48162,3.12408,0.74163,84.64993,-4.788287,-0.212231,0.399793,-3.29689,11.44701,-1.31665,50,6.1966,2.67757,-136.60957,-6.17439,-6.11583,35.24907,-10.93943,b869bb06-2b4d-4ead-b798-60c37b8edbdd,NA,NA,NA,NA,NA,833422,"Miller, Sam",NA,NA,NA,Right,NA,NA,NA,NA,NA,NA,NA,NA,NA,NA,NA,NA,NA,NA,NA,NA,3bf7aa80-c00d-11f0-a406-372210f9cb79,1,1,FLA_GAT,2,Top,0,Four-Seam,Undefined,Undefined,Undefined,0,0,NA,FLA_GAT,FLA_GAT,CondronBallpark,TeamExclusive,Team,20251112-CondronBallpark-Private-2,94.27989,NA,NA,9.47913,NA,NA,NA,8fb8e9a3-628d-4bd2-917e-53033ce94b91,2025-11-12,21:19:07,2025-11-12T21:19:07Z,2025-11-12T21:19:07Z,NA,v3,471297,471297,NA,"Malzone, Aj",1000352389,Right,FLA_GAT,53.59067,-137.53294,17.62453,6.35459,-5.88782,-5.46971,-1.38888,2.83777,-3.05792,NA,NA,NA,NA,NA,NA,NA,NA,NA,NA,NA,NA,NA,NA,NA,NA,NA,NA,NA,NA,NA,NA,NA,NA,NA,NA,NA,NA,NA,NA,NA,NA,NA,NA,NA,NA,NA,NA,NA,NA,NA,NA,NA,NA,NA,NA,NA,NA,NA,NA,High,High,High,NA,NA,NA,NA,NA,NA,NA,NA,NA,NA,NA,NA,NA,NA,NA,NA,NA,NA,NA,NA,NA,NA,NA,NA,NA,NA,NA,NA,NA,NA,NA,NA,NA,NA
37,2025-11-12,16:19:22,"Jenkins, Matthew",804285,Right,FLA_GAT,Undefined,1,1,BallinDirt,Fastball,NA,NA,93.09359,-5.722515,-2.090394,2288.027845,183.062504,12:00:00,6.41252,1.31814,6.885,-9.92768,21.79395,1.10331,0.35024,-0.49543,84.19969,-7.704772,-1.888878,0.405368,-1.26154,13.80253,-1.18629,50,6.04527,4.87069,-134.58592,-13.65581,-2.27939,33.26846,-7.23497,3db89070-3c5a-445f-a0b5-612ce1d6be81,NA,NA,NA,NA,NA,833422,"Miller, Sam",NA,NA,NA,Right,NA,NA,NA,NA,NA,NA,NA,NA,NA,NA,NA,NA,NA,NA,NA,NA,44a5a6a0-c00d-11f0-a406-372210f9cb79,1,2,FLA_GAT,2,Top,0,Four-Seam,Undefined,Undefined,Undefined,0,0,NA,FLA_GAT,FLA_GAT,CondronBallpark,TeamExclusive,Team,20251112-CondronBallpark-Private-2,92.98331,NA,NA,8.89391,NA,NA,NA,8fb8e9a3-628d-4bd2-917e-53033ce94b91,2025-11-12,21:19:22,2025-11-12T21:19:22Z,2025-11-12T21:19:22Z,NA,v3,471297,471297,NA,"Malzone, Aj",1000352389,Right,FLA_GAT,53.61334,-135.47616,16.63423,6.40809,-13.46221,-3.61748,-1.31744,4.93168,-1.1397,NA,NA,NA,NA,NA,NA,NA,NA,NA,NA,NA,NA,NA,NA,NA,NA,NA,NA,NA,NA,NA,NA,NA,NA,NA,NA,NA,NA,NA,NA,NA,NA,NA,NA,NA,NA,NA,NA,NA,NA,NA,NA,NA,NA,NA,NA,NA,NA,NA,NA,High,High,High,NA,NA,NA,NA,NA,NA,NA,NA,NA,NA,NA,NA,NA,NA,NA,NA,NA,NA,NA,NA,NA,NA,NA,NA,NA,NA,NA,NA,NA,NA,NA,NA,NA,NA
38,2025-11-12,16:19:36,"Jenkins, Matthew",804285,Right,FLA_GAT,Undefined,2,1,StrikeSwinging,Fastball,NA,NA,94.24458,-2.792961,-0.73784,2294.727919,173.514857,11:45:00,6.45824,1.13905,6.677,-9.95477,21.23178,-2.27748,3.07149,0.27426,84.41512,-4.805853,-1.152611,0.401934,0.93701,12.44556,-1.08898,50,6.26669,1.85507,-136.6479,-6.81936,1.73239,36.34359,-9.16442,a88a8de8-78a3-4d6f-97b8-7119010fe4a1,NA,NA,NA,NA,NA,833422,"Miller, Sam",NA,NA,NA,Right,NA,NA,NA,NA,NA,NA,NA,NA,NA,NA,NA,NA,NA,NA,NA,NA,4d471fa0-c00d-11f0-a406-372210f9cb79,1,3,FLA_GAT,2,Top,0,Four-Seam,Undefined,Undefined,Undefined,0,0,NA,FLA_GAT,FLA_GAT,CondronBallpark,TeamExclusive,Team,20251112-CondronBallpark-Private-2,93.77757,NA,NA,9.82947,NA,NA,NA,8fb8e9a3-628d-4bd2-917e-53033ce94b91,2025-11-12,21:19:36,2025-11-12T21:19:36Z,2025-11-12T21:19:36Z,NA,v3,471297,471297,NA,"Malzone, Aj",1000352389,Right,FLA_GAT,53.81766,-137.65952,18.1718,6.45295,-6.56427,-4.58221,-1.13995,1.80685,0.86619,NA,NA,NA,NA,NA,NA,NA,NA,NA,NA,NA,NA,NA,NA,NA,NA,NA,NA,NA,NA,NA,NA,NA,NA,NA,NA,NA,NA,NA,NA,NA,NA,NA,NA,NA,NA,NA,NA,NA,NA,NA,NA,NA,NA,NA,NA,NA,NA,NA,NA,High,High,High,NA,NA,NA,NA,NA,NA,NA,NA,NA,NA,NA,NA,NA,NA,NA,NA,NA,NA,NA,NA,NA,NA,NA,NA,NA,NA,NA,NA,NA,NA,NA,NA,NA,NA
39,2025-11-12,16:19:57,"Jenkins, Matthew",804285,Right,FLA_GAT,Undefined,2,2,StrikeSwinging,Slider,NA,NA,83.00858,-0.867518,-2.097744,2217.529412,148.341155,11:00:00,6.03928,1.4996,6.27306,-28.59147,11.88831,-6.45426,2.85635,-0.97289,75.22608,-6.254112,-3.263405,0.457921,2.67488,6.8739,-1.34157,50,5.96136,4.65591,-120.42756,-2.64291,3.87376,26.41145,-22.21922,7214c5ae-1a69-4eb5-aec9-885149f0acf3,NA,NA,NA,NA,NA,833422,"Miller, Sam",NA,NA,NA,Right,NA,NA,NA,NA,NA,NA,NA,NA,NA,NA,NA,NA,NA,NA,NA,NA,59ba3a10-c00d-11f0-a406-372210f9cb79,1,4,FLA_GAT,2,Top,0,Slider,Strikeout,Undefined,Undefined,0,0,NA,FLA_GAT,FLA_GAT,CondronBallpark,TeamExclusive,Team,20251112-CondronBallpark-Private-2,82.31211,NA,NA,7.7825,NA,NA,NA,8fb8e9a3-628d-4bd2-917e-53033ce94b91,2025-11-12,21:19:57,2025-11-12T21:19:57Z,2025-11-12T21:19:57Z,NA,v3,471297,471297,NA,"Malzone, Aj",1000352389,Right,FLA_GAT,54.22324,-121.35024,13.20572,6.0401300000000004,-1.86668,-11.10961,-1.50186,4.52058,1.93688,NA,NA,NA,NA,NA,NA,NA,NA,NA,NA,NA,NA,NA,NA,NA,NA,NA,NA,NA,NA,NA,NA,NA,NA,NA,NA,NA,NA,50.43249,3.064135,1.506714,1.557422,-0.63795,2.62648,1.09086,-3.17412,4.50393,4.06807,73.06802,13.34476,-51.71585,-3.03863,53.16513,-2.74623,4.65529,28.50603,-14.7003,3.93199,-39.70229,2.53643,High,High,High,NA,NA,High,High,High,NA,NA,NA,NA,NA,NA,NA,NA,NA,NA,NA,NA,NA,NA,NA,NA,NA,NA,NA,NA,NA,NA,NA,NA,NA,NA,NA,NA,NA
40,2025-11-12,16:20:30,"Jenkins, Matthew",804285,Right,FLA_GAT,Undefined,0,0,BallCalled,Fastball,NA,NA,93.61568,-4.33051,-3.128386,2312.930384,188.086585,12:15:00,6.40441,1.09925,6.71403,-7.82008,23.98934,3.2287,1.78058,-1.49431,83.6808,-5.959826,-2.541579,0.405928,-2.76004,14.4082,-0.89287,50,6.1124,7.25678,-135.28191,-10.30036,-4.99529,35.94232,-6.09709,772d908a-ebd8-40e6-ad72-c6b0c5da6c33,NA,NA,NA,NA,NA,1000098001,"Stanford, Cole",NA,NA,NA,Right,NA,NA,NA,NA,NA,NA,NA,NA,NA,NA,NA,NA,NA,NA,NA,NA,6d6ec850-c00d-11f0-a406-372210f9cb79,2,1,FLA_GAT,2,Top,1,Four-Seam,Undefined,Undefined,Undefined,0,0,NA,FLA_GAT,FLA_GAT,CondronBallpark,TeamExclusive,Team,20251112-CondronBallpark-Private-2,92.8549,NA,NA,9.93489,NA,NA,NA,8fb8e9a3-628d-4bd2-917e-53033ce94b91,2025-11-12,21:20:30,2025-11-12T21:20:30Z,2025-11-12T21:20:30Z,NA,v3,471297,471297,NA,"Malzone, Aj",1000352389,Right,FLA_GAT,53.77887,-136.2822,17.97116,6.3967,-10.13068,-3.04854,-1.09677,7.3958,-2.49764,NA,NA,NA,NA,NA,NA,NA,NA,NA,NA,NA,NA,NA,NA,NA,NA,NA,NA,NA,NA,NA,NA,NA,NA,NA,NA,NA,NA,NA,NA,NA,NA,NA,NA,NA,NA,NA,NA,NA,NA,NA,NA,NA,NA,NA,NA,NA,NA,NA,NA,High,High,High,NA,NA,NA,NA,NA,NA,NA,NA,NA,NA,NA,NA,NA,NA,NA,NA,NA,NA,NA,NA,NA,NA,NA,NA,NA,NA,NA,NA,NA,NA,NA,NA,NA,NA
41,2025-11-12,16:20:45,"Jenkins, Matthew",804285,Right,FLA_GAT,Undefined,1,0,BallCalled,Fastball,NA,NA,93.64872,-5.032389,-2.718147,2305.577073,163.798316,11:30:00,6.31501,1.31365,6.74375,-8.66626,23.15056,-6.35918,0.97809,-1.70149,83.83151,-6.799625,-3.874586,0.405976,2.32807,14.18328,-1.13349,50,5.97822,6.69559,-135.20958,-11.98138,4.20833,35.94714,-6.53573,34c68c87-9bc2-4ec9-b91d-32483d0606b9,NA,NA,NA,NA,NA,1000098001,"Stanford, Cole",NA,NA,NA,Right,NA,NA,NA,NA,NA,NA,NA,NA,NA,NA,NA,NA,NA,NA,NA,NA,76043360-c00d-11f0-a406-372210f9cb79,2,2,FLA_GAT,2,Top,1,Four-Seam,Undefined,Undefined,Undefined,0,0,NA,FLA_GAT,FLA_GAT,CondronBallpark,TeamExclusive,Team,20251112-CondronBallpark-Private-2,92.84411,NA,NA,9.81722,NA,NA,NA,8fb8e9a3-628d-4bd2-917e-53033ce94b91,2025-11-12,21:20:45,2025-11-12T21:20:45Z,2025-11-12T21:20:45Z,NA,v3,471297,471297,NA,"Malzone, Aj",1000352389,Right,FLA_GAT,53.747,-136.20213,17.97357,6.30655,-11.80092,-3.26786,-1.31677,6.5794,2.10416,NA,NA,NA,NA,NA,NA,NA,NA,NA,NA,NA,NA,NA,NA,NA,NA,NA,NA,NA,NA,NA,NA,NA,NA,NA,NA,NA,NA,NA,NA,NA,NA,NA,NA,NA,NA,NA,NA,NA,NA,NA,NA,NA,NA,NA,NA,NA,NA,NA,NA,High,High,High,NA,NA,NA,NA,NA,NA,NA,NA,NA,NA,NA,NA,NA,NA,NA,NA,NA,NA,NA,NA,NA,NA,NA,NA,NA,NA,NA,NA,NA,NA,NA,NA,NA,NA
42,2025-11-12,16:21:05,"Jenkins, Matthew",804285,Right,FLA_GAT,Undefined,2,0,BallCalled,Slider,NA,NA,80.12352,2.09553,0.471452,2288.645766,143.353542,10:45:00,6.09234,1.88233,6.25996,-30.08206,12.85638,-8.57241,5.51864,1.60268,73.09647,-3.576045,-1.076918,0.471623,4.48843,6.51225,-1.91387,50,6.23313,-0.62728,-116.33561,3.4197,6.15371,21.74016,-23.24562,d5a40b03-f904-4c53-a51a-f7f062e8496f,NA,NA,NA,NA,NA,1000098001,"Stanford, Cole",NA,NA,NA,Right,NA,NA,NA,NA,NA,NA,NA,NA,NA,NA,NA,NA,NA,NA,NA,NA,822a6650-c00d-11f0-a406-372210f9cb79,2,3,FLA_GAT,2,Top,1,Slider,Undefined,Undefined,Undefined,0,0,NA,FLA_GAT,FLA_GAT,CondronBallpark,TeamExclusive,Team,20251112-CondronBallpark-Private-2,79.92076,NA,NA,7.02705,NA,NA,NA,8fb8e9a3-628d-4bd2-917e-53033ce94b91,2025-11-12,21:21:05,2025-11-12T21:21:05Z,2025-11-12T21:21:05Z,NA,v3,471297,471297,NA,"Malzone, Aj",1000352389,Right,FLA_GAT,54.23424,-117.12421,10.87008,6.09379,4.26291,-11.62281,-1.88707,-0.8505,3.07686,NA,NA,NA,NA,NA,NA,NA,NA,NA,NA,NA,NA,NA,NA,NA,NA,NA,NA,NA,NA,NA,NA,NA,NA,NA,NA,NA,NA,NA,NA,NA,NA,NA,NA,NA,NA,NA,NA,NA,NA,NA,NA,NA,NA,NA,NA,NA,NA,NA,NA,High,High,High,NA,NA,NA,NA,NA,NA,NA,NA,NA,NA,NA,NA,NA,NA,NA,NA,NA,NA,NA,NA,NA,NA,NA,NA,NA,NA,NA,NA,NA,NA,NA,NA,NA,NA
43,2025-11-12,16:21:32,"Jenkins, Matthew",804285,Right,FLA_GAT,Undefined,3,0,StrikeCalled,Fastball,NA,NA,94.11236,-3.608136,-2.859098,2329.999648,188.918084,12:15:00,6.17558,1.4402,6.77894,-10.94268,20.23934,2.99071,1.96098,-0.92311,84.5652,-5.793523,-2.314423,0.401905,-2.51244,12.18371,-1.25485,50,5.93512,6.67887,-136.23252,-8.78342,-4.63289,35.17857,-9.70762,acfef1db-1769-4212-a080-d5509e30a166,NA,NA,NA,NA,NA,1000098001,"Stanford, Cole",NA,NA,NA,Right,NA,NA,NA,NA,NA,NA,NA,NA,NA,NA,NA,NA,NA,NA,NA,NA,91fefb40-c00d-11f0-a406-372210f9cb79,2,4,FLA_GAT,2,Top,1,Four-Seam,Undefined,Undefined,Undefined,0,0,NA,FLA_GAT,FLA_GAT,CondronBallpark,TeamExclusive,Team,20251112-CondronBallpark-Private-2,93.78443,NA,NA,9.54717,NA,NA,NA,8fb8e9a3-628d-4bd2-917e-53033ce94b91,2025-11-12,21:21:32,2025-11-12T21:21:32Z,2025-11-12T21:21:32Z,NA,v3,471297,471297,NA,"Malzone, Aj",1000352389,Right,FLA_GAT,53.71501,-137.18848,17.58929,6.17022,-8.51962,-4.85381,-1.43805,6.80476,-2.31644,NA,NA,NA,NA,NA,NA,NA,NA,NA,NA,NA,NA,NA,NA,NA,NA,NA,NA,NA,NA,NA,NA,NA,NA,NA,NA,NA,NA,NA,NA,NA,NA,NA,NA,NA,NA,NA,NA,NA,NA,NA,NA,NA,NA,NA,NA,NA,NA,NA,NA,High,High,High,NA,NA,NA,NA,NA,NA,NA,NA,NA,NA,NA,NA,NA,NA,NA,NA,NA,NA,NA,NA,NA,NA,NA,NA,NA,NA,NA,NA,NA,NA,NA,NA,NA,NA
44,2025-11-12,16:21:47,"Jenkins, Matthew",804285,Right,FLA_GAT,Undefined,3,1,BallinDirt,Fastball,NA,NA,92.82907,-5.432552,-1.552734,2335.669677,190.152003,12:15:00,6.37708,1.14252,6.79876,-8.59552,23.47765,3.98492,0.68599,0.05714,83.59007,-7.186319,-0.825748,0.407608,-2.61697,14.56812,-1.04325,50,6.02031,3.48097,-134.22333,-12.86484,-4.68848,33.91956,-6.07438,c272af22-47be-45ce-a1ba-14f4ef2ee67b,NA,NA,NA,NA,NA,1000098001,"Stanford, Cole",NA,NA,NA,Right,NA,NA,NA,NA,NA,NA,NA,NA,NA,NA,NA,NA,NA,NA,NA,NA,9af487b0-c00d-11f0-a406-372210f9cb79,2,5,FLA_GAT,2,Top,1,Four-Seam,Walk,Undefined,Undefined,0,0,NA,FLA_GAT,FLA_GAT,CondronBallpark,TeamExclusive,Team,20251112-CondronBallpark-Private-2,92.47236,NA,NA,9.239,NA,NA,NA,8fb8e9a3-628d-4bd2-917e-53033ce94b91,2025-11-12,21:21:47,2025-11-12T21:21:47Z,2025-11-12T21:21:47Z,NA,v3,471297,471297,NA,"Malzone, Aj",1000352389,Right,FLA_GAT,53.69779,-135.15457,16.95978,6.37121,-12.69807,-3.03719,-1.14059,3.60969,-2.34424,NA,NA,NA,NA,NA,NA,NA,NA,NA,NA,NA,NA,NA,NA,NA,NA,NA,NA,NA,NA,NA,NA,NA,NA,NA,NA,NA,NA,NA,NA,NA,NA,NA,NA,NA,NA,NA,NA,NA,NA,NA,NA,NA,NA,NA,NA,NA,NA,NA,NA,High,High,High,NA,NA,NA,NA,NA,NA,NA,NA,NA,NA,NA,NA,NA,NA,NA,NA,NA,NA,NA,NA,NA,NA,NA,NA,NA,NA,NA,NA,NA,NA,NA,NA,NA,NA
45,2025-11-12,16:22:48,"Jenkins, Matthew",804285,Right,FLA_GAT,Undefined,0,0,BallCalled,Fastball,NA,NA,93.55386,-4.467409,-1.985228,2349.313695,196.808722,12:30:00,6.307,1.54721,6.78645,-9.49091,21.83556,6.25662,1.42718,0.25561,84.70291,-6.374167,-0.844232,0.402835,-3.92063,13.26906,-1.42023,50,6.01185,4.44891,-135.5103,-10.737,-7.20607,32.80203,-7.78564,60ada67b-99d7-40d8-885e-486a5312909a,NA,NA,NA,NA,NA,703630,"Nadeau, Justin",NA,NA,NA,Left,NA,NA,NA,NA,NA,NA,NA,NA,NA,NA,NA,NA,NA,NA,NA,NA,bfa69a80-c00d-11f0-a406-372210f9cb79,3,1,FLA_GAT,2,Top,1,Four-Seam,Undefined,Undefined,Undefined,0,0,NA,FLA_GAT,FLA_GAT,CondronBallpark,TeamExclusive,Team,20251112-CondronBallpark-Private-2,93.56791,NA,NA,8.85095,NA,NA,NA,8fb8e9a3-628d-4bd2-917e-53033ce94b91,2025-11-12,21:22:48,2025-11-12T21:22:48Z,2025-11-12T21:22:48Z,NA,v3,471297,471297,NA,"Malzone, Aj",1000352389,Right,FLA_GAT,53.7109,-136.40561,16.40101,6.30201,-10.5245,-3.89282,-1.54435,4.6456,-3.60303,NA,NA,NA,NA,NA,NA,NA,NA,NA,NA,NA,NA,NA,NA,NA,NA,NA,NA,NA,NA,NA,NA,NA,NA,NA,NA,NA,NA,NA,NA,NA,NA,NA,NA,NA,NA,NA,NA,NA,NA,NA,NA,NA,NA,NA,NA,NA,NA,NA,NA,High,High,High,NA,NA,NA,NA,NA,NA,NA,NA,NA,NA,NA,NA,NA,NA,NA,NA,NA,NA,NA,NA,NA,NA,NA,NA,NA,NA,NA,NA,NA,NA,NA,NA,NA,NA
46,2025-11-12,16:23:04,"Jenkins, Matthew",804285,Right,FLA_GAT,Undefined,1,0,StrikeCalled,Fastball,NA,NA,93.63607,-4.409153,-2.22863,2335.476964,193.181462,12:30:00,6.37491,1.54303,6.5583,-10.63886,21.1947,4.67646,1.43472,-0.11162,84.07349,-6.5327,-1.379691,0.406082,-3.19331,12.93709,-1.3911,50,6.06521,5.0759,-135.44086,-10.64173,-5.81116,35.18727,-8.63116,79c5c957-9bfd-4cf5-83e1-8e3a000f9358,NA,NA,NA,NA,NA,703630,"Nadeau, Justin",NA,NA,NA,Left,NA,NA,NA,NA,NA,NA,NA,NA,NA,NA,NA,NA,NA,NA,NA,NA,c8fe1d10-c00d-11f0-a406-372210f9cb79,3,2,FLA_GAT,2,Top,1,Four-Seam,Undefined,Undefined,Undefined,0,0,NA,FLA_GAT,FLA_GAT,CondronBallpark,TeamExclusive,Team,20251112-CondronBallpark-Private-2,92.81975,NA,NA,9.56258,NA,NA,NA,8fb8e9a3-628d-4bd2-917e-53033ce94b91,2025-11-12,21:23:04,2025-11-12T21:23:04Z,2025-11-12T21:23:04Z,NA,v3,471297,471297,NA,"Malzone, Aj",1000352389,Right,FLA_GAT,53.93727,-136.45992,17.59364,6.36979,-10.39176,-4.31558,-1.54054,5.2442,-2.90558,NA,NA,NA,NA,NA,NA,NA,NA,NA,NA,NA,NA,NA,NA,NA,NA,NA,NA,NA,NA,NA,NA,NA,NA,NA,NA,NA,NA,NA,NA,NA,NA,NA,NA,NA,NA,NA,NA,NA,NA,NA,NA,NA,NA,NA,NA,NA,NA,NA,NA,High,High,High,NA,NA,NA,NA,NA,NA,NA,NA,NA,NA,NA,NA,NA,NA,NA,NA,NA,NA,NA,NA,NA,NA,NA,NA,NA,NA,NA,NA,NA,NA,NA,NA,NA,NA
47,2025-11-12,16:23:21,"Jenkins, Matthew",804285,Right,FLA_GAT,Undefined,1,1,BallCalled,Fastball,NA,NA,92.27814,-4.260945,-3.611479,2382.708563,189.596619,12:15:00,6.40307,1.29024,7.01275,-11.55886,20.54974,3.27414,1.55208,-1.72383,83.30008,-6.559925,-3.013326,0.407833,-2.88957,12.63446,-1.07042,50,6.13727,8.297,-133.48492,-10.14949,-5.13534,32.75784,-9.72017,00c5d664-6eaa-446b-aa8f-92b13c575e2d,NA,NA,NA,NA,NA,703630,"Nadeau, Justin",NA,NA,NA,Left,NA,NA,NA,NA,NA,NA,NA,NA,NA,NA,NA,NA,NA,NA,NA,NA,d35869a0-c00d-11f0-a406-372210f9cb79,3,3,FLA_GAT,2,Top,1,Four-Seam,Undefined,Undefined,Undefined,0,0,NA,FLA_GAT,FLA_GAT,CondronBallpark,TeamExclusive,Team,20251112-CondronBallpark-Private-2,92.42134,NA,NA,8.97807,NA,NA,NA,8fb8e9a3-628d-4bd2-917e-53033ce94b91,2025-11-12,21:23:21,2025-11-12T21:23:21Z,2025-11-12T21:23:21Z,NA,v3,471297,471297,NA,"Malzone, Aj",1000352389,Right,FLA_GAT,53.48222,-134.33675,16.37892,6.39791,-9.89672,-4.86009,-1.28791,8.43054,-2.56767,NA,NA,NA,NA,NA,NA,NA,NA,NA,NA,NA,NA,NA,NA,NA,NA,NA,NA,NA,NA,NA,NA,NA,NA,NA,NA,NA,NA,NA,NA,NA,NA,NA,NA,NA,NA,NA,NA,NA,NA,NA,NA,NA,NA,NA,NA,NA,NA,NA,NA,High,High,High,NA,NA,NA,NA,NA,NA,NA,NA,NA,NA,NA,NA,NA,NA,NA,NA,NA,NA,NA,NA,NA,NA,NA,NA,NA,NA,NA,NA,NA,NA,NA,NA,NA,NA
48,2025-11-12,16:23:44,"Jenkins, Matthew",804285,Right,FLA_GAT,Undefined,2,1,BallCalled,Fastball,NA,NA,91.94782,-3.060079,-1.006128,2309.917412,191.392694,12:30:00,6.32164,1.67894,6.67705,-12.15831,20.46068,3.87977,2.50605,1.08177,82.81535,-5.469809,-0.299453,0.411061,-2.35662,12.09737,-1.61294,50,6.11134,2.18412,-133.33719,-7.36135,-4.1712,33.17086,-10.76183,880b24df-3668-498b-a05c-177ad5a7ce2e,NA,NA,NA,NA,NA,703630,"Nadeau, Justin",NA,NA,NA,Left,NA,NA,NA,NA,NA,NA,NA,NA,NA,NA,NA,NA,NA,NA,NA,NA,e0998270-c00d-11f0-a406-372210f9cb79,3,4,FLA_GAT,2,Top,1,Four-Seam,Undefined,Undefined,Undefined,0,0,NA,FLA_GAT,FLA_GAT,CondronBallpark,TeamExclusive,Team,20251112-CondronBallpark-Private-2,91.6954,NA,NA,9.13247,NA,NA,NA,8fb8e9a3-628d-4bd2-917e-53033ce94b91,2025-11-12,21:23:44,2025-11-12T21:23:44Z,2025-11-12T21:23:44Z,NA,v3,471297,471297,NA,"Malzone, Aj",1000352389,Right,FLA_GAT,53.81817,-134.28369,16.58543,6.31701,-7.05427,-5.38092,-1.67696,2.30314,-2.0856,NA,NA,NA,NA,NA,NA,NA,NA,NA,NA,NA,NA,NA,NA,NA,NA,NA,NA,NA,NA,NA,NA,NA,NA,NA,NA,NA,NA,NA,NA,NA,NA,NA,NA,NA,NA,NA,NA,NA,NA,NA,NA,NA,NA,NA,NA,NA,NA,NA,NA,High,High,High,NA,NA,NA,NA,NA,NA,NA,NA,NA,NA,NA,NA,NA,NA,NA,NA,NA,NA,NA,NA,NA,NA,NA,NA,NA,NA,NA,NA,NA,NA,NA,NA,NA,NA
49,2025-11-12,16:24:15,"Jenkins, Matthew",804285,Right,FLA_GAT,Undefined,3,1,BallCalled,Fastball,NA,NA,93.44871,-3.274881,-0.873022,2286.515282,183.13078,12:00:00,6.26784,1.58953,6.67032,-10.83162,20.79726,1.07299,2.36541,0.88015,84.07288,-5.438749,-0.677627,0.404774,-0.84606,12.31949,-1.5314,50,6.04313,2.01942,-135.46609,-7.9368,-1.54457,34.44077,-9.68359,1014d0ce-ff20-48b1-9f58-9856b5ef8d17,NA,NA,NA,NA,NA,703630,"Nadeau, Justin",NA,NA,NA,Left,NA,NA,NA,NA,NA,NA,NA,NA,NA,NA,NA,NA,NA,NA,NA,NA,f351d660-c00d-11f0-a406-372210f9cb79,3,5,FLA_GAT,2,Top,1,Four-Seam,Walk,Undefined,Undefined,0,0,NA,FLA_GAT,FLA_GAT,CondronBallpark,TeamExclusive,Team,20251112-CondronBallpark-Private-2,93.11961,NA,NA,9.37583,NA,NA,NA,8fb8e9a3-628d-4bd2-917e-53033ce94b91,2025-11-12,21:24:15,2025-11-12T21:24:15Z,2025-11-12T21:24:15Z,NA,v3,471297,471297,NA,"Malzone, Aj",1000352389,Right,FLA_GAT,53.82412,-136.43487,17.22039,6.26255,-7.66441,-4.8418,-1.58882,2.06287,-0.77229,NA,NA,NA,NA,NA,NA,NA,NA,NA,NA,NA,NA,NA,NA,NA,NA,NA,NA,NA,NA,NA,NA,NA,NA,NA,NA,NA,NA,NA,NA,NA,NA,NA,NA,NA,NA,NA,NA,NA,NA,NA,NA,NA,NA,NA,NA,NA,NA,NA,NA,High,High,High,NA,NA,NA,NA,NA,NA,NA,NA,NA,NA,NA,NA,NA,NA,NA,NA,NA,NA,NA,NA,NA,NA,NA,NA,NA,NA,NA,NA,NA,NA,NA,NA,NA,NA
50,2025-11-12,16:24:56,"Jenkins, Matthew",804285,Right,FLA_GAT,Undefined,0,0,BallinDirt,Slider,NA,NA,85.31775,-2.715456,-3.232577,2317.560791,151.712776,11:00:00,5.96061,2.13266,6.38272,-30.91321,7.33835,-3.23299,0.88066,-1.11363,77.69839,-8.476544,-3.817459,0.445139,0.67047,5.07508,-1.89829,50,5.75052,7.10204,-123.61142,-6.79512,1.02356,27.70309,-24.42628,bec93d75-f667-4885-8450-c03ebd5c750d,NA,NA,NA,NA,NA,701341,"Wilson, Ashton",NA,NA,NA,Right,NA,NA,NA,NA,NA,NA,NA,NA,NA,NA,NA,NA,NA,NA,NA,NA,0bcced60-c00e-11f0-a406-372210f9cb79,4,1,FLA_GAT,2,Top,1,Slider,Undefined,Undefined,Undefined,0,0,NA,FLA_GAT,FLA_GAT,CondronBallpark,TeamExclusive,Team,20251112-CondronBallpark-Private-2,84.67564,NA,NA,7.61936,NA,NA,NA,8fb8e9a3-628d-4bd2-917e-53033ce94b91,2025-11-12,21:24:56,2025-11-12T21:24:56Z,2025-11-12T21:24:56Z,NA,v3,471297,471297,NA,"Malzone, Aj",1000352389,Right,FLA_GAT,54.11553,-124.53036,13.85155,5.96248,-5.98488,-12.21314,-2.13331,7.06809,0.51178,NA,NA,NA,NA,NA,NA,NA,NA,NA,NA,NA,NA,NA,NA,NA,NA,NA,NA,NA,NA,NA,NA,NA,NA,NA,NA,NA,NA,NA,NA,NA,NA,NA,NA,NA,NA,NA,NA,NA,NA,NA,NA,NA,NA,NA,NA,NA,NA,NA,NA,High,High,High,NA,NA,NA,NA,NA,NA,NA,NA,NA,NA,NA,NA,NA,NA,NA,NA,NA,NA,NA,NA,NA,NA,NA,NA,NA,NA,NA,NA,NA,NA,NA,NA,NA,NA
51,2025-11-12,16:25:12,"Jenkins, Matthew",804285,Right,FLA_GAT,Undefined,1,0,StrikeCalled,Fastball,NA,NA,91.9759,-3.219196,-1.209226,2268.098191,187.915281,12:15:00,6.32929,1.59652,6.87265,-13.3641,18.9404,2.4702,2.278,0.70015,83.05006,-5.848578,-0.757609,0.409075,-1.68941,11.40623,-1.52048,50,6.1193,2.71887,-133.41695,-7.77393,-2.99937,32.72624,-11.92371,664b4b4b-2204-4efe-9e6a-399b004e8919,NA,NA,NA,NA,NA,701341,"Wilson, Ashton",NA,NA,NA,Right,NA,NA,NA,NA,NA,NA,NA,NA,NA,NA,NA,NA,NA,NA,NA,NA,154f7790-c00e-11f0-a406-372210f9cb79,4,2,FLA_GAT,2,Top,1,Four-Seam,Undefined,Undefined,Undefined,0,0,NA,FLA_GAT,FLA_GAT,CondronBallpark,TeamExclusive,Team,20251112-CondronBallpark-Private-2,92.14063,NA,NA,8.9258400000000009,NA,NA,NA,8fb8e9a3-628d-4bd2-917e-53033ce94b91,2025-11-12,21:25:12,2025-11-12T21:25:12Z,2025-11-12T21:25:12Z,NA,v3,471297,471297,NA,"Malzone, Aj",1000352389,Right,FLA_GAT,53.62282,-134.30267,16.36312,6.32533,-7.45123,-5.96185,-1.59516,2.80004,-1.49969,NA,NA,NA,NA,NA,NA,NA,NA,NA,NA,NA,NA,NA,NA,NA,NA,NA,NA,NA,NA,NA,NA,NA,NA,NA,NA,NA,NA,NA,NA,NA,NA,NA,NA,NA,NA,NA,NA,NA,NA,NA,NA,NA,NA,NA,NA,NA,NA,NA,NA,High,High,High,NA,NA,NA,NA,NA,NA,NA,NA,NA,NA,NA,NA,NA,NA,NA,NA,NA,NA,NA,NA,NA,NA,NA,NA,NA,NA,NA,NA,NA,NA,NA,NA,NA,NA
52,2025-11-12,16:25:31,"Jenkins, Matthew",804285,Right,FLA_GAT,Undefined,1,1,BallCalled,Fastball,NA,NA,92.48819,-2.063919,-2.804865,2337.148631,173.752991,11:45:00,6.39049,1.493,6.724,-12.00241,20.29249,-2.08906,3.50086,-1.24668,83.03581,-4.452827,-3.184793,0.409014,0.1474,11.70386,-1.30703,50,6.24853,6.65312,-134.04721,-5.05511,0.26288,34.32859,-11.30058,e2076598-e62c-4d2d-9160-f99c70f66443,NA,NA,NA,NA,NA,701341,"Wilson, Ashton",NA,NA,NA,Right,NA,NA,NA,NA,NA,NA,NA,NA,NA,NA,NA,NA,NA,NA,NA,NA,207fb1c0-c00e-11f0-a406-372210f9cb79,4,3,FLA_GAT,2,Top,1,Four-Seam,Undefined,Undefined,Undefined,0,0,NA,FLA_GAT,FLA_GAT,CondronBallpark,TeamExclusive,Team,20251112-CondronBallpark-Private-2,92.15437,NA,NA,9.45239,NA,NA,NA,8fb8e9a3-628d-4bd2-917e-53033ce94b91,2025-11-12,21:25:31,2025-11-12T21:25:31Z,2025-11-12T21:25:31Z,NA,v3,471297,471297,NA,"Malzone, Aj",1000352389,Right,FLA_GAT,53.7702,-135.00928,17.1643,6.38576,-4.7384,-5.65029,-1.49339,6.64575,0.13144,NA,NA,NA,NA,NA,NA,NA,NA,NA,NA,NA,NA,NA,NA,NA,NA,NA,NA,NA,NA,NA,NA,NA,NA,NA,NA,NA,NA,NA,NA,NA,NA,NA,NA,NA,NA,NA,NA,NA,NA,NA,NA,NA,NA,NA,NA,NA,NA,NA,NA,High,High,High,NA,NA,NA,NA,NA,NA,NA,NA,NA,NA,NA,NA,NA,NA,NA,NA,NA,NA,NA,NA,NA,NA,NA,NA,NA,NA,NA,NA,NA,NA,NA,NA,NA,NA
53,2025-11-12,16:25:48,"Jenkins, Matthew",804285,Right,FLA_GAT,Undefined,2,1,BallCalled,Fastball,NA,NA,93.02459,-4.728807,-3.31657,2306.550222,212.930075,01:00:00,6.18716,1.62855,7.07346,-11.22658,20.12218,12.31241,0.9415,-0.35977,84.40329,-6.95929,-1.061584,0.402978,-7.60248,12.55142,-1.43268,50,5.89828,7.34468,-134.66301,-11.35141,-13.82364,31.91548,-9.35175,b8742f36-e739-4727-8128-ee9f1ffd25e3,NA,NA,NA,NA,NA,701341,"Wilson, Ashton",NA,NA,NA,Right,NA,NA,NA,NA,NA,NA,NA,NA,NA,NA,NA,NA,NA,NA,NA,NA,2aebb190-c00e-11f0-a406-372210f9cb79,4,4,FLA_GAT,2,Top,1,Four-Seam,Undefined,Undefined,Undefined,0,0,NA,FLA_GAT,FLA_GAT,CondronBallpark,TeamExclusive,Team,20251112-CondronBallpark-Private-2,93.53467,NA,NA,8.62131,NA,NA,NA,8fb8e9a3-628d-4bd2-917e-53033ce94b91,2025-11-12,21:25:48,2025-11-12T21:25:48Z,2025-11-12T21:25:48Z,NA,v3,471297,471297,NA,"Malzone, Aj",1000352389,Right,FLA_GAT,53.42513,-135.47234,15.95774,6.18313,-11.11426,-4.67588,-1.62337,7.69523,-6.91182,NA,NA,NA,NA,NA,NA,NA,NA,NA,NA,NA,NA,NA,NA,NA,NA,NA,NA,NA,NA,NA,NA,NA,NA,NA,NA,NA,NA,NA,NA,NA,NA,NA,NA,NA,NA,NA,NA,NA,NA,NA,NA,NA,NA,NA,NA,NA,NA,NA,NA,High,High,High,NA,NA,NA,NA,NA,NA,NA,NA,NA,NA,NA,NA,NA,NA,NA,NA,NA,NA,NA,NA,NA,NA,NA,NA,NA,NA,NA,NA,NA,NA,NA,NA,NA,NA
54,2025-11-12,16:26:10,"Jenkins, Matthew",804285,Right,FLA_GAT,Undefined,3,1,InPlay,Fastball,NA,NA,92.08468,-3.135566,-2.092276,2310.410009,195.022183,12:30:00,6.28646,1.80605,6.77634,-13.00753,19.46808,4.89835,2.3348,0.30304,82.84242,-5.704698,-1.199051,0.410157,-3.28083,11.68591,-1.67132,50,6.07652,4.68361,-133.48544,-7.58121,-5.80844,33.7644,-11.48504,a21b22a9-22df-4fa0-9170-c2dd9a6cadac,NA,NA,NA,NA,-2.742076,701341,"Wilson, Ashton",915.396702,NA,101.43756,Right,2.441842,NA,NA,NA,73.9709,71.3901,0.534249,-1.512142,0.89742,2.30194,-0.28137,NA,NA,NA,NA,NA,37c13750-c00e-11f0-a406-372210f9cb79,4,5,FLA_GAT,2,Top,1,Four-Seam,Undefined,GroundBall,Single,0,1,NA,FLA_GAT,FLA_GAT,CondronBallpark,TeamExclusive,Team,20251112-CondronBallpark-Private-2,91.89762,2.77865,NA,9.24225,NA,NA,NA,8fb8e9a3-628d-4bd2-917e-53033ce94b91,2025-11-12,21:26:10,2025-11-12T21:26:10Z,2025-11-12T21:26:10Z,GroundBall,v3,471297,471297,NA,"Malzone, Aj",1000352389,Right,FLA_GAT,53.71987,-134.42307,16.8822,6.28262,-7.26227,-5.74252,-1.80362,4.84491,-2.90422,300.401694,0.92335,147.81532,-20.92579,NA,NA,NA,NA,NA,NA,2.32072,5.86359,-19.16769,NA,NA,NA,NA,NA,NA,-0.29597,-6.74019,6.86144,NA,NA,NA,NA,NA,NA,NA,NA,NA,NA,NA,NA,NA,NA,NA,NA,NA,NA,NA,NA,NA,NA,NA,NA,NA,NA,NA,NA,High,High,High,High,High,NA,NA,NA,NA,NA,NA,NA,NA,NA,NA,NA,NA,NA,NA,NA,NA,NA,NA,NA,NA,NA,NA,NA,NA,NA,NA,NA,NA,NA,75.15098,9.35823,-0.52834
55,2025-11-12,16:26:52,"Jenkins, Matthew",804285,Right,FLA_GAT,Undefined,0,0,StrikeCalled,Fastball,NA,NA,92.75189,-3.013481,-0.568498,2309.290878,167.413496,11:30:00,6.37593,1.54327,6.71914,-12.11784,20.0254,-4.19666,2.60897,0.6739,83.18635,-5.422101,-1.333533,0.408053,1.99063,11.88725,-1.50446,50,6.17096,1.50871,-134.45688,-7.30134,3.56642,34.95312,-10.87695,ba1105c1-cfc8-4e26-bc35-de749aa857f5,NA,NA,NA,NA,NA,812807,"Jones, Kyle",NA,NA,NA,Right,NA,NA,NA,NA,NA,NA,NA,NA,NA,NA,NA,NA,NA,NA,NA,NA,510ce4c0-c00e-11f0-a406-372210f9cb79,5,1,FLA_GAT,2,Top,1,Four-Seam,Undefined,Undefined,Undefined,0,0,NA,FLA_GAT,FLA_GAT,CondronBallpark,TeamExclusive,Team,20251112-CondronBallpark-Private-2,92.37151,NA,NA,9.56554,NA,NA,NA,8fb8e9a3-628d-4bd2-917e-53033ce94b91,2025-11-12,21:26:52,2025-11-12T21:26:52Z,2025-11-12T21:26:52Z,NA,v3,471297,471297,NA,"Malzone, Aj",1000352389,Right,FLA_GAT,53.77438,-135.43451,17.47656,6.37093,-6.99712,-5.43847,-1.54526,1.40896,1.78321,NA,NA,NA,NA,NA,NA,NA,NA,NA,NA,NA,NA,NA,NA,NA,NA,NA,NA,NA,NA,NA,NA,NA,NA,NA,NA,NA,NA,NA,NA,NA,NA,NA,NA,NA,NA,NA,NA,NA,NA,NA,NA,NA,NA,NA,NA,NA,NA,NA,NA,High,High,High,NA,NA,NA,NA,NA,NA,NA,NA,NA,NA,NA,NA,NA,NA,NA,NA,NA,NA,NA,NA,NA,NA,NA,NA,NA,NA,NA,NA,NA,NA,NA,NA,NA,NA
56,2025-11-12,16:27:07,"Jenkins, Matthew",804285,Right,FLA_GAT,Undefined,0,1,StrikeCalled,Fastball,NA,NA,93.838,-2.878321,-2.404644,2344.027624,187.076702,12:15:00,6.38674,1.3621,6.91466,-8.86725,22.42096,2.63118,3.02219,-0.60967,83.83497,-4.707868,-1.923988,0.402589,-2.21823,13.18595,-1.21188,50,6.20154,5.60084,-135.95356,-6.92001,-4.05109,36.53872,-8.09291,c7748eb3-52bf-4e2f-9ff4-164ce8bed621,NA,NA,NA,NA,NA,812807,"Jones, Kyle",NA,NA,NA,Right,NA,NA,NA,NA,NA,NA,NA,NA,NA,NA,NA,NA,NA,NA,NA,NA,59b1b920-c00e-11f0-a406-372210f9cb79,5,2,FLA_GAT,2,Top,1,Four-Seam,Undefined,Undefined,Undefined,0,0,NA,FLA_GAT,FLA_GAT,CondronBallpark,TeamExclusive,Team,20251112-CondronBallpark-Private-2,93.62515,NA,NA,10.00304,NA,NA,NA,8fb8e9a3-628d-4bd2-917e-53033ce94b91,2025-11-12,21:27:07,2025-11-12T21:27:07Z,2025-11-12T21:27:07Z,NA,v3,471297,471297,NA,"Malzone, Aj",1000352389,Right,FLA_GAT,53.57859,-136.91196,18.26936,6.38026,-6.70773,-4.04645,-1.36018,5.7071,-2.02554,NA,NA,NA,NA,NA,NA,NA,NA,NA,NA,NA,NA,NA,NA,NA,NA,NA,NA,NA,NA,NA,NA,NA,NA,NA,NA,NA,NA,NA,NA,NA,NA,NA,NA,NA,NA,NA,NA,NA,NA,NA,NA,NA,NA,NA,NA,NA,NA,NA,NA,High,High,High,NA,NA,NA,NA,NA,NA,NA,NA,NA,NA,NA,NA,NA,NA,NA,NA,NA,NA,NA,NA,NA,NA,NA,NA,NA,NA,NA,NA,NA,NA,NA,NA,NA,NA
57,2025-11-12,16:27:31,"Jenkins, Matthew",804285,Right,FLA_GAT,Undefined,0,2,BallCalled,Slider,NA,NA,83.81,-2.155872,-2.995063,2040.858532,122.582891,10:00:00,6.00725,2.21931,6.44466,-34.74577,4.65563,-5.20583,1.12723,-0.969,76.58178,-8.616633,-3.938497,0.45178,1.80142,3.49858,-2.00458,50,5.83877,6.54964,-121.54694,-5.61391,2.66581,26.22806,-26.99677,e3eda0d8-8183-4346-9598-03463010c9d2,NA,NA,NA,NA,NA,812807,"Jones, Kyle",NA,NA,NA,Right,NA,NA,NA,NA,NA,NA,NA,NA,NA,NA,NA,NA,NA,NA,NA,NA,680e7b20-c00e-11f0-a406-372210f9cb79,5,3,FLA_GAT,2,Top,1,Slider,Undefined,Undefined,Undefined,0,0,NA,FLA_GAT,FLA_GAT,CondronBallpark,TeamExclusive,Team,20251112-CondronBallpark-Private-2,83.43094,NA,NA,7.22822,NA,NA,NA,8fb8e9a3-628d-4bd2-917e-53033ce94b91,2025-11-12,21:27:31,2025-11-12T21:27:31Z,2025-11-12T21:27:31Z,NA,v3,471297,471297,NA,"Malzone, Aj",1000352389,Right,FLA_GAT,54.05377,-122.41856,13.11403,6.01043,-4.71675,-13.49839,-2.22077,6.46105,1.3329,NA,NA,NA,NA,NA,NA,NA,NA,NA,NA,NA,NA,NA,NA,NA,NA,NA,NA,NA,NA,NA,NA,NA,NA,NA,NA,NA,NA,NA,NA,NA,NA,NA,NA,NA,NA,NA,NA,NA,NA,NA,NA,NA,NA,NA,NA,NA,NA,NA,NA,High,High,High,NA,NA,NA,NA,NA,NA,NA,NA,NA,NA,NA,NA,NA,NA,NA,NA,NA,NA,NA,NA,NA,NA,NA,NA,NA,NA,NA,NA,NA,NA,NA,NA,NA,NA
58,2025-11-12,16:27:47,"Jenkins, Matthew",804285,Right,FLA_GAT,Undefined,1,2,FoulBallNotFieldable,Slider,NA,NA,83.06997,-1.896032,-0.668687,2229.932077,152.367244,11:00:00,6.25216,1.75318,5.79537,-29.45376,11.41914,-5.26221,2.03329,0.69264,75.8612,-7.365176,-1.612418,0.460139,2.50906,6.79091,-1.69491,50,6.07861,1.61212,-120.55195,-4.91871,3.66677,24.94967,-22.24977,ab9e15d9-01c2-4442-bc21-30932b991b71,NA,NA,NA,NA,-44.502874,812807,"Jones, Kyle",3363.040141,NA,73.25642,Right,41.067063,72.61686,71.27131,-82.62438,245.77122,122.96167,4.560722,-53.430939,2.77652,2.26851,-0.64203,NA,NA,NA,NA,NA,7178e970-c00e-11f0-a406-372210f9cb79,5,4,FLA_GAT,2,Top,1,Slider,Undefined,Undefined,Undefined,0,0,NA,FLA_GAT,FLA_GAT,CondronBallpark,TeamExclusive,Team,20251112-CondronBallpark-Private-2,81.91529,75.06874,NA,7.20877,NA,NA,NA,8fb8e9a3-628d-4bd2-917e-53033ce94b91,2025-11-12,21:27:47,2025-11-12T21:27:47Z,2025-11-12T21:27:47Z,FlyBall,v3,471297,471297,NA,"Malzone, Aj",1000352389,Right,FLA_GAT,54.70351,-121.5215,12.47484,6.25295,-4.05408,-11.12488,-1.75479,1.46963,1.83338,150.772329,2.77984,57.69554,-13.31926,2.75438,-0.04629,-0.1909,0.06007,-0.00769,3.6e-4,2.26714,70.60791,-19.29281,1.42335,-0.20704,-0.02798,0.02871,-0.0061,4.2e-4,-0.64327,-56.75056,5.70533,-0.83356,-0.06843,0.09195,-0.02636,0.00339,-1.7e-4,NA,NA,NA,NA,NA,NA,NA,NA,NA,NA,NA,NA,NA,NA,NA,NA,NA,NA,NA,NA,NA,NA,High,High,High,High,Low,NA,NA,NA,NA,NA,NA,NA,NA,NA,NA,NA,NA,NA,NA,NA,NA,NA,NA,NA,NA,NA,NA,NA,NA,NA,NA,NA,NA,NA,62.10275,10.06015,-24.00474
59,2025-11-12,16:28:19,"Jenkins, Matthew",804285,Right,FLA_GAT,Undefined,1,2,FoulBallNotFieldable,Slider,NA,NA,82.42161,-1.282343,-2.575756,2069.290532,160.524826,11:15:00,6.10782,1.89894,6.37535,-28.61828,11.78107,-3.72095,2.54175,-0.78255,75.70039,-6.646223,-3.248819,0.457466,1.23236,6.88874,-1.7114,50,6.00187,5.51809,-119.71237,-3.48626,1.78741,23.22475,-22.18269,c3d4c2e4-a89e-444b-9493-9fe6941b82ba,NA,NA,NA,NA,54.211256,812807,"Jones, Kyle",4879.140424,NA,74.38161,Right,38.322293,54.034,66.402,95.81394,237.99301,115.00068,4.421674,66.182597,0.76908,2.72019,1.18877,NA,NA,NA,NA,NA,84b2c970-c00e-11f0-a406-372210f9cb79,5,5,FLA_GAT,2,Top,1,Slider,Undefined,Undefined,Undefined,0,0,NA,FLA_GAT,FLA_GAT,CondronBallpark,TeamExclusive,Team,20251112-CondronBallpark-Private-2,82.39398,69.37997,NA,6.72122,NA,NA,NA,8fb8e9a3-628d-4bd2-917e-53033ce94b91,2025-11-12,21:28:19,2025-11-12T21:28:19Z,2025-11-12T21:28:19Z,FlyBall,v3,471297,471297,NA,"Malzone, Aj",1000352389,Right,FLA_GAT,54.12395,-120.50978,11.61238,6.10849,-2.72463,-11.09135,-1.8998,5.45672,0.8937,NA,0.77214,49.97681,-15.50338,3.89998,-0.48043,-0.07705,0.0391,-0.00512,2.1e-4,2.71979,67.6492,-18.99194,0.88328,0.19997,-0.19627,0.07251,-0.01236,7.9e-4,1.1907,69.37933,-8.75863,1.25469,0.15617,-0.17565,0.05143,-0.0068,3.4e-4,NA,NA,NA,NA,NA,NA,NA,NA,NA,NA,NA,NA,NA,NA,NA,NA,NA,NA,NA,NA,NA,NA,High,High,High,High,Low,NA,NA,NA,NA,NA,NA,NA,NA,NA,NA,NA,NA,NA,NA,NA,NA,NA,NA,NA,NA,NA,NA,NA,NA,NA,NA,NA,NA,NA,64.84282,-0.59704,0.5986
60,2025-11-12,16:28:38,"Jenkins, Matthew",804285,Right,FLA_GAT,Undefined,1,2,BallCalled,Slider,NA,NA,80.24454,0.496369,-2.876901,2277.354065,133.544503,10:30:00,5.93191,1.98163,6.16873,-32.91514,10.53536,-9.52993,3.64804,-1.47203,72.85132,-5.673408,-4.591107,0.474426,4.01055,5.74429,-1.75903,50,5.95297,6.20285,-116.35948,0.0615,5.43464,24.20176,-24.39002,40cd776f-4ce2-4eea-8073-35d246bf6813,NA,NA,NA,NA,NA,812807,"Jones, Kyle",NA,NA,NA,Right,NA,NA,NA,NA,NA,NA,NA,NA,NA,NA,NA,NA,NA,NA,NA,NA,904065e0-c00e-11f0-a406-372210f9cb79,5,6,FLA_GAT,2,Top,1,Slider,Undefined,Undefined,Undefined,0,0,NA,FLA_GAT,FLA_GAT,CondronBallpark,TeamExclusive,Team,20251112-CondronBallpark-Private-2,79.44846,NA,NA,7.39322,NA,NA,NA,8fb8e9a3-628d-4bd2-917e-53033ce94b91,2025-11-12,21:28:38,2025-11-12T21:28:38Z,2025-11-12T21:28:38Z,NA,v3,471297,471297,NA,"Malzone, Aj",1000352389,Right,FLA_GAT,54.32766,-117.25614,12.10088,5.93395,0.96513,-12.19501,-1.98511,6.0015,2.71732,NA,NA,NA,NA,NA,NA,NA,NA,NA,NA,NA,NA,NA,NA,NA,NA,NA,NA,NA,NA,NA,NA,NA,NA,NA,NA,NA,NA,NA,NA,NA,NA,NA,NA,NA,NA,NA,NA,NA,NA,NA,NA,NA,NA,NA,NA,NA,NA,NA,NA,High,High,High,NA,NA,NA,NA,NA,NA,NA,NA,NA,NA,NA,NA,NA,NA,NA,NA,NA,NA,NA,NA,NA,NA,NA,NA,NA,NA,NA,NA,NA,NA,NA,NA,NA,NA
61,2025-11-12,16:28:57,"Jenkins, Matthew",804285,Right,FLA_GAT,Undefined,2,2,BallinDirt,Fastball,NA,NA,92.32291,-5.313659,-2.522196,2246.473931,190.672621,12:15:00,6.24551,1.54517,7.10401,-12.29264,19.71647,3.49114,0.38132,-0.45385,83.41329,-7.740252,-1.881899,0.4072,-2.7,12.66961,-1.39615,50,5.92418,5.75467,-133.54556,-12.65565,-4.79432,33.25328,-9.67695,d92fe71f-4e74-4575-a64e-8b047a20f4e6,NA,NA,NA,NA,NA,812807,"Jones, Kyle",NA,NA,NA,Right,NA,NA,NA,NA,NA,NA,NA,NA,NA,NA,NA,NA,NA,NA,NA,NA,9b559e00-c00e-11f0-a406-372210f9cb79,5,7,FLA_GAT,2,Top,1,Four-Seam,Undefined,Undefined,Undefined,0,0,NA,FLA_GAT,FLA_GAT,CondronBallpark,TeamExclusive,Team,20251112-CondronBallpark-Private-2,92.56483,NA,NA,8.90962,NA,NA,NA,8fb8e9a3-628d-4bd2-917e-53033ce94b91,2025-11-12,21:28:57,2025-11-12T21:28:57Z,2025-11-12T21:28:57Z,NA,v3,471297,471297,NA,"Malzone, Aj",1000352389,Right,FLA_GAT,53.39366,-134.38793,16.62664,6.24167,-12.41051,-4.83847,-1.54346,5.87612,-2.39716,NA,NA,NA,NA,NA,NA,NA,NA,NA,NA,NA,NA,NA,NA,NA,NA,NA,NA,NA,NA,NA,NA,NA,NA,NA,NA,NA,NA,NA,NA,NA,NA,NA,NA,NA,NA,NA,NA,NA,NA,NA,NA,NA,NA,NA,NA,NA,NA,NA,NA,High,High,High,NA,NA,NA,NA,NA,NA,NA,NA,NA,NA,NA,NA,NA,NA,NA,NA,NA,NA,NA,NA,NA,NA,NA,NA,NA,NA,NA,NA,NA,NA,NA,NA,NA,NA
62,2025-11-12,16:29:24,"Jenkins, Matthew",804285,Right,FLA_GAT,Undefined,3,2,InPlay,Slider,NA,NA,80.90258,0.510691,-2.800208,2351.123143,146.711256,11:00:00,5.94528,2.07036,6.46762,-33.18049,9.5263,-5.2026,3.64985,-0.93705,72.63563,-5.768985,-3.741894,0.470349,1.75536,5.25327,-1.87061,50,5.96683,5.92186,-117.28083,0.13919,2.38631,27.132930000000002,-25.03246,3062c121-6e4c-4611-90bd-7236e2ddeebb,NA,NA,NA,NA,1.819505,812807,"Jones, Kyle",3752.552696,NA,83.22931,Right,41.927655,109.62484,87.52702,9.07554,281.15325,281.00006,5.25981,8.233877,1.82267,3.84755,0.90154,NA,NA,NA,NA,NA,aba81580-c00e-11f0-a406-372210f9cb79,5,8,FLA_GAT,2,Top,1,Slider,Undefined,FlyBall,Out,1,0,NA,FLA_GAT,FLA_GAT,CondronBallpark,TeamExclusive,Team,20251112-CondronBallpark-Private-2,80.13724,101.37249,NA,8.26695,NA,NA,NA,8fb8e9a3-628d-4bd2-917e-53033ce94b91,2025-11-12,21:29:24,2025-11-12T21:29:24Z,2025-11-12T21:29:24Z,FlyBall,v3,471297,471297,NA,"Malzone, Aj",1000352389,Right,FLA_GAT,54.02897,-118.20926,13.56647,5.94741,0.99574,-12.51623,-2.07184,5.84021,1.19316,191.169126,1.82742,90.67526,-18.89855,4.28928,-0.50431,-0.01797,0.01448,-0.00166,6e-5,3.84616,81.58717,-19.34122,1.28235,-0.12653,-0.04061,0.02075,-0.00334,1.8e-4,0.90098,2.8947600000000002,2.13819,-0.45154,0.04773,0.00304,-0.00152,1.5e-4,-0,NA,NA,NA,NA,NA,NA,NA,NA,NA,NA,NA,NA,NA,NA,NA,NA,NA,NA,NA,NA,NA,NA,High,High,High,High,Medium,NA,NA,NA,NA,NA,NA,NA,NA,NA,NA,NA,NA,NA,NA,NA,NA,NA,NA,NA,NA,NA,NA,NA,NA,NA,NA,NA,NA,NA,64.12467,10.10292,-12.4085
63,2025-11-12,16:30:41,"Jenkins, Matthew",804285,Right,FLA_GAT,Undefined,0,0,BallCalled,Fastball,NA,NA,91.88563,-2.328125,-1.014699,2193.979636,205.104601,12:45:00,6.39517,1.68461,6.55488,-13.18792,19.2543,8.5113,3.15998,1.4634,83.56772,-4.902412,0.532136,0.409946,-4.72485,11.08099,-1.61765,50,6.22826,2.01432,-133.43258,-5.71915,-8.46908,30.25922,-12.31187,21bbbc97-7a88-4eff-b7d7-c4a04f6550eb,NA,NA,NA,NA,NA,803734,"Yost, Hayden",NA,NA,NA,Left,NA,NA,NA,NA,NA,NA,NA,NA,NA,NA,NA,NA,NA,NA,NA,NA,d9b24720-c00e-11f0-a406-372210f9cb79,6,1,FLA_GAT,2,Top,2,Four-Seam,Undefined,Undefined,Undefined,0,0,NA,FLA_GAT,FLA_GAT,CondronBallpark,TeamExclusive,Team,20251112-CondronBallpark-Private-2,91.94488,NA,NA,8.3179,NA,NA,NA,8fb8e9a3-628d-4bd2-917e-53033ce94b91,2025-11-12,21:30:41,2025-11-12T21:30:41Z,2025-11-12T21:30:41Z,NA,v3,471297,471297,NA,"Malzone, Aj",1000352389,Right,FLA_GAT,53.94172,-134.3235,15.12961,6.39132,-5.35666,-6.15594,-1.68063,2.26367,-4.23454,NA,NA,NA,NA,NA,NA,NA,NA,NA,NA,NA,NA,NA,NA,NA,NA,NA,NA,NA,NA,NA,NA,NA,NA,NA,NA,NA,NA,NA,NA,NA,NA,NA,NA,NA,NA,NA,NA,NA,NA,NA,NA,NA,NA,NA,NA,NA,NA,NA,NA,High,High,High,NA,NA,NA,NA,NA,NA,NA,NA,NA,NA,NA,NA,NA,NA,NA,NA,NA,NA,NA,NA,NA,NA,NA,NA,NA,NA,NA,NA,NA,NA,NA,NA,NA,NA
64,2025-11-12,16:30:57,"Jenkins, Matthew",804285,Right,FLA_GAT,Undefined,1,0,StrikeCalled,Fastball,NA,NA,91.97554,-3.636564,-1.964393,2213.879379,206.20789,12:45:00,6.27545,1.61788,6.64744,-13.51052,18.85466,8.73831,1.81459,0.54736,83.71621,-6.264425,-0.374254,0.409459,-5.14882,11.30949,-1.48846,50,6.02396,4.2234,-133.37565,-8.78441,-9.21927,30.28714,-11.92366,e2333b70-579e-4b2b-9bdf-b1e64b2dc8c0,NA,NA,NA,NA,NA,803734,"Yost, Hayden",NA,NA,NA,Left,NA,NA,NA,NA,NA,NA,NA,NA,NA,NA,NA,NA,NA,NA,NA,NA,e32fa130-c00e-11f0-a406-372210f9cb79,6,2,FLA_GAT,2,Top,2,Four-Seam,Undefined,Undefined,Undefined,0,0,NA,FLA_GAT,FLA_GAT,CondronBallpark,TeamExclusive,Team,20251112-CondronBallpark-Private-2,92.05423,NA,NA,8.25933,NA,NA,NA,8fb8e9a3-628d-4bd2-917e-53033ce94b91,2025-11-12,21:30:57,2025-11-12T21:30:57Z,2025-11-12T21:30:57Z,NA,v3,471297,471297,NA,"Malzone, Aj",1000352389,Right,FLA_GAT,53.84963,-134.24699,15.14357,6.27174,-8.44138,-5.96183,-1.61378,4.48863,-4.60963,NA,NA,NA,NA,NA,NA,NA,NA,NA,NA,NA,NA,NA,NA,NA,NA,NA,NA,NA,NA,NA,NA,NA,NA,NA,NA,NA,NA,NA,NA,NA,NA,NA,NA,NA,NA,NA,NA,NA,NA,NA,NA,NA,NA,NA,NA,NA,NA,NA,NA,High,High,High,NA,NA,NA,NA,NA,NA,NA,NA,NA,NA,NA,NA,NA,NA,NA,NA,NA,NA,NA,NA,NA,NA,NA,NA,NA,NA,NA,NA,NA,NA,NA,NA,NA,NA
65,2025-11-12,16:31:13,"Jenkins, Matthew",804285,Right,FLA_GAT,Undefined,1,1,StrikeCalled,Fastball,NA,NA,92.17154,-2.813736,-3.565143,2183.017583,207.866037,01:00:00,6.33299,1.74725,6.63006,-13.32528,18.99111,9.45367,2.63922,-0.73341,83.68168,-5.417238,-1.849395,0.40915,-6.00162,11.13548,-1.50896,50,6.13605,7.93922,-133.57184,-6.87224,-10.76653,30.6585,-12.1977,b03d0b32-8547-4e33-beab-d919aaf02619,NA,NA,NA,NA,NA,803734,"Yost, Hayden",NA,NA,NA,Left,NA,NA,NA,NA,NA,NA,NA,NA,NA,NA,NA,NA,NA,NA,NA,NA,ec4e8790-c00e-11f0-a406-372210f9cb79,6,3,FLA_GAT,2,Top,2,Four-Seam,Undefined,Undefined,Undefined,0,0,NA,FLA_GAT,FLA_GAT,CondronBallpark,TeamExclusive,Team,20251112-CondronBallpark-Private-2,92.12372,NA,NA,8.48985,NA,NA,NA,8fb8e9a3-628d-4bd2-917e-53033ce94b91,2025-11-12,21:31:13,2025-11-12T21:31:13Z,2025-11-12T21:31:13Z,NA,v3,471297,471297,NA,"Malzone, Aj",1000352389,Right,FLA_GAT,53.8669,-134.45647,15.32925,6.32927,-6.52028,-6.09885,-1.74252,8.24988,-5.3832700000000004,NA,NA,NA,NA,NA,NA,NA,NA,NA,NA,NA,NA,NA,NA,NA,NA,NA,NA,NA,NA,NA,NA,NA,NA,NA,NA,NA,NA,NA,NA,NA,NA,NA,NA,NA,NA,NA,NA,NA,NA,NA,NA,NA,NA,NA,NA,NA,NA,NA,NA,High,High,High,NA,NA,NA,NA,NA,NA,NA,NA,NA,NA,NA,NA,NA,NA,NA,NA,NA,NA,NA,NA,NA,NA,NA,NA,NA,NA,NA,NA,NA,NA,NA,NA,NA,NA
66,2025-11-12,16:31:33,"Jenkins, Matthew",804285,Right,FLA_GAT,Undefined,1,2,BallCalled,Slider,NA,NA,82.48449,1.083826,-1.178992,2189.074357,162.641346,11:30:00,6.05029,1.99595,6.2084,-26.08793,14.44552,-4.12441,4.87696,0.56393,75.39689,-3.841642,-1.923065,0.458224,1.79433,7.56402,-1.90559,50,6.11847,2.62411,-119.83195,1.53442,2.61073,23.01614,-21.16839,8dc1692f-02eb-4be9-b5eb-86cfca681104,NA,NA,NA,NA,NA,803734,"Yost, Hayden",NA,NA,NA,Left,NA,NA,NA,NA,NA,NA,NA,NA,NA,NA,NA,NA,NA,NA,NA,NA,f878d930-c00e-11f0-a406-372210f9cb79,6,4,FLA_GAT,2,Top,2,Slider,Undefined,Undefined,Undefined,0,0,NA,FLA_GAT,FLA_GAT,CondronBallpark,TeamExclusive,Team,20251112-CondronBallpark-Private-2,82.25761,NA,NA,7.08761,NA,NA,NA,8fb8e9a3-628d-4bd2-917e-53033ce94b91,2025-11-12,21:31:33,2025-11-12T21:31:33Z,2025-11-12T21:31:33Z,NA,v3,471297,471297,NA,"Malzone, Aj",1000352389,Right,FLA_GAT,54.28815,-120.65276,11.50807,6.05029,2.28934,-10.58419,-1.99752,2.531,1.30537,NA,NA,NA,NA,NA,NA,NA,NA,NA,NA,NA,NA,NA,NA,NA,NA,NA,NA,NA,NA,NA,NA,NA,NA,NA,NA,NA,NA,NA,NA,NA,NA,NA,NA,NA,NA,NA,NA,NA,NA,NA,NA,NA,NA,NA,NA,NA,NA,NA,NA,High,High,High,NA,NA,NA,NA,NA,NA,NA,NA,NA,NA,NA,NA,NA,NA,NA,NA,NA,NA,NA,NA,NA,NA,NA,NA,NA,NA,NA,NA,NA,NA,NA,NA,NA,NA
67,2025-11-12,16:32:06,"Jenkins, Matthew",804285,Right,FLA_GAT,Undefined,2,2,FoulBallNotFieldable,Slider,NA,NA,83.08917,-1.45184,-2.068969,2157.865887,172.661552,11:45:00,6.00563,2.07207,6.35199,-29.09076,10.90564,-1.23394,2.24389,0.06402,75.8796,-6.911617,-2.292301,0.455179,0.02894,6.5226,-1.92145,50,5.88674,4.4038,-120.61484,-3.89405,0.04239,24.73403,-22.62127,0955f81d-ff9a-4a68-a73a-87078bc20af5,NA,NA,NA,NA,NA,803734,"Yost, Hayden",NA,NA,NA,Left,NA,NA,NA,NA,NA,NA,NA,NA,NA,NA,NA,NA,NA,NA,NA,NA,0bfe4120-c00f-11f0-a406-372210f9cb79,6,5,FLA_GAT,2,Top,2,Slider,Undefined,Undefined,Undefined,0,0,NA,FLA_GAT,FLA_GAT,CondronBallpark,TeamExclusive,Team,20251112-CondronBallpark-Private-2,82.80799,NA,NA,7.20957,NA,NA,NA,8fb8e9a3-628d-4bd2-917e-53033ce94b91,2025-11-12,21:32:06,2025-11-12T21:32:06Z,2025-11-12T21:32:06Z,NA,v3,471297,471297,NA,"Malzone, Aj",1000352389,Right,FLA_GAT,54.14461,-121.46179,12.36702,6.00682,-3.11945,-11.31063,-2.07222,4.40235,0.02119,NA,NA,NA,NA,NA,NA,NA,NA,NA,NA,NA,NA,NA,NA,NA,NA,NA,NA,NA,NA,NA,NA,NA,NA,NA,NA,NA,NA,NA,NA,NA,NA,NA,NA,NA,NA,NA,NA,NA,NA,NA,NA,NA,NA,NA,NA,NA,NA,NA,NA,High,High,High,NA,NA,NA,NA,NA,NA,NA,NA,NA,NA,NA,NA,NA,NA,NA,NA,NA,NA,NA,NA,NA,NA,NA,NA,NA,NA,NA,NA,NA,NA,NA,NA,NA,NA
68,2025-11-12,16:32:29,"Jenkins, Matthew",804285,Right,FLA_GAT,Undefined,2,2,FoulBallNotFieldable,Fastball,NA,NA,92.56349,-2.34154,-3.171653,2210.732027,192.514244,12:30:00,6.21692,1.65933,6.74397,-13.64379,18.35178,3.82284,2.9362,-0.92273,83.72878,-5.013531,-2.476159,0.407114,-2.94622,10.65831,-1.45171,50,6.05644,7.27016,-134.14269,-5.77352,-5.3128,31.81894,-12.95435,0296f497-8843-46b3-9ba4-fb007a650aa2,NA,NA,NA,NA,-176.557913,803734,"Yost, Hayden",1322.322507,NA,74.70863,Left,12.679761,NA,NA,NA,NA,44.82667,NA,NA,2.02394,3.15382,0.68278,NA,NA,NA,NA,NA,19fb08d0-c00f-11f0-a406-372210f9cb79,6,6,FLA_GAT,2,Top,2,Four-Seam,Undefined,Undefined,Undefined,0,0,NA,FLA_GAT,FLA_GAT,CondronBallpark,TeamExclusive,Team,20251112-CondronBallpark-Private-2,92.58443,12.10601,NA,8.83471,NA,NA,NA,8fb8e9a3-628d-4bd2-917e-53033ce94b91,2025-11-12,21:32:29,2025-11-12T21:32:29Z,2025-11-12T21:32:29Z,NA,v3,471297,471297,NA,"Malzone, Aj",1000352389,Right,FLA_GAT,53.74829,-135.02886,15.90947,6.21221,-5.41274,-6.47718,-1.65625,7.41812,-2.6564,216.845127,2.00832,-106.26252,14.9273,NA,NA,NA,NA,NA,NA,3.15162,24.11586,-10.79096,NA,NA,NA,NA,NA,NA,0.69047,-6.639,-4.88343,NA,NA,NA,NA,NA,NA,NA,NA,NA,NA,NA,NA,NA,NA,NA,NA,NA,NA,NA,NA,NA,NA,NA,NA,NA,NA,NA,NA,High,High,High,Medium,Undefined,NA,NA,NA,NA,NA,NA,NA,NA,NA,NA,NA,NA,NA,NA,NA,NA,NA,NA,NA,NA,NA,NA,NA,NA,NA,NA,NA,NA,NA,NA,NA,NA
69,2025-11-12,16:32:53,"Jenkins, Matthew",804285,Right,FLA_GAT,Undefined,2,2,BallCalled,Fastball,NA,NA,90.74798,-4.03156,-0.947611,2078.929161,199.814071,12:45:00,6.2243,1.63638,6.78619,-14.37328,18.74489,6.34248,1.33962,1.29979,82.58052,-6.822535,0.210465,0.414195,-3.60835,11.44225,-1.57668,50,5.95592,1.9279,-131.59221,-9.58789,-6.28024,29.85854,-12.25917,fed03586-9969-4329-9ba2-6fc1d7d49a79,NA,NA,NA,NA,NA,803734,"Yost, Hayden",NA,NA,NA,Left,NA,NA,NA,NA,NA,NA,NA,NA,NA,NA,NA,NA,NA,NA,NA,NA,27df8d90-c00f-11f0-a406-372210f9cb79,6,7,FLA_GAT,2,Top,2,Four-Seam,Undefined,Undefined,Undefined,0,1,NA,FLA_GAT,FLA_GAT,CondronBallpark,TeamExclusive,Team,20251112-CondronBallpark-Private-2,91.00173,NA,NA,8.16746,NA,NA,NA,8fb8e9a3-628d-4bd2-917e-53033ce94b91,2025-11-12,21:32:53,2025-11-12T21:32:53Z,2025-11-12T21:32:53Z,NA,v3,471297,471297,NA,"Malzone, Aj",1000352389,Right,FLA_GAT,53.71,-132.43134,14.92927,6.22053,-9.24336,-6.12959,-1.63334,2.1044,-3.14012,NA,NA,NA,NA,NA,NA,NA,NA,NA,NA,NA,NA,NA,NA,NA,NA,NA,NA,NA,NA,NA,NA,NA,NA,NA,NA,NA,NA,NA,NA,NA,NA,NA,NA,NA,NA,NA,NA,NA,NA,NA,NA,NA,NA,NA,NA,NA,NA,NA,NA,High,High,High,NA,NA,NA,NA,NA,NA,NA,NA,NA,NA,NA,NA,NA,NA,NA,NA,NA,NA,NA,NA,NA,NA,NA,NA,NA,NA,NA,NA,NA,NA,NA,NA,NA,NA
70,2025-11-12,16:33:25,"Jenkins, Matthew",804285,Right,FLA_GAT,Undefined,3,2,FoulBallNotFieldable,Slider,NA,NA,80.2587,0.525509,-2.503615,2082.004261,83.574728,08:45:00,5.95577,2.02455,6.33973,-42.36904,0.49362,-7.80292,2.90932,-0.93217,73.46987,-7.342449,-3.91439,0.471206,3.35862,0.44406,-1.83865,50,5.97397,5.36837,-116.5834,-0.17584,4.59027,23.34435,-31.56718,afbc473b-c3ef-43e2-8f4b-245c4f3d457c,NA,NA,NA,NA,57.245205,803734,"Yost, Hayden",3277.345774,NA,81.61078,Left,23.341986,54.00889,34.85519,95.82784,248.27957,160.91525,3.070624,67.383076,3.36606,3.26079,0.8232,NA,NA,NA,NA,NA,3aedc9b0-c00f-11f0-a406-372210f9cb79,6,8,FLA_GAT,2,Top,2,Slider,Undefined,Undefined,Undefined,0,0,NA,FLA_GAT,FLA_GAT,CondronBallpark,TeamExclusive,Team,20251112-CondronBallpark-Private-2,79.9914,36.29393,NA,6.78883,NA,NA,NA,8fb8e9a3-628d-4bd2-917e-53033ce94b91,2025-11-12,21:33:25,2025-11-12T21:33:25Z,2025-11-12T21:33:25Z,LineDrive,v3,471297,471297,NA,"Malzone, Aj",1000352389,Right,FLA_GAT,54.16101,-117.41363,11.672180000000001,5.96026,0.94684,-15.78359,-2.02667,5.20512,2.29513,NA,3.36607,59.45999,-16.76796,3.94837,-0.86593,0.17735,-0.03096,0.00368,-2.1e-4,3.26079,47.42555,-18.63762,1.41807,-0.23909,0.03512,-0.00455,6.2e-4,-4e-5,0.82321,92.42439,-9.95864,2.19768,-0.45662,0.08971,-0.01539,0.00179,-1e-4,NA,NA,NA,NA,NA,NA,NA,NA,NA,NA,NA,NA,NA,NA,NA,NA,NA,NA,NA,NA,NA,NA,High,High,High,High,Medium,NA,NA,NA,NA,NA,NA,NA,NA,NA,NA,NA,NA,NA,NA,NA,NA,NA,NA,NA,NA,NA,NA,NA,NA,NA,NA,NA,NA,NA,69.77319,20.34294,44.18154
71,2025-11-12,16:33:47,"Jenkins, Matthew",804285,Right,FLA_GAT,Undefined,3,2,FoulBallNotFieldable,Slider,NA,NA,80.02767,-0.448449,-2.235775,2057.334905,141.692405,10:45:00,6.05155,2.0369,6.50401,-35.65888,7.26489,-4.61268,2.66807,-0.40052,73.04424,-7.132469,-3.072766,0.471542,1.75705,4.34071,-1.87866,50,6.00466,4.69533,-116.2481,-1.89111,2.38219,23.66556,-26.28895,d9567f29-259a-4a54-acf8-dea26247c621,NA,NA,NA,NA,93.147544,803734,"Yost, Hayden",1569.597004,NA,81.39489,Left,69.701427,NA,NA,NA,NA,24.05743,NA,NA,3.60401,2.5302,0.19202,NA,NA,NA,NA,NA,489a9ca0-c00f-11f0-a406-372210f9cb79,6,9,FLA_GAT,2,Top,2,Slider,Undefined,Undefined,Undefined,0,0,NA,FLA_GAT,FLA_GAT,CondronBallpark,TeamExclusive,Team,20251112-CondronBallpark-Private-2,79.93443,71.29104,NA,6.98343,NA,NA,NA,8fb8e9a3-628d-4bd2-917e-53033ce94b91,2025-11-12,21:33:47,2025-11-12T21:33:47Z,2025-11-12T21:33:47Z,NA,v3,471297,471297,NA,"Malzone, Aj",1000352389,Right,FLA_GAT,53.99533,-117.05864,11.83278,6.05401,-0.99073,-13.14448,-2.03808,4.61374,1.19109,338.230326,3.60401,-2.27394,-7.33503,3.15077,-0.96275,0.2638,-0.06867,0.01543,-0.00215,2.5302,111.96525,-28.9763,3.34097,-0.4439,0.01395,0.01242,-0.0043,5.1e-4,0.19202,41.35156,-15.99347,5.3679,-1.42706,0.35572,-0.08657,0.01877,-0.00263,NA,NA,NA,NA,NA,NA,NA,NA,NA,NA,NA,NA,NA,NA,NA,NA,NA,NA,NA,NA,NA,NA,High,High,High,High,Undefined,NA,NA,NA,NA,NA,NA,NA,NA,NA,NA,NA,NA,NA,NA,NA,NA,NA,NA,NA,NA,NA,NA,NA,NA,NA,NA,NA,NA,NA,NA,NA,NA
72,2025-11-12,16:34:10,"Jenkins, Matthew",804285,Right,FLA_GAT,Undefined,3,2,BallCalled,Fastball,NA,NA,92.74943,-4.376714,-3.21402,2227.960353,192.61343,12:30:00,6.24275,1.57504,7.07825,-13.52335,18.11127,3.79614,1.12869,-1.02929,83.92749,-7.027361,-2.518863,0.404811,-3.05685,11.43296,-1.38344,50,5.97495,7.398,-134.27158,-10.56468,-5.50104,32.94321,-11.59941,6c786bae-d129-44d9-83cc-dace66f199ae,NA,NA,NA,NA,NA,803734,"Yost, Hayden",NA,NA,NA,Left,NA,NA,NA,NA,NA,NA,NA,NA,NA,NA,NA,NA,NA,NA,NA,NA,563df9b0-c00f-11f0-a406-372210f9cb79,6,10,FLA_GAT,2,Top,3,Four-Seam,Walk,Undefined,Undefined,0,0,NA,FLA_GAT,FLA_GAT,CondronBallpark,TeamExclusive,Team,20251112-CondronBallpark-Private-2,93.11113,NA,NA,8.82193,NA,NA,NA,8fb8e9a3-628d-4bd2-917e-53033ce94b91,2025-11-12,21:34:10,2025-11-12T21:34:10Z,2025-11-12T21:34:10Z,NA,v3,471297,471297,NA,"Malzone, Aj",1000352389,Right,FLA_GAT,53.41896,-135.10781,16.4716,6.23938,-10.27024,-5.79971,-1.573,7.53763,-2.75052,NA,NA,NA,NA,NA,NA,NA,NA,NA,NA,NA,NA,NA,NA,NA,NA,NA,NA,NA,NA,NA,NA,NA,NA,NA,NA,NA,NA,NA,NA,NA,NA,NA,NA,NA,NA,NA,NA,NA,NA,NA,NA,NA,NA,NA,NA,NA,NA,NA,NA,High,High,High,NA,NA,NA,NA,NA,NA,NA,NA,NA,NA,NA,NA,NA,NA,NA,NA,NA,NA,NA,NA,NA,NA,NA,NA,NA,NA,NA,NA,NA,NA,NA,NA,NA,NA
73,2025-11-12,16:37:06,"McDonald, Caden",803724,Right,FLA_GAT,Undefined,0,0,FoulBallNotFieldable,Fastball,NA,NA,88.87975,-2.611133,-3.163975,2022.680771,210.21946,01:00:00,6.28293,2.68467,5.50913,-17.473,19.04351,10.30784,2.37959,0.58181,80.13741,-5.933802,-1.330589,0.434927,-6.21311,10.82859,-2.41559,50,6.04345,6.64727,-128.54646,-6.40279,-10.24872,30.17123,-14.31196,a632d7d5-59af-41c4-aa22-357a777914f3,NA,NA,NA,NA,-57.77401,10106056,"Kendall, Jacob",4571.045062,NA,78.96733,Left,56.917827,NA,NA,NA,NA,57.85171,NA,NA,0.04537,2.40258,-0.48781,NA,NA,NA,NA,NA,bf276d80-c00f-11f0-a406-372210f9cb79,1,1,FLA_GAT,2,Bottom,0,Four-Seam,Undefined,Undefined,Undefined,0,0,NA,FLA_GAT,FLA_GAT,CondronBallpark,TeamExclusive,Team,20251112-CondronBallpark-Private-2,86.66389,77.78271,NA,8.74234,NA,NA,NA,8fb8e9a3-628d-4bd2-917e-53033ce94b91,2025-11-12,21:37:06,2025-11-12T21:37:06Z,2025-11-12T21:37:06Z,NA,v3,471297,471297,NA,"Bowen, Karson",702710,Right,FLA_GAT,54.98754,-129.7118,15.08562,6.28007,-5.84999,-7.15598,-2.67998,7.04312,-5.12436,148.332382,0.04537,33.71194,-17.12912,5.86683,-1.61404,0.40814,-0.10375,0.02309,-0.003,2.40258,97.04306,-28.3642,3.37061,-0.52099,0.05196,-0.00447,0.0015,-3.4e-4,-0.48781,-53.47983,4.33041,0.01469,-0.24547,0.105,-0.02963,0.00586,-6.3e-4,NA,NA,NA,NA,NA,NA,NA,NA,NA,NA,NA,NA,NA,NA,NA,NA,NA,NA,NA,NA,NA,NA,High,High,High,Medium,Undefined,NA,NA,NA,NA,NA,NA,NA,NA,NA,NA,NA,NA,NA,NA,NA,NA,NA,NA,NA,NA,NA,NA,NA,NA,NA,NA,NA,NA,NA,75.01307,4.42759,-2.27647
74,2025-11-12,16:37:23,"McDonald, Caden",803724,Right,FLA_GAT,Undefined,0,1,BallCalled,Fastball,NA,NA,90.25373,-0.848549,-4.064854,1980.706854,211.609395,01:00:00,6.2525,2.7004,5.30701,-14.69115,21.30352,12.24135,4.22965,-0.10155,80.43922,-3.696068,-1.900074,0.431808,-7.44272,11.2865,-2.33989,50,6.16534,8.67385,-130.31985,-2.34526,-12.52071,32.94854,-13.18709,4433bc6b-c0ca-433d-b11f-a731d2e44f5a,NA,NA,NA,NA,NA,10106056,"Kendall, Jacob",NA,NA,NA,Left,NA,NA,NA,NA,NA,NA,NA,NA,NA,NA,NA,NA,NA,NA,NA,NA,c8ecf420-c00f-11f0-a406-372210f9cb79,1,2,FLA_GAT,2,Bottom,0,Four-Seam,Undefined,Undefined,Undefined,0,0,NA,FLA_GAT,FLA_GAT,CondronBallpark,TeamExclusive,Team,20251112-CondronBallpark-Private-2,87.28987,NA,NA,9.81451,NA,NA,NA,8fb8e9a3-628d-4bd2-917e-53033ce94b91,2025-11-12,21:37:23,2025-11-12T21:37:23Z,2025-11-12T21:37:23Z,NA,v3,471297,471297,NA,"Bowen, Karson",702710,Right,FLA_GAT,55.18613,-131.62452,16.47427,6.24786,-1.82308,-6.59354,-2.69316,9.16964,-6.26036,NA,NA,NA,NA,NA,NA,NA,NA,NA,NA,NA,NA,NA,NA,NA,NA,NA,NA,NA,NA,NA,NA,NA,NA,NA,NA,NA,NA,NA,NA,NA,NA,NA,NA,NA,NA,NA,NA,NA,NA,NA,NA,NA,NA,NA,NA,NA,NA,NA,NA,High,High,High,NA,NA,NA,NA,NA,NA,NA,NA,NA,NA,NA,NA,NA,NA,NA,NA,NA,NA,NA,NA,NA,NA,NA,NA,NA,NA,NA,NA,NA,NA,NA,NA,NA,NA
75,2025-11-12,16:37:34,"McDonald, Caden",803724,Right,FLA_GAT,Undefined,1,1,FoulBallNotFieldable,Fastball,NA,NA,87.43933,-0.897107,-3.618089,1905.734666,205.618258,12:45:00,6.26148,2.65247,5.47072,-18.74462,19.18383,8.51091,3.85814,-0.02873,78.36826,-4.47186,-2.10726,0.443255,-5.47067,10.34997,-2.33998,50,6.17026,7.614,-126.42465,-2.54707,-8.69026,30.22225,-15.73294,b52d1eda-7b86-4033-905a-333da61a802a,NA,NA,NA,NA,-118.730778,10106056,"Kendall, Jacob",2795.30104,NA,66.26209,Left,44.823575,NA,NA,NA,NA,41.36756,NA,NA,0.21571,3.78526,0.09429,NA,NA,NA,NA,NA,cfe3a350-c00f-11f0-a406-372210f9cb79,1,3,FLA_GAT,2,Bottom,0,Four-Seam,Undefined,Undefined,Undefined,0,0,NA,FLA_GAT,FLA_GAT,CondronBallpark,TeamExclusive,Team,20251112-CondronBallpark-Private-2,85.03553,38.17979,NA,9.07107,NA,NA,NA,8fb8e9a3-628d-4bd2-917e-53033ce94b91,2025-11-12,21:37:34,2025-11-12T21:37:34Z,2025-11-12T21:37:34Z,NA,v3,471297,471297,NA,"Bowen, Karson",702710,Right,FLA_GAT,55.02415,-127.62004,15.11113,6.2587,-1.92478,-7.86647,-2.64794,7.95772,-4.34513,44.095429,0.21571,-33.13453,-3.01308,1.4535,-1.06911,2.69617,-5.32955,5.51345,-2.25579,3.78526,68.50775,-23.41517,2.30321,-0.65141,0.78888,-1.45457,1.48614,-0.60173,0.09429,-60.44476,7.63762,-1.40131,0.52156,-1.03319,2.03083,-2.08826,0.84843,NA,NA,NA,NA,NA,NA,NA,NA,NA,NA,NA,NA,NA,NA,NA,NA,NA,NA,NA,NA,NA,NA,High,High,High,High,Undefined,NA,NA,NA,NA,NA,NA,NA,NA,NA,NA,NA,NA,NA,NA,NA,NA,NA,NA,NA,NA,NA,NA,NA,NA,NA,NA,NA,NA,NA,36.77993,9.59769,-16.56524
76,2025-11-12,16:37:49,"McDonald, Caden",803724,Right,FLA_GAT,Undefined,1,2,InPlay,Slider,NA,NA,80.1526,-0.330626,-2.53965,2153.991719,94.292375,09:15:00,6.1497,2.91527,5.24986,-43.14376,1.57602,-1.91902,2.24339,0.3673,73.53189,-8.17264,-2.879936,0.481306,0.23362,1.28953,-2.68061,50,6.08727,5.23286,-116.2237,-2.18365,0.31851,22.43389,-30.41583,74f07b00-1417-470c-904b-591e2a534339,NA,NA,NA,NA,1.648454,10106056,"Kendall, Jacob",2393.46622,NA,100.79931,Left,21.551934,109.99992,41.91726,0.12931,384.52103,384.52103,4.454617,-3.020461,1.16318,2.16626,-0.35106,NA,NA,NA,NA,NA,d870f810-c00f-11f0-a406-372210f9cb79,1,4,FLA_GAT,2,Bottom,0,Slider,Undefined,LineDrive,Triple,0,0,NA,FLA_GAT,FLA_GAT,CondronBallpark,TeamExclusive,Team,20251112-CondronBallpark-Private-2,78.31285,61.29667,NA,6.62071,NA,NA,NA,8fb8e9a3-628d-4bd2-917e-53033ce94b91,2025-11-12,21:37:49,2025-11-12T21:37:49Z,2025-11-12T21:37:49Z,LineDrive,v3,471297,471297,NA,"Bowen, Karson",702710,Right,FLA_GAT,55.24949,-117.23259,11.21695,6.15471,-0.8158,-15.20792,-2.91562,5.21854,0.15926,164.959284,1.16255,137.4629,-25.95821,6.60144,-1.52896,0.34384,-0.06572,0.00812,-4.4e-4,2.1677399999999998,54.26929,-11.06654,-1.75386,0.9929,-0.35476,0.08159,-0.01026,5.2e-4,-0.35107,3.9562,-4.7889,1.42096,-0.35362,0.07598,-0.01286,0.00142,-7e-5,NA,NA,NA,NA,NA,NA,NA,NA,NA,NA,NA,NA,NA,NA,NA,NA,NA,NA,NA,NA,NA,NA,High,High,High,High,High,NA,NA,NA,NA,NA,NA,NA,NA,NA,NA,NA,NA,NA,NA,NA,NA,NA,NA,NA,NA,NA,NA,NA,NA,NA,NA,NA,NA,NA,73.57944,12.33889,11.50877
77,2025-11-12,16:38:37,"McDonald, Caden",803724,Right,FLA_GAT,Undefined,0,0,BallCalled,Fastball,NA,NA,90.34934,-0.239072,-2.769981,1918.643066,213.480742,01:00:00,6.21199,2.6237,5.32189,-16.5954,18.94749,11.67174,4.60442,0.99488,81.13845,-3.408697,-0.700743,0.42909,-6.67181,9.8978,-2.38137,50,6.1789,5.77099,-130.75973,-1.05868,-11.38232,31.33596,-15.28811,30c01929-61f7-4e8e-9ae2-0bd66ede1ca3,NA,NA,NA,NA,NA,807272,"Myers, Kolt",NA,NA,NA,Right,NA,NA,NA,NA,NA,NA,NA,NA,NA,NA,NA,NA,NA,NA,NA,NA,f5106460-c00f-11f0-a406-372210f9cb79,2,1,FLA_GAT,2,Bottom,0,Four-Seam,Undefined,Undefined,Undefined,0,0,NA,FLA_GAT,FLA_GAT,CondronBallpark,TeamExclusive,Team,20251112-CondronBallpark-Private-2,87.84282,NA,NA,9.21089,NA,NA,NA,8fb8e9a3-628d-4bd2-917e-53033ce94b91,2025-11-12,21:38:37,2025-11-12T21:38:37Z,2025-11-12T21:38:37Z,NA,v3,471297,471297,NA,"Bowen, Karson",702710,Right,FLA_GAT,55.17252,-131.99348,15.66798,6.20874,-0.45676,-7.64406,-2.6174,6.21913,-5.69116,NA,NA,NA,NA,NA,NA,NA,NA,NA,NA,NA,NA,NA,NA,NA,NA,NA,NA,NA,NA,NA,NA,NA,NA,NA,NA,NA,NA,NA,NA,NA,NA,NA,NA,NA,NA,NA,NA,NA,NA,NA,NA,NA,NA,NA,NA,NA,NA,NA,NA,High,High,High,NA,NA,NA,NA,NA,NA,NA,NA,NA,NA,NA,NA,NA,NA,NA,NA,NA,NA,NA,NA,NA,NA,NA,NA,NA,NA,NA,NA,NA,NA,NA,NA,NA,NA
78,2025-11-12,16:38:49,"McDonald, Caden",803724,Right,FLA_GAT,Undefined,1,0,BallCalled,Curveball,NA,NA,75.44591,2.96386,-1.219225,2424.440122,35.694661,07:15:00,6.20114,2.94938,4.74859,-66.35248,-14.14741,-11.5106,3.48595,0.83362,68.25788,-8.968266,-3.242735,0.520029,5.19303,-7.26343,-2.81616,50,6.44069,2.80591,-109.15265,3.20285,6.15014,22.50201,-40.77614,1bc84b6d-2146-4adb-8468-0b4a153ec1dd,NA,NA,NA,NA,NA,807272,"Myers, Kolt",NA,NA,NA,Right,NA,NA,NA,NA,NA,NA,NA,NA,NA,NA,NA,NA,NA,NA,NA,NA,fc52c290-c00f-11f0-a406-372210f9cb79,2,2,FLA_GAT,2,Bottom,0,Curveball,Undefined,Undefined,Undefined,0,0,NA,FLA_GAT,FLA_GAT,CondronBallpark,TeamExclusive,Team,20251112-CondronBallpark-Private-2,72.48137,NA,NA,7.18802,NA,NA,NA,8fb8e9a3-628d-4bd2-917e-53033ce94b91,2025-11-12,21:38:49,2025-11-12T21:38:49Z,2025-11-12T21:38:49Z,NA,v3,471297,471297,NA,"Bowen, Karson",702710,Right,FLA_GAT,55.75218,-110.3321,11.251,6.2168,5.34014,-20.38807,-2.95478,2.48355,3.07507,NA,NA,NA,NA,NA,NA,NA,NA,NA,NA,NA,NA,NA,NA,NA,NA,NA,NA,NA,NA,NA,NA,NA,NA,NA,NA,NA,NA,NA,NA,NA,NA,NA,NA,NA,NA,NA,NA,NA,NA,NA,NA,NA,NA,NA,NA,NA,NA,NA,NA,High,High,High,NA,NA,NA,NA,NA,NA,NA,NA,NA,NA,NA,NA,NA,NA,NA,NA,NA,NA,NA,NA,NA,NA,NA,NA,NA,NA,NA,NA,NA,NA,NA,NA,NA,NA
79,2025-11-12,16:39:05,"McDonald, Caden",803724,Right,FLA_GAT,Undefined,2,0,StrikeCalled,Fastball,NA,NA,90.60591,-3.085691,-4.60743,2021.252389,203.865435,12:45:00,6.19662,2.62403,5.33441,-14.20757,21.54064,8.90902,2.10542,-0.96566,81.08463,-5.828384,-3.033343,0.430327,-5.96721,12.17686,-2.21369,50,5.90734,10.10083,-130.59933,-7.45882,-10.10338,32.5481,-11.55672,56ee09bc-d0ce-4a4d-bfc4-0623aff8343b,NA,NA,NA,NA,NA,807272,"Myers, Kolt",NA,NA,NA,Right,NA,NA,NA,NA,NA,NA,NA,NA,NA,NA,NA,NA,NA,NA,NA,NA,05babfe0-c010-11f0-a406-372210f9cb79,2,3,FLA_GAT,2,Bottom,0,Four-Seam,Undefined,Undefined,Undefined,0,0,NA,FLA_GAT,FLA_GAT,CondronBallpark,TeamExclusive,Team,20251112-CondronBallpark-Private-2,87.59023,NA,NA,9.52127,NA,NA,NA,8fb8e9a3-628d-4bd2-917e-53033ce94b91,2025-11-12,21:39:05,2025-11-12T21:39:05Z,2025-11-12T21:39:05Z,NA,v3,471297,471297,NA,"Bowen, Karson",702710,Right,FLA_GAT,55.15927,-131.87886,16.27405,6.19163,-7.0045,-5.77836,-2.61859,10.49802,-5.05169,NA,NA,NA,NA,NA,NA,NA,NA,NA,NA,NA,NA,NA,NA,NA,NA,NA,NA,NA,NA,NA,NA,NA,NA,NA,NA,NA,NA,NA,NA,NA,NA,NA,NA,NA,NA,NA,NA,NA,NA,NA,NA,NA,NA,NA,NA,NA,NA,NA,NA,High,High,High,NA,NA,NA,NA,NA,NA,NA,NA,NA,NA,NA,NA,NA,NA,NA,NA,NA,NA,NA,NA,NA,NA,NA,NA,NA,NA,NA,NA,NA,NA,NA,NA,NA,NA
80,2025-11-12,16:39:21,"McDonald, Caden",803724,Right,FLA_GAT,Undefined,2,1,FoulBallNotFieldable,Fastball,NA,NA,89.31666,-1.478055,-3.544029,2217.533928,212.831632,01:00:00,6.28036,2.69222,5.3315,-17.32525,18.99694,11.41001,3.44682,0.31357,80.52862,-4.768759,-1.522908,0.433768,-6.65894,10.26615,-2.37943,50,6.13433,7.44069,-129.12512,-3.86527,-11.12743,29.45865,-15.0188,acafb63e-cae5-4109-89ce-6aee95956fa5,NA,NA,NA,NA,173.472399,807272,"Myers, Kolt",1861.099181,NA,73.49424,Right,11.63426,NA,NA,NA,94.15295,42.12574,0.915954,173.071206,0.47797,3.25209,0.00639,NA,NA,NA,NA,NA,0f43b2b0-c010-11f0-a406-372210f9cb79,2,4,FLA_GAT,2,Bottom,0,Four-Seam,Undefined,Undefined,Undefined,0,0,NA,FLA_GAT,FLA_GAT,CondronBallpark,TeamExclusive,Team,20251112-CondronBallpark-Private-2,86.8954,7.44951,NA,8.78804,NA,NA,NA,8fb8e9a3-628d-4bd2-917e-53033ce94b91,2025-11-12,21:39:21,2025-11-12T21:39:21Z,2025-11-12T21:39:21Z,LineDrive,v3,471297,471297,NA,"Bowen, Karson",702710,Right,FLA_GAT,55.15989,-130.29698,14.72933,6.2762,-3.26782,-7.5094,-2.68422,7.88334,-5.56371,3.62881,0.54189,-105.81774,3.40205,NA,NA,NA,NA,NA,NA,3.2849,21.2589,-27.16244,NA,NA,NA,NA,NA,NA,-0.00311,12.13993,0.29913,NA,NA,NA,NA,NA,NA,NA,NA,NA,NA,NA,NA,NA,NA,NA,NA,NA,NA,NA,NA,NA,NA,NA,NA,NA,NA,NA,NA,High,High,High,Low,Low,NA,NA,NA,NA,NA,NA,NA,NA,NA,NA,NA,NA,NA,NA,NA,NA,NA,NA,NA,NA,NA,NA,NA,NA,NA,NA,NA,NA,NA,NA,NA,NA
81,2025-11-12,16:39:41,"McDonald, Caden",803724,Right,FLA_GAT,Undefined,2,2,BallinDirt,Curveball,NA,NA,79.07945,-0.0982,-3.390819,2547.054961,23.930212,06:45:00,6.19761,2.71997,5.0665,-63.37263,-16.38072,-7.99745,0.82381,-1.14739,72.20013,-11.454655,-4.805818,0.493382,2.86587,-7.76111,-2.39091,50,6.13737,7.10731,-114.4754,-2.51707,3.72707,25.06514,-42.26733,630d4cdf-41d0-4508-b89f-ec8fdcbd6347,NA,NA,NA,NA,NA,807272,"Myers, Kolt",NA,NA,NA,Right,NA,NA,NA,NA,NA,NA,NA,NA,NA,NA,NA,NA,NA,NA,NA,NA,1b990bf0-c010-11f0-a406-372210f9cb79,2,5,FLA_GAT,2,Bottom,0,Curveball,Undefined,Undefined,Undefined,0,0,NA,FLA_GAT,FLA_GAT,CondronBallpark,TeamExclusive,Team,20251112-CondronBallpark-Private-2,76.39611,NA,NA,6.87932,NA,NA,NA,8fb8e9a3-628d-4bd2-917e-53033ce94b91,2025-11-12,21:39:41,2025-11-12T21:39:41Z,2025-11-12T21:39:41Z,NA,v3,471297,471297,NA,"Bowen, Karson",702710,Right,FLA_GAT,55.43606,-115.65953,12.53257,6.20911,-0.52027,-21.13367,-2.72252,6.93123,1.86354,NA,NA,NA,NA,NA,NA,NA,NA,NA,NA,NA,NA,NA,NA,NA,NA,NA,NA,NA,NA,NA,NA,NA,NA,NA,NA,NA,NA,NA,NA,NA,NA,NA,NA,NA,NA,NA,NA,NA,NA,NA,NA,NA,NA,NA,NA,NA,NA,NA,NA,High,High,High,NA,NA,NA,NA,NA,NA,NA,NA,NA,NA,NA,NA,NA,NA,NA,NA,NA,NA,NA,NA,NA,NA,NA,NA,NA,NA,NA,NA,NA,NA,NA,NA,NA,NA
82,2025-11-12,16:39:58,"McDonald, Caden",803724,Right,FLA_GAT,Undefined,3,2,StrikeSwinging,Slider,NA,NA,81.61583,-1.390399,-3.276144,2240.253121,75.636483,08:30:00,6.10061,2.70653,5.21073,-42.87014,0.26815,-4.14398,1.21821,-0.72297,75.30632,-9.131531,-4.009913,0.472719,1.17118,0.88697,-2.40009,50,5.9394,6.94059,-118.28239,-4.41744,1.65909,22.57923,-30.91759,fb1d9782-6c3e-492c-b1bb-1cf275106618,NA,NA,NA,NA,NA,807272,"Myers, Kolt",NA,NA,NA,Right,NA,NA,NA,NA,NA,NA,NA,NA,NA,NA,NA,NA,NA,NA,NA,NA,256e9820-c010-11f0-a406-372210f9cb79,2,6,FLA_GAT,2,Bottom,0,Slider,Strikeout,Undefined,Undefined,0,0,NA,FLA_GAT,FLA_GAT,CondronBallpark,TeamExclusive,Team,20251112-CondronBallpark-Private-2,79.73542,NA,NA,6.30951,NA,NA,NA,8fb8e9a3-628d-4bd2-917e-53033ce94b91,2025-11-12,21:39:58,2025-11-12T21:39:58Z,2025-11-12T21:39:58Z,NA,v3,471297,471297,NA,"Bowen, Karson",702710,Right,FLA_GAT,55.28959,-119.28785,11.28961,6.10546,-3.04066,-15.4588,-2.70751,6.86671,0.82955,NA,NA,NA,NA,NA,NA,NA,NA,NA,NA,NA,NA,NA,NA,NA,NA,NA,NA,NA,NA,NA,NA,NA,NA,NA,NA,NA,NA,NA,NA,NA,NA,NA,NA,NA,NA,NA,NA,NA,NA,NA,NA,NA,NA,NA,NA,NA,NA,NA,NA,High,High,High,NA,NA,NA,NA,NA,NA,NA,NA,NA,NA,NA,NA,NA,NA,NA,NA,NA,NA,NA,NA,NA,NA,NA,NA,NA,NA,NA,NA,NA,NA,NA,NA,NA,NA
83,2025-11-12,16:40:32,"McDonald, Caden",803724,Right,FLA_GAT,Undefined,0,0,InPlay,Curveball,NA,NA,75.00606,2.754776,-1.572632,2391.426328,33.68074,07:00:00,5.98869,2.86428,4.73601,-68.73807,-16.46899,-12.10099,2.87687,0.3636,68.71462,-9.548011,-3.699895,0.520348,5.4815,-8.47012,-2.69439,50,6.20452,3.47293,-108.69354,2.72917,6.50525,20.47322,-42.22606,bc26e58b-3d2a-48c9-9721-6940ba8cd4d9,NA,NA,NA,NA,2.067402,806035,"Brookins, Blake",1011.046189,NA,105.36826,Left,3.770605,NA,NA,NA,88.87724,56.77305,0.618854,0.154375,1.32766,2.86646,-0.33915,NA,NA,NA,NA,NA,39b29520-c010-11f0-a406-372210f9cb79,3,1,FLA_GAT,2,Bottom,1,Curveball,Undefined,LineDrive,Out,1,1,NA,FLA_GAT,FLA_GAT,CondronBallpark,TeamExclusive,Team,20251112-CondronBallpark-Private-2,72.43699,3.87832,NA,6.29144,NA,NA,NA,8fb8e9a3-628d-4bd2-917e-53033ce94b91,2025-11-12,21:40:32,2025-11-12T21:40:32Z,2025-11-12T21:40:32Z,GroundBall,v3,471297,471297,NA,"Bowen, Karson",702710,Right,FLA_GAT,55.7683,-109.77467,10.23661,6.00153,4.95899,-21.11303,-2.86872,3.12941,3.25262,42.505456,1.3554,153.50117,-19.58155,NA,NA,NA,NA,NA,NA,2.90352,9.35211,-22.7832,NA,NA,NA,NA,NA,NA,-0.31834,5.10622,-6.84466,NA,NA,NA,NA,NA,NA,NA,NA,NA,NA,NA,NA,NA,NA,NA,NA,NA,NA,NA,NA,NA,NA,NA,NA,NA,NA,NA,NA,High,High,High,Medium,Medium,NA,NA,NA,NA,NA,NA,NA,NA,NA,NA,NA,NA,NA,NA,NA,NA,NA,NA,NA,NA,NA,NA,NA,NA,NA,NA,NA,NA,NA,73.8356,9.11091,0.52224
84,2025-11-12,16:42:02,"McDonald, Caden",803724,Right,FLA_GAT,Undefined,0,0,BallCalled,Fastball,NA,NA,91.15975,-2.565852,-2.65697,2056.605504,215.452282,01:15:00,6.1764,2.70687,5.46477,-14.47127,19.82749,13.31383,2.56479,1.32781,83.14276,-5.319995,-0.289245,0.421513,-7.43725,11.03619,-2.48223,50,5.94065,5.52013,-132.08746,-6.36297,-13.12922,28.33813,-12.69158,4e3ba447-2cf1-4d4f-a943-2909dba6452a,NA,NA,NA,NA,NA,10147779,"Strayer, Cash",NA,NA,NA,Left,NA,NA,NA,NA,NA,NA,NA,NA,NA,NA,NA,NA,NA,NA,NA,NA,6fa4dad0-c010-11f0-a406-372210f9cb79,4,1,FLA_GAT,2,Bottom,2,Four-Seam,Undefined,Undefined,Undefined,0,0,NA,FLA_GAT,FLA_GAT,CondronBallpark,TeamExclusive,Team,20251112-CondronBallpark-Private-2,89.42185,NA,NA,8.01699,NA,NA,NA,8fb8e9a3-628d-4bd2-917e-53033ce94b91,2025-11-12,21:42:02,2025-11-12T21:42:02Z,2025-11-12T21:42:02Z,NA,v3,471297,471297,NA,"Bowen, Karson",702710,Right,FLA_GAT,55.0335,-133.16297,14.16907,6.17301,-5.88128,-6.34579,-2.70119,6.01842,-6.56461,NA,NA,NA,NA,NA,NA,NA,NA,NA,NA,NA,NA,NA,NA,NA,NA,NA,NA,NA,NA,NA,NA,NA,NA,NA,NA,NA,NA,NA,NA,NA,NA,NA,NA,NA,NA,NA,NA,NA,NA,NA,NA,NA,NA,NA,NA,NA,NA,NA,NA,High,High,High,NA,NA,NA,NA,NA,NA,NA,NA,NA,NA,NA,NA,NA,NA,NA,NA,NA,NA,NA,NA,NA,NA,NA,NA,NA,NA,NA,NA,NA,NA,NA,NA,NA,NA
85,2025-11-12,16:42:16,"McDonald, Caden",803724,Right,FLA_GAT,Undefined,1,0,StrikeCalled,Fastball,NA,NA,90.93675,-2.255951,-4.515515,1894.674015,215.749622,01:15:00,6.12936,2.80964,5.48461,-16.83714,17.58072,11.86953,2.60794,-0.43469,83.23437,-5.42267,-2.410994,0.422244,-7.18071,9.79174,-2.42128,50,5.9197,9.85386,-131.58849,-5.74444,-12.63844,26.92737,-14.94006,a55246fa-a181-4704-bd1e-aa2eae9b68cf,NA,NA,NA,NA,NA,10147779,"Strayer, Cash",NA,NA,NA,Left,NA,NA,NA,NA,NA,NA,NA,NA,NA,NA,NA,NA,NA,NA,NA,NA,777e9700-c010-11f0-a406-372210f9cb79,4,2,FLA_GAT,2,Bottom,2,Four-Seam,Undefined,Undefined,Undefined,0,0,NA,FLA_GAT,FLA_GAT,CondronBallpark,TeamExclusive,Team,20251112-CondronBallpark-Private-2,89.267,NA,NA,7.70238,NA,NA,NA,8fb8e9a3-628d-4bd2-917e-53033ce94b91,2025-11-12,21:42:16,2025-11-12T21:42:16Z,2025-11-12T21:42:16Z,NA,v3,471297,471297,NA,"Bowen, Karson",702710,Right,FLA_GAT,55.01408,-132.61057,13.46368,6.12698,-5.17736,-7.47003,-2.8044,10.33357,-6.31922,NA,NA,NA,NA,NA,NA,NA,NA,NA,NA,NA,NA,NA,NA,NA,NA,NA,NA,NA,NA,NA,NA,NA,NA,NA,NA,NA,NA,NA,NA,NA,NA,NA,NA,NA,NA,NA,NA,NA,NA,NA,NA,NA,NA,NA,NA,NA,NA,NA,NA,High,High,High,NA,NA,NA,NA,NA,NA,NA,NA,NA,NA,NA,NA,NA,NA,NA,NA,NA,NA,NA,NA,NA,NA,NA,NA,NA,NA,NA,NA,NA,NA,NA,NA,NA,NA
86,2025-11-12,16:42:28,"McDonald, Caden",803724,Right,FLA_GAT,Undefined,1,1,BallinDirt,ChangeUp,NA,NA,82.85403,-2.340943,-5.962896,1300.538299,249.626631,02:15:00,5.93396,3.0151,5.17386,-36.42309,5.49634,11.43894,0.68261,-1.66319,76.73098,-8.916242,-3.950621,0.465993,-7.25556,3.68847,-2.46732,50,5.68678,12.02433,-119.6602,-6.22974,-10.61605,21.11291,-26.77725,7eb94483-2305-4495-a1b5-4fdaa1c9e770,NA,NA,NA,NA,NA,10147779,"Strayer, Cash",NA,NA,NA,Left,NA,NA,NA,NA,NA,NA,NA,NA,NA,NA,NA,NA,NA,NA,NA,NA,7f05ed70-c010-11f0-a406-372210f9cb79,4,3,FLA_GAT,2,Bottom,2,Changeup,Undefined,Undefined,Undefined,0,0,NA,FLA_GAT,FLA_GAT,CondronBallpark,TeamExclusive,Team,20251112-CondronBallpark-Private-2,80.88631,NA,NA,6.12305,NA,NA,NA,8fb8e9a3-628d-4bd2-917e-53033ce94b91,2025-11-12,21:42:28,2025-11-12T21:42:28Z,2025-11-12T21:42:28Z,NA,v3,471297,471297,NA,"Bowen, Karson",702710,Right,FLA_GAT,55.32729,-120.59649,10.55646,5.93671,-5.04226,-13.38863,-3.011,12.49512,-5.30803,NA,NA,NA,NA,NA,NA,NA,NA,NA,NA,NA,NA,NA,NA,NA,NA,NA,NA,NA,NA,NA,NA,NA,NA,NA,NA,NA,NA,NA,NA,NA,NA,NA,NA,NA,NA,NA,NA,NA,NA,NA,NA,NA,NA,NA,NA,NA,NA,NA,NA,High,High,High,NA,NA,NA,NA,NA,NA,NA,NA,NA,NA,NA,NA,NA,NA,NA,NA,NA,NA,NA,NA,NA,NA,NA,NA,NA,NA,NA,NA,NA,NA,NA,NA,NA,NA
87,2025-11-12,16:42:45,"McDonald, Caden",803724,Right,FLA_GAT,Undefined,2,1,BallCalled,Fastball,NA,NA,89.65229,-1.199896,-3.095131,1751.317262,199.636178,12:45:00,6.17081,2.85101,5.41497,-15.28355,21.06922,7.00185,3.7713,0.53213,79.84132,-4.161252,-1.852554,0.43395,-4.56933,11.3667,-2.58062,50,6.05403,6.67765,-129.55977,-3.14267,-7.57626,33.25141,-13.32723,a5a896ae-c7de-406a-8cb6-261f630c8110,NA,NA,NA,NA,NA,10147779,"Strayer, Cash",NA,NA,NA,Left,NA,NA,NA,NA,NA,NA,NA,NA,NA,NA,NA,NA,NA,NA,NA,NA,88e8c010-c010-11f0-a406-372210f9cb79,4,4,FLA_GAT,2,Bottom,2,Four-Seam,Undefined,Undefined,Undefined,0,0,NA,FLA_GAT,FLA_GAT,CondronBallpark,TeamExclusive,Team,20251112-CondronBallpark-Private-2,86.85885,NA,NA,9.81096,NA,NA,NA,8fb8e9a3-628d-4bd2-917e-53033ce94b91,2025-11-12,21:42:45,2025-11-12T21:42:45Z,2025-11-12T21:42:45Z,NA,v3,471297,471297,NA,"Bowen, Karson",702710,Right,FLA_GAT,55.07791,-130.85652,16.62571,6.16645,-2.62293,-6.66361,-2.8468,6.97312,-3.78813,NA,NA,NA,NA,NA,NA,NA,NA,NA,NA,NA,NA,NA,NA,NA,NA,NA,NA,NA,NA,NA,NA,NA,NA,NA,NA,NA,NA,NA,NA,NA,NA,NA,NA,NA,NA,NA,NA,NA,NA,NA,NA,NA,NA,NA,NA,NA,NA,NA,NA,High,High,High,NA,NA,NA,NA,NA,NA,NA,NA,NA,NA,NA,NA,NA,NA,NA,NA,NA,NA,NA,NA,NA,NA,NA,NA,NA,NA,NA,NA,NA,NA,NA,NA,NA,NA
88,2025-11-12,16:42:57,"McDonald, Caden",803724,Right,FLA_GAT,Undefined,3,1,InPlay,Fastball,NA,NA,89.531720000000007,-2.726851,-3.136939,1833.197714,205.885396,12:45:00,6.11264,2.67636,5.54766,-16.61123,19.43718,8.77095,2.1744,0.47289,80.48764,-5.901543,-1.575944,0.43213,-5.48398,11.12052,-2.41065,50,5.86568,6.7061,-129.45432,-6.67088,-9.14178,31.4758,-13.63616,17c87a1b-3217-43e1-9bbb-e73c600452de,NA,NA,NA,NA,5.655865,10147779,"Strayer, Cash",NA,NA,66.28967,Left,-16.397987,NA,NA,NA,10.33098,8.55274,0.0913,1.952849,1.81751,2.51581,-0.49049,NA,NA,NA,NA,NA,90040e40-c010-11f0-a406-372210f9cb79,4,5,FLA_GAT,2,Bottom,2,Four-Seam,Undefined,GroundBall,Error,0,0,NA,FLA_GAT,FLA_GAT,CondronBallpark,TeamExclusive,Team,20251112-CondronBallpark-Private-2,87.22478,2.51581,NA,9.04408,NA,NA,NA,8fb8e9a3-628d-4bd2-917e-53033ce94b91,2025-11-12,21:42:57,2025-11-12T21:42:57Z,2025-11-12T21:42:57Z,GroundBall,v3,471297,471297,NA,"Bowen, Karson",702710,Right,FLA_GAT,54.94921,-130.65214,15.7379,6.10967,-6.15195,-6.81808,-2.67247,7.05399,-4.57089,180,1.81215,93.18115,NA,NA,NA,NA,NA,NA,NA,2.5174,-27.55529,NA,NA,NA,NA,NA,NA,NA,-0.49102,9.22823,NA,NA,NA,NA,NA,NA,NA,NA,NA,NA,NA,NA,NA,NA,NA,NA,NA,NA,NA,NA,NA,NA,NA,NA,NA,NA,NA,NA,NA,High,High,High,Medium,Medium,NA,NA,NA,NA,NA,NA,NA,NA,NA,NA,NA,NA,NA,NA,NA,NA,NA,NA,NA,NA,NA,NA,NA,NA,NA,NA,NA,NA,NA,NA,NA,NA
89,2025-11-12,16:43:42,"McDonald, Caden",803724,Right,FLA_GAT,Undefined,0,0,BallCalled,Fastball,NA,NA,90.15275,-4.038379,-3.858712,1990.2128,201.700435,12:45:00,6.12622,2.46671,5.37502,-16.780639999999998,19.09127,7.06,0.92693,-0.56801,81.28252,-7.213127,-2.607885,0.431071,-4.79618,11.28131,-2.1258,50,5.75188,8.45023,-130.05495,-9.72868,-8.08931,31.15785,-13.14676,76155dcc-5713-4e2b-a545-51e883145ffe,NA,NA,NA,NA,NA,804404,"Kurland, Cade",NA,NA,NA,Right,NA,NA,NA,NA,NA,NA,NA,NA,NA,NA,NA,NA,NA,NA,NA,NA,ab0979a0-c010-11f0-a406-372210f9cb79,5,1,FLA_GAT,2,Bottom,2,Four-Seam,Undefined,Undefined,Undefined,0,0,NA,FLA_GAT,FLA_GAT,CondronBallpark,TeamExclusive,Team,20251112-CondronBallpark-Private-2,87.43909,NA,NA,8.87023,NA,NA,NA,8fb8e9a3-628d-4bd2-917e-53033ce94b91,2025-11-12,21:43:42,2025-11-12T21:43:42Z,2025-11-12T21:43:42Z,NA,v3,471297,471297,NA,"Bowen, Karson",702710,Right,FLA_GAT,55.12153,-131.2762,15.57893,6.1231,-9.21339,-6.57338,-2.46323,8.76729,-4.04466,NA,NA,NA,NA,NA,NA,NA,NA,NA,NA,NA,NA,NA,NA,NA,NA,NA,NA,NA,NA,NA,NA,NA,NA,NA,NA,NA,NA,NA,NA,NA,NA,NA,NA,NA,NA,NA,NA,NA,NA,NA,NA,NA,NA,NA,NA,NA,NA,NA,NA,High,High,High,NA,NA,NA,NA,NA,NA,NA,NA,NA,NA,NA,NA,NA,NA,NA,NA,NA,NA,NA,NA,NA,NA,NA,NA,NA,NA,NA,NA,NA,NA,NA,NA,NA,NA
90,2025-11-12,16:43:59,"McDonald, Caden",803724,Right,FLA_GAT,Undefined,1,0,FoulBallNotFieldable,Fastball,NA,NA,88.51096,-1.45622,-3.250408,1883.216698,204.947066,12:45:00,6.20142,2.67806,5.31151,-20.030639999999998,17.03288,7.29351,3.16288,0.23169,79.75613,-5.228042,-1.958487,0.438172,-4.68221,9.3767,-2.38851,50,6.05524,6.93867,-128.03232,-3.91874,-7.66344,29.87833,-16.82711,7e8cdab5-b182-475a-86de-bf1a9782436f,NA,NA,NA,NA,NA,804404,"Kurland, Cade",NA,NA,NA,Right,NA,NA,NA,NA,NA,NA,NA,NA,NA,NA,NA,NA,NA,NA,NA,NA,b511fcb0-c010-11f0-a406-372210f9cb79,5,2,FLA_GAT,2,Bottom,2,Four-Seam,Undefined,Undefined,Undefined,0,0,NA,FLA_GAT,FLA_GAT,CondronBallpark,TeamExclusive,Team,20251112-CondronBallpark-Private-2,86.02199,NA,NA,8.75484,NA,NA,NA,8fb8e9a3-628d-4bd2-917e-53033ce94b91,2025-11-12,21:43:59,2025-11-12T21:43:59Z,2025-11-12T21:43:59Z,NA,v3,471297,471297,NA,"Bowen, Karson",702710,Right,FLA_GAT,55.18436,-129.23651,14.93917,6.19951,-3.24055,-8.41355,-2.67438,7.24753,-3.83172,NA,NA,NA,NA,NA,NA,NA,NA,NA,NA,NA,NA,NA,NA,NA,NA,NA,NA,NA,NA,NA,NA,NA,NA,NA,NA,NA,NA,NA,NA,NA,NA,NA,NA,NA,NA,NA,NA,NA,NA,NA,NA,NA,NA,NA,NA,NA,NA,NA,NA,High,High,High,NA,NA,NA,NA,NA,NA,NA,NA,NA,NA,NA,NA,NA,NA,NA,NA,NA,NA,NA,NA,NA,NA,NA,NA,NA,NA,NA,NA,NA,NA,NA,NA,NA,NA
91,2025-11-12,16:44:18,"McDonald, Caden",803724,Right,FLA_GAT,Undefined,1,1,FoulBallNotFieldable,Curveball,NA,NA,76.64719,1.608264,-2.398762,2413.171513,21.254333,06:45:00,6.15831,2.73274,4.67675,-63.82716,-13.54855,-5.91929,2.36848,-0.03995,70.11834,-9.805049,-3.438228,0.510344,2.17193,-6.7017,-2.4828,50,6.26365,4.89603,-111.02104,0.74033,2.68326,21.76088,-40.4535,1e84521c-9cd8-42d3-a39b-7c81ac3eb8da,NA,NA,NA,NA,NA,804404,"Kurland, Cade",NA,NA,NA,Right,NA,NA,NA,NA,NA,NA,NA,NA,NA,NA,NA,NA,NA,NA,NA,NA,c07d4410-c010-11f0-a406-372210f9cb79,5,3,FLA_GAT,2,Bottom,2,Curveball,Undefined,Undefined,Undefined,0,0,NA,FLA_GAT,FLA_GAT,CondronBallpark,TeamExclusive,Team,20251112-CondronBallpark-Private-2,73.85691,NA,NA,6.52885,NA,NA,NA,8fb8e9a3-628d-4bd2-917e-53033ce94b91,2025-11-12,21:44:18,2025-11-12T21:44:18Z,2025-11-12T21:44:18Z,NA,v3,471297,471297,NA,"Bowen, Karson",702710,Right,FLA_GAT,55.8257,-112.15711,10.88044,6.16987,2.85228,-20.22675,-2.73475,4.75595,1.34163,NA,NA,NA,NA,NA,NA,NA,NA,NA,NA,NA,NA,NA,NA,NA,NA,NA,NA,NA,NA,NA,NA,NA,NA,NA,NA,NA,NA,NA,NA,NA,NA,NA,NA,NA,NA,NA,NA,NA,NA,NA,NA,NA,NA,NA,NA,NA,NA,NA,NA,High,High,High,NA,NA,NA,NA,NA,NA,NA,NA,NA,NA,NA,NA,NA,NA,NA,NA,NA,NA,NA,NA,NA,NA,NA,NA,NA,NA,NA,NA,NA,NA,NA,NA,NA,NA
92,2025-11-12,16:44:41,"McDonald, Caden",803724,Right,FLA_GAT,Undefined,1,2,FoulBallNotFieldable,Fastball,NA,NA,92.71294,-1.171726,-3.438971,2053.382968,220.149576,01:15:00,6.25249,2.48445,4.98703,-16.59288,17.36347,13.65879,3.76117,0.37143,83.94024,-4.292353,-1.03412,0.419404,-7.76823,9.27241,-2.16447,50,6.12664,7.38889,-134.15719000000001,-3.33376,-14.06665,30.76535,-15.38367,52c51530-cea6-4e76-b946-f7c2ecd7f97a,NA,NA,NA,NA,145.2469,804404,"Kurland, Cade",4222.73642,NA,70.1601,Right,37.850006,NA,NA,NA,NA,47.71295,NA,NA,-0.09183,3.49703,-0.46165,NA,NA,NA,NA,NA,ce269490-c010-11f0-a406-372210f9cb79,5,4,FLA_GAT,2,Bottom,2,Four-Seam,Undefined,Undefined,Undefined,0,0,NA,FLA_GAT,FLA_GAT,CondronBallpark,TeamExclusive,Team,20251112-CondronBallpark-Private-2,89.87153,32.9754,NA,8.77269,NA,NA,NA,8fb8e9a3-628d-4bd2-917e-53033ce94b91,2025-11-12,21:44:41,2025-11-12T21:44:41Z,2025-11-12T21:44:41Z,NA,v3,471297,471297,NA,"Bowen, Karson",702710,Right,FLA_GAT,55.51042,-135.41496,15.38268,6.25008,-2.70483,-7.69184,-2.4783,7.96397,-7.03332,312.775815,-0.09183,-66.7587,1.12383,1.55576,-0.52746,0.16607,-0.04045,0.01031,-0.00199,3.49703,63.13988,-27.99416,4.06083,-0.9005,0.19195,-0.03471,0.00672,-7.8e-4,-0.46165,46.31751,-12.4983,1.52533,-0.23943,0.00223,0.00552,-0.00147,3.5e-4,NA,NA,NA,NA,NA,NA,NA,NA,NA,NA,NA,NA,NA,NA,NA,NA,NA,NA,NA,NA,NA,NA,High,High,High,High,Undefined,NA,NA,NA,NA,NA,NA,NA,NA,NA,NA,NA,NA,NA,NA,NA,NA,NA,NA,NA,NA,NA,NA,NA,NA,NA,NA,NA,NA,NA,67.20384,10.05906,19.77762
93,2025-11-12,16:45:21,"McDonald, Caden",803724,Right,FLA_GAT,Undefined,1,2,FoulBallNotFieldable,Slider,NA,NA,82.08942,-0.638211,-2.899788,2286.479251,121.914646,10:00:00,6.13729,2.53121,5.09529,-40.63723,2.73323,-1.92433,2.14862,-0.36422,74.49922,-8.033223,-3.239799,0.473989,0.03504,1.98591,-2.2555,50,6.04524,6.10028,-118.81211,-2.80262,0.04941,25.73718,-29.37508,ed52b057-4fca-46a7-b029-ccd8a43c4f9f,NA,NA,NA,NA,136.992685,804404,"Kurland, Cade",4694.95881,NA,65.70704,Right,32.657964,NA,NA,NA,NA,47.31078,NA,NA,0.82038,2.24453,-0.00501,NA,NA,NA,NA,NA,e5b576d0-c010-11f0-a406-372210f9cb79,5,5,FLA_GAT,2,Bottom,2,Slider,Undefined,Undefined,Undefined,0,0,NA,FLA_GAT,FLA_GAT,CondronBallpark,TeamExclusive,Team,20251112-CondronBallpark-Private-2,79.52173,26.92433,NA,7.59021,NA,NA,NA,8fb8e9a3-628d-4bd2-917e-53033ce94b91,2025-11-12,21:45:21,2025-11-12T21:45:21Z,2025-11-12T21:45:21Z,NA,v3,471297,471297,NA,"Bowen, Karson",702710,Right,FLA_GAT,55.40243,-119.97668,12.86859,6.14198,-1.47344,-14.68754,-2.53148,6.09804,0.0247,NA,0.82038,-59.3311,3.22907,-0.08593,-0.13998,0.0629,-0.01888,0.00403,-3.8e-4,2.24453,52.00354,-22.83821,1.89462,-0.18769,-0.01737,0.01443,-0.00423,7.1e-4,-0.00501,55.34131,-16.93865,5.11194,-1.26528,0.28609,-0.06451,0.01301,-0.00176,NA,NA,NA,NA,NA,NA,NA,NA,NA,NA,NA,NA,NA,NA,NA,NA,NA,NA,NA,NA,NA,NA,High,High,High,High,Undefined,NA,NA,NA,NA,NA,NA,NA,NA,NA,NA,NA,NA,NA,NA,NA,NA,NA,NA,NA,NA,NA,NA,NA,NA,NA,NA,NA,NA,NA,67.26502,-0.357,16.34748
94,2025-11-12,16:45:43,"McDonald, Caden",803724,Right,FLA_GAT,Undefined,1,2,BallCalled,Curveball,NA,NA,79.05934,0.230263,-2.390328,2454.091139,19.677626,06:45:00,6.18899,2.48126,4.71381,-63.52322,-15.64635,-6.23748,1.11411,-0.30838,71.56667,-11.129355,-3.488694,0.498006,2.21488,-7.25721,-2.23353,50,6.15516,5.04262,-114.3628,-1.98868,2.8576,26.16574,-41.53715,6233c6c6-b959-409c-8ac9-093f1c4601d8,NA,NA,NA,NA,NA,804404,"Kurland, Cade",NA,NA,NA,Right,NA,NA,NA,NA,NA,NA,NA,NA,NA,NA,NA,NA,NA,NA,NA,NA,f3509680-c010-11f0-a406-372210f9cb79,5,6,FLA_GAT,2,Bottom,2,Curveball,Undefined,Undefined,Undefined,0,0,NA,FLA_GAT,FLA_GAT,CondronBallpark,TeamExclusive,Team,20251112-CondronBallpark-Private-2,75.68676,NA,NA,7.49266,NA,NA,NA,8fb8e9a3-628d-4bd2-917e-53033ce94b91,2025-11-12,21:45:43,2025-11-12T21:45:43Z,2025-11-12T21:45:43Z,NA,v3,471297,471297,NA,"Bowen, Karson",702710,Right,FLA_GAT,55.7866,-115.67917,13.08287,6.20265,0.10101,-20.76857,-2.48361,4.89886,1.4288,NA,NA,NA,NA,NA,NA,NA,NA,NA,NA,NA,NA,NA,NA,NA,NA,NA,NA,NA,NA,NA,NA,NA,NA,NA,NA,NA,NA,NA,NA,NA,NA,NA,NA,NA,NA,NA,NA,NA,NA,NA,NA,NA,NA,NA,NA,NA,NA,NA,NA,High,High,High,NA,NA,NA,NA,NA,NA,NA,NA,NA,NA,NA,NA,NA,NA,NA,NA,NA,NA,NA,NA,NA,NA,NA,NA,NA,NA,NA,NA,NA,NA,NA,NA,NA,NA
95,2025-11-12,16:46:39,"McDonald, Caden",803724,Right,FLA_GAT,Undefined,2,2,BallCalled,Fastball,NA,NA,92.17379,-3.729976,-4.038991,1925.073846,237.11137,02:00:00,6.26324,2.23139,5.31012,-21.69627,12.55631,17.4908,0.94043,-0.10849,83.428210000000007,-7.754251,-0.939904,0.421229,-10.0467,7.81437,-1.8778,50,5.9083,8.57891,-133.07068,-9.48523,-17.8056,31.64907,-18.32477,58f188aa-e08f-4e02-8b07-4cf9bbdcb3b1,NA,NA,NA,NA,NA,804404,"Kurland, Cade",NA,NA,NA,Right,NA,NA,NA,NA,NA,NA,NA,NA,NA,NA,NA,NA,NA,NA,NA,NA,14784a10-c011-11f0-a406-372210f9cb79,5,7,FLA_GAT,2,Bottom,2,Sinker,Undefined,Undefined,Undefined,0,0,NA,FLA_GAT,FLA_GAT,CondronBallpark,TeamExclusive,Team,20251112-CondronBallpark-Private-2,89.48206,NA,NA,8.74558,NA,NA,NA,8fb8e9a3-628d-4bd2-917e-53033ce94b91,2025-11-12,21:46:39,2025-11-12T21:46:39Z,2025-11-12T21:46:39Z,NA,v3,471297,471297,NA,"Bowen, Karson",702710,Right,FLA_GAT,55.18833,-134.29898,15.82454,6.26262,-8.77404,-9.16239,-2.22415,9.26995,-8.9028,NA,NA,NA,NA,NA,NA,NA,NA,NA,NA,NA,NA,NA,NA,NA,NA,NA,NA,NA,NA,NA,NA,NA,NA,NA,NA,NA,NA,NA,NA,NA,NA,NA,NA,NA,NA,NA,NA,NA,NA,NA,NA,NA,NA,NA,NA,NA,NA,NA,NA,High,High,High,NA,NA,NA,NA,NA,NA,NA,NA,NA,NA,NA,NA,NA,NA,NA,NA,NA,NA,NA,NA,NA,NA,NA,NA,NA,NA,NA,NA,NA,NA,NA,NA,NA,NA
96,2025-11-12,16:47:00,"McDonald, Caden",803724,Right,FLA_GAT,Undefined,3,2,BallCalled,Slider,NA,NA,80.80221,-1.379395,-3.524089,2438.707638,65.331329,08:15:00,6.1059,2.65028,4.95503,-45.71412,-1.02843,-5.37855,0.99037,-1.13183,74.28409,-9.591137,-4.471756,0.481122,1.64146,0.29453,-2.30369,50,5.9342,7.42913,-116.96316,-4.51194,2.26213,23.12886,-31.76818,131194e5-c218-4f81-9bf2-4a0b7effac84,NA,NA,NA,NA,NA,804404,"Kurland, Cade",NA,NA,NA,Right,NA,NA,NA,NA,NA,NA,NA,NA,NA,NA,NA,NA,NA,NA,NA,NA,20cf02e0-c011-11f0-a406-372210f9cb79,5,8,FLA_GAT,2,Bottom,2,Slider,Walk,Undefined,Undefined,0,0,NA,FLA_GAT,FLA_GAT,CondronBallpark,TeamExclusive,Team,20251112-CondronBallpark-Private-2,78.34271,NA,NA,6.51812,NA,NA,NA,8fb8e9a3-628d-4bd2-917e-53033ce94b91,2025-11-12,21:47:00,2025-11-12T21:47:00Z,2025-11-12T21:47:00Z,NA,v3,471297,471297,NA,"Bowen, Karson",702710,Right,FLA_GAT,55.54469,-118.05451,11.56443,6.11173,-3.01295,-15.88409,-2.65172,7.32239,1.13107,NA,NA,NA,NA,NA,NA,NA,NA,NA,NA,NA,NA,NA,NA,NA,NA,NA,NA,NA,NA,NA,NA,NA,NA,NA,NA,NA,NA,NA,NA,NA,NA,NA,NA,NA,NA,NA,NA,NA,NA,NA,NA,NA,NA,NA,NA,NA,NA,NA,NA,High,High,High,NA,NA,NA,NA,NA,NA,NA,NA,NA,NA,NA,NA,NA,NA,NA,NA,NA,NA,NA,NA,NA,NA,NA,NA,NA,NA,NA,NA,NA,NA,NA,NA,NA,NA
97,2025-11-12,16:47:31,"McDonald, Caden",803724,Right,FLA_GAT,Undefined,0,0,BallinDirt,Slider,NA,NA,82.36555,-1.997523,-3.503125,2326.198411,92.613054,09:00:00,6.10079,2.77924,4.88596,-41.61931,1.66882,-4.74394,0.73847,-0.93433,75.42365,-9.480151,-4.337829,0.473539,1.29945,1.8063,-2.43087,50,5.86926,7.496,-119.12671,-5.72464,1.85113,24.73496,-29.60085,73a51883-c77a-4470-97b8-81d0065c8071,NA,NA,NA,NA,NA,814065,"Surowiec, Ethan",NA,NA,NA,Right,NA,NA,NA,NA,NA,NA,NA,NA,NA,NA,NA,NA,NA,NA,NA,NA,336724a0-c011-11f0-a406-372210f9cb79,6,1,FLA_GAT,2,Bottom,2,Slider,Undefined,Undefined,Undefined,0,0,NA,FLA_GAT,FLA_GAT,CondronBallpark,TeamExclusive,Team,20251112-CondronBallpark-Private-2,79.5973,NA,NA,6.9419,NA,NA,NA,8fb8e9a3-628d-4bd2-917e-53033ce94b91,2025-11-12,21:47:31,2025-11-12T21:47:31Z,2025-11-12T21:47:31Z,NA,v3,471297,471297,NA,"Bowen, Karson",702710,Right,FLA_GAT,55.61339,-120.2866,12.36748,6.10516,-4.33657,-14.80043,-2.78035,7.40919,0.92556,NA,NA,NA,NA,NA,NA,NA,NA,NA,NA,NA,NA,NA,NA,NA,NA,NA,NA,NA,NA,NA,NA,NA,NA,NA,NA,NA,NA,NA,NA,NA,NA,NA,NA,NA,NA,NA,NA,NA,NA,NA,NA,NA,NA,NA,NA,NA,NA,NA,NA,High,High,High,NA,NA,NA,NA,NA,NA,NA,NA,NA,NA,NA,NA,NA,NA,NA,NA,NA,NA,NA,NA,NA,NA,NA,NA,NA,NA,NA,NA,NA,NA,NA,NA,NA,NA
98,2025-11-12,16:47:53,"McDonald, Caden",803724,Right,FLA_GAT,Undefined,1,0,BallCalled,Fastball,NA,NA,90.62581,-2.618336,-4.060086,2237.074535,180.237999,12:00:00,6.2318,2.5002,5.14236,-9.28245,26.74379,0.10516,2.985,-1.3203,80.85218,-4.491872,-4.041574,0.431997,-1.4550399999999999,14.55753,-2.1195,50,5.97983,9.27112,-130.68619,-6.16244,-2.45887,33.40479,-7.57304,0323685b-09e2-4571-9426-54287e789b6c,NA,NA,NA,NA,NA,814065,"Surowiec, Ethan",NA,NA,NA,Right,NA,NA,NA,NA,NA,NA,NA,NA,NA,NA,NA,NA,NA,NA,NA,NA,40af4250-c011-11f0-a406-372210f9cb79,6,2,FLA_GAT,2,Bottom,2,Four-Seam,Undefined,Undefined,Undefined,0,0,NA,FLA_GAT,FLA_GAT,CondronBallpark,TeamExclusive,Team,20251112-CondronBallpark-Private-2,87.2516,NA,NA,9.77363,NA,NA,NA,8fb8e9a3-628d-4bd2-917e-53033ce94b91,2025-11-12,21:47:53,2025-11-12T21:47:53Z,2025-11-12T21:47:53Z,NA,v3,471297,471297,NA,"Bowen, Karson",702710,Right,FLA_GAT,55.35114,-132.04691,16.7024,6.22457,-5.85396,-3.78652,-2.4992,9.37128,-1.22944,NA,NA,NA,NA,NA,NA,NA,NA,NA,NA,NA,NA,NA,NA,NA,NA,NA,NA,NA,NA,NA,NA,NA,NA,NA,NA,NA,NA,NA,NA,NA,NA,NA,NA,NA,NA,NA,NA,NA,NA,NA,NA,NA,NA,NA,NA,NA,NA,NA,NA,High,High,High,NA,NA,NA,NA,NA,NA,NA,NA,NA,NA,NA,NA,NA,NA,NA,NA,NA,NA,NA,NA,NA,NA,NA,NA,NA,NA,NA,NA,NA,NA,NA,NA,NA,NA
99,2025-11-12,16:48:54,"McDonald, Caden",803724,Right,FLA_GAT,Undefined,2,0,StrikeSwinging,Fastball,NA,NA,91.42752,-1.224458,-3.446694,2153.333148,189.233979,12:15:00,6.25799,2.4616,5.07531,-10.80209,24.54887,3.76673,4.2012,-0.47775,81.53631,-3.366839,-2.783146,0.427929,-3.02417,12.91016,-2.13753,50,6.13417,7.76446,-132.02263,-3.07591,-5.22272,33.74722,-9.87846,e4e32ee8-e96d-4434-8acb-b392c3668588,NA,NA,NA,NA,NA,814065,"Surowiec, Ethan",NA,NA,NA,Right,NA,NA,NA,NA,NA,NA,NA,NA,NA,NA,NA,NA,NA,NA,NA,NA,64c49ff0-c011-11f0-a406-372210f9cb79,6,3,FLA_GAT,2,Bottom,2,Four-Seam,Undefined,Undefined,Undefined,0,0,NA,FLA_GAT,FLA_GAT,CondronBallpark,TeamExclusive,Team,20251112-CondronBallpark-Private-2,88.081,NA,NA,9.89121,NA,NA,NA,8fb8e9a3-628d-4bd2-917e-53033ce94b91,2025-11-12,21:48:54,2025-11-12T21:48:54Z,2025-11-12T21:48:54Z,NA,v3,471297,471297,NA,"Bowen, Karson",702710,Right,FLA_GAT,55.41724,-133.40018,16.87361,6.2515,-2.67267,-4.93923,-2.45882,7.97764,-2.61136,NA,NA,NA,NA,NA,NA,NA,NA,NA,NA,NA,NA,NA,NA,NA,NA,NA,NA,NA,NA,NA,NA,NA,NA,NA,NA,NA,NA,NA,NA,NA,NA,NA,NA,NA,NA,NA,NA,NA,NA,NA,NA,NA,NA,NA,NA,NA,NA,NA,NA,High,High,High,NA,NA,NA,NA,NA,NA,NA,NA,NA,NA,NA,NA,NA,NA,NA,NA,NA,NA,NA,NA,NA,NA,NA,NA,NA,NA,NA,NA,NA,NA,NA,NA,NA,NA
100,2025-11-12,16:49:11,"McDonald, Caden",803724,Right,FLA_GAT,Undefined,2,1,StrikeCalled,Fastball,NA,NA,91.3931,-2.665733,-2.185287,1991.159223,184.21942,12:15:00,6.26171,2.34252,5.3042299999999996,-11.79898,23.23041,1.61272,2.7724,0.42449,81.71586,-4.981413,-1.899414,0.425978,-1.54354,12.86808,-2.14519,50,6.01148,4.96233,-132.07874,-6.44566,-2.66876,33.69808,-9.92545,c59cbf49-b889-4e9b-b81c-7b30ba6af87b,NA,NA,NA,NA,NA,814065,"Surowiec, Ethan",NA,NA,NA,Right,NA,NA,NA,NA,NA,NA,NA,NA,NA,NA,NA,NA,NA,NA,NA,NA,6eece000-c011-11f0-a406-372210f9cb79,6,4,FLA_GAT,2,Bottom,2,Four-Seam,Undefined,Undefined,Undefined,0,0,NA,FLA_GAT,FLA_GAT,CondronBallpark,TeamExclusive,Team,20251112-CondronBallpark-Private-2,88.48437,NA,NA,9.67724,NA,NA,NA,8fb8e9a3-628d-4bd2-917e-53033ce94b91,2025-11-12,21:49:11,2025-11-12T21:49:11Z,2025-11-12T21:49:11Z,NA,v3,471297,471297,NA,"Bowen, Karson",702710,Right,FLA_GAT,55.18909,-133.3961,16.84904,6.25587,-6.05764,-4.96273,-2.34122,5.06666,-1.33438,NA,NA,NA,NA,NA,NA,NA,NA,NA,NA,NA,NA,NA,NA,NA,NA,NA,NA,NA,NA,NA,NA,NA,NA,NA,NA,NA,NA,NA,NA,NA,NA,NA,NA,NA,NA,NA,NA,NA,NA,NA,NA,NA,NA,NA,NA,NA,NA,NA,NA,High,High,High,NA,NA,NA,NA,NA,NA,NA,NA,NA,NA,NA,NA,NA,NA,NA,NA,NA,NA,NA,NA,NA,NA,NA,NA,NA,NA,NA,NA,NA,NA,NA,NA,NA,NA
101,2025-11-12,16:49:26,"McDonald, Caden",803724,Right,FLA_GAT,Undefined,2,2,StrikeSwinging,Fastball,NA,NA,92.66829,-3.110446,-3.394635,2266.037185,187.316866,12:15:00,6.32967,2.43871,5.0566700000000004,-11.15146,23.23304,2.81335,2.45899,-0.53196,83.07187,-5.289225,-2.899161,0.422039,-2.52681,12.93713,-2.11779,50,6.02531,7.7964,-133.75251,-7.58251,-4.4921,33.86334,-9.17496,c74a48de-cdbe-4d6d-9f49-0ae56276c73a,NA,NA,NA,NA,NA,814065,"Surowiec, Ethan",NA,NA,NA,Right,NA,NA,NA,NA,NA,NA,NA,NA,NA,NA,NA,NA,NA,NA,NA,NA,77c9b450-c011-11f0-a406-372210f9cb79,6,5,FLA_GAT,2,Bottom,2,Four-Seam,Strikeout,Undefined,Undefined,0,0,NA,FLA_GAT,FLA_GAT,CondronBallpark,TeamExclusive,Team,20251112-CondronBallpark-Private-2,89.31027,NA,NA,9.59643,NA,NA,NA,8fb8e9a3-628d-4bd2-917e-53033ce94b91,2025-11-12,21:49:26,2025-11-12T21:49:26Z,2025-11-12T21:49:26Z,NA,v3,471297,471297,NA,"Bowen, Karson",702710,Right,FLA_GAT,55.43908,-135.12256,16.93167,6.32457,-7.21131,-4.58748,-2.43689,7.97815,-2.24605,NA,NA,NA,NA,NA,NA,NA,NA,NA,NA,NA,NA,NA,NA,NA,NA,NA,NA,NA,NA,NA,NA,NA,NA,NA,NA,NA,NA,NA,NA,NA,NA,NA,NA,NA,NA,NA,NA,NA,NA,NA,NA,NA,NA,NA,NA,NA,NA,NA,NA,High,High,High,NA,NA,NA,NA,NA,NA,NA,NA,NA,NA,NA,NA,NA,NA,NA,NA,NA,NA,NA,NA,NA,NA,NA,NA,NA,NA,NA,NA,NA,NA,NA,NA,NA,NA
102,2025-11-12,16:52:45,"Blair, Eli",1000097419,Left,FLA_GAT,Undefined,0,0,FoulBallNotFieldable,Fastball,NA,NA,89.1237,-2.975516,3.038483,2168.44936,146.552319,11:00:00,6.43764,-2.40049,7.1486,-16.6554,17.24194,-10.6128,2.346,-0.52776,80.94149,-6.220165,1.090596,0.419039,6.6165,10.51567,2.22463,50,6.25712,-6.48815,-129.31788,-7.08351,11.09599,29.40188,-14.53908,96895a72-eec1-4496-b61f-8dc19183ee8d,NA,NA,NA,NA,37.934446,803724,"McDonald, Caden",3860.513099,NA,97.47416,Right,39.020706,78.88478,80.526,76.66269,343.90585,164.16791,5.429213,55.50875,0.60643,2.40777,0.50292,NA,NA,NA,NA,NA,ee6ccc50-c011-11f0-a406-372210f9cb79,1,1,FLA_GAT,3,Top,0,Four-Seam,Undefined,Undefined,Undefined,0,0,NA,FLA_GAT,FLA_GAT,CondronBallpark,TeamExclusive,Team,20251112-CondronBallpark-Private-2,89.94976,107.25951,NA,8.18221,NA,NA,NA,8fb8e9a3-628d-4bd2-917e-53033ce94b91,2025-11-12,21:52:45,2025-11-12T21:52:45Z,2025-11-12T21:52:45Z,FlyBall,v3,471297,471297,NA,"Malzone, Aj",1000352389,Right,FLA_GAT,53.34938,-130.07717,14.70094,6.4352,-6.70804,-7.26954,2.39589,-6.7747,5.54799,NA,0.6179,87.3956,-24.19919,5.5331,-0.78523,0.05618,-0.00866,0.00248,-2.1e-4,2.41324,89.89371,-22.51922,1.27697,0.40834,-0.307,0.08519,-0.01096,5.3e-4,0.50967,68.15429,-3.93251,-0.64789,0.71456,-0.28992,0.06386,-0.00719,3.2e-4,NA,NA,NA,NA,NA,NA,NA,NA,NA,NA,NA,NA,NA,NA,NA,NA,NA,NA,NA,NA,NA,NA,High,High,High,High,Low,NA,NA,NA,NA,NA,NA,NA,NA,NA,NA,NA,NA,NA,NA,NA,NA,NA,NA,NA,NA,NA,NA,NA,NA,NA,NA,NA,NA,NA,75.03217,8.81588,13.45476
103,2025-11-12,16:53:02,"Blair, Eli",1000097419,Left,FLA_GAT,Undefined,0,1,BallCalled,ChangeUp,NA,NA,84.37683,-1.772863,1.809707,1559.18384,123.266848,10:00:00,6.32707,-2.73734,6.70104,-28.97714,9.19371,-12.1226,2.28994,-2.09227,77.22895,-7.234065,-0.40163,0.44467,6.89504,5.76048,2.62112,50,6.19791,-3.43577,-122.60805,-4.5957,10.45267,25.17085,-23.44131,85187999-6ce5-4b9d-a896-44aeb393ca05,NA,NA,NA,NA,NA,803724,"McDonald, Caden",NA,NA,NA,Right,NA,NA,NA,NA,NA,NA,NA,NA,NA,NA,NA,NA,NA,NA,NA,NA,f8cac260-c011-11f0-a406-372210f9cb79,1,2,FLA_GAT,3,Top,0,Changeup,Undefined,Undefined,Undefined,0,0,NA,FLA_GAT,FLA_GAT,CondronBallpark,TeamExclusive,Team,20251112-CondronBallpark-Private-2,84.76506,NA,NA,7.14788,NA,NA,NA,8fb8e9a3-628d-4bd2-917e-53033ce94b91,2025-11-12,21:53:02,2025-11-12T21:53:02Z,2025-11-12T21:53:02Z,NA,v3,471297,471297,NA,"Malzone, Aj",1000352389,Right,FLA_GAT,53.79715,-123.38513,12.58543,6.32862,-3.87202,-11.72065,2.73217,-3.75846,5.22634,NA,NA,NA,NA,NA,NA,NA,NA,NA,NA,NA,NA,NA,NA,NA,NA,NA,NA,NA,NA,NA,NA,NA,NA,NA,NA,NA,NA,NA,NA,NA,NA,NA,NA,NA,NA,NA,NA,NA,NA,NA,NA,NA,NA,NA,NA,NA,NA,NA,NA,High,High,High,NA,NA,NA,NA,NA,NA,NA,NA,NA,NA,NA,NA,NA,NA,NA,NA,NA,NA,NA,NA,NA,NA,NA,NA,NA,NA,NA,NA,NA,NA,NA,NA,NA,NA
104,2025-11-12,16:53:15,"Blair, Eli",1000097419,Left,FLA_GAT,Undefined,1,1,BallCalled,ChangeUp,NA,NA,83.39646,-0.71362,2.487843,1394.16271,132.521649,10:30:00,6.3125,-2.48671,6.60614,-27.00411,12.03457,-11.79737,3.40782,-1.18947,76.47063,-5.818261,0.342945,0.449696,6.86418,6.90559,2.3215,50,6.25259,-4.84049,-121.20474,-2.23994,10.22238,23.44216,-21.89001,cc2771e3-c149-4447-b62e-253c5e8f4466,NA,NA,NA,NA,NA,803724,"McDonald, Caden",NA,NA,NA,Right,NA,NA,NA,NA,NA,NA,NA,NA,NA,NA,NA,NA,NA,NA,NA,NA,009451f0-c012-11f0-a406-372210f9cb79,1,3,FLA_GAT,3,Top,0,Changeup,Undefined,Undefined,Undefined,0,0,NA,FLA_GAT,FLA_GAT,CondronBallpark,TeamExclusive,Team,20251112-CondronBallpark-Private-2,83.81759,NA,NA,6.92583,NA,NA,NA,8fb8e9a3-628d-4bd2-917e-53033ce94b91,2025-11-12,21:53:15,2025-11-12T21:53:15Z,2025-11-12T21:53:15Z,NA,v3,471297,471297,NA,"Malzone, Aj",1000352389,Right,FLA_GAT,53.89236,-121.95524,11.72108,6.31308,-1.53914,-10.945,2.4817,-5.16776,5.11119,NA,NA,NA,NA,NA,NA,NA,NA,NA,NA,NA,NA,NA,NA,NA,NA,NA,NA,NA,NA,NA,NA,NA,NA,NA,NA,NA,NA,NA,NA,NA,NA,NA,NA,NA,NA,NA,NA,NA,NA,NA,NA,NA,NA,NA,NA,NA,NA,NA,NA,High,High,High,NA,NA,NA,NA,NA,NA,NA,NA,NA,NA,NA,NA,NA,NA,NA,NA,NA,NA,NA,NA,NA,NA,NA,NA,NA,NA,NA,NA,NA,NA,NA,NA,NA,NA
105,2025-11-12,16:53:29,"Blair, Eli",1000097419,Left,FLA_GAT,Undefined,2,1,BallCalled,Slider,NA,NA,76.78388,-1.736122,4.915715,2300.015221,246.76093,02:15:00,6.22923,-3.1879,6.42678,-40.40959,6.37359,11.52347,1.25963,2.30178,71.04988,-9.185734,6.991279,0.492285,-4.62433,4.29461,2.83223,50,6.08712,-9.94965,-111.20588,-4.48581,-5.78052,20.27488,-26.80567,0e8e5907-939d-44d1-b949-d95b95524ab3,NA,NA,NA,NA,NA,803724,"McDonald, Caden",NA,NA,NA,Right,NA,NA,NA,NA,NA,NA,NA,NA,NA,NA,NA,NA,NA,NA,NA,NA,08f7d790-c012-11f0-a406-372210f9cb79,1,4,FLA_GAT,3,Top,0,Slider,Undefined,Undefined,Undefined,0,0,NA,FLA_GAT,FLA_GAT,CondronBallpark,TeamExclusive,Team,20251112-CondronBallpark-Private-2,76.56637,NA,NA,5.734,NA,NA,NA,8fb8e9a3-628d-4bd2-917e-53033ce94b91,2025-11-12,21:53:29,2025-11-12T21:53:29Z,2025-11-12T21:53:29Z,NA,v3,471297,471297,NA,"Malzone, Aj",1000352389,Right,FLA_GAT,54.0721,-111.94584,10.13744,6.23299,-3.5075,-13.40284,3.19151,-9.73868,-2.89026,NA,NA,NA,NA,NA,NA,NA,NA,NA,NA,NA,NA,NA,NA,NA,NA,NA,NA,NA,NA,NA,NA,NA,NA,NA,NA,NA,NA,NA,NA,NA,NA,NA,NA,NA,NA,NA,NA,NA,NA,NA,NA,NA,NA,NA,NA,NA,NA,NA,NA,High,High,High,NA,NA,NA,NA,NA,NA,NA,NA,NA,NA,NA,NA,NA,NA,NA,NA,NA,NA,NA,NA,NA,NA,NA,NA,NA,NA,NA,NA,NA,NA,NA,NA,NA,NA
106,2025-11-12,16:53:50,"Blair, Eli",1000097419,Left,FLA_GAT,Undefined,3,1,InPlay,Fastball,NA,NA,88.14945,-2.565764,1.144643,1921.778128,167.191462,11:30:00,6.49465,-2.11681,6.89745,-15.96013,18.89635,-4.0261,2.82537,-1.40949,80.15245,-5.673376,0.408113,0.424926,2.49504,11.19701,2.04594,50,6.32676,-2.41422,-128.0585,-6.08765,4.1072,28.59051,-13.74227,09bc4411-fe24-4c8c-b67d-664fea073f3f,NA,NA,NA,NA,6.286759,803724,"McDonald, Caden",1094.005312,NA,87.39543,Right,22.680492,109.4087,39.02263,11.38808,303.6145,299.73072,3.728203,4.660573,1.16657,2.84799,1.40657,NA,NA,NA,NA,NA,15617c20-c012-11f0-a406-372210f9cb79,1,5,FLA_GAT,3,Top,0,Four-Seam,Undefined,LineDrive,Out,1,0,NA,FLA_GAT,FLA_GAT,CondronBallpark,TeamExclusive,Team,20251112-CondronBallpark-Private-2,88.70357,45.62116,NA,7.997,NA,NA,NA,8fb8e9a3-628d-4bd2-917e-53033ce94b91,2025-11-12,21:53:50,2025-11-12T21:53:50Z,2025-11-12T21:53:50Z,LineDrive,v3,471297,471297,NA,"Malzone, Aj",1000352389,Right,FLA_GAT,53.60087,-128.85994,14.29525,6.492,-5.70244,-6.87114,2.11522,-2.52935,2.0536,163.65856,1.16594,117.57453,-18.71658,4.34517,-1.0096,0.26684,-0.06807,0.0113,-7.9e-4,2.84902,49.39596,-14.712,-0.00797,0.34912,-0.19756,0.06505,-0.01067,6.7e-4,1.4064,12.95438,-4.71151,1.5915,-0.35502,0.04914,-0.0041,2.8e-4,-2e-5,NA,NA,NA,NA,NA,NA,NA,NA,NA,NA,NA,NA,NA,NA,NA,NA,NA,NA,NA,NA,NA,NA,High,High,High,High,High,NA,NA,NA,NA,NA,NA,NA,NA,NA,NA,NA,NA,NA,NA,NA,NA,NA,NA,NA,NA,NA,NA,NA,NA,NA,NA,NA,NA,NA,77.72393,20.13002,0.35943
107,2025-11-12,16:54:19,"Blair, Eli",1000097419,Left,FLA_GAT,Undefined,0,0,BallCalled,Fastball,NA,NA,88.58687,-1.445956,1.63222,1997.635841,138.760334,10:45:00,6.60853,-1.89082,7.09052,-21.17552,13.04717,-10.42843,3.53079,-1.2781,80.55561,-5.521562,-0.282913,0.421045,6.02575,7.7687,1.79566,50,6.51525,-3.28852,-128.77436,-3.76544,10.035,28.79748,-19.23637,e6277146-8f12-4de3-8c77-696a9f4053cb,NA,NA,NA,NA,NA,806235,"Stripling, Landon",NA,NA,NA,Left,NA,NA,NA,NA,NA,NA,NA,NA,NA,NA,NA,NA,NA,NA,NA,NA,268eea50-c012-11f0-a406-372210f9cb79,2,1,FLA_GAT,3,Top,1,Four-Seam,Undefined,Undefined,Undefined,0,0,NA,FLA_GAT,FLA_GAT,CondronBallpark,TeamExclusive,Team,20251112-CondronBallpark-Private-2,89.52114,NA,NA,8.03125,NA,NA,NA,8fb8e9a3-628d-4bd2-917e-53033ce94b91,2025-11-12,21:54:19,2025-11-12T21:54:19Z,2025-11-12T21:54:19Z,NA,v3,471297,471297,NA,"Malzone, Aj",1000352389,Right,FLA_GAT,53.4062,-129.53384,14.39874,6.60787,-3.25811,-9.61819,1.88588,-3.55317,5.0175,NA,NA,NA,NA,NA,NA,NA,NA,NA,NA,NA,NA,NA,NA,NA,NA,NA,NA,NA,NA,NA,NA,NA,NA,NA,NA,NA,NA,NA,NA,NA,NA,NA,NA,NA,NA,NA,NA,NA,NA,NA,NA,NA,NA,NA,NA,NA,NA,NA,NA,High,High,High,NA,NA,NA,NA,NA,NA,NA,NA,NA,NA,NA,NA,NA,NA,NA,NA,NA,NA,NA,NA,NA,NA,NA,NA,NA,NA,NA,NA,NA,NA,NA,NA,NA,NA
108,2025-11-12,16:54:31,"Blair, Eli",1000097419,Left,FLA_GAT,Undefined,1,0,BallCalled,Fastball,NA,NA,89.97054,-1.917379,1.392984,2087.022381,147.219517,11:00:00,6.70517,-1.95102,7.26914,-17.64544,15.15395,-9.07709,3.49939,-1.44732,82.17513,-5.339987,-0.27962,0.412196,5.25693,9.03749,1.87384,50,6.59109,-2.85854,-130.86086,-4.76717,9.08501,28.48443,-16.55557,fcae4f3e-7859-4d0b-acf3-27f588d123f0,NA,NA,NA,NA,NA,806235,"Stripling, Landon",NA,NA,NA,Left,NA,NA,NA,NA,NA,NA,NA,NA,NA,NA,NA,NA,NA,NA,NA,NA,2db44aa0-c012-11f0-a406-372210f9cb79,2,2,FLA_GAT,3,Top,1,Four-Seam,Undefined,Undefined,Undefined,0,0,NA,FLA_GAT,FLA_GAT,CondronBallpark,TeamExclusive,Team,20251112-CondronBallpark-Private-2,91.44293,NA,NA,7.7954,NA,NA,NA,8fb8e9a3-628d-4bd2-917e-53033ce94b91,2025-11-12,21:54:31,2025-11-12T21:54:31Z,2025-11-12T21:54:31Z,NA,v3,471297,471297,NA,"Malzone, Aj",1000352389,Right,FLA_GAT,53.22834,-131.5617,14.24222,6.70337,-4.35983,-8.27779,1.94693,-3.08207,4.54251,NA,NA,NA,NA,NA,NA,NA,NA,NA,NA,NA,NA,NA,NA,NA,NA,NA,NA,NA,NA,NA,NA,NA,NA,NA,NA,NA,NA,NA,NA,NA,NA,NA,NA,NA,NA,NA,NA,NA,NA,NA,NA,NA,NA,NA,NA,NA,NA,NA,NA,High,High,High,NA,NA,NA,NA,NA,NA,NA,NA,NA,NA,NA,NA,NA,NA,NA,NA,NA,NA,NA,NA,NA,NA,NA,NA,NA,NA,NA,NA,NA,NA,NA,NA,NA,NA
109,2025-11-12,16:54:48,"Blair, Eli",1000097419,Left,FLA_GAT,Undefined,2,0,BallCalled,Slider,NA,NA,77.01928,-1.583564,3.40222,2234.197981,250.653746,02:15:00,6.25866,-2.94653,6.4287,-40.75868,6.14969,12.88973,1.40368,1.25833,70.32652,-9.154069,5.733597,0.492943,-5.61929,4.23713,2.69882,50,6.12781,-7.0776,-111.63397,-4.20672,-6.98137,22.99779,-26.90989,50f42973-0301-40e0-9297-1fe6a50b5dca,NA,NA,NA,NA,NA,806235,"Stripling, Landon",NA,NA,NA,Left,NA,NA,NA,NA,NA,NA,NA,NA,NA,NA,NA,NA,NA,NA,NA,NA,37c3f9a0-c012-11f0-a406-372210f9cb79,2,3,FLA_GAT,3,Top,1,Slider,Undefined,Undefined,Undefined,0,0,NA,FLA_GAT,FLA_GAT,CondronBallpark,TeamExclusive,Team,20251112-CondronBallpark-Private-2,76.46411,NA,NA,6.69276,NA,NA,NA,8fb8e9a3-628d-4bd2-917e-53033ce94b91,2025-11-12,21:54:48,2025-11-12T21:54:48Z,2025-11-12T21:54:48Z,NA,v3,471297,471297,NA,"Malzone, Aj",1000352389,Right,FLA_GAT,54.068600000000004,-112.46903,11.49889,6.26282,-3.22962,-13.45494,2.9512,-6.8241,-3.49068,NA,NA,NA,NA,NA,NA,NA,NA,NA,NA,NA,NA,NA,NA,NA,NA,NA,NA,NA,NA,NA,NA,NA,NA,NA,NA,NA,NA,NA,NA,NA,NA,NA,NA,NA,NA,NA,NA,NA,NA,NA,NA,NA,NA,NA,NA,NA,NA,NA,NA,High,High,High,NA,NA,NA,NA,NA,NA,NA,NA,NA,NA,NA,NA,NA,NA,NA,NA,NA,NA,NA,NA,NA,NA,NA,NA,NA,NA,NA,NA,NA,NA,NA,NA,NA,NA
110,2025-11-12,16:55:03,"Blair, Eli",1000097419,Left,FLA_GAT,Undefined,3,0,BallCalled,Fastball,NA,NA,88.13374,-1.912939,1.132158,2070.710631,164.699726,11:30:00,6.60766,-2.01582,7.26909,-17.97611,16.27528,-4.14378,3.37851,-1.33702,80.34781,-5.407544,0.368576,0.421222,2.55099,9.67091,1.95255,50,6.49369,-2.38813,-128.1681,-4.6588,4.21936,27.8884,-16.17832,2e31d8d0-f7eb-44aa-ab04-65e3211fba58,NA,NA,NA,NA,NA,806235,"Stripling, Landon",NA,NA,NA,Left,NA,NA,NA,NA,NA,NA,NA,NA,NA,NA,NA,NA,NA,NA,NA,NA,410730e0-c012-11f0-a406-372210f9cb79,2,4,FLA_GAT,3,Top,1,Four-Seam,Walk,Undefined,Undefined,0,0,NA,FLA_GAT,FLA_GAT,CondronBallpark,TeamExclusive,Team,20251112-CondronBallpark-Private-2,89.48363,NA,NA,7.78593,NA,NA,NA,8fb8e9a3-628d-4bd2-917e-53033ce94b91,2025-11-12,21:55:03,2025-11-12T21:55:03Z,2025-11-12T21:55:03Z,NA,v3,471297,471297,NA,"Malzone, Aj",1000352389,Right,FLA_GAT,53.22777,-128.86852,13.9442,6.60559,-4.25247,-8.08916,2.01385,-2.49409,2.10968,NA,NA,NA,NA,NA,NA,NA,NA,NA,NA,NA,NA,NA,NA,NA,NA,NA,NA,NA,NA,NA,NA,NA,NA,NA,NA,NA,NA,NA,NA,NA,NA,NA,NA,NA,NA,NA,NA,NA,NA,NA,NA,NA,NA,NA,NA,NA,NA,NA,NA,High,High,High,NA,NA,NA,NA,NA,NA,NA,NA,NA,NA,NA,NA,NA,NA,NA,NA,NA,NA,NA,NA,NA,NA,NA,NA,NA,NA,NA,NA,NA,NA,NA,NA,NA,NA
111,2025-11-12,16:55:48,"Blair, Eli",1000097419,Left,FLA_GAT,Undefined,0,0,BallCalled,Fastball,NA,NA,88.54354,-1.346603,1.006673,2019.227062,149.417014,11:00:00,6.50461,-2.31226,6.82146,-18.80765,15.68875,-8.60434,3.70844,-2.11084,80.69792,-4.968282,-0.565369,0.422725,4.81036,9.03591,2.24991,50,6.41054,-1.93452,-128.71569,-3.48488,8.03286,27.86836,-17.08487,c4979e45-28d1-4e6f-942e-0b67422c222f,NA,NA,NA,NA,NA,833422,"Miller, Sam",NA,NA,NA,Right,NA,NA,NA,NA,NA,NA,NA,NA,NA,NA,NA,NA,NA,NA,NA,NA,5bb1f920-c012-11f0-a406-372210f9cb79,3,1,FLA_GAT,3,Top,1,Four-Seam,Undefined,Undefined,Undefined,0,0,NA,FLA_GAT,FLA_GAT,CondronBallpark,TeamExclusive,Team,20251112-CondronBallpark-Private-2,89.16532,NA,NA,7.84562,NA,NA,NA,8fb8e9a3-628d-4bd2-917e-53033ce94b91,2025-11-12,21:55:48,2025-11-12T21:55:48Z,2025-11-12T21:55:48Z,NA,v3,471297,471297,NA,"Malzone, Aj",1000352389,Right,FLA_GAT,53.67513,-129.50895,13.93418,6.50282,-2.99856,-8.54243,2.30823,-2.16318,4.01643,NA,NA,NA,NA,NA,NA,NA,NA,NA,NA,NA,NA,NA,NA,NA,NA,NA,NA,NA,NA,NA,NA,NA,NA,NA,NA,NA,NA,NA,NA,NA,NA,NA,NA,NA,NA,NA,NA,NA,NA,NA,NA,NA,NA,NA,NA,NA,NA,NA,NA,High,High,High,NA,NA,NA,NA,NA,NA,NA,NA,NA,NA,NA,NA,NA,NA,NA,NA,NA,NA,NA,NA,NA,NA,NA,NA,NA,NA,NA,NA,NA,NA,NA,NA,NA,NA
112,2025-11-12,16:56:08,"Blair, Eli",1000097419,Left,FLA_GAT,Undefined,1,0,StrikeCalled,Slider,NA,NA,88.25984,-2.654091,1.986702,2066.908028,159.623402,11:15:00,6.46938,-2.07053,7.34094,-17.40765,16.67265,-5.77626,2.61843,-0.75678,80.58018,-6.039806,0.921413,0.420168,3.68575,10.12469,1.96166,50,6.31707,-4.25181,-128.26993,-6.30339,6.11194,27.69143,-15.38469,6be38af3-fb34-42cb-9618-e8057e369a79,NA,NA,NA,NA,NA,833422,"Miller, Sam",NA,NA,NA,Right,NA,NA,NA,NA,NA,NA,NA,NA,NA,NA,NA,NA,NA,NA,NA,NA,67c603a0-c012-11f0-a406-372210f9cb79,3,2,FLA_GAT,3,Top,1,Four-Seam,Undefined,Undefined,Undefined,0,0,NA,FLA_GAT,FLA_GAT,CondronBallpark,TeamExclusive,Team,20251112-CondronBallpark-Private-2,89.70801,NA,NA,7.67966,NA,NA,NA,8fb8e9a3-628d-4bd2-917e-53033ce94b91,2025-11-12,21:56:08,2025-11-12T21:56:08Z,2025-11-12T21:56:08Z,NA,v3,471297,471297,NA,"Malzone, Aj",1000352389,Right,FLA_GAT,53.15657,-128.94958,13.84572,6.46715,-5.92579,-7.69235,2.06785,-4.40182,3.05597,NA,NA,NA,NA,NA,NA,NA,NA,NA,NA,NA,NA,NA,NA,NA,NA,NA,NA,NA,NA,NA,NA,NA,NA,NA,NA,NA,NA,NA,NA,NA,NA,NA,NA,NA,NA,NA,NA,NA,NA,NA,NA,NA,NA,NA,NA,NA,NA,NA,NA,High,High,High,NA,NA,NA,NA,NA,NA,NA,NA,NA,NA,NA,NA,NA,NA,NA,NA,NA,NA,NA,NA,NA,NA,NA,NA,NA,NA,NA,NA,NA,NA,NA,NA,NA,NA
113,2025-11-12,16:56:26,"Blair, Eli",1000097419,Left,FLA_GAT,Undefined,1,1,FoulBallNotFieldable,Slider,NA,NA,81.19504,-1.500603,3.04208,2279.360068,216.971524,01:15:00,6.2789,-3.11149,6.56438,-32.82132,8.99587,5.6924,2.16586,0.15432,73.97531,-7.660146,4.074944,0.465424,-2.05996,5.60268,2.89963,50,6.16161,-6.45493,-117.80766,-3.98089,-2.85787,25.0571,-24.4012,e98e444e-98d5-44e2-a367-cfd555e24f83,NA,NA,NA,NA,-55.510114,833422,"Miller, Sam",3600.053614,NA,79.12767,Right,12.375738,58.00681,9.81725,-93.46177,155.23239,148.03747,1.628213,-60.615042,4.311,2.63143,-0.05167,NA,NA,NA,NA,NA,722a8960-c012-11f0-a406-372210f9cb79,3,3,FLA_GAT,3,Top,1,Slider,Undefined,Undefined,Undefined,0,0,NA,FLA_GAT,FLA_GAT,CondronBallpark,TeamExclusive,Team,20251112-CondronBallpark-Private-2,80.98516,11.58002,NA,7.21972,NA,NA,NA,8fb8e9a3-628d-4bd2-917e-53033ce94b91,2025-11-12,21:56:26,2025-11-12T21:56:26Z,2025-11-12T21:56:26Z,LineDrive,v3,471297,471297,NA,"Malzone, Aj",1000352389,Right,FLA_GAT,53.93467,-118.6416,12.52855,6.28058,-3.16879,-12.2006,3.11288,-6.35981,-1.42893,NA,4.311,64.18961,-16.69133,3.79647,-0.89764,0.17277,-0.03147,0.00468,-3.7e-4,2.63143,24.87284,-18.27013,1.5297,-0.24424,0.0438,-0.00533,7.3e-4,-1e-4,-0.05167,-93.43181,6.80259,-0.11306,-0.18385,0.0849,-0.02194,0.00389,-3.4e-4,NA,NA,NA,NA,NA,NA,NA,NA,NA,NA,NA,NA,NA,NA,NA,NA,NA,NA,NA,NA,NA,NA,High,High,High,Medium,Medium,NA,NA,NA,NA,NA,NA,NA,NA,NA,NA,NA,NA,NA,NA,NA,NA,NA,NA,NA,NA,NA,NA,NA,NA,NA,NA,NA,NA,NA,NA,NA,NA
114,2025-11-12,16:56:53,"Blair, Eli",1000097419,Left,FLA_GAT,Undefined,1,2,StrikeSwinging,Fastball,NA,NA,89.05154,-2.639444,3.486167,2061.133387,166.122508,11:30:00,6.62568,-1.73726,7.21115,-17.4984,16.30064,-3.74693,2.77144,1.11098,81.12283,-6.032928,2.798535,0.418431,3.03681,9.88607,1.53719,50,6.46764,-7.73764,-129.20329,-6.34118,5.09999,28.55641,-15.57155,fb2529a1-38de-40ba-9e52-9bebc00bd6f5,NA,NA,NA,NA,NA,833422,"Miller, Sam",NA,NA,NA,Right,NA,NA,NA,NA,NA,NA,NA,NA,NA,NA,NA,NA,NA,NA,NA,NA,82401ef0-c012-11f0-a406-372210f9cb79,3,4,FLA_GAT,3,Top,1,Four-Seam,Strikeout,Undefined,Undefined,0,0,NA,FLA_GAT,FLA_GAT,CondronBallpark,TeamExclusive,Team,20251112-CondronBallpark-Private-2,90.08048,NA,NA,7.92871,NA,NA,NA,8fb8e9a3-628d-4bd2-917e-53033ce94b91,2025-11-12,21:56:53,2025-11-12T21:56:53Z,2025-11-12T21:56:53Z,NA,v3,471297,471297,NA,"Malzone, Aj",1000352389,Right,FLA_GAT,53.28566,-129.92745,14.27821,6.62344,-5.94631,-7.78578,1.73505,-7.86697,2.55,NA,NA,NA,NA,NA,NA,NA,NA,NA,NA,NA,NA,NA,NA,NA,NA,NA,NA,NA,NA,NA,NA,NA,NA,NA,NA,NA,NA,NA,NA,NA,NA,NA,NA,NA,NA,NA,NA,NA,NA,NA,NA,NA,NA,NA,NA,NA,NA,NA,NA,High,High,High,NA,NA,NA,NA,NA,NA,NA,NA,NA,NA,NA,NA,NA,NA,NA,NA,NA,NA,NA,NA,NA,NA,NA,NA,NA,NA,NA,NA,NA,NA,NA,NA,NA,NA
115,2025-11-12,16:57:50,"Blair, Eli",1000097419,Left,FLA_GAT,Undefined,0,0,BallCalled,Slider,NA,NA,76.14124,-0.267392,2.922202,2353.393779,282.587182,03:30:00,6.24459,-2.92331,6.30867,-48.75719,-0.82169,10.80032,1.93485,0.67102,69.76582,-9.278025,4.874375,0.498311,-4.69032,0.17752,2.70426,50,6.20237,-6.01264,-110.49912,-1.91489,-5.7335,21.76834,-31.95703,77c2203d-d68e-4e63-8ed6-08f61e1e55d6,NA,NA,NA,NA,NA,1000098001,"Stanford, Cole",NA,NA,NA,Right,NA,NA,NA,NA,NA,NA,NA,NA,NA,NA,NA,NA,NA,NA,NA,NA,a46aeaa0-c012-11f0-a406-372210f9cb79,4,1,FLA_GAT,3,Top,2,Slider,Undefined,Undefined,Undefined,0,0,NA,FLA_GAT,FLA_GAT,CondronBallpark,TeamExclusive,Team,20251112-CondronBallpark-Private-2,75.64046,NA,NA,6.37542,NA,NA,NA,8fb8e9a3-628d-4bd2-917e-53033ce94b91,2025-11-12,21:57:50,2025-11-12T21:57:50Z,2025-11-12T21:57:50Z,NA,v3,471297,471297,NA,"Malzone, Aj",1000352389,Right,FLA_GAT,54.19015,-111.32152,10.88417,6.2519,-0.70757,-15.97851,2.92732,-5.79603,-2.86675,NA,NA,NA,NA,NA,NA,NA,NA,NA,NA,NA,NA,NA,NA,NA,NA,NA,NA,NA,NA,NA,NA,NA,NA,NA,NA,NA,NA,NA,NA,NA,NA,NA,NA,NA,NA,NA,NA,NA,NA,NA,NA,NA,NA,NA,NA,NA,NA,NA,NA,High,High,High,NA,NA,NA,NA,NA,NA,NA,NA,NA,NA,NA,NA,NA,NA,NA,NA,NA,NA,NA,NA,NA,NA,NA,NA,NA,NA,NA,NA,NA,NA,NA,NA,NA,NA
116,2025-11-12,16:58:07,"Blair, Eli",1000097419,Left,FLA_GAT,Undefined,1,0,BallCalled,Fastball,NA,NA,87.929,-2.333153,1.625291,2059.71364,161.235384,11:15:00,6.51218,-1.99683,7.14797,-17.45891,17.23647,-5.45544,2.9401,-0.97763,79.96411,-5.729839,0.622652,0.423943,3.39339,10.29142,1.90261,50,6.3692,-3.42961,-127.75391,-5.57398,5.56235,28.32631,-15.30459,1911770a-fdd3-45a4-a2c1-4e1de8205992,NA,NA,NA,NA,NA,1000098001,"Stanford, Cole",NA,NA,NA,Right,NA,NA,NA,NA,NA,NA,NA,NA,NA,NA,NA,NA,NA,NA,NA,NA,aed033b0-c012-11f0-a406-372210f9cb79,4,2,FLA_GAT,3,Top,2,Four-Seam,Undefined,Undefined,Undefined,0,0,NA,FLA_GAT,FLA_GAT,CondronBallpark,TeamExclusive,Team,20251112-CondronBallpark-Private-2,88.90928,NA,NA,7.96489,NA,NA,NA,8fb8e9a3-628d-4bd2-917e-53033ce94b91,2025-11-12,21:58:07,2025-11-12T21:58:07Z,2025-11-12T21:58:07Z,NA,v3,471297,471297,NA,"Malzone, Aj",1000352389,Right,FLA_GAT,53.34839,-128.49419,14.16315,6.50964,-5.17401,-7.6523,1.99414,-3.57498,2.78118,NA,NA,NA,NA,NA,NA,NA,NA,NA,NA,NA,NA,NA,NA,NA,NA,NA,NA,NA,NA,NA,NA,NA,NA,NA,NA,NA,NA,NA,NA,NA,NA,NA,NA,NA,NA,NA,NA,NA,NA,NA,NA,NA,NA,NA,NA,NA,NA,NA,NA,High,High,High,NA,NA,NA,NA,NA,NA,NA,NA,NA,NA,NA,NA,NA,NA,NA,NA,NA,NA,NA,NA,NA,NA,NA,NA,NA,NA,NA,NA,NA,NA,NA,NA,NA,NA
117,2025-11-12,16:58:26,"Blair, Eli",1000097419,Left,FLA_GAT,Undefined,2,0,BallCalled,Slider,NA,NA,79.09029,0.341197,3.15475,2322.485639,236.378042,02:00:00,6.31314,-2.96231,6.65214,-35.17356,8.8565,11.03331,3.69476,0.84733,71.7658,-6.293631,5.156746,0.47758,-4.74406,5.04386,2.74627,50,6.32239,-6.70902,-114.72188,-0.24274,-6.23027,24.10861,-25.55001,fbcf9c90-c7e3-4e79-898e-e79c1a3332f6,NA,NA,NA,NA,NA,1000098001,"Stanford, Cole",NA,NA,NA,Right,NA,NA,NA,NA,NA,NA,NA,NA,NA,NA,NA,NA,NA,NA,NA,NA,b9d58d50-c012-11f0-a406-372210f9cb79,4,3,FLA_GAT,3,Top,2,Slider,Undefined,Undefined,Undefined,0,0,NA,FLA_GAT,FLA_GAT,CondronBallpark,TeamExclusive,Team,20251112-CondronBallpark-Private-2,78.92384,NA,NA,7.32449,NA,NA,NA,8fb8e9a3-628d-4bd2-917e-53033ce94b91,2025-11-12,21:58:26,2025-11-12T21:58:26Z,2025-11-12T21:58:26Z,NA,v3,471297,471297,NA,"Malzone, Aj",1000352389,Right,FLA_GAT,53.84346,-115.52675,12.0543,6.31625,0.61026,-12.775,2.96678,-6.50102,-3.11513,NA,NA,NA,NA,NA,NA,NA,NA,NA,NA,NA,NA,NA,NA,NA,NA,NA,NA,NA,NA,NA,NA,NA,NA,NA,NA,NA,NA,NA,NA,NA,NA,NA,NA,NA,NA,NA,NA,NA,NA,NA,NA,NA,NA,NA,NA,NA,NA,NA,NA,High,High,High,NA,NA,NA,NA,NA,NA,NA,NA,NA,NA,NA,NA,NA,NA,NA,NA,NA,NA,NA,NA,NA,NA,NA,NA,NA,NA,NA,NA,NA,NA,NA,NA,NA,NA
118,2025-11-12,16:58:46,"Blair, Eli",1000097419,Left,FLA_GAT,Undefined,3,0,StrikeCalled,Fastball,NA,NA,88.32709,-1.577054,3.131724,2129.143939,168.963414,11:45:00,6.47004,-2.23558,7.6357,-18.25741,15.69973,-2.82811,3.52984,0.344,79.87658,-5.162116,2.608202,0.419408,2.5287,9.42319,2.07865,50,6.38598,-6.9235,-128.2881,-3.87467,4.15393,30.07719,-16.69436,2ad17b0b-8094-479a-9190-d809bb2cc5dc,NA,NA,NA,NA,NA,1000098001,"Stanford, Cole",NA,NA,NA,Right,NA,NA,NA,NA,NA,NA,NA,NA,NA,NA,NA,NA,NA,NA,NA,NA,c5ac40b0-c012-11f0-a406-372210f9cb79,4,4,FLA_GAT,3,Top,2,Four-Seam,Undefined,Undefined,Undefined,0,0,NA,FLA_GAT,FLA_GAT,CondronBallpark,TeamExclusive,Team,20251112-CondronBallpark-Private-2,89.87054,NA,NA,8.45051,NA,NA,NA,8fb8e9a3-628d-4bd2-917e-53033ce94b91,2025-11-12,21:58:46,2025-11-12T21:58:46Z,2025-11-12T21:58:46Z,NA,v3,471297,471297,NA,"Malzone, Aj",1000352389,Right,FLA_GAT,52.85942,-128.95675,15.03859,6.46799,-3.50353,-8.34718,2.2336,-7.01585,2.07697,NA,NA,NA,NA,NA,NA,NA,NA,NA,NA,NA,NA,NA,NA,NA,NA,NA,NA,NA,NA,NA,NA,NA,NA,NA,NA,NA,NA,NA,NA,NA,NA,NA,NA,NA,NA,NA,NA,NA,NA,NA,NA,NA,NA,NA,NA,NA,NA,NA,NA,High,High,High,NA,NA,NA,NA,NA,NA,NA,NA,NA,NA,NA,NA,NA,NA,NA,NA,NA,NA,NA,NA,NA,NA,NA,NA,NA,NA,NA,NA,NA,NA,NA,NA,NA,NA
119,2025-11-12,16:59:06,"Blair, Eli",1000097419,Left,FLA_GAT,Undefined,3,1,FoulBallNotFieldable,Fastball,NA,NA,88.60109,-1.952249,2.891754,2088.255016,169.448603,11:45:00,6.61632,-2.07569,7.05314,-17.14721,17.2054,-2.98736,3.41137,0.30394,80.4979,-5.285952,2.344713,0.421843,2.47957,10.15205,1.902,50,6.49236,-6.39262,-128.65142,-4.76657,4.11782,28.96248,-15.31452,8e2011eb-6453-4e89-b43c-210c42507427,NA,NA,NA,NA,118.127688,1000098001,"Stanford, Cole",5430.3442,NA,76.0607,Right,74.488395,NA,NA,NA,NA,12.6776,NA,NA,0.83604,3.39251,-0.34295,NA,NA,NA,NA,NA,d17e1210-c012-11f0-a406-372210f9cb79,4,5,FLA_GAT,3,Top,2,Four-Seam,Undefined,Undefined,Undefined,0,0,NA,FLA_GAT,FLA_GAT,CondronBallpark,TeamExclusive,Team,20251112-CondronBallpark-Private-2,89.35173,44.23958,NA,8.10318,NA,NA,NA,8fb8e9a3-628d-4bd2-917e-53033ce94b91,2025-11-12,21:59:06,2025-11-12T21:59:06Z,2025-11-12T21:59:06Z,NA,v3,471297,471297,NA,"Malzone, Aj",1000352389,Right,FLA_GAT,53.44472,-129.42458,14.48124,6.61415,-4.35774,-7.65726,2.07412,-6.50255,2.05891,347.565275,0.85125,-14.5365,-6.50346,NA,NA,NA,NA,NA,NA,3.41453,106.8172,-31.35763,NA,NA,NA,NA,NA,NA,-0.342,26.28261,-2.37235,NA,NA,NA,NA,NA,NA,NA,NA,NA,NA,NA,NA,NA,NA,NA,NA,NA,NA,NA,NA,NA,NA,NA,NA,NA,NA,NA,NA,High,High,High,High,Undefined,NA,NA,NA,NA,NA,NA,NA,NA,NA,NA,NA,NA,NA,NA,NA,NA,NA,NA,NA,NA,NA,NA,NA,NA,NA,NA,NA,NA,NA,73.44186,10.98121,-13.33564
120,2025-11-12,16:59:30,"Blair, Eli",1000097419,Left,FLA_GAT,Undefined,3,2,FoulBallNotFieldable,Slider,NA,NA,80.45715,-1.573848,3.428763,2416.932822,257.041839,02:30:00,6.28038,-3.03703,6.33603,-39.24475,3.76146,10.04209,1.55793,0.96056,73.56109,-8.842209,5.242492,0.471994,-4.19323,2.84988,2.78245,50,6.14712,-7.34077,-116.65942,-4.35219,-5.7041,24.58862,-28.29732,546a4576-9457-46aa-99fc-fdfe7fa26ee5,NA,NA,NA,NA,NA,1000098001,"Stanford, Cole",NA,NA,NA,Right,NA,NA,NA,NA,NA,NA,NA,NA,NA,NA,NA,NA,NA,NA,NA,NA,dfe75730-c012-11f0-a406-372210f9cb79,4,6,FLA_GAT,3,Top,2,Slider,Undefined,Undefined,Undefined,0,0,NA,FLA_GAT,FLA_GAT,CondronBallpark,TeamExclusive,Team,20251112-CondronBallpark-Private-2,79.85779,NA,NA,6.89605,NA,NA,NA,8fb8e9a3-628d-4bd2-917e-53033ce94b91,2025-11-12,21:59:30,2025-11-12T21:59:30Z,2025-11-12T21:59:30Z,NA,v3,471297,471297,NA,"Malzone, Aj",1000352389,Right,FLA_GAT,54.16351,-117.5337,12.29431,6.28398,-3.34604,-14.14866,3.03986,-7.13795,-2.85205,NA,NA,NA,NA,NA,NA,NA,NA,NA,NA,NA,NA,NA,NA,NA,NA,NA,NA,NA,NA,NA,NA,NA,NA,NA,NA,NA,NA,NA,NA,NA,NA,NA,NA,NA,NA,NA,NA,NA,NA,NA,NA,NA,NA,NA,NA,NA,NA,NA,NA,High,High,High,NA,NA,NA,NA,NA,NA,NA,NA,NA,NA,NA,NA,NA,NA,NA,NA,NA,NA,NA,NA,NA,NA,NA,NA,NA,NA,NA,NA,NA,NA,NA,NA,NA,NA
121,2025-11-12,16:59:56,"Blair, Eli",1000097419,Left,FLA_GAT,Undefined,3,2,InPlay,Slider,NA,NA,80.31389,-0.975661,2.727727,2433.769845,271.956065,03:00:00,6.32116,-2.85569,6.50396,-41.96384,1.14449,11.58571,1.92761,0.6152,72.91896,-8.789363,4.829747,0.472555,-5.1941,1.33358,2.66012,50,6.23491,-5.95076,-116.52295,-3.18282,-6.99277,26.13931,-30.37867,34d5703a-ad9a-4935-9734-d83a5732fc38,NA,NA,NA,NA,-47.554763,1000098001,"Stanford, Cole",NA,NA,62.43994,Right,-53.115674,NA,NA,NA,4.54685,4.54685,0.029737,-21.733973,3.11604,2.18707,-0.47264,NA,NA,NA,NA,NA,ef3c0dc0-c012-11f0-a406-372210f9cb79,4,7,FLA_GAT,3,Top,2,Slider,Undefined,GroundBall,Error,0,1,NA,FLA_GAT,FLA_GAT,CondronBallpark,TeamExclusive,Team,20251112-CondronBallpark-Private-2,79.76315,2.18707,NA,7.39493,NA,NA,NA,8fb8e9a3-628d-4bd2-917e-53033ce94b91,2025-11-12,21:59:56,2025-11-12T21:59:56Z,2025-11-12T21:59:56Z,GroundBall,v3,471297,471297,NA,"Malzone, Aj",1000352389,Right,FLA_GAT,53.99519,-117.41576,13.06966,6.3259,-2.14522,-15.18934,2.8593,-5.71192,-3.49638,NA,3.11531,37.24641,NA,NA,NA,NA,NA,NA,NA,2.1885,-73.54707,NA,NA,NA,NA,NA,NA,NA,-0.47185,-40.7254,NA,NA,NA,NA,NA,NA,NA,NA,NA,NA,NA,NA,NA,NA,NA,NA,NA,NA,NA,NA,NA,NA,NA,NA,NA,NA,NA,NA,NA,High,High,High,Estimated,Estimated,NA,NA,NA,NA,NA,NA,NA,NA,NA,NA,NA,NA,NA,NA,NA,NA,NA,NA,NA,NA,NA,NA,NA,NA,NA,NA,NA,NA,NA,70.44539,17.2421,-44.14028
122,2025-11-12,17:00:40,"Blair, Eli",1000097419,Left,FLA_GAT,Undefined,0,0,StrikeCalled,Fastball,NA,NA,88.4585,-3.240824,3.268882,2048.632482,166.706122,11:30:00,6.43202,-2.20873,7.35561,-17.42615,16.6843,-3.66831,2.04568,0.44038,80.57676,-6.627946,2.593444,0.420354,2.95921,10.34812,2.02935,50,6.24791,-7.20441,-128.33313,-7.63069,4.89651,28.49694,-15.05146,52ef63eb-5aa8-4349-b547-c5ba7cf3378f,NA,NA,NA,NA,NA,703630,"Nadeau, Justin",NA,NA,NA,Left,NA,NA,NA,NA,NA,NA,NA,NA,NA,NA,NA,NA,NA,NA,NA,NA,099fe1f0-c013-11f0-a406-372210f9cb79,5,1,FLA_GAT,3,Top,2,Four-Seam,Undefined,Undefined,Undefined,0,0,NA,FLA_GAT,FLA_GAT,CondronBallpark,TeamExclusive,Team,20251112-CondronBallpark-Private-2,89.66833,NA,NA,7.88174,NA,NA,NA,8fb8e9a3-628d-4bd2-917e-53033ce94b91,2025-11-12,22:00:40,2025-11-12T22:00:40Z,2025-11-12T22:00:40Z,NA,v3,471297,471297,NA,"Malzone, Aj",1000352389,Right,FLA_GAT,53.14166,-129.02887,14.24847,6.42972,-7.26322,-7.52573,2.2067,-7.32396,2.44825,NA,NA,NA,NA,NA,NA,NA,NA,NA,NA,NA,NA,NA,NA,NA,NA,NA,NA,NA,NA,NA,NA,NA,NA,NA,NA,NA,NA,NA,NA,NA,NA,NA,NA,NA,NA,NA,NA,NA,NA,NA,NA,NA,NA,NA,NA,NA,NA,NA,NA,High,High,High,NA,NA,NA,NA,NA,NA,NA,NA,NA,NA,NA,NA,NA,NA,NA,NA,NA,NA,NA,NA,NA,NA,NA,NA,NA,NA,NA,NA,NA,NA,NA,NA,NA,NA
123,2025-11-12,17:00:56,"Blair, Eli",1000097419,Left,FLA_GAT,Undefined,0,1,StrikeSwinging,Fastball,NA,NA,90.23486,-2.822558,3.822014,2061.535676,151.822034,11:00:00,6.41401,-2.30996,7.24199,-18.06918,14.69426,-7.30481,2.34628,0.54507,82.54285,-6.308455,2.48089,0.41197,4.99792,9.03898,2.09323,50,6.24691,-8.48722,-130.921,-6.87627,8.65822,28.12661,-16.5153,7666f24a-7ebf-4d38-9d0d-2cb03df64af5,NA,NA,NA,NA,NA,703630,"Nadeau, Justin",NA,NA,NA,Left,NA,NA,NA,NA,NA,NA,NA,NA,NA,NA,NA,NA,NA,NA,NA,NA,132be200-c013-11f0-a406-372210f9cb79,5,2,FLA_GAT,3,Top,2,Four-Seam,Undefined,Undefined,Undefined,0,0,NA,FLA_GAT,FLA_GAT,CondronBallpark,TeamExclusive,Team,20251112-CondronBallpark-Private-2,91.49306,NA,NA,7.69201,NA,NA,NA,8fb8e9a3-628d-4bd2-917e-53033ce94b91,2025-11-12,22:00:56,2025-11-12T22:00:56Z,2025-11-12T22:00:56Z,NA,v3,471297,471297,NA,"Malzone, Aj",1000352389,Right,FLA_GAT,53.25598,-131.61864,14.0633,6.41239,-6.46662,-8.25765,2.30641,-8.70197,4.32911,NA,NA,NA,NA,NA,NA,NA,NA,NA,NA,NA,NA,NA,NA,NA,NA,NA,NA,NA,NA,NA,NA,NA,NA,NA,NA,NA,NA,NA,NA,NA,NA,NA,NA,NA,NA,NA,NA,NA,NA,NA,NA,NA,NA,NA,NA,NA,NA,NA,NA,High,High,High,NA,NA,NA,NA,NA,NA,NA,NA,NA,NA,NA,NA,NA,NA,NA,NA,NA,NA,NA,NA,NA,NA,NA,NA,NA,NA,NA,NA,NA,NA,NA,NA,NA,NA
124,2025-11-12,17:01:11,"Blair, Eli",1000097419,Left,FLA_GAT,Undefined,0,2,InPlay,Fastball,NA,NA,90.62481,-3.525805,3.175903,2102.039631,157.121123,11:15:00,6.62457,-1.64306,7.03635,-18.32233,14.5102,-5.66327,1.8855,0.7733,82.7743,-7.041362,2.138916,0.412405,3.98177,9.14174,1.45211,50,6.40408,-7.09314,-131.44729,-8.55711,6.92853,29.28317,-16.26679,d69f4f7e-3721-41b5-84e6-63ba97107c29,NA,NA,NA,NA,-7.293237,703630,"Nadeau, Justin",NA,NA,83.14739,Left,-3.499761,NA,NA,NA,20.6962,18.56009,0.166788,-9.490511,0.74925,1.94814,-0.79332,NA,NA,NA,NA,NA,1c287350-c013-11f0-a406-372210f9cb79,5,3,FLA_GAT,3,Top,2,Four-Seam,Undefined,GroundBall,Out,1,0,NA,FLA_GAT,FLA_GAT,CondronBallpark,TeamExclusive,Team,20251112-CondronBallpark-Private-2,91.39674,1.94814,NA,7.85051,NA,NA,NA,8fb8e9a3-628d-4bd2-917e-53033ce94b91,2025-11-12,22:01:11,2025-11-12T22:01:11Z,2025-11-12T22:01:11Z,GroundBall,v3,471297,471297,NA,"Malzone, Aj",1000352389,Right,FLA_GAT,53.46316,-132.21655,14.64159,6.62326,-8.12978,-8.1334,1.64083,-7.27515,3.46426,19.165355,0.74953,120.7154,-16.92194,NA,NA,NA,NA,NA,NA,1.94896,-7.50897,-25.06818,NA,NA,NA,NA,NA,NA,-0.79317,-15.46461,-1.44336,NA,NA,NA,NA,NA,NA,NA,NA,NA,NA,NA,NA,NA,NA,NA,NA,NA,NA,NA,NA,NA,NA,NA,NA,NA,NA,NA,NA,High,High,High,High,High,NA,NA,NA,NA,NA,NA,NA,NA,NA,NA,NA,NA,NA,NA,NA,NA,NA,NA,NA,NA,NA,NA,NA,NA,NA,NA,NA,NA,NA,69.01885,9.22994,-3.36012
125,2025-11-12,17:04:11,"Hoyt, Jackson",10119764,Left,FLA_GAT,Undefined,0,0,InPlay,Fastball,NA,NA,94.34032,-1.897448,2.407453,2190.936748,158.079723,11:15:00,5.64672,-1.73557,5.42676,-14.90076,17.48922,-6.57032,2.62561,-0.02694,85.11152,-4.737939,1.239805,0.409616,4.0626,9.72851,1.52673,50,5.46845,-5.42998,-136.60134,-5.00959,7.58072,33.58978,-14.02076,407981a8-7c46-4cc8-b479-48bd09cd48ad,NA,NA,NA,NA,-26.440631,1000352389,"Malzone, Aj",4608.379137,NA,89.81317,Left,30.280839,93.78946,58.1024,-57.4763,309.83751,185.99823,4.661716,-40.386735,0.76114,2.60583,-1.9e-4,NA,NA,NA,NA,NA,879117f0-c013-11f0-a406-372210f9cb79,1,1,FLA_GAT,3,Bottom,0,Four-Seam,Undefined,FlyBall,Out,1,0,NA,FLA_GAT,FLA_GAT,CondronBallpark,TeamExclusive,Team,20251112-CondronBallpark-Private-2,92.01902,72.25225,NA,9.22879,NA,NA,NA,8fb8e9a3-628d-4bd2-917e-53033ce94b91,2025-11-12,22:04:11,2025-11-12T22:04:11Z,2025-11-12T22:04:11Z,FlyBall,v3,471297,471297,NA,"Bowen, Karson",702710,Right,FLA_GAT,55.07003,-137.8424,16.79489,5.64398,-4.49156,-7.01038,1.73253,-5.71007,3.79036,143.272121,0.76283,101.81958,-25.36549,6.41418,-1.35232,0.24144,-0.04037,0.00541,-3.4e-4,2.60687,66.39189,-16.71779,-0.09835,0.60347,-0.29877,0.08237,-0.01156,6.4e-4,-4.9e-4,-50.64596,0.84451,1.00614,-0.47559,0.13162,-0.0234,0.00232,-1e-4,NA,NA,NA,NA,NA,NA,NA,NA,NA,NA,NA,NA,NA,NA,NA,NA,NA,NA,NA,NA,NA,NA,High,High,High,Medium,Low,NA,NA,NA,NA,NA,NA,NA,NA,NA,NA,NA,NA,NA,NA,NA,NA,NA,NA,NA,NA,NA,NA,NA,NA,NA,NA,NA,NA,NA,NA,NA,NA
126,2025-11-12,17:04:42,"Hoyt, Jackson",10119764,Left,FLA_GAT,Undefined,0,0,StrikeCalled,Fastball,NA,NA,93.33398,-1.787362,2.558892,2072.472247,151.000856,11:00:00,5.8613,-1.58823,5.30081,-15.16229,18.20599,-9.40591,2.91758,0.03183,83.88942,-4.681737,0.891364,0.415756,5.4902,10.00934,1.36254,50,5.68822,-5.57331,-135.03054,-4.69927,9.98264,33.56894,-13.9744,0ed0e8c1-0658-43a2-b8a5-2d814855a9d2,NA,NA,NA,NA,NA,10106329,"Schwarz, Colton",NA,NA,NA,Right,NA,NA,NA,NA,NA,NA,NA,NA,NA,NA,NA,NA,NA,NA,NA,NA,99e1a960-c013-11f0-a406-372210f9cb79,2,1,FLA_GAT,3,Bottom,1,Four-Seam,Undefined,Undefined,Undefined,0,0,NA,FLA_GAT,FLA_GAT,CondronBallpark,TeamExclusive,Team,20251112-CondronBallpark-Private-2,90.66006,NA,NA,9.44456,NA,NA,NA,8fb8e9a3-628d-4bd2-917e-53033ce94b91,2025-11-12,22:04:42,2025-11-12T22:04:42Z,2025-11-12T22:04:42Z,NA,v3,471297,471297,NA,"Bowen, Karson",702710,Right,FLA_GAT,55.19381,-136.31561,16.78447,5.85787,-4.1643,-6.9872,1.58321,-5.95546,4.99132,NA,NA,NA,NA,NA,NA,NA,NA,NA,NA,NA,NA,NA,NA,NA,NA,NA,NA,NA,NA,NA,NA,NA,NA,NA,NA,NA,NA,NA,NA,NA,NA,NA,NA,NA,NA,NA,NA,NA,NA,NA,NA,NA,NA,NA,NA,NA,NA,NA,NA,High,High,High,NA,NA,NA,NA,NA,NA,NA,NA,NA,NA,NA,NA,NA,NA,NA,NA,NA,NA,NA,NA,NA,NA,NA,NA,NA,NA,NA,NA,NA,NA,NA,NA,NA,NA
127,2025-11-12,17:04:55,"Hoyt, Jackson",10119764,Left,FLA_GAT,Undefined,0,1,FoulBallNotFieldable,Fastball,NA,NA,94.79649,-2.890983,2.599693,2288.714385,150.368958,11:00:00,5.83513,-1.40782,5.15876,-14.96398,17.51466,-9.2889,1.86178,0.26683,85.51222,-5.724587,0.957019,0.410176,5.44237,9.97048,1.17246,50,5.55402,-5.76468,-137.07419,-7.43799,10.22365,33.87998,-13.44427,360164ff-e22a-4715-9b7f-7631631d4019,NA,NA,NA,NA,40.015656,10106329,"Schwarz, Colton",4067.078538,NA,89.34931,Right,31.65422,77.28599,58.3479,78.27403,309.59629,199.66491,4.514691,55.211661,0.58074,2.0639,-0.36082,NA,NA,NA,NA,NA,a1e49870-c013-11f0-a406-372210f9cb79,2,2,FLA_GAT,3,Bottom,1,Four-Seam,Undefined,Undefined,Undefined,0,0,NA,FLA_GAT,FLA_GAT,CondronBallpark,TeamExclusive,Team,20251112-CondronBallpark-Private-2,91.89334,70.98821,NA,9.28427,NA,NA,NA,8fb8e9a3-628d-4bd2-917e-53033ce94b91,2025-11-12,22:04:55,2025-11-12T22:04:55Z,2025-11-12T22:04:55Z,FlyBall,v3,471297,471297,NA,"Bowen, Karson",702710,Right,FLA_GAT,55.33789,-138.38724,16.93999,5.83219,-6.91694,-6.72214,1.40356,-6.1609,5.11183,NA,0.58136,85.41736,-22.74763,5.72601,-1.28396,0.28562,-0.06308,0.00942,-5.9e-4,2.0647,68.7517,-19.07732,0.96605,0.14011,-0.1494,0.05013,-0.00751,4.2e-4,-0.36076,71.73027,-4.75996,0.21638,0.02864,0.01714,-0.01275,0.00285,-2.2e-4,NA,NA,NA,NA,NA,NA,NA,NA,NA,NA,NA,NA,NA,NA,NA,NA,NA,NA,NA,NA,NA,NA,High,High,High,High,Medium,NA,NA,NA,NA,NA,NA,NA,NA,NA,NA,NA,NA,NA,NA,NA,NA,NA,NA,NA,NA,NA,NA,NA,NA,NA,NA,NA,NA,NA,49.70341,-1.1866,8.04027
128,2025-11-12,17:05:16,"Hoyt, Jackson",10119764,Left,FLA_GAT,Undefined,0,2,FoulBallNotFieldable,Fastball,NA,NA,95.79105,-1.77633,2.909981,2325.610475,148.516016,11:00:00,5.92855,-1.36515,5.00053,-13.06249,19.03733,-10.9193,3.16037,0.47442,85.89479,-4.282618,0.985866,0.407777,6.1967,10.22796,1.09391,50,5.7475,-6.44317,-138.39936,-4.70128,11.83982,35.18465,-12.63183,44915f91-4a2f-4cfa-b334-9b5e8b85cae6,NA,NA,NA,NA,171.889461,10106329,"Schwarz, Colton",7236.105172,NA,77.52581,Right,11.402491,NA,NA,NA,79.16595,46.96159,0.722772,171.699425,0.02359,2.81095,-0.48261,NA,NA,NA,NA,NA,ae498210-c013-11f0-a406-372210f9cb79,2,3,FLA_GAT,3,Bottom,1,Four-Seam,Undefined,Undefined,Undefined,0,0,NA,FLA_GAT,FLA_GAT,CondronBallpark,TeamExclusive,Team,20251112-CondronBallpark-Private-2,92.43392,6.21215,NA,9.89625,NA,NA,NA,8fb8e9a3-628d-4bd2-917e-53033ce94b91,2025-11-12,22:05:16,2025-11-12T22:05:16Z,2025-11-12T22:05:16Z,LineDrive,v3,471297,471297,NA,"Bowen, Karson",702710,Right,FLA_GAT,55.49013,-139.78812,17.59233,5.92323,-4.20269,-6.31592,1.35745,-6.91049,5.91991,4.044611,0.09497,-111.65523,4.21106,NA,NA,NA,NA,NA,NA,2.8372,22.00282,-35.92389,NA,NA,NA,NA,NA,NA,-0.4952,15.95582,0.77338,NA,NA,NA,NA,NA,NA,NA,NA,NA,NA,NA,NA,NA,NA,NA,NA,NA,NA,NA,NA,NA,NA,NA,NA,NA,NA,NA,NA,High,High,High,Low,Low,NA,NA,NA,NA,NA,NA,NA,NA,NA,NA,NA,NA,NA,NA,NA,NA,NA,NA,NA,NA,NA,NA,NA,NA,NA,NA,NA,NA,NA,68.06729,8.70796,5.12413
129,2025-11-12,17:05:37,"Hoyt, Jackson",10119764,Left,FLA_GAT,Undefined,0,2,BallCalled,Fastball,NA,NA,94.74492,-1.486882,3.374117,2262.902519,156.127958,11:15:00,5.97791,-1.37678,4.85234,-10.34162,22.69399,-9.49012,3.70583,1.03011,84.82522,-3.518295,1.708145,0.413678,5.71902,11.93985,1.05182,50,5.8232,-7.57,-136.84793,-3.8317,10.66663,34.83776,-9.90482,dbedaba4-f50f-44e6-9c2e-b469b612c709,NA,NA,NA,NA,NA,10106329,"Schwarz, Colton",NA,NA,NA,Right,NA,NA,NA,NA,NA,NA,NA,NA,NA,NA,NA,NA,NA,NA,NA,NA,ba5ca230-c013-11f0-a406-372210f9cb79,2,4,FLA_GAT,3,Bottom,1,Four-Seam,Undefined,Undefined,Undefined,0,0,NA,FLA_GAT,FLA_GAT,CondronBallpark,TeamExclusive,Team,20251112-CondronBallpark-Private-2,91.11539,NA,NA,9.9197,NA,NA,NA,8fb8e9a3-628d-4bd2-917e-53033ce94b91,2025-11-12,22:05:37,2025-11-12T22:05:37Z,2025-11-12T22:05:37Z,NA,v3,471297,471297,NA,"Bowen, Karson",702710,Right,FLA_GAT,55.64143,-138.27663,17.41888,5.97201,-3.4255,-4.95241,1.37123,-8.00744,5.33332,NA,NA,NA,NA,NA,NA,NA,NA,NA,NA,NA,NA,NA,NA,NA,NA,NA,NA,NA,NA,NA,NA,NA,NA,NA,NA,NA,NA,NA,NA,NA,NA,NA,NA,NA,NA,NA,NA,NA,NA,NA,NA,NA,NA,NA,NA,NA,NA,NA,NA,High,High,High,NA,NA,NA,NA,NA,NA,NA,NA,NA,NA,NA,NA,NA,NA,NA,NA,NA,NA,NA,NA,NA,NA,NA,NA,NA,NA,NA,NA,NA,NA,NA,NA,NA,NA
130,2025-11-12,17:05:52,"Hoyt, Jackson",10119764,Left,FLA_GAT,Undefined,1,2,BallCalled,Fastball,NA,NA,95.02523,-2.675223,4.378886,2377.739677,135.475285,10:30:00,5.78716,-1.47296,5.22479,-17.778,14.53261,-13.13906,1.78141,1.55687,85.75949,-6.00683,2.058806,0.409114,7.86158,8.40658,1.07856,50,5.52683,-9.84777,-137.19395,-7.06952,14.81894,33.46788,-16.32779,c04e918a-3dab-43ff-85de-b4f6b90a2e38,NA,NA,NA,NA,NA,10106329,"Schwarz, Colton",NA,NA,NA,Right,NA,NA,NA,NA,NA,NA,NA,NA,NA,NA,NA,NA,NA,NA,NA,NA,c3531900-c013-11f0-a406-372210f9cb79,2,5,FLA_GAT,3,Bottom,1,Four-Seam,Undefined,Undefined,Undefined,0,0,NA,FLA_GAT,FLA_GAT,CondronBallpark,TeamExclusive,Team,20251112-CondronBallpark-Private-2,92.13194,NA,NA,9.26573,NA,NA,NA,8fb8e9a3-628d-4bd2-917e-53033ce94b91,2025-11-12,22:05:52,2025-11-12T22:05:52Z,2025-11-12T22:05:52Z,NA,v3,471297,471297,NA,"Bowen, Karson",702710,Right,FLA_GAT,55.27106,-138.47383,16.73394,5.78525,-6.44512,-8.16389,1.466,-10.41448,7.40947,NA,NA,NA,NA,NA,NA,NA,NA,NA,NA,NA,NA,NA,NA,NA,NA,NA,NA,NA,NA,NA,NA,NA,NA,NA,NA,NA,NA,NA,NA,NA,NA,NA,NA,NA,NA,NA,NA,NA,NA,NA,NA,NA,NA,NA,NA,NA,NA,NA,NA,High,High,High,NA,NA,NA,NA,NA,NA,NA,NA,NA,NA,NA,NA,NA,NA,NA,NA,NA,NA,NA,NA,NA,NA,NA,NA,NA,NA,NA,NA,NA,NA,NA,NA,NA,NA
131,2025-11-12,17:06:08,"Hoyt, Jackson",10119764,Left,FLA_GAT,Undefined,2,2,FoulBallNotFieldable,Fastball,NA,NA,93.80191,-1.365207,2.537904,2213.855856,150.883191,11:00:00,5.83607,-1.38187,5.63912,-12.02867,20.63647,-10.81111,3.55859,0.08636,84.06912,-3.723356,0.609292,0.411352,6.13079,11.0991,1.17215,50,5.71189,-5.46955,-135.71815,-3.51761,11.25178,34.14045,-11.80397,ec2fb720-f2e3-46f2-ad1e-e93b659a771b,NA,NA,NA,NA,172.115093,10106329,"Schwarz, Colton",1683.236551,NA,77.72235,Right,18.331428,NA,NA,NA,NA,45.27314,NA,NA,0.76701,3.50213,-0.16948,NA,NA,NA,NA,NA,ccd491c0-c013-11f0-a406-372210f9cb79,2,6,FLA_GAT,3,Bottom,1,Four-Seam,Undefined,Undefined,Undefined,0,0,NA,FLA_GAT,FLA_GAT,CondronBallpark,TeamExclusive,Team,20251112-CondronBallpark-Private-2,91.63059,14.86759,NA,9.73279,NA,NA,NA,8fb8e9a3-628d-4bd2-917e-53033ce94b91,2025-11-12,22:06:08,2025-11-12T22:06:08Z,2025-11-12T22:06:08Z,NA,v3,471297,471297,NA,"Bowen, Karson",702710,Right,FLA_GAT,54.8506,-136.9329,17.07022,5.82958,-3.09761,-5.90199,1.37388,-5.8699,5.62589,344.182479,0.76014,-106.9796,11.58154,NA,NA,NA,NA,NA,NA,3.51402,35.49586,-22.74603,NA,NA,NA,NA,NA,NA,-0.16719,14.7757,-2.63989,NA,NA,NA,NA,NA,NA,NA,NA,NA,NA,NA,NA,NA,NA,NA,NA,NA,NA,NA,NA,NA,NA,NA,NA,NA,NA,NA,NA,High,High,High,Medium,Undefined,NA,NA,NA,NA,NA,NA,NA,NA,NA,NA,NA,NA,NA,NA,NA,NA,NA,NA,NA,NA,NA,NA,NA,NA,NA,NA,NA,NA,NA,71.69248,14.48965,7.15874
132,2025-11-12,17:06:28,"Hoyt, Jackson",10119764,Left,FLA_GAT,Undefined,2,2,StrikeCalled,Slider,NA,NA,83.90984,-0.150383,-0.039427,2547.478571,252.902854,02:30:00,5.64508,-1.58162,4.77782,-36.76112,4.60422,10.72764,2.4391,-0.72503,76.89981,-6.806959,1.848582,0.462903,-5.26162,2.7152,1.57575,50,5.59816,-0.40514,-121.71428,-1.74792,-7.89353,23.87273,-28.10067,de7fdb5a-321f-48e9-870d-737f483b7620,NA,NA,NA,NA,NA,10106329,"Schwarz, Colton",NA,NA,NA,Right,NA,NA,NA,NA,NA,NA,NA,NA,NA,NA,NA,NA,NA,NA,NA,NA,d93cfdd0-c013-11f0-a406-372210f9cb79,2,7,FLA_GAT,3,Bottom,1,Slider,Strikeout,Undefined,Undefined,0,0,NA,FLA_GAT,FLA_GAT,CondronBallpark,TeamExclusive,Team,20251112-CondronBallpark-Private-2,81.42628,NA,NA,7.01004,NA,NA,NA,8fb8e9a3-628d-4bd2-917e-53033ce94b91,2025-11-12,22:06:28,2025-11-12T22:06:28Z,2025-11-12T22:06:28Z,NA,v3,471297,471297,NA,"Bowen, Karson",702710,Right,FLA_GAT,55.7203,-122.83112,11.93637,5.64918,-0.43329,-14.05034,1.58607,-0.03586,-3.94677,NA,NA,NA,NA,NA,NA,NA,NA,NA,NA,NA,NA,NA,NA,NA,NA,NA,NA,NA,NA,NA,NA,NA,NA,NA,NA,NA,NA,58.63361,2.668819,1.418086,1.250732,-1.97702,2.02004,0.61198,-1.81192,4.03447,2.98447,73.75924,11.05732,-51.02418,-1.76941,64.12012,-2.97578,4.13555,24.37431,-15.03926,2.84736,-49.66151,5.24044,High,High,High,NA,NA,High,Medium,High,NA,NA,NA,NA,NA,NA,NA,NA,NA,NA,NA,NA,NA,NA,NA,NA,NA,NA,NA,NA,NA,NA,NA,NA,NA,NA,NA,NA,NA
133,2025-11-12,17:06:55,"Hoyt, Jackson",10119764,Left,FLA_GAT,Undefined,0,0,BallCalled,Fastball,NA,NA,94.29909,-3.625253,3.612071,2362.308623,138.988703,10:45:00,5.78429,-1.75985,5.38589,-15.60843,16.88969,-13.68556,1.07427,0.48983,85.45535,-6.572709,1.184457,0.410299,7.97308,9.91776,1.44666,50,5.44868,-7.95101,-136.26581,-9.17214,14.86642,32.27467,-13.68169,7a5708ae-e70b-4695-bf2d-94d84e8c4654,NA,NA,NA,NA,NA,10106056,"Kendall, Jacob",NA,NA,NA,Left,NA,NA,NA,NA,NA,NA,NA,NA,NA,NA,NA,NA,NA,NA,NA,NA,e9273da0-c013-11f0-a406-372210f9cb79,3,1,FLA_GAT,3,Bottom,2,Four-Seam,Undefined,Undefined,Undefined,0,0,NA,FLA_GAT,FLA_GAT,CondronBallpark,TeamExclusive,Team,20251112-CondronBallpark-Private-2,91.86575,NA,NA,8.84374,NA,NA,NA,8fb8e9a3-628d-4bd2-917e-53033ce94b91,2025-11-12,22:06:55,2025-11-12T22:06:55Z,2025-11-12T22:06:55Z,NA,v3,471297,471297,NA,"Bowen, Karson",702710,Right,FLA_GAT,55.11218,-137.4713,16.13734,5.78172,-8.66112,-6.84084,1.754,-8.50629,7.43321,NA,NA,NA,NA,NA,NA,NA,NA,NA,NA,NA,NA,NA,NA,NA,NA,NA,NA,NA,NA,NA,NA,NA,NA,NA,NA,NA,NA,NA,NA,NA,NA,NA,NA,NA,NA,NA,NA,NA,NA,NA,NA,NA,NA,NA,NA,NA,NA,NA,NA,High,High,High,NA,NA,NA,NA,NA,NA,NA,NA,NA,NA,NA,NA,NA,NA,NA,NA,NA,NA,NA,NA,NA,NA,NA,NA,NA,NA,NA,NA,NA,NA,NA,NA,NA,NA
134,2025-11-12,17:07:09,"Hoyt, Jackson",10119764,Left,FLA_GAT,Undefined,1,0,FoulBallNotFieldable,Fastball,NA,NA,93.658,-3.498779,1.880913,2396.83804,155.146224,11:15:00,5.79566,-1.44619,4.91206,-13.3467,20.32229,-8.82934,1.36913,-0.40276,84.30952,-6.043767,0.32569,0.417625,4.95607,11.50453,1.27027,50,5.44333,-4.00009,-135.31607,-8.71027,9.05399,33.57957,-11.15696,2574da0f-90fd-4ea8-a223-d5126f0f2233,NA,NA,NA,NA,NA,10106056,"Kendall, Jacob",NA,NA,NA,Left,NA,NA,NA,NA,NA,NA,NA,NA,NA,NA,NA,NA,NA,NA,NA,NA,f1abdfd0-c013-11f0-a406-372210f9cb79,3,2,FLA_GAT,3,Bottom,2,Four-Seam,Undefined,Undefined,Undefined,0,0,NA,FLA_GAT,FLA_GAT,CondronBallpark,TeamExclusive,Team,20251112-CondronBallpark-Private-2,90.25426,NA,NA,9.34848,NA,NA,NA,8fb8e9a3-628d-4bd2-917e-53033ce94b91,2025-11-12,22:07:09,2025-11-12T22:07:09Z,2025-11-12T22:07:09Z,NA,v3,471297,471297,NA,"Bowen, Karson",702710,Right,FLA_GAT,55.58398,-136.69475,16.78979,5.79155,-8.2522,-5.57848,1.44213,-4.37182,4.52699,NA,NA,NA,NA,NA,NA,NA,NA,NA,NA,NA,NA,NA,NA,NA,NA,NA,NA,NA,NA,NA,NA,NA,NA,NA,NA,NA,NA,NA,NA,NA,NA,NA,NA,NA,NA,NA,NA,NA,NA,NA,NA,NA,NA,NA,NA,NA,NA,NA,NA,High,High,High,NA,NA,NA,NA,NA,NA,NA,NA,NA,NA,NA,NA,NA,NA,NA,NA,NA,NA,NA,NA,NA,NA,NA,NA,NA,NA,NA,NA,NA,NA,NA,NA,NA,NA
135,2025-11-12,17:07:24,"Hoyt, Jackson",10119764,Left,FLA_GAT,Undefined,1,1,BallCalled,Slider,NA,NA,84.83189,-1.08454,1.91819,2609.535318,255.334101,02:30:00,5.44723,-2.00748,5.0512,-35.87589,3.85768,10.46442,1.43399,0.67439,78.69464,-7.563764,3.767089,0.45368000000000003,-4.73744,2.52618,1.81602,50,5.31521,-4.58008,-123.16894,-3.69294,-7.34589,22.31284,-28.25698,97a236f1-b6ac-4fe5-bb22-a1c4ac76234a,NA,NA,NA,NA,NA,10106056,"Kendall, Jacob",NA,NA,NA,Left,NA,NA,NA,NA,NA,NA,NA,NA,NA,NA,NA,NA,NA,NA,NA,NA,fa9d9bb0-c013-11f0-a406-372210f9cb79,3,3,FLA_GAT,3,Bottom,2,Slider,Undefined,Undefined,Undefined,0,0,NA,FLA_GAT,FLA_GAT,CondronBallpark,TeamExclusive,Team,20251112-CondronBallpark-Private-2,83.08146,NA,NA,6.13725,NA,NA,NA,8fb8e9a3-628d-4bd2-917e-53033ce94b91,2025-11-12,22:07:24,2025-11-12T22:07:24Z,2025-11-12T22:07:24Z,NA,v3,471297,471297,NA,"Bowen, Karson",702710,Right,FLA_GAT,55.44947,-124.15222,11.15642,5.45051,-2.44771,-14.12849,2.01072,-4.25636,-3.67295,NA,NA,NA,NA,NA,NA,NA,NA,NA,NA,NA,NA,NA,NA,NA,NA,NA,NA,NA,NA,NA,NA,NA,NA,NA,NA,NA,NA,NA,NA,NA,NA,NA,NA,NA,NA,NA,NA,NA,NA,NA,NA,NA,NA,NA,NA,NA,NA,NA,NA,High,High,High,NA,NA,NA,NA,NA,NA,NA,NA,NA,NA,NA,NA,NA,NA,NA,NA,NA,NA,NA,NA,NA,NA,NA,NA,NA,NA,NA,NA,NA,NA,NA,NA,NA,NA
136,2025-11-12,17:07:42,"Hoyt, Jackson",10119764,Left,FLA_GAT,Undefined,2,1,BallCalled,Fastball,NA,NA,93.21134,-2.6225,3.729731,2390.223852,150.884369,11:00:00,5.63674,-1.69157,4.9399,-16.07485,17.85647,-9.25264,1.81165,1.06734,84.03067,-5.649584,2.103206,0.419249,5.70689,9.97473,1.33667,50,5.36876,-8.30724,-134.59367,-6.73734,10.34366,32.46731,-14.09505,7a80bd0a-835f-48a6-b555-171f1fcbd0d8,NA,NA,NA,NA,NA,10106056,"Kendall, Jacob",NA,NA,NA,Left,NA,NA,NA,NA,NA,NA,NA,NA,NA,NA,NA,NA,NA,NA,NA,NA,04fa3230-c014-11f0-a406-372210f9cb79,3,4,FLA_GAT,3,Bottom,2,Four-Seam,Undefined,Undefined,Undefined,0,0,NA,FLA_GAT,FLA_GAT,CondronBallpark,TeamExclusive,Team,20251112-CondronBallpark-Private-2,89.90474,NA,NA,9.18067,NA,NA,NA,8fb8e9a3-628d-4bd2-917e-53033ce94b91,2025-11-12,22:07:42,2025-11-12T22:07:42Z,2025-11-12T22:07:42Z,NA,v3,471297,471297,NA,"Bowen, Karson",702710,Right,FLA_GAT,55.55538,-135.92715,16.23366,5.63359,-6.15843,-7.04753,1.68658,-8.73207,5.17183,NA,NA,NA,NA,NA,NA,NA,NA,NA,NA,NA,NA,NA,NA,NA,NA,NA,NA,NA,NA,NA,NA,NA,NA,NA,NA,NA,NA,NA,NA,NA,NA,NA,NA,NA,NA,NA,NA,NA,NA,NA,NA,NA,NA,NA,NA,NA,NA,NA,NA,High,High,High,NA,NA,NA,NA,NA,NA,NA,NA,NA,NA,NA,NA,NA,NA,NA,NA,NA,NA,NA,NA,NA,NA,NA,NA,NA,NA,NA,NA,NA,NA,NA,NA,NA,NA
137,2025-11-12,17:07:56,"Hoyt, Jackson",10119764,Left,FLA_GAT,Undefined,3,1,StrikeCalled,Fastball,NA,NA,92.40274,-2.291832,3.535266,2326.878031,142.311362,10:45:00,5.48986,-1.79509,5.29314,-17.46009,16.60682,-11.86221,1.87772,0.54,83.24731,-5.588172,1.434929,0.420086,7.01296,9.37623,1.48185,50,5.26861,-7.67865,-133.5609,-5.94186,12.49954,32.33007,-15.46232,020a6d5a-c511-4378-9299-5da1b91b6314,NA,NA,NA,NA,NA,10106056,"Kendall, Jacob",NA,NA,NA,Left,NA,NA,NA,NA,NA,NA,NA,NA,NA,NA,NA,NA,NA,NA,NA,NA,0de6bdf0-c014-11f0-a406-372210f9cb79,3,5,FLA_GAT,3,Bottom,2,Four-Seam,Undefined,Undefined,Undefined,0,0,NA,FLA_GAT,FLA_GAT,CondronBallpark,TeamExclusive,Team,20251112-CondronBallpark-Private-2,89.72563,NA,NA,9.15542,NA,NA,NA,8fb8e9a3-628d-4bd2-917e-53033ce94b91,2025-11-12,22:07:56,2025-11-12T22:07:56Z,2025-11-12T22:07:56Z,NA,v3,471297,471297,NA,"Bowen, Karson",702710,Right,FLA_GAT,55.20235,-134.81431,16.16504,5.48735,-5.3424,-7.73116,1.78894,-8.16325,6.24977,NA,NA,NA,NA,NA,NA,NA,NA,NA,NA,NA,NA,NA,NA,NA,NA,NA,NA,NA,NA,NA,NA,NA,NA,NA,NA,NA,NA,NA,NA,NA,NA,NA,NA,NA,NA,NA,NA,NA,NA,NA,NA,NA,NA,NA,NA,NA,NA,NA,NA,High,High,High,NA,NA,NA,NA,NA,NA,NA,NA,NA,NA,NA,NA,NA,NA,NA,NA,NA,NA,NA,NA,NA,NA,NA,NA,NA,NA,NA,NA,NA,NA,NA,NA,NA,NA
138,2025-11-12,17:08:13,"Hoyt, Jackson",10119764,Left,FLA_GAT,Undefined,3,2,InPlay,Fastball,NA,NA,93.69288,-2.582796,3.838544,2406.491706,141.929528,10:45:00,5.66529,-1.69478,5.23037,-16.67414,16.6078,-12.03859,1.84076,0.91576,84.31124,-5.732798,1.71069,0.415218,7.23678,9.46957,1.35017,50,5.41495,-8.49584,-135.34078,-6.68937,13.22565,33.58599,-14.86789,33347fbf-1500-4c36-82b2-e9ab19420e60,NA,NA,NA,NA,9.101342,10106056,"Kendall, Jacob",NA,NA,71.65621,Left,-62.14263,NA,NA,NA,2.09479,2.09479,0.019316,-21.788362,1.0061,1.79939,-0.92797,NA,NA,NA,NA,NA,179428b0-c014-11f0-a406-372210f9cb79,3,6,FLA_GAT,3,Bottom,2,Four-Seam,Undefined,GroundBall,Single,0,0,NA,FLA_GAT,FLA_GAT,CondronBallpark,TeamExclusive,Team,20251112-CondronBallpark-Private-2,90.77755,1.79939,NA,9.38164,NA,NA,NA,8fb8e9a3-628d-4bd2-917e-53033ce94b91,2025-11-12,22:08:13,2025-11-12T22:08:13Z,2025-11-12T22:08:13Z,GroundBall,v3,471297,471297,NA,"Bowen, Karson",702710,Right,FLA_GAT,55.26619,-136.64138,16.79299,5.66284,-6.11361,-7.43394,1.68909,-9.008,6.61283,NA,1.00572,48.61336,NA,NA,NA,NA,NA,NA,NA,1.80012,-93.15286,NA,NA,NA,NA,NA,NA,NA,-0.92803,7.78777,NA,NA,NA,NA,NA,NA,NA,NA,NA,NA,NA,NA,NA,NA,NA,NA,NA,NA,NA,NA,NA,NA,NA,NA,NA,NA,NA,NA,NA,High,High,High,Estimated,Estimated,NA,NA,NA,NA,NA,NA,NA,NA,NA,NA,NA,NA,NA,NA,NA,NA,NA,NA,NA,NA,NA,NA,NA,NA,NA,NA,NA,NA,NA,66.653,1.66117,-10.03216
139,2025-11-12,17:08:54,"Hoyt, Jackson",10119764,Left,FLA_GAT,Undefined,0,0,StrikeCalled,Fastball,NA,NA,90.93475,-2.674241,2.64496,2329.581168,143.446406,10:45:00,5.80061,-1.72059,4.97095,-15.98426,19.58643,-13.5465,1.93808,-0.34937,81.93195,-5.699863,0.2575,0.429257,7.5015,10.88697,1.47648,50,5.52961,-5.40922,-131.44448,-6.67377,12.95108,31.29119,-13.37807,267ea783-2ccf-465e-bd9a-b0b8a7cc7156,NA,NA,NA,NA,NA,807272,"Myers, Kolt",NA,NA,NA,Right,NA,NA,NA,NA,NA,NA,NA,NA,NA,NA,NA,NA,NA,NA,NA,NA,300813c0-c014-11f0-a406-372210f9cb79,4,1,FLA_GAT,3,Bottom,2,Four-Seam,Undefined,Undefined,Undefined,0,0,NA,FLA_GAT,FLA_GAT,CondronBallpark,TeamExclusive,Team,20251112-CondronBallpark-Private-2,87.80851,NA,NA,9.0028,NA,NA,NA,8fb8e9a3-628d-4bd2-917e-53033ce94b91,2025-11-12,22:08:54,2025-11-12T22:08:54Z,2025-11-12T22:08:54Z,NA,v3,471297,471297,NA,"Bowen, Karson",702710,Right,FLA_GAT,55.52484,-132.75319,15.6456,5.79703,-6.11425,-6.68904,1.71404,-5.95088,6.47554,NA,NA,NA,NA,NA,NA,NA,NA,NA,NA,NA,NA,NA,NA,NA,NA,NA,NA,NA,NA,NA,NA,NA,NA,NA,NA,NA,NA,NA,NA,NA,NA,NA,NA,NA,NA,NA,NA,NA,NA,NA,NA,NA,NA,NA,NA,NA,NA,NA,NA,High,High,High,NA,NA,NA,NA,NA,NA,NA,NA,NA,NA,NA,NA,NA,NA,NA,NA,NA,NA,NA,NA,NA,NA,NA,NA,NA,NA,NA,NA,NA,NA,NA,NA,NA,NA
140,2025-11-12,17:09:10,"Hoyt, Jackson",10119764,Left,FLA_GAT,Undefined,0,1,StrikeCalled,ChangeUp,NA,NA,85.56365,-0.885947,3.711929,1999.29909,125.020382,10:15:00,5.36878,-1.96171,5.18261,-27.44564,12.22745,-15.46147,2.24627,0.24716,77.49954,-5.962708,0.979237,0.453335,8.79945,6.76776,1.62849,50,5.2659,-7.33817,-123.79398,-2.88703,13.53667,26.71364,-21.76283,dd56f26c-8e90-4b91-9ea0-a99826cb90da,NA,NA,NA,NA,NA,807272,"Myers, Kolt",NA,NA,NA,Right,NA,NA,NA,NA,NA,NA,NA,NA,NA,NA,NA,NA,NA,NA,NA,NA,3994b010-c014-11f0-a406-372210f9cb79,4,2,FLA_GAT,3,Bottom,2,Sinker,Undefined,Undefined,Undefined,0,0,NA,FLA_GAT,FLA_GAT,CondronBallpark,TeamExclusive,Team,20251112-CondronBallpark-Private-2,83.14475,NA,NA,8.06411,NA,NA,NA,8fb8e9a3-628d-4bd2-917e-53033ce94b91,2025-11-12,22:09:10,2025-11-12T22:09:10Z,2025-11-12T22:09:10Z,NA,v3,471297,471297,NA,"Bowen, Karson",702710,Right,FLA_GAT,55.31436,-124.93551,13.35682,5.3694,-1.95706,-10.88142,1.95443,-7.91662,6.76834,NA,NA,NA,NA,NA,NA,NA,NA,NA,NA,NA,NA,NA,NA,NA,NA,NA,NA,NA,NA,NA,NA,NA,NA,NA,NA,NA,NA,NA,NA,NA,NA,NA,NA,NA,NA,NA,NA,NA,NA,NA,NA,NA,NA,NA,NA,NA,NA,NA,NA,High,High,High,NA,NA,NA,NA,NA,NA,NA,NA,NA,NA,NA,NA,NA,NA,NA,NA,NA,NA,NA,NA,NA,NA,NA,NA,NA,NA,NA,NA,NA,NA,NA,NA,NA,NA
141,2025-11-12,17:09:35,"Hoyt, Jackson",10119764,Left,FLA_GAT,Undefined,0,2,InPlay,Fastball,NA,NA,93.50693,-1.352105,2.325176,2377.288073,144.481692,10:45:00,5.70016,-1.69842,5.17848,-16.0869,17.29749,-11.46386,3.08605,-0.4647,83.99673,-4.406516,0.296656,0.415856,6.45918,9.40323,1.49121,50,5.5628,-4.93371,-135.32527,-3.73985,11.78565,33.94888,-15.0165,561f2baf-666d-4b4e-a489-6a14826c4d2d,NA,NA,NA,NA,30.73503,807272,"Myers, Kolt",4099.335179,NA,92.0315,Right,20.224538,89.83632,33.87146,63.4766,285.29969,190.15212,3.256657,42.630163,0.65247,3.12245,0.4785,NA,NA,NA,NA,NA,48a4bc80-c014-11f0-a406-372210f9cb79,4,3,FLA_GAT,3,Bottom,2,Four-Seam,Undefined,LineDrive,Double,0,1,NA,FLA_GAT,FLA_GAT,CondronBallpark,TeamExclusive,Team,20251112-CondronBallpark-Private-2,90.63815,37.99439,NA,9.51019,NA,NA,NA,8fb8e9a3-628d-4bd2-917e-53033ce94b91,2025-11-12,22:09:35,2025-11-12T22:09:35Z,2025-11-12T22:09:35Z,LineDrive,v3,471297,471297,NA,"Bowen, Karson",702710,Right,FLA_GAT,55.31765,-136.65279,16.97444,5.69756,-3.15265,-7.50825,1.69315,-5.39457,5.89283,NA,0.65248,108.86791,-24.59753,5.86702,-1.31068,0.26622,-0.04531,0.0053,-2.9e-4,3.12246,46.66023,-16.63909,0.7311,-0.01999,-0.01451,0.00404,-2.7e-4,-1e-5,0.4785,64.72933,-1.72747,-0.24158,0.16939,-0.04899,0.00905,-0.00101,5e-5,NA,NA,NA,NA,NA,NA,NA,NA,NA,NA,NA,NA,NA,NA,NA,NA,NA,NA,NA,NA,NA,NA,High,High,High,High,Medium,NA,NA,NA,NA,NA,NA,NA,NA,NA,NA,NA,NA,NA,NA,NA,NA,NA,NA,NA,NA,NA,NA,NA,NA,NA,NA,NA,NA,NA,64.34472,6.16703,9.61963
142,2025-11-12,17:10:27,"Hoyt, Jackson",10119764,Left,FLA_GAT,Undefined,0,0,BallCalled,Fastball,NA,NA,94.1725,-3.121673,5.721278,2475.049173,134.161178,10:30:00,5.64496,-1.83947,5.19767,-15.47528,17.56607,-16.84143,1.40148,2.15648,84.95548,-6.051578,2.758909,0.413714,10.05835,10.02595,1.32058,50,5.34282,-12.74967,-135.653,-7.95115,18.56694,32.26823,-13.66697,062ac603-8454-4c69-a05f-3c554d88c656,NA,NA,NA,NA,NA,806035,"Brookins, Blake",NA,NA,NA,Left,NA,NA,NA,NA,NA,NA,NA,NA,NA,NA,NA,NA,NA,NA,NA,NA,6760ee50-c014-11f0-a406-372210f9cb79,5,1,FLA_GAT,3,Bottom,2,Four-Seam,Undefined,Undefined,Undefined,0,0,NA,FLA_GAT,FLA_GAT,CondronBallpark,TeamExclusive,Team,20251112-CondronBallpark-Private-2,91.10745,NA,NA,9.21702,NA,NA,NA,8fb8e9a3-628d-4bd2-917e-53033ce94b91,2025-11-12,22:10:27,2025-11-12T22:10:27Z,2025-11-12T22:10:27Z,NA,v3,471297,471297,NA,"Bowen, Karson",702710,Right,FLA_GAT,55.29854,-136.90758,16.13412,5.64162,-7.41979,-6.83348,1.83032,-13.47154,9.28347,NA,NA,NA,NA,NA,NA,NA,NA,NA,NA,NA,NA,NA,NA,NA,NA,NA,NA,NA,NA,NA,NA,NA,NA,NA,NA,NA,NA,NA,NA,NA,NA,NA,NA,NA,NA,NA,NA,NA,NA,NA,NA,NA,NA,NA,NA,NA,NA,NA,NA,High,High,High,NA,NA,NA,NA,NA,NA,NA,NA,NA,NA,NA,NA,NA,NA,NA,NA,NA,NA,NA,NA,NA,NA,NA,NA,NA,NA,NA,NA,NA,NA,NA,NA,NA,NA
143,2025-11-12,17:10:45,"Hoyt, Jackson",10119764,Left,FLA_GAT,Undefined,1,0,FoulBallNotFieldable,Fastball,NA,NA,93.08357,-1.098927,2.753751,2337.394367,138.26386,10:30:00,5.5513,-1.80804,5.29606,-15.78954,17.68245,-14.6895,3.20242,-0.44472,83.76407,-4.105672,0.149808,0.416401,8.22122,9.54154,1.56859,50,5.44036,-5.77692,-134.75709,-3.10461,14.9089,33.05425,-14.87083,425d4784-3e9d-427d-92e9-eb9828ccf665,NA,NA,NA,NA,NA,806035,"Brookins, Blake",NA,NA,NA,Left,NA,NA,NA,NA,NA,NA,NA,NA,NA,NA,NA,NA,NA,NA,NA,NA,72203e40-c014-11f0-a406-372210f9cb79,5,2,FLA_GAT,3,Bottom,2,Four-Seam,Undefined,Undefined,Undefined,0,0,NA,FLA_GAT,FLA_GAT,CondronBallpark,TeamExclusive,Team,20251112-CondronBallpark-Private-2,90.51952,NA,NA,9.3195,NA,NA,NA,8fb8e9a3-628d-4bd2-917e-53033ce94b91,2025-11-12,22:10:45,2025-11-12T22:10:45Z,2025-11-12T22:10:45Z,NA,v3,471297,471297,NA,"Bowen, Karson",702710,Right,FLA_GAT,55.2009,-136.02683,16.52713,5.54865,-2.53337,-7.43541,1.80151,-6.34963,7.45445,NA,NA,NA,NA,NA,NA,NA,NA,NA,NA,NA,NA,NA,NA,NA,NA,NA,NA,NA,NA,NA,NA,NA,NA,NA,NA,NA,NA,NA,NA,NA,NA,NA,NA,NA,NA,NA,NA,NA,NA,NA,NA,NA,NA,NA,NA,NA,NA,NA,NA,High,High,High,NA,NA,NA,NA,NA,NA,NA,NA,NA,NA,NA,NA,NA,NA,NA,NA,NA,NA,NA,NA,NA,NA,NA,NA,NA,NA,NA,NA,NA,NA,NA,NA,NA,NA
144,2025-11-12,17:11:05,"Hoyt, Jackson",10119764,Left,FLA_GAT,Undefined,1,1,BallCalled,Fastball,NA,NA,91.08941,0.435131,3.851262,2092.240071,134.294187,10:30:00,5.52824,-1.94239,5.54268,-21.55505,13.00158,-12.09237,4.13958,0.65467,82.22236,-3.610921,1.702377,0.423094,7.22977,6.77335,1.61624,50,5.55202,-8.31351,-131.83092,0.26525,12.60517,30.45452,-20.36465,b513f644-a70a-4239-a8ae-0791e049c255,NA,NA,NA,NA,NA,806035,"Brookins, Blake",NA,NA,NA,Left,NA,NA,NA,NA,NA,NA,NA,NA,NA,NA,NA,NA,NA,NA,NA,NA,7df6ca90-c014-11f0-a406-372210f9cb79,5,3,FLA_GAT,3,Bottom,2,Sinker,Undefined,Undefined,Undefined,0,0,NA,FLA_GAT,FLA_GAT,CondronBallpark,TeamExclusive,Team,20251112-CondronBallpark-Private-2,89.08759,NA,NA,8.86705,NA,NA,NA,8fb8e9a3-628d-4bd2-917e-53033ce94b91,2025-11-12,22:11:05,2025-11-12T22:11:05Z,2025-11-12T22:11:05Z,NA,v3,471297,471297,NA,"Bowen, Karson",702710,Right,FLA_GAT,54.95334,-132.97028,15.22726,5.52784,1.02713,-10.18232,1.93608,-8.78509,6.30259,NA,NA,NA,NA,NA,NA,NA,NA,NA,NA,NA,NA,NA,NA,NA,NA,NA,NA,NA,NA,NA,NA,NA,NA,NA,NA,NA,NA,NA,NA,NA,NA,NA,NA,NA,NA,NA,NA,NA,NA,NA,NA,NA,NA,NA,NA,NA,NA,NA,NA,High,High,High,NA,NA,NA,NA,NA,NA,NA,NA,NA,NA,NA,NA,NA,NA,NA,NA,NA,NA,NA,NA,NA,NA,NA,NA,NA,NA,NA,NA,NA,NA,NA,NA,NA,NA
145,2025-11-12,17:11:21,"Hoyt, Jackson",10119764,Left,FLA_GAT,Undefined,2,1,StrikeSwinging,Slider,NA,NA,83.96031,-1.400852,2.359671,2567.942209,247.372643,02:15:00,5.40737,-2.18143,5.1697,-36.10372,5.11315,8.868,1.07902,0.77949,76.46343,-7.978247,3.92934,0.462071,-3.71051,3.38043,1.95435,50,5.24936,-5.39122,-121.59952,-4.28969,-5.49229,26.38382,-27.17033,85fac124-4f11-456b-8b68-7df53996b83b,NA,NA,NA,NA,NA,806035,"Brookins, Blake",NA,NA,NA,Left,NA,NA,NA,NA,NA,NA,NA,NA,NA,NA,NA,NA,NA,NA,NA,NA,88073ce0-c014-11f0-a406-372210f9cb79,5,4,FLA_GAT,3,Bottom,2,Slider,Undefined,Undefined,Undefined,0,0,NA,FLA_GAT,FLA_GAT,CondronBallpark,TeamExclusive,Team,20251112-CondronBallpark-Private-2,81.5728,NA,NA,7.49688,NA,NA,NA,8fb8e9a3-628d-4bd2-917e-53033ce94b91,2025-11-12,22:11:21,2025-11-12T22:11:21Z,2025-11-12T22:11:21Z,NA,v3,471297,471297,NA,"Bowen, Karson",702710,Right,FLA_GAT,55.32858,-122.75024,13.19191,5.41061,-3.10467,-13.58517,2.18427,-5.15168,-2.74615,NA,NA,NA,NA,NA,NA,NA,NA,NA,NA,NA,NA,NA,NA,NA,NA,NA,NA,NA,NA,NA,NA,NA,NA,NA,NA,NA,NA,NA,NA,NA,NA,NA,NA,NA,NA,NA,NA,NA,NA,NA,NA,NA,NA,NA,NA,NA,NA,NA,NA,High,High,High,NA,NA,NA,NA,NA,NA,NA,NA,NA,NA,NA,NA,NA,NA,NA,NA,NA,NA,NA,NA,NA,NA,NA,NA,NA,NA,NA,NA,NA,NA,NA,NA,NA,NA
146,2025-11-12,17:11:40,"Hoyt, Jackson",10119764,Left,FLA_GAT,Undefined,2,2,BallCalled,Slider,NA,NA,84.87113,0.675281,0.160282,2526.40768,227.993941,01:30:00,5.50629,-2.15785,5.02982,-32.25025,7.713,7.1993,3.45594,-1.40668,77.74949,-5.220008,1.43211,0.45499,-3.51603,4.02146,2.13651,50,5.54521,-0.66694,-123.16721,0.24798,-5.41487,23.87967,-25.9808,b5d6e3de-699a-4c16-80d9-6b0cfaf1ac23,NA,NA,NA,NA,NA,806035,"Brookins, Blake",NA,NA,NA,Left,NA,NA,NA,NA,NA,NA,NA,NA,NA,NA,NA,NA,NA,NA,NA,NA,92dad820-c014-11f0-a406-372210f9cb79,5,5,FLA_GAT,3,Bottom,2,Slider,Undefined,Undefined,Undefined,0,0,NA,FLA_GAT,FLA_GAT,CondronBallpark,TeamExclusive,Team,20251112-CondronBallpark-Private-2,82.84237,NA,NA,7.12165,NA,NA,NA,8fb8e9a3-628d-4bd2-917e-53033ce94b91,2025-11-12,22:11:40,2025-11-12T22:11:40Z,2025-11-12T22:11:40Z,NA,v3,471297,471297,NA,"Bowen, Karson",702710,Right,FLA_GAT,55.46816,-124.22285,11.93983,5.50886,1.39651,-12.9904,2.16071,-0.42757,-2.70743,NA,NA,NA,NA,NA,NA,NA,NA,NA,NA,NA,NA,NA,NA,NA,NA,NA,NA,NA,NA,NA,NA,NA,NA,NA,NA,NA,NA,NA,NA,NA,NA,NA,NA,NA,NA,NA,NA,NA,NA,NA,NA,NA,NA,NA,NA,NA,NA,NA,NA,High,High,High,NA,NA,NA,NA,NA,NA,NA,NA,NA,NA,NA,NA,NA,NA,NA,NA,NA,NA,NA,NA,NA,NA,NA,NA,NA,NA,NA,NA,NA,NA,NA,NA,NA,NA
147,2025-11-12,17:12:02,"Hoyt, Jackson",10119764,Left,FLA_GAT,Undefined,3,2,StrikeSwinging,Fastball,NA,NA,92.11769,-0.69281,2.865506,2304.404906,143.118165,10:45:00,5.52486,-1.91551,5.6604,-19.75942,13.72698,-9.44662,3.23134,-0.02833,83.51752,-4.41214,1.180007,0.416491,5.63059,7.50095,1.67895,50,5.45388,-6.25281,-133.52066,-2.27909,10.09394,30.61536,-18.72716,99ce11b2-855c-4950-9b26-fe3802ff0a0a,NA,NA,NA,NA,NA,806035,"Brookins, Blake",NA,NA,NA,Left,NA,NA,NA,NA,NA,NA,NA,NA,NA,NA,NA,NA,NA,NA,NA,NA,a08428a0-c014-11f0-a406-372210f9cb79,5,6,FLA_GAT,3,Bottom,2,Four-Seam,Strikeout,Undefined,Undefined,0,0,NA,FLA_GAT,FLA_GAT,CondronBallpark,TeamExclusive,Team,20251112-CondronBallpark-Private-2,90.50003,NA,NA,8.60017,NA,NA,NA,8fb8e9a3-628d-4bd2-917e-53033ce94b91,2025-11-12,22:12:02,2025-11-12T22:12:02Z,2025-11-12T22:12:02Z,NA,v3,471297,471297,NA,"Bowen, Karson",702710,Right,FLA_GAT,54.83666,-134.62511,15.30768,5.52391,-1.60351,-9.36358,1.91109,-6.61694,5.04697,NA,NA,NA,NA,NA,NA,NA,NA,NA,NA,NA,NA,NA,NA,NA,NA,NA,NA,NA,NA,NA,NA,NA,NA,NA,NA,NA,NA,60.21086,NA,NA,1.181689,NA,NA,NA,2.31616,5.38178,6.02626,80.83556,2.23908,-43.94274,2.33792,71.52719,-4.42439,5.39786,13.21115,-13.53597,5.99091,-49.02007,5.89949,High,High,High,NA,NA,High,Medium,Low,NA,NA,NA,NA,NA,NA,NA,NA,NA,NA,NA,NA,NA,NA,NA,NA,NA,NA,NA,NA,NA,NA,NA,NA,NA,NA,NA,NA,NA
148,2025-11-12,17:14:59,"Moss, Cooper",1000110959,Right,FLA_GAT,Undefined,0,0,BallCalled,Fastball,NA,NA,93.17613,-1.711761,-0.925973,2158.531935,196.27368,12:30:00,6.1929,0.36202,5.6249,-12.08886,21.15726,5.79835,3.58749,-0.01892,83.19177,-4.089598,0.109348,0.414994,-3.21315,11.59733,-0.28674,50,6.03947,1.90103,-134.87392,-4.32528,-5.78628,35.45304,-11.28944,9b5cad9e-3325-4a9e-ae3e-03fd9a22e98c,NA,NA,NA,NA,NA,701341,"Wilson, Ashton",NA,NA,NA,Right,NA,NA,NA,NA,NA,NA,NA,NA,NA,NA,NA,NA,NA,NA,NA,NA,095e5a30-c015-11f0-a406-372210f9cb79,1,1,FLA_GAT,4,Top,0,Four-Seam,Undefined,Undefined,Undefined,0,0,NA,FLA_GAT,FLA_GAT,CondronBallpark,TeamExclusive,Team,20251112-CondronBallpark-Private-2,90.82645,NA,NA,9.98436,NA,NA,NA,8fb8e9a3-628d-4bd2-917e-53033ce94b91,2025-11-12,22:14:59,2025-11-12T22:14:59Z,2025-11-12T22:14:59Z,NA,v3,471297,471297,NA,"Malzone, Aj",1000352389,Right,FLA_GAT,54.86754,-136.1474,17.72652,6.18755,-3.91976,-5.64472,-0.35875,2.10888,-2.89314,NA,NA,NA,NA,NA,NA,NA,NA,NA,NA,NA,NA,NA,NA,NA,NA,NA,NA,NA,NA,NA,NA,NA,NA,NA,NA,NA,NA,NA,NA,NA,NA,NA,NA,NA,NA,NA,NA,NA,NA,NA,NA,NA,NA,NA,NA,NA,NA,NA,NA,High,High,High,NA,NA,NA,NA,NA,NA,NA,NA,NA,NA,NA,NA,NA,NA,NA,NA,NA,NA,NA,NA,NA,NA,NA,NA,NA,NA,NA,NA,NA,NA,NA,NA,NA,NA
149,2025-11-12,17:15:12,"Moss, Cooper",1000110959,Right,FLA_GAT,Undefined,1,0,StrikeCalled,Fastball,NA,NA,93.02104,-2.696856,-1.302203,2239.258733,210.163396,01:00:00,6.17332,0.3966,5.59887,-14.25548,18.9245,10.28749,2.46507,0.03794,83.78913,-5.435852,0.534015,0.414581,-5.58516,10.767760000000001,-0.2917,50,5.93314,2.57732,-134.68415,-6.76058,-10.10668,33.30645,-12.68912,eba10e9d-b81f-4eed-8861-a92bbb0592f3,NA,NA,NA,NA,NA,701341,"Wilson, Ashton",NA,NA,NA,Right,NA,NA,NA,NA,NA,NA,NA,NA,NA,NA,NA,NA,NA,NA,NA,NA,11338280-c015-11f0-a406-372210f9cb79,1,2,FLA_GAT,4,Top,0,Four-Seam,Undefined,Undefined,Undefined,0,0,NA,FLA_GAT,FLA_GAT,CondronBallpark,TeamExclusive,Team,20251112-CondronBallpark-Private-2,90.91696,NA,NA,9.23192,NA,NA,NA,8fb8e9a3-628d-4bd2-917e-53033ce94b91,2025-11-12,22:15:12,2025-11-12T22:15:12Z,2025-11-12T22:15:12Z,NA,v3,471297,471297,NA,"Malzone, Aj",1000352389,Right,FLA_GAT,54.89638,-135.8896,16.65323,6.16951,-6.30133,-6.34456,-0.39159,2.94311,-5.05334,NA,NA,NA,NA,NA,NA,NA,NA,NA,NA,NA,NA,NA,NA,NA,NA,NA,NA,NA,NA,NA,NA,NA,NA,NA,NA,NA,NA,NA,NA,NA,NA,NA,NA,NA,NA,NA,NA,NA,NA,NA,NA,NA,NA,NA,NA,NA,NA,NA,NA,High,High,High,NA,NA,NA,NA,NA,NA,NA,NA,NA,NA,NA,NA,NA,NA,NA,NA,NA,NA,NA,NA,NA,NA,NA,NA,NA,NA,NA,NA,NA,NA,NA,NA,NA,NA
150,2025-11-12,17:15:27,"Moss, Cooper",1000110959,Right,FLA_GAT,Undefined,1,1,InPlay,Fastball,NA,NA,92.95955,-3.01379,-0.487341,2158.883137,204.518953,12:45:00,6.19911,0.29551,5.22533,-13.94654,19.71966,8.43248,2.20086,0.54005,83.84305,-5.676794,1.007666,0.417608,-4.38461,11.17922,-0.25726,50,5.91142,0.74302,-134.54684,-7.52378,-7.92349,33.05336,-11.97184,a935269d-7db3-4978-80c5-b8cffa48fd90,NA,NA,NA,NA,-6.19073,701341,"Wilson, Ashton",NA,NA,83.15398,Right,-10.343714,NA,NA,NA,13.49989,7.5663,0.111037,-8.860646,0.06502,2.43693,-0.63959,NA,NA,NA,NA,NA,1a4808a0-c015-11f0-a406-372210f9cb79,1,3,FLA_GAT,4,Top,0,Four-Seam,Undefined,GroundBall,Out,1,0,NA,FLA_GAT,FLA_GAT,CondronBallpark,TeamExclusive,Team,20251112-CondronBallpark-Private-2,90.25799,2.43693,NA,9.11649,NA,NA,NA,8fb8e9a3-628d-4bd2-917e-53033ce94b91,2025-11-12,22:15:27,2025-11-12T22:15:27Z,2025-11-12T22:15:27Z,GroundBall,v3,471297,471297,NA,"Malzone, Aj",1000352389,Right,FLA_GAT,55.27194,-135.8358,16.52668,6.19572,-7.05693,-5.98592,-0.29226,1.052,-3.96175,180,0.06027,119.54322,NA,NA,NA,NA,NA,NA,NA,2.4378,-21.9469,NA,NA,NA,NA,NA,NA,NA,-0.63908,-12.96698,NA,NA,NA,NA,NA,NA,NA,NA,NA,NA,NA,NA,NA,NA,NA,NA,NA,NA,NA,NA,NA,NA,NA,NA,NA,NA,NA,NA,NA,High,High,High,Low,Low,NA,NA,NA,NA,NA,NA,NA,NA,NA,NA,NA,NA,NA,NA,NA,NA,NA,NA,NA,NA,NA,NA,NA,NA,NA,NA,NA,NA,NA,61.75064,9.75851,0.53068
151,2025-11-12,17:16:06,"Moss, Cooper",1000110959,Right,FLA_GAT,Undefined,0,0,BallCalled,Fastball,NA,NA,93.52715,-1.7864120000000001,-2.228625,2106.555476,206.274842,01:00:00,6.19933,0.2831,5.48082,-12.21028,20.73698,9.6415400000000009,3.50853,-0.99972,84.12954,-4.16312,-0.513168,0.413125,-5.52729,11.32245,-0.09409,50,6.03456,4.80551,-135.40789,-4.55488,-10.11671,33.47874,-11.45039,6e7710f0-3574-4a96-8698-756ebadba60a,NA,NA,NA,NA,NA,812807,"Jones, Kyle",NA,NA,NA,Right,NA,NA,NA,NA,NA,NA,NA,NA,NA,NA,NA,NA,NA,NA,NA,NA,31bad760-c015-11f0-a406-372210f9cb79,2,1,FLA_GAT,4,Top,1,Four-Seam,Undefined,Undefined,Undefined,0,0,NA,FLA_GAT,FLA_GAT,CondronBallpark,TeamExclusive,Team,20251112-CondronBallpark-Private-2,91.23747,NA,NA,9.39761,NA,NA,NA,8fb8e9a3-628d-4bd2-917e-53033ce94b91,2025-11-12,22:16:06,2025-11-12T22:16:06Z,2025-11-12T22:16:06Z,NA,v3,471297,471297,NA,"Malzone, Aj",1000352389,Right,FLA_GAT,55.01422,-136.642,16.73937,6.19469,-4.13279,-5.7252,-0.27811,5.17844,-5.05835,NA,NA,NA,NA,NA,NA,NA,NA,NA,NA,NA,NA,NA,NA,NA,NA,NA,NA,NA,NA,NA,NA,NA,NA,NA,NA,NA,NA,NA,NA,NA,NA,NA,NA,NA,NA,NA,NA,NA,NA,NA,NA,NA,NA,NA,NA,NA,NA,NA,NA,High,High,High,NA,NA,NA,NA,NA,NA,NA,NA,NA,NA,NA,NA,NA,NA,NA,NA,NA,NA,NA,NA,NA,NA,NA,NA,NA,NA,NA,NA,NA,NA,NA,NA,NA,NA
152,2025-11-12,17:16:18,"Moss, Cooper",1000110959,Right,FLA_GAT,Undefined,1,0,InPlay,Fastball,NA,NA,92.55301,-2.049362,-1.180825,2232.030422,206.057887,12:45:00,6.2723,0.47284,5.27962,-12.3067,21.6317,9.95997,3.32081,0.19368,83.15445,-4.441325,0.586075,0.419292,-5.35992,11.8389,-0.37271,50,6.07699,2.28495,-133.99585,-5.13986,-9.58506,33.38698,-11.0028,81be93b8-2031-4f88-b453-cb1715857243,NA,NA,NA,NA,5.125778,812807,"Jones, Kyle",3070.087615,NA,94.70183,Right,22.489447,108.91932,42.66656,15.38013,336.9506,336.9506,4.138714,13.915596,1.30207,3.28064,-0.19217,NA,NA,NA,NA,NA,38c66e20-c015-11f0-a406-372210f9cb79,2,2,FLA_GAT,4,Top,1,Four-Seam,Undefined,LineDrive,Double,0,0,NA,FLA_GAT,FLA_GAT,CondronBallpark,TeamExclusive,Team,20251112-CondronBallpark-Private-2,89.89535,55.23828,NA,9.39856,NA,NA,NA,8fb8e9a3-628d-4bd2-917e-53033ce94b91,2025-11-12,22:16:18,2025-11-12T22:16:18Z,2025-11-12T22:16:18Z,LineDrive,v3,471297,471297,NA,"Malzone, Aj",1000352389,Right,FLA_GAT,55.21644,-135.28936,16.69349,6.26787,-4.71358,-5.5014,-0.46844,2.6563,-4.79253,211.867872,1.30115,127.84302,-24.76073,6.01727,-1.33168,0.28764,-0.05566,0.00729,-4.2e-4,3.28228,53.08766,-13.24972,-0.72011,0.5269,-0.19287,0.0462,-0.0059,2.9e-4,-0.19188,11.4586,5.8275,-2.06562,0.50879,-0.08952,0.01112,-9.4e-4,4e-5,NA,NA,NA,NA,NA,NA,NA,NA,NA,NA,NA,NA,NA,NA,NA,NA,NA,NA,NA,NA,NA,NA,High,High,High,High,High,NA,NA,NA,NA,NA,NA,NA,NA,NA,NA,NA,NA,NA,NA,NA,NA,NA,NA,NA,NA,NA,NA,NA,NA,NA,NA,NA,NA,NA,69.88857,10.36565,-11.21859
153,2025-11-12,17:17:09,"Moss, Cooper",1000110959,Right,FLA_GAT,Undefined,0,0,StrikeSwinging,Splitter,NA,NA,87.32814,-2.237432,-1.773965,1626.622266,240.118574,02:00:00,6.16726,0.68265,5.43363,-26.93655,10.60056,16.24221,1.82516,0.37434,79.61668,-7.210434,1.118918,0.440963,-8.6778,6.37729,-0.53703,50,5.95058,3.20378,-126.57961,-5.89554,-13.99459,27.28678,-21.88948,644dfdea-ccd4-4505-b90c-90bbc44a457e,NA,NA,NA,NA,NA,803734,"Yost, Hayden",NA,NA,NA,Left,NA,NA,NA,NA,NA,NA,NA,NA,NA,NA,NA,NA,NA,NA,NA,NA,572368f0-c015-11f0-a406-372210f9cb79,3,1,FLA_GAT,4,Top,1,Changeup,Undefined,Undefined,Undefined,0,0,NA,FLA_GAT,FLA_GAT,CondronBallpark,TeamExclusive,Team,20251112-CondronBallpark-Private-2,85.4776,NA,NA,7.71146,NA,NA,NA,8fb8e9a3-628d-4bd2-917e-53033ce94b91,2025-11-12,22:17:09,2025-11-12T22:17:09Z,2025-11-12T22:17:09Z,NA,v3,471297,471297,NA,"Malzone, Aj",1000352389,Right,FLA_GAT,55.06442,-127.66668,13.64339,6.16808,-5.0235,-10.94474,-0.67577,3.7613,-6.99729,NA,NA,NA,NA,NA,NA,NA,NA,NA,NA,NA,NA,NA,NA,NA,NA,NA,NA,NA,NA,NA,NA,NA,NA,NA,NA,NA,NA,NA,NA,NA,NA,NA,NA,NA,NA,NA,NA,NA,NA,NA,NA,NA,NA,NA,NA,NA,NA,NA,NA,High,High,High,NA,NA,NA,NA,NA,NA,NA,NA,NA,NA,NA,NA,NA,NA,NA,NA,NA,NA,NA,NA,NA,NA,NA,NA,NA,NA,NA,NA,NA,NA,NA,NA,NA,NA
154,2025-11-12,17:17:28,"Moss, Cooper",1000110959,Right,FLA_GAT,Undefined,0,1,BallinDirt,Splitter,NA,NA,88.40713,-3.153417,-2.154419,1659.109525,268.373223,03:00:00,6.02318,0.77873,5.60372,-34.69498,1.72024,18.36442,0.18311,0.29697,81.05472,-9.478072,1.132176,0.434323,-10.02902,2.11854,-0.60675,50,5.73023,4.04379,-128.1308,-8.32941,-16.57048,27.99018,-28.6737,95cc7bc7-c7a0-480e-ac7a-56f6008742a7,NA,NA,NA,NA,NA,803734,"Yost, Hayden",NA,NA,NA,Left,NA,NA,NA,NA,NA,NA,NA,NA,NA,NA,NA,NA,NA,NA,NA,NA,629714c0-c015-11f0-a406-372210f9cb79,3,2,FLA_GAT,4,Top,1,Changeup,Undefined,Undefined,Undefined,0,0,NA,FLA_GAT,FLA_GAT,CondronBallpark,TeamExclusive,Team,20251112-CondronBallpark-Private-2,86.78437,NA,NA,7.35241,NA,NA,NA,8fb8e9a3-628d-4bd2-917e-53033ce94b91,2025-11-12,22:17:28,2025-11-12T22:17:28Z,2025-11-12T22:17:28Z,NA,v3,471297,471297,NA,"Malzone, Aj",1000352389,Right,FLA_GAT,54.89746,-129.19622,13.99509,6.02651,-7.23797,-14.33685,-0.77268,4.67452,-8.28524,NA,NA,NA,NA,NA,NA,NA,NA,NA,NA,NA,NA,NA,NA,NA,NA,NA,NA,NA,NA,NA,NA,NA,NA,NA,NA,NA,NA,NA,NA,NA,NA,NA,NA,NA,NA,NA,NA,NA,NA,NA,NA,NA,NA,NA,NA,NA,NA,NA,NA,High,High,High,NA,NA,NA,NA,NA,NA,NA,NA,NA,NA,NA,NA,NA,NA,NA,NA,NA,NA,NA,NA,NA,NA,NA,NA,NA,NA,NA,NA,NA,NA,NA,NA,NA,NA
155,2025-11-12,17:17:50,"Moss, Cooper",1000110959,Right,FLA_GAT,Undefined,1,1,BallCalled,Fastball,NA,NA,92.19463,-3.180123,-2.469654,2055.152579,204.125792,12:45:00,6.16864,0.60032,5.44877,-15.24355,18.52698,7.77363,1.91522,-1.06545,83.72157,-6.070439,-1.087403,0.418254,-4.6352,10.60611,-0.38764,50,5.87725,5.39289,-133.43378,-7.89874,-8.30283,30.44306,-13.17583,1cc8173c-dc2d-4278-ad49-afdad65af035,NA,NA,NA,NA,NA,803734,"Yost, Hayden",NA,NA,NA,Left,NA,NA,NA,NA,NA,NA,NA,NA,NA,NA,NA,NA,NA,NA,NA,NA,6f660ad0-c015-11f0-a406-372210f9cb79,3,3,FLA_GAT,4,Top,1,Four-Seam,Undefined,Undefined,Undefined,0,0,NA,FLA_GAT,FLA_GAT,CondronBallpark,TeamExclusive,Team,20251112-CondronBallpark-Private-2,90.11845,NA,NA,8.47306,NA,NA,NA,8fb8e9a3-628d-4bd2-917e-53033ce94b91,2025-11-12,22:17:50,2025-11-12T22:17:50Z,2025-11-12T22:17:50Z,NA,v3,471297,471297,NA,"Malzone, Aj",1000352389,Right,FLA_GAT,55.04817,-134.58059,15.22153,6.16546,-7.40239,-6.5879200000000004,-0.59669,5.70567,-4.15142,NA,NA,NA,NA,NA,NA,NA,NA,NA,NA,NA,NA,NA,NA,NA,NA,NA,NA,NA,NA,NA,NA,NA,NA,NA,NA,NA,NA,NA,NA,NA,NA,NA,NA,NA,NA,NA,NA,NA,NA,NA,NA,NA,NA,NA,NA,NA,NA,NA,NA,High,High,High,NA,NA,NA,NA,NA,NA,NA,NA,NA,NA,NA,NA,NA,NA,NA,NA,NA,NA,NA,NA,NA,NA,NA,NA,NA,NA,NA,NA,NA,NA,NA,NA,NA,NA
156,2025-11-12,17:18:12,"Moss, Cooper",1000110959,Right,FLA_GAT,Undefined,2,1,BallCalled,Fastball,NA,NA,91.21144,-2.880169,-4.258836,2192.592948,218.002237,01:15:00,6.46798,0.48171,5.22223,-16.50666,18.50682,13.47355,2.37478,-2.40693,82.45102,-6.000172,-1.879633,0.425882,-8.15524,10.54445,-0.09912,50,6.18983,9.20037,-131.76901,-7.19904,-14.1817,30.85756,-13.83763,94aab953-2a53-40cd-b653-b9859f96516d,NA,NA,NA,NA,NA,803734,"Yost, Hayden",NA,NA,NA,Left,NA,NA,NA,NA,NA,NA,NA,NA,NA,NA,NA,NA,NA,NA,NA,NA,7cab9070-c015-11f0-a406-372210f9cb79,3,4,FLA_GAT,4,Top,1,Four-Seam,Undefined,Undefined,Undefined,0,0,NA,FLA_GAT,FLA_GAT,CondronBallpark,TeamExclusive,Team,20251112-CondronBallpark-Private-2,88.50448,NA,NA,8.76043,NA,NA,NA,8fb8e9a3-628d-4bd2-917e-53033ce94b91,2025-11-12,22:18:12,2025-11-12T22:18:12Z,2025-11-12T22:18:12Z,NA,v3,471297,471297,NA,"Malzone, Aj",1000352389,Right,FLA_GAT,55.27763,-132.99918,15.42878,6.46583,-6.64739,-6.91882,-0.47718,9.76574,-7.09085,NA,NA,NA,NA,NA,NA,NA,NA,NA,NA,NA,NA,NA,NA,NA,NA,NA,NA,NA,NA,NA,NA,NA,NA,NA,NA,NA,NA,NA,NA,NA,NA,NA,NA,NA,NA,NA,NA,NA,NA,NA,NA,NA,NA,NA,NA,NA,NA,NA,NA,High,High,High,NA,NA,NA,NA,NA,NA,NA,NA,NA,NA,NA,NA,NA,NA,NA,NA,NA,NA,NA,NA,NA,NA,NA,NA,NA,NA,NA,NA,NA,NA,NA,NA,NA,NA
157,2025-11-12,17:19:06,"Moss, Cooper",1000110959,Right,FLA_GAT,Undefined,3,1,BallCalled,Fastball,NA,NA,91.51541,-0.28316,-0.057206,2123.325184,210.734111,01:00:00,6.05621,0.55929,5.3569,-15.58276,18.86403,10.48993,4.49209,1.3798,82.46839,-3.261872,1.806533,0.422421,-5.23209,9.8706,-0.5617,50,6.02014,-0.36854,-132.64376,-1.13553,-9.20356,31.72397,-14.81103,52a76e1e-1737-4733-b0de-3ce00e7dee54,NA,NA,NA,NA,NA,803734,"Yost, Hayden",NA,NA,NA,Left,NA,NA,NA,NA,NA,NA,NA,NA,NA,NA,NA,NA,NA,NA,NA,NA,9cda8c20-c015-11f0-a406-372210f9cb79,3,5,FLA_GAT,4,Top,1,Four-Seam,Walk,Undefined,Undefined,0,0,NA,FLA_GAT,FLA_GAT,CondronBallpark,TeamExclusive,Team,20251112-CondronBallpark-Private-2,89.22951,NA,NA,9.04702,NA,NA,NA,8fb8e9a3-628d-4bd2-917e-53033ce94b91,2025-11-12,22:19:06,2025-11-12T22:19:06Z,2025-11-12T22:19:06Z,NA,v3,471297,471297,NA,"Malzone, Aj",1000352389,Right,FLA_GAT,55.13801,-133.86696,15.86199,6.05292,-0.56445,-7.40552,-0.55433,-0.01367,-4.60178,NA,NA,NA,NA,NA,NA,NA,NA,NA,NA,NA,NA,NA,NA,NA,NA,NA,NA,NA,NA,NA,NA,NA,NA,NA,NA,NA,NA,NA,NA,NA,NA,NA,NA,NA,NA,NA,NA,NA,NA,NA,NA,NA,NA,NA,NA,NA,NA,NA,NA,High,High,High,NA,NA,NA,NA,NA,NA,NA,NA,NA,NA,NA,NA,NA,NA,NA,NA,NA,NA,NA,NA,NA,NA,NA,NA,NA,NA,NA,NA,NA,NA,NA,NA,NA,NA
158,2025-11-12,17:19:58,"Moss, Cooper",1000110959,Right,FLA_GAT,Undefined,0,0,BallCalled,Slider,NA,NA,82.69324,-0.61121,-1.48987,2455.147225,68.633534,08:15:00,5.92949,0.85544,5.12844,-43.8742,-2.00945,-8.29441,1.69745,-1.23926,76.47128,-8.528564,-2.959583,0.465689,3.7628,-0.50992,-0.70876,50,5.83772,3.47024,-120.07888,-2.91147,5.51424,22.44813,-32.9213,2aa412c5-3b57-4c1b-a0d5-91f6b8d78f22,NA,NA,NA,NA,NA,803724,"McDonald, Caden",NA,NA,NA,Right,NA,NA,NA,NA,NA,NA,NA,NA,NA,NA,NA,NA,NA,NA,NA,NA,bbde9c60-c015-11f0-a406-372210f9cb79,4,1,FLA_GAT,4,Top,1,Slider,Undefined,Undefined,Undefined,0,0,NA,FLA_GAT,FLA_GAT,CondronBallpark,TeamExclusive,Team,20251112-CondronBallpark-Private-2,80.93913,NA,NA,6.22195,NA,NA,NA,8fb8e9a3-628d-4bd2-917e-53033ce94b91,2025-11-12,22:19:58,2025-11-12T22:19:58Z,2025-11-12T22:19:58Z,NA,v3,471297,471297,NA,"Malzone, Aj",1000352389,Right,FLA_GAT,55.37297,-121.07916,11.22407,5.93477,-1.44451,-16.46065,-0.85792,3.22453,2.75712,NA,NA,NA,NA,NA,NA,NA,NA,NA,NA,NA,NA,NA,NA,NA,NA,NA,NA,NA,NA,NA,NA,NA,NA,NA,NA,NA,NA,NA,NA,NA,NA,NA,NA,NA,NA,NA,NA,NA,NA,NA,NA,NA,NA,NA,NA,NA,NA,NA,NA,High,High,High,NA,NA,NA,NA,NA,NA,NA,NA,NA,NA,NA,NA,NA,NA,NA,NA,NA,NA,NA,NA,NA,NA,NA,NA,NA,NA,NA,NA,NA,NA,NA,NA,NA,NA
159,2025-11-12,17:20:13,"Moss, Cooper",1000110959,Right,FLA_GAT,Undefined,1,0,StrikeCalled,Slider,NA,NA,80.85649,1.452077,-0.065415,2440.017024,67.514158,08:15:00,6.00546,0.92798,5.19022,-47.71262,-3.71339,-12.36725,3.39572,-0.16416,73.95205,-7.216081,-2.258394,0.477413,6.11701,-1.80287,-0.91227,50,6.10416,0.65685,-117.32835,1.22654,8.49513,22.96753,-34.67784,d9154e54-80e1-420d-a1d7-289d20919c4b,NA,NA,NA,NA,NA,803724,"McDonald, Caden",NA,NA,NA,Right,NA,NA,NA,NA,NA,NA,NA,NA,NA,NA,NA,NA,NA,NA,NA,NA,c5218580-c015-11f0-a406-372210f9cb79,4,2,FLA_GAT,4,Top,1,Slider,Undefined,Undefined,Undefined,0,0,NA,FLA_GAT,FLA_GAT,CondronBallpark,TeamExclusive,Team,20251112-CondronBallpark-Private-2,78.95145,NA,NA,6.90445,NA,NA,NA,8fb8e9a3-628d-4bd2-917e-53033ce94b91,2025-11-12,22:20:13,2025-11-12T22:20:13Z,2025-11-12T22:20:13Z,NA,v3,471297,471297,NA,"Malzone, Aj",1000352389,Right,FLA_GAT,55.30948,-118.36314,11.48376,6.0137,2.78893,-17.33892,-0.93324,0.2741,4.24757,NA,NA,NA,NA,NA,NA,NA,NA,NA,NA,NA,NA,NA,NA,NA,NA,NA,NA,NA,NA,NA,NA,NA,NA,NA,NA,NA,NA,NA,NA,NA,NA,NA,NA,NA,NA,NA,NA,NA,NA,NA,NA,NA,NA,NA,NA,NA,NA,NA,NA,High,High,High,NA,NA,NA,NA,NA,NA,NA,NA,NA,NA,NA,NA,NA,NA,NA,NA,NA,NA,NA,NA,NA,NA,NA,NA,NA,NA,NA,NA,NA,NA,NA,NA,NA,NA
160,2025-11-12,17:20:30,"Moss, Cooper",1000110959,Right,FLA_GAT,Undefined,1,1,InPlay,Slider,NA,NA,80.58613,0.792871,0.334176,2428.458501,56.439104,08:00:00,5.94838,0.85728,5.02459,-50.807,-6.28103,-11.59587,2.4627,0.2063,73.92108,-8.380876,-1.717889,0.480262,5.89205,-3.0052,-0.87931,50,5.98283,-0.20052,-116.97229,-0.26258,8.1326,22.84138,-36.32203,95d9219e-95c8-45dd-822f-802d13d8e64d,NA,NA,NA,NA,-10.883014,803724,"McDonald, Caden",5019.37439,NA,98.78044,Right,46.038113,108.2212,113.48159,-19.70097,310.81766,310.81766,6.274732,-9.103838,2.00215,2.70861,-0.24786,NA,NA,NA,NA,NA,cf14abd0-c015-11f0-a406-372210f9cb79,4,3,FLA_GAT,4,Top,1,Curveball,Undefined,FlyBall,Out,1,1,NA,FLA_GAT,FLA_GAT,CondronBallpark,TeamExclusive,Team,20251112-CondronBallpark-Private-2,78.48312,146.24803,NA,6.66505,NA,NA,NA,8fb8e9a3-628d-4bd2-917e-53033ce94b91,2025-11-12,22:20:30,2025-11-12T22:20:30Z,2025-11-12T22:20:30Z,FlyBall,v3,471297,471297,NA,"Malzone, Aj",1000352389,Right,FLA_GAT,55.47725,-118.037,11.42069,5.95561,1.4305,-18.16102,-0.86113,-0.57961,4.0663,181.237141,2.01694,98.48701,-27.33751,7.36443,-1.04412,-0.0275,0.03829,-0.00566,2.8e-4,2.67311,104.83282,-23.78619,3.09696,-1.07502,0.30898,-0.04895,0.00354,-8e-5,-0.25181,-18.91689,5.71225,-1.3885,0.13582,0.03118,-0.01249,0.0016,-7e-5,NA,NA,NA,NA,NA,NA,NA,NA,NA,NA,NA,NA,NA,NA,NA,NA,NA,NA,NA,NA,NA,NA,High,High,High,High,Medium,NA,NA,NA,NA,NA,NA,NA,NA,NA,NA,NA,NA,NA,NA,NA,NA,NA,NA,NA,NA,NA,NA,NA,NA,NA,NA,NA,NA,NA,74.63442,18.80296,-18.2326
161,2025-11-12,17:21:13,"Moss, Cooper",1000110959,Right,FLA_GAT,Undefined,0,0,StrikeCalled,Splitter,NA,NA,88.19715,-1.679018,-1.952941,1689.752392,214.782249,01:15:00,5.98717,0.9359,5.32058,-21.31989,15.53989,9.94347,2.63345,-0.06894,80.36916,-5.654643,-0.187651,0.436966,-5.51729,8.6252,-0.7664,50,5.82003,3.90775,-127.84572,-4.47454,-9.10466,27.0778,-17.94069,7fad79ba-75cb-4238-8f4b-a7f826bbe1fe,NA,NA,NA,NA,NA,806235,"Stripling, Landon",NA,NA,NA,Left,NA,NA,NA,NA,NA,NA,NA,NA,NA,NA,NA,NA,NA,NA,NA,NA,e8a26b50-c015-11f0-a406-372210f9cb79,5,1,FLA_GAT,4,Top,2,Changeup,Undefined,Undefined,Undefined,1,0,NA,FLA_GAT,FLA_GAT,CondronBallpark,TeamExclusive,Team,20251112-CondronBallpark-Private-2,86.2594,NA,NA,7.82799,NA,NA,NA,8fb8e9a3-628d-4bd2-917e-53033ce94b91,2025-11-12,22:21:13,2025-11-12T22:21:13Z,2025-11-12T22:21:13Z,NA,v3,471297,471297,NA,"Malzone, Aj",1000352389,Right,FLA_GAT,55.17628,-128.9374,13.5389,5.98585,-3.75123,-8.97034,-0.93135,4.27482,-4.55233,NA,NA,NA,NA,NA,NA,NA,NA,NA,NA,NA,NA,NA,NA,NA,NA,NA,NA,NA,NA,NA,NA,NA,NA,NA,NA,NA,NA,80.70289,1.978813,0.751616,1.227197,-1.87983,2.29885,0.07662,-0.38099,5.95915,-0.0921,127.27753,-0.28753,-0.28427,-0.24472,116.52696,-10.39501,5.95907,7.80206,-10.50896,-0.10355,-0.98185,0.68967,High,High,High,NA,NA,High,High,High,NA,NA,NA,NA,NA,NA,NA,NA,NA,NA,NA,NA,NA,NA,NA,NA,NA,NA,NA,NA,NA,NA,NA,NA,NA,NA,NA,NA,NA
162,2025-11-12,17:24:19,"Kurland, Rivers",10108457,Left,FLA_GAT,Undefined,0,0,HitByPitch,Fastball,NA,NA,88.41857,-0.85058,1.046158,1930.822588,132.168344,10:30:00,5.85193,-1.43274,5.01995,-20.03253,17.43426,-17.7421,3.37967,-1.92388,79.60829,-4.612289,-2.087098,0.440549,9.23036,9.32784,1.34795,50,5.7553,-1.52707,-128.08782,-2.59372,15.08805,30.42583,-16.92663,503f879a-0832-4463-ae6e-146e1e0c48fd,NA,NA,NA,NA,NA,10147779,"Strayer, Cash",NA,NA,NA,Left,NA,NA,NA,NA,NA,NA,NA,NA,NA,NA,NA,NA,NA,NA,NA,NA,579b1480-c016-11f0-a406-372210f9cb79,1,1,FLA_GAT,4,Bottom,0,Sinker,Undefined,Undefined,Undefined,0,0,NA,FLA_GAT,FLA_GAT,CondronBallpark,TeamExclusive,Team,20251112-CondronBallpark-Private-2,85.55782,NA,NA,8.81028,NA,NA,NA,8fb8e9a3-628d-4bd2-917e-53033ce94b91,2025-11-12,22:24:19,2025-11-12T22:24:19Z,2025-11-12T22:24:19Z,NA,v3,471297,471297,NA,"Stanford, Cole",1000098001,Right,FLA_GAT,55.47876,-129.38269,15.21292,5.85035,-1.87335,-8.46331,1.42661,-2.16919,7.54403,NA,NA,NA,NA,NA,NA,NA,NA,NA,NA,NA,NA,NA,NA,NA,NA,NA,NA,NA,NA,NA,NA,NA,NA,NA,NA,NA,NA,NA,NA,NA,NA,NA,NA,NA,NA,NA,NA,NA,NA,NA,NA,NA,NA,NA,NA,NA,NA,NA,NA,High,High,High,NA,NA,NA,NA,NA,NA,NA,NA,NA,NA,NA,NA,NA,NA,NA,NA,NA,NA,NA,NA,NA,NA,NA,NA,NA,NA,NA,NA,NA,NA,NA,NA,NA,NA
163,2025-11-12,17:25:08,"Kurland, Rivers",10108457,Left,FLA_GAT,Undefined,0,0,HitByPitch,Curveball,NA,NA,75.69119,-1.043143,3.372659,2172.770458,272.383631,03:00:00,6.0195,-1.25366,4.68351,-50.54192,1.33764,11.29241,0.8153,2.89368,69.17401,-10.09919,5.351783,0.518405,-4.57051,1.33465,0.89942,50,5.86757,-6.89438,-109.46297,-3.76509,-5.46001,22.10079,-30.57968,68b8480d-d6a4-4340-bbd3-8650a1dca302,NA,NA,NA,NA,NA,804404,"Kurland, Cade",NA,NA,NA,Right,NA,NA,NA,NA,NA,NA,NA,NA,NA,NA,NA,NA,NA,NA,NA,NA,74f21100-c016-11f0-a406-372210f9cb79,2,1,FLA_GAT,4,Bottom,0,Curveball,Undefined,Undefined,Undefined,0,0,NA,FLA_GAT,FLA_GAT,CondronBallpark,TeamExclusive,Team,20251112-CondronBallpark-Private-2,72.70842,NA,NA,6.51717,NA,NA,NA,8fb8e9a3-628d-4bd2-917e-53033ce94b91,2025-11-12,22:25:08,2025-11-12T22:25:08Z,2025-11-12T22:25:08Z,NA,v3,471297,471297,NA,"Stanford, Cole",1000098001,Right,FLA_GAT,55.81748,-110.63129,11.05039,6.02388,-2.14854,-15.28984,1.25625,-6.60575,-2.73001,NA,NA,NA,NA,NA,NA,NA,NA,NA,NA,NA,NA,NA,NA,NA,NA,NA,NA,NA,NA,NA,NA,NA,NA,NA,NA,NA,NA,NA,NA,NA,NA,NA,NA,NA,NA,NA,NA,NA,NA,NA,NA,NA,NA,NA,NA,NA,NA,NA,NA,High,High,High,NA,NA,NA,NA,NA,NA,NA,NA,NA,NA,NA,NA,NA,NA,NA,NA,NA,NA,NA,NA,NA,NA,NA,NA,NA,NA,NA,NA,NA,NA,NA,NA,NA,NA
164,2025-11-12,17:26:20,"Kurland, Rivers",10108457,Left,FLA_GAT,Undefined,0,0,BallCalled,ChangeUp,NA,NA,76.79346,0.681899,2.022847,1337.585848,98.228834,09:15:00,5.83297,-1.85445,4.88456,-46.04148,4.17607,-15.72804,2.64173,-1.25058,69.10377,-7.716272,-0.749436,0.510034,8.35658,2.42477,1.66969,50,5.86183,-3.25793,-111.07719,-0.29443,10.23289,23.58463,-29.20488,df82910b-faff-45ce-bc88-ceac48404154,NA,NA,NA,NA,NA,814065,"Surowiec, Ethan",NA,NA,NA,Right,NA,NA,NA,NA,NA,NA,NA,NA,NA,NA,NA,NA,NA,NA,NA,NA,9f52c2a0-c016-11f0-a406-372210f9cb79,3,1,FLA_GAT,4,Bottom,0,Changeup,Undefined,Undefined,Undefined,0,0,NA,FLA_GAT,FLA_GAT,CondronBallpark,TeamExclusive,Team,20251112-CondronBallpark-Private-2,73.90182,NA,NA,7.68969,NA,NA,NA,8fb8e9a3-628d-4bd2-917e-53033ce94b91,2025-11-12,22:26:20,2025-11-12T22:26:20Z,2025-11-12T22:26:20Z,NA,v3,471297,471297,NA,"Stanford, Cole",1000098001,Right,FLA_GAT,55.6106,-112.26214,11.79232,5.83976,1.1729,-14.60244,1.84629,-3.77206,5.11644,NA,NA,NA,NA,NA,NA,NA,NA,NA,NA,NA,NA,NA,NA,NA,NA,NA,NA,NA,NA,NA,NA,NA,NA,NA,NA,NA,NA,NA,NA,NA,NA,NA,NA,NA,NA,NA,NA,NA,NA,NA,NA,NA,NA,NA,NA,NA,NA,NA,NA,High,High,High,NA,NA,NA,NA,NA,NA,NA,NA,NA,NA,NA,NA,NA,NA,NA,NA,NA,NA,NA,NA,NA,NA,NA,NA,NA,NA,NA,NA,NA,NA,NA,NA,NA,NA
165,2025-11-12,17:26:36,"Kurland, Rivers",10108457,Left,FLA_GAT,Undefined,1,0,BallCalled,Slider,NA,NA,77.29939,1.049171,-0.233867,2144.168889,306.344636,04:15:00,5.67836,-1.95306,4.51076,-57.99554,-7.56745,12.92394,1.84495,-1.09885,69.54909,-9.372226,2.03284,0.511102,-6.29662,-3.37126,1.96458,50,5.73335,-0.11624,-111.78129,-0.18244,-7.76915,24.80796,-36.33371,2916036d-1e1b-4099-a9d6-e50c29383271,NA,NA,NA,NA,NA,814065,"Surowiec, Ethan",NA,NA,NA,Right,NA,NA,NA,NA,NA,NA,NA,NA,NA,NA,NA,NA,NA,NA,NA,NA,a8f1d580-c016-11f0-a406-372210f9cb79,3,2,FLA_GAT,4,Bottom,0,Curveball,Undefined,Undefined,Undefined,0,0,NA,FLA_GAT,FLA_GAT,CondronBallpark,TeamExclusive,Team,20251112-CondronBallpark-Private-2,73.74736,NA,NA,7.75031,NA,NA,NA,8fb8e9a3-628d-4bd2-917e-53033ce94b91,2025-11-12,22:26:36,2025-11-12T22:26:36Z,2025-11-12T22:26:36Z,NA,v3,471297,471297,NA,"Stanford, Cole",1000098001,Right,FLA_GAT,55.98591,-113.10196,12.40398,5.69158,1.75181,-18.16685,1.95976,0.29736,-3.88458,NA,NA,NA,NA,NA,NA,NA,NA,NA,NA,NA,NA,NA,NA,NA,NA,NA,NA,NA,NA,NA,NA,NA,NA,NA,NA,NA,NA,NA,NA,NA,NA,NA,NA,NA,NA,NA,NA,NA,NA,NA,NA,NA,NA,NA,NA,NA,NA,NA,NA,High,High,High,NA,NA,NA,NA,NA,NA,NA,NA,NA,NA,NA,NA,NA,NA,NA,NA,NA,NA,NA,NA,NA,NA,NA,NA,NA,NA,NA,NA,NA,NA,NA,NA,NA,NA
166,2025-11-12,17:26:53,"Kurland, Rivers",10108457,Left,FLA_GAT,Undefined,2,0,BallCalled,ChangeUp,NA,NA,77.9737,1.865436,1.538816,1516.91904,105.732865,09:30:00,5.78503,-1.73321,4.8421,-41.73553,6.98327,-18.37111,4.07454,-1.80682,70.02488,-5.778654,-1.693491,0.502365,9.44272,3.37599,1.5974,50,5.93471,-2.23341,-112.77019,2.19918,11.94296,23.91785,-27.90417,eac4112d-7d15-4285-9a24-43f313b77b6c,NA,NA,NA,NA,NA,814065,"Surowiec, Ethan",NA,NA,NA,Right,NA,NA,NA,NA,NA,NA,NA,NA,NA,NA,NA,NA,NA,NA,NA,NA,b31ad8e0-c016-11f0-a406-372210f9cb79,3,3,FLA_GAT,4,Bottom,0,Changeup,Undefined,Undefined,Undefined,0,0,NA,FLA_GAT,FLA_GAT,CondronBallpark,TeamExclusive,Team,20251112-CondronBallpark-Private-2,75.02994,NA,NA,7.94881,NA,NA,NA,8fb8e9a3-628d-4bd2-917e-53033ce94b91,2025-11-12,22:26:53,2025-11-12T22:26:53Z,2025-11-12T22:26:53Z,NA,v3,471297,471297,NA,"Stanford, Cole",1000098001,Right,FLA_GAT,55.65287,-113.96283,11.95893,5.79036,3.59058,-13.95209,1.72362,-2.82893,5.97148,NA,NA,NA,NA,NA,NA,NA,NA,NA,NA,NA,NA,NA,NA,NA,NA,NA,NA,NA,NA,NA,NA,NA,NA,NA,NA,NA,NA,NA,NA,NA,NA,NA,NA,NA,NA,NA,NA,NA,NA,NA,NA,NA,NA,NA,NA,NA,NA,NA,NA,High,High,High,NA,NA,NA,NA,NA,NA,NA,NA,NA,NA,NA,NA,NA,NA,NA,NA,NA,NA,NA,NA,NA,NA,NA,NA,NA,NA,NA,NA,NA,NA,NA,NA,NA,NA
167,2025-11-12,17:27:14,"Kurland, Rivers",10108457,Left,FLA_GAT,Undefined,3,0,FoulBallNotFieldable,Fastball,NA,NA,87.96156,-1.36211,2.570952,1961.809204,152.755645,11:00:00,5.94222,-1.41501,5.04025,-20.09163,17.6634,-8.40276,2.98144,0.31169,79.48053,-5.12603,1.088357,0.442241,4.96284,9.56583,1.17665,50,5.79686,-5.32679,-127.30911,-3.7167,8.0573,28.76189,-16.64365,0c94e34b-ea6d-4b1f-ac12-68c57381e05c,NA,NA,NA,NA,86.665663,814065,"Surowiec, Ethan",4729.715143,NA,80.84093,Right,44.293193,NA,NA,NA,NA,76.82348,NA,NA,0.77322,2.92341,-0.32382,NA,NA,NA,NA,NA,bfbe7930-c016-11f0-a406-372210f9cb79,3,4,FLA_GAT,4,Bottom,0,Four-Seam,Undefined,Undefined,Undefined,0,0,NA,FLA_GAT,FLA_GAT,CondronBallpark,TeamExclusive,Team,20251112-CondronBallpark-Private-2,85.23056,62.68919,NA,8.48103,NA,NA,NA,8fb8e9a3-628d-4bd2-917e-53033ce94b91,2025-11-12,22:27:14,2025-11-12T22:27:14Z,2025-11-12T22:27:14Z,NA,v3,471297,471297,NA,"Stanford, Cole",1000098001,Right,FLA_GAT,55.45627,-128.53589,14.38095,5.94025,-3.00679,-8.32182,1.41118,-5.67046,4.02865,NA,0.77323,4.93495,-9.09819,2.3552,-1.88748,4.46905,-5.69058,3.49383,-0.84256,2.92341,82.79877,-27.3075,3.62706,-0.69372,-0.34169,0.68415,-0.45118,0.11169,-0.32382,84.7234,-12.14363,2.52241,-0.57396,0.16074,-0.0453,0.00456,0.00124,NA,NA,NA,NA,NA,NA,NA,NA,NA,NA,NA,NA,NA,NA,NA,NA,NA,NA,NA,NA,NA,NA,High,High,High,Low,Undefined,NA,NA,NA,NA,NA,NA,NA,NA,NA,NA,NA,NA,NA,NA,NA,NA,NA,NA,NA,NA,NA,NA,NA,NA,NA,NA,NA,NA,NA,74.9682,6.63562,6.44144
168,2025-11-12,17:27:33,"Kurland, Rivers",10108457,Left,FLA_GAT,Undefined,3,1,FoulBallNotFieldable,Fastball,NA,NA,87.54397,-0.998382,2.284946,1862.500173,136.795724,10:30:00,5.94847,-1.38127,5.07092,-22.96726,15.0308,-12.86379,3.0924,-0.29783,79.21985,-5.271567,0.012472,0.443662,7.07319,8.14926,1.17505,50,5.83616,-4.46448,-126.77922,-3.02232,11.40229,28.22577,-19.0371,bb8f392a-6a59-47f4-bb67-a4f71dc00de3,NA,NA,NA,NA,NA,814065,"Surowiec, Ethan",NA,NA,NA,Right,NA,NA,NA,NA,NA,NA,NA,NA,NA,NA,NA,NA,NA,NA,NA,NA,caffca60-c016-11f0-a406-372210f9cb79,3,5,FLA_GAT,4,Bottom,0,Sinker,Undefined,Undefined,Undefined,0,0,NA,FLA_GAT,FLA_GAT,CondronBallpark,TeamExclusive,Team,20251112-CondronBallpark-Private-2,84.95757,NA,NA,8.32412,NA,NA,NA,8fb8e9a3-628d-4bd2-917e-53033ce94b91,2025-11-12,22:27:33,2025-11-12T22:27:33Z,2025-11-12T22:27:33Z,NA,v3,471297,471297,NA,"Stanford, Cole",1000098001,Right,FLA_GAT,55.42588,-127.98152,14.11289,5.94762,-2.21141,-9.51855,1.37556,-4.95017,5.70115,NA,NA,NA,NA,NA,NA,NA,NA,NA,NA,NA,NA,NA,NA,NA,NA,NA,NA,NA,NA,NA,NA,NA,NA,NA,NA,NA,NA,NA,NA,NA,NA,NA,NA,NA,NA,NA,NA,NA,NA,NA,NA,NA,NA,NA,NA,NA,NA,NA,NA,High,High,High,NA,NA,NA,NA,NA,NA,NA,NA,NA,NA,NA,NA,NA,NA,NA,NA,NA,NA,NA,NA,NA,NA,NA,NA,NA,NA,NA,NA,NA,NA,NA,NA,NA,NA
169,2025-11-12,17:27:56,"Kurland, Rivers",10108457,Left,FLA_GAT,Undefined,3,2,StrikeCalled,Fastball,NA,NA,88.35358,-2.811353,2.827356,2042.007784,152.977535,11:00:00,5.97573,-1.36905,5.1314,-15.70832,21.66879,-10.36008,2.01373,0.43246,79.83138,-5.8005,0.996956,0.440022,5.99839,12.01331,1.1119,50,5.70009,-5.82482,-127.74078,-6.75664,9.80698,28.90003,-12.53302,41c8cecf-282e-433d-bffa-8b9e1420f747,NA,NA,NA,NA,NA,814065,"Surowiec, Ethan",NA,NA,NA,Right,NA,NA,NA,NA,NA,NA,NA,NA,NA,NA,NA,NA,NA,NA,NA,NA,d8c1d300-c016-11f0-a406-372210f9cb79,3,6,FLA_GAT,4,Bottom,0,Four-Seam,Strikeout,Undefined,Undefined,0,0,NA,FLA_GAT,FLA_GAT,CondronBallpark,TeamExclusive,Team,20251112-CondronBallpark-Private-2,85.6604,NA,NA,8.52219,NA,NA,NA,8fb8e9a3-628d-4bd2-917e-53033ce94b91,2025-11-12,22:27:56,2025-11-12T22:27:56Z,2025-11-12T22:27:56Z,NA,v3,471297,471297,NA,"Stanford, Cole",1000098001,Right,FLA_GAT,55.3643,-128.94869,14.45001,5.97154,-6.23281,-6.26651,1.36392,-6.23471,4.90349,NA,NA,NA,NA,NA,NA,NA,NA,NA,NA,NA,NA,NA,NA,NA,NA,NA,NA,NA,NA,NA,NA,NA,NA,NA,NA,NA,NA,NA,NA,NA,NA,NA,NA,NA,NA,NA,NA,NA,NA,NA,NA,NA,NA,NA,NA,NA,NA,NA,NA,High,High,High,NA,NA,NA,NA,NA,NA,NA,NA,NA,NA,NA,NA,NA,NA,NA,NA,NA,NA,NA,NA,NA,NA,NA,NA,NA,NA,NA,NA,NA,NA,NA,NA,NA,NA
170,2025-11-12,17:28:31,"Kurland, Rivers",10108457,Left,FLA_GAT,Undefined,0,0,BallinDirt,Slider,NA,NA,78.27607,-1.020722,2.418769,2353.899018,291.826849,03:45:00,5.67783,-1.64905,4.61636,-50.44829,-1.52799,8.37969,0.5024,1.35027,70.89899,-10.075066,3.889117,0.503403,-3.27917,0.09642,1.39199,50,5.52653,-5.13803,-113.14824,-3.89957,-4.15781,24.86872,-32.0518,931c807d-9f28-4f35-8eeb-9e9166bea618,NA,NA,NA,NA,NA,1000352389,"Malzone, Aj",NA,NA,NA,Left,NA,NA,NA,NA,NA,NA,NA,NA,NA,NA,NA,NA,NA,NA,NA,NA,ede4be50-c016-11f0-a406-372210f9cb79,4,1,FLA_GAT,4,Bottom,1,Slider,Undefined,Undefined,Undefined,0,0,NA,FLA_GAT,FLA_GAT,CondronBallpark,TeamExclusive,Team,20251112-CondronBallpark-Private-2,74.87525,NA,NA,7.37709,NA,NA,NA,8fb8e9a3-628d-4bd2-917e-53033ce94b91,2025-11-12,22:28:31,2025-11-12T22:28:31Z,2025-11-12T22:28:31Z,NA,v3,471297,471297,NA,"Stanford, Cole",1000098001,Right,FLA_GAT,55.88111,-114.43354,12.43436,5.68527,-2.24302,-16.0259,1.65198,-4.92314,-2.07891,NA,NA,NA,NA,NA,NA,NA,NA,NA,NA,NA,NA,NA,NA,NA,NA,NA,NA,NA,NA,NA,NA,NA,NA,NA,NA,NA,NA,NA,NA,NA,NA,NA,NA,NA,NA,NA,NA,NA,NA,NA,NA,NA,NA,NA,NA,NA,NA,NA,NA,High,High,High,NA,NA,NA,NA,NA,NA,NA,NA,NA,NA,NA,NA,NA,NA,NA,NA,NA,NA,NA,NA,NA,NA,NA,NA,NA,NA,NA,NA,NA,NA,NA,NA,NA,NA
171,2025-11-12,17:28:55,"Kurland, Rivers",10108457,Left,FLA_GAT,Undefined,1,0,StrikeCalled,Curveball,NA,NA,75.96368,0.486093,0.263113,2227.384541,300.699085,04:00:00,5.87158,-1.34401,4.68585,-57.02251,-5.58327,12.50965,1.58128,-0.0517,69.03082,-9.764957,2.464682,0.516201,-6.0237,-2.33276,1.30536,50,5.86968,-1.02807,-110.0175,-1.15184,-7.25738,22.61384,-34.98458,fe6b93a7-647d-46aa-9ca8-27313e519378,NA,NA,NA,NA,NA,1000352389,"Malzone, Aj",NA,NA,NA,Left,NA,NA,NA,NA,NA,NA,NA,NA,NA,NA,NA,NA,NA,NA,NA,NA,fc4c07a0-c016-11f0-a406-372210f9cb79,4,2,FLA_GAT,4,Bottom,1,Curveball,Undefined,Undefined,Undefined,0,0,NA,FLA_GAT,FLA_GAT,CondronBallpark,TeamExclusive,Team,20251112-CondronBallpark-Private-2,73.01894,NA,NA,6.93286,NA,NA,NA,8fb8e9a3-628d-4bd2-917e-53033ce94b91,2025-11-12,22:28:55,2025-11-12T22:28:55Z,2025-11-12T22:28:55Z,NA,v3,471297,471297,NA,"Stanford, Cole",1000098001,Right,FLA_GAT,55.81296,-111.20592,11.30692,5.8819,0.6867,-17.49229,1.34937,-0.64667,-3.62869,NA,NA,NA,NA,NA,NA,NA,NA,NA,NA,NA,NA,NA,NA,NA,NA,NA,NA,NA,NA,NA,NA,NA,NA,NA,NA,NA,NA,NA,NA,NA,NA,NA,NA,NA,NA,NA,NA,NA,NA,NA,NA,NA,NA,NA,NA,NA,NA,NA,NA,High,High,High,NA,NA,NA,NA,NA,NA,NA,NA,NA,NA,NA,NA,NA,NA,NA,NA,NA,NA,NA,NA,NA,NA,NA,NA,NA,NA,NA,NA,NA,NA,NA,NA,NA,NA
172,2025-11-12,17:29:24,"Kurland, Rivers",10108457,Left,FLA_GAT,Undefined,1,1,InPlay,Fastball,NA,NA,89.05022,-2.810174,1.577219,2102.548333,149.993736,11:00:00,5.94319,-1.17908,5.04636,-16.05572,20.72163,-11.21453,1.95141,-0.62555,80.67378,-5.845899,-0.403812,0.436477,6.02796,11.49816,1.03811,50,5.66311,-3.02058,-128.87946,-6.84197,10.05099,28.94628,-13.00216,2efc2909-ac03-42c1-a077-07e7e0691bc7,NA,NA,NA,NA,61.21251,1000352389,"Malzone, Aj",NA,NA,88.46628,Left,-82.287869,NA,NA,NA,1.05557,1.05557,0.014419,53.88109,0.50111000000000006,1.85716,0.63227,NA,NA,NA,NA,NA,0d0d1f70-c017-11f0-a406-372210f9cb79,4,3,FLA_GAT,4,Bottom,1,Four-Seam,Undefined,GroundBall,Out,1,0,NA,FLA_GAT,FLA_GAT,CondronBallpark,TeamExclusive,Team,20251112-CondronBallpark-Private-2,86.35604,1.85716,NA,8.37644,NA,NA,NA,8fb8e9a3-628d-4bd2-917e-53033ce94b91,2025-11-12,22:29:24,2025-11-12T22:29:24Z,2025-11-12T22:29:24Z,GroundBall,v3,471297,471297,NA,"Stanford, Cole",1000098001,Right,FLA_GAT,55.45027,-130.09783,14.47314,5.93957,-6.2947,-6.50108,1.17415,-3.44363,5.02549,NA,0.50108,8.39937,NA,NA,NA,NA,NA,NA,NA,1.85768,-128.79782,NA,NA,NA,NA,NA,NA,NA,0.63221,15.2863,NA,NA,NA,NA,NA,NA,NA,NA,NA,NA,NA,NA,NA,NA,NA,NA,NA,NA,NA,NA,NA,NA,NA,NA,NA,NA,NA,NA,NA,High,High,High,Estimated,Estimated,NA,NA,NA,NA,NA,NA,NA,NA,NA,NA,NA,NA,NA,NA,NA,NA,NA,NA,NA,NA,NA,NA,NA,NA,NA,NA,NA,NA,NA,NA,NA,NA
173,2025-11-12,17:30:01,"Kurland, Rivers",10108457,Left,FLA_GAT,Undefined,0,0,BallinDirt,ChangeUp,NA,NA,78.7815,-2.965688,3.481812,1505.696279,136.496371,10:30:00,5.67788,-1.45194,5.18645,-32.31608,14.73001,-12.34233,0.18711,0.79925,71.54543,-8.905457,1.297468,0.493666,7.27473,8.77615,1.13812,50,5.3778,-6.42711,-113.82904,-6.9554,9.42463,23.34804,-20.80432,28258c8d-a81f-4d88-a5b2-e2fb0ed718e5,NA,NA,NA,NA,NA,10106329,"Schwarz, Colton",NA,NA,NA,Right,NA,NA,NA,NA,NA,NA,NA,NA,NA,NA,NA,NA,NA,NA,NA,NA,23a8ef20-c017-11f0-a406-372210f9cb79,5,1,FLA_GAT,4,Bottom,2,Changeup,Undefined,Undefined,Undefined,0,0,NA,FLA_GAT,FLA_GAT,CondronBallpark,TeamExclusive,Team,20251112-CondronBallpark-Private-2,76.35212,NA,NA,7.23606,NA,NA,NA,8fb8e9a3-628d-4bd2-917e-53033ce94b91,2025-11-12,22:30:01,2025-11-12T22:30:01Z,2025-11-12T22:30:01Z,NA,v3,471297,471297,NA,"Stanford, Cole",1000098001,Right,FLA_GAT,55.31069,-114.91318,11.67402,5.67833,-5.98937,-10.40216,1.44672,-6.86473,4.71232,NA,NA,NA,NA,NA,NA,NA,NA,NA,NA,NA,NA,NA,NA,NA,NA,NA,NA,NA,NA,NA,NA,NA,NA,NA,NA,NA,NA,NA,NA,NA,NA,NA,NA,NA,NA,NA,NA,NA,NA,NA,NA,NA,NA,NA,NA,NA,NA,NA,NA,High,High,High,NA,NA,NA,NA,NA,NA,NA,NA,NA,NA,NA,NA,NA,NA,NA,NA,NA,NA,NA,NA,NA,NA,NA,NA,NA,NA,NA,NA,NA,NA,NA,NA,NA,NA
174,2025-11-12,17:30:41,"Kurland, Rivers",10108457,Left,FLA_GAT,Undefined,1,0,StrikeCalled,ChangeUp,NA,NA,78.49443,0.797906,2.853256,1351.54511,116.063141,09:45:00,5.74671,-1.74424,5.07777,-38.44589,9.15587,-15.12265,3.29605,-0.31249,70.65862,-6.277781,0.182665,0.496573,8.38453,4.80299,1.48608,50,5.79274,-5.02299,-113.54114,0.27609,10.76809,23.92759,-26.00564,9822e4c0-191d-4331-b4fe-91b026ba8282,NA,NA,NA,NA,NA,10106329,"Schwarz, Colton",NA,NA,NA,Right,NA,NA,NA,NA,NA,NA,NA,NA,NA,NA,NA,NA,NA,NA,NA,NA,3b386da0-c017-11f0-a406-372210f9cb79,5,2,FLA_GAT,4,Bottom,2,Changeup,Undefined,Undefined,Undefined,0,0,NA,FLA_GAT,FLA_GAT,CondronBallpark,TeamExclusive,Team,20251112-CondronBallpark-Private-2,75.90518,NA,NA,7.83581,NA,NA,NA,8fb8e9a3-628d-4bd2-917e-53033ce94b91,2025-11-12,22:30:41,2025-11-12T22:30:41Z,2025-11-12T22:30:41Z,NA,v3,471297,471297,NA,"Stanford, Cole",1000098001,Right,FLA_GAT,55.41771,-114.67719,11.9638,5.75032,1.51079,-13.00282,1.7367,-5.53424,5.38404,NA,NA,NA,NA,NA,NA,NA,NA,NA,NA,NA,NA,NA,NA,NA,NA,NA,NA,NA,NA,NA,NA,NA,NA,NA,NA,NA,NA,NA,NA,NA,NA,NA,NA,NA,NA,NA,NA,NA,NA,NA,NA,NA,NA,NA,NA,NA,NA,NA,NA,High,High,High,NA,NA,NA,NA,NA,NA,NA,NA,NA,NA,NA,NA,NA,NA,NA,NA,NA,NA,NA,NA,NA,NA,NA,NA,NA,NA,NA,NA,NA,NA,NA,NA,NA,NA
175,2025-11-12,17:31:04,"Kurland, Rivers",10108457,Left,FLA_GAT,Undefined,1,1,InPlay,Fastball,NA,NA,88.49607,-1.865233,1.407056,1917.165115,161.470469,11:30:00,5.86042,-1.1756,5.18204,-17.97962,19.67253,-6.08355,2.60602,-0.35844,78.79945,-5.296309,0.329725,0.441638,3.53004,10.88438,1.04967,50,5.67433,-2.85908,-127.93274,-4.73036,5.69297,33.00939,-14.62066,d083c67e-3b85-46ca-be9a-69ae1c38b6b0,NA,NA,NA,NA,-24.355345,10106329,"Schwarz, Colton",3199.400225,NA,100.66931,Right,-1.252977,NA,NA,NA,39.588,38.14096,0.273916,-23.40737,1.53051,2.61331,0.38023,NA,NA,NA,NA,NA,48a180d0-c017-11f0-a406-372210f9cb79,5,3,FLA_GAT,4,Bottom,2,Four-Seam,Undefined,GroundBall,Single,0,2,NA,FLA_GAT,FLA_GAT,CondronBallpark,TeamExclusive,Team,20251112-CondronBallpark-Private-2,85.34691,2.61331,NA,9.69662,NA,NA,NA,8fb8e9a3-628d-4bd2-917e-53033ce94b91,2025-11-12,22:31:04,2025-11-12T22:31:04Z,2025-11-12T22:31:04Z,GroundBall,v3,471297,471297,NA,"Stanford, Cole",1000098001,Right,FLA_GAT,55.31194,-129.29607,16.5047,5.85723,-4.12651,-7.31033,1.17261,-3.0942,2.84649,30.047853,1.53602,134.20755,-26.29412,NA,NA,NA,NA,NA,NA,2.61767,-3.44174,-22.37909,NA,NA,NA,NA,NA,NA,0.37934,-60.83182,7.42853,NA,NA,NA,NA,NA,NA,NA,NA,NA,NA,NA,NA,NA,NA,NA,NA,NA,NA,NA,NA,NA,NA,NA,NA,NA,NA,NA,NA,High,High,High,Medium,Medium,NA,NA,NA,NA,NA,NA,NA,NA,NA,NA,NA,NA,NA,NA,NA,NA,NA,NA,NA,NA,NA,NA,NA,NA,NA,NA,NA,NA,NA,NA,NA,NA
176,2025-11-12,17:31:48,"Kurland, Rivers",10108457,Left,FLA_GAT,Undefined,0,0,BallCalled,Curveball,NA,NA,76.02406,0.234694,2.167828,2140.801361,301.172078,04:00:00,5.86807,-1.21342,4.52897,-52.95397,-1.0098800000000001,4.87587,1.67889,1.25826,68.73336,-9.290011,3.021707,0.518728,-1.62728,0.04331,0.98225,50,5.84296,-4.36937,-109.89781,-1.50364,-1.95035,23.10472,-32.12216,730ffe4e-bb49-48c2-9a75-810fbe72b074,NA,NA,NA,NA,NA,10106056,"Kendall, Jacob",NA,NA,NA,Left,NA,NA,NA,NA,NA,NA,NA,NA,NA,NA,NA,NA,NA,NA,NA,NA,63052df0-c017-11f0-a406-372210f9cb79,6,1,FLA_GAT,4,Bottom,2,Curveball,Undefined,Undefined,Undefined,0,0,NA,FLA_GAT,FLA_GAT,CondronBallpark,TeamExclusive,Team,20251112-CondronBallpark-Private-2,72.66326,NA,NA,7.2907,NA,NA,NA,8fb8e9a3-628d-4bd2-917e-53033ce94b91,2025-11-12,22:31:48,2025-11-12T22:31:48Z,2025-11-12T22:31:48Z,NA,v3,471297,471297,NA,"Stanford, Cole",1000098001,Right,FLA_GAT,55.96666,-111.14515,11.55236,5.87732,0.23052,-16.06108,1.2153,-4.26408,-0.97518,NA,NA,NA,NA,NA,NA,NA,NA,NA,NA,NA,NA,NA,NA,NA,NA,NA,NA,NA,NA,NA,NA,NA,NA,NA,NA,NA,NA,NA,NA,NA,NA,NA,NA,NA,NA,NA,NA,NA,NA,NA,NA,NA,NA,NA,NA,NA,NA,NA,NA,High,High,High,NA,NA,NA,NA,NA,NA,NA,NA,NA,NA,NA,NA,NA,NA,NA,NA,NA,NA,NA,NA,NA,NA,NA,NA,NA,NA,NA,NA,NA,NA,NA,NA,NA,NA
177,2025-11-12,17:32:22,"Kurland, Rivers",10108457,Left,FLA_GAT,Undefined,1,0,BallinDirt,Curveball,NA,NA,74.79821,-0.808186,3.838089,2093.99037,302.570204,04:00:00,5.87745,-1.10228,4.47061,-55.43086,-1.20689,5.17492,0.486,2.99326,67.60547,-10.722921,4.741632,0.529989,-1.14886,0.34417,0.69204,50,5.73929,-7.45574,-107.87855,-3.54289,-1.31978,23.16875,-31.77868,c760a4c4-6ecd-47c6-90b4-9625303c1c96,NA,NA,NA,NA,NA,10106056,"Kendall, Jacob",NA,NA,NA,Left,NA,NA,NA,NA,NA,NA,NA,NA,NA,NA,NA,NA,NA,NA,NA,NA,77522ba0-c017-11f0-a406-372210f9cb79,6,2,FLA_GAT,4,Bottom,2,Curveball,Undefined,Undefined,Undefined,0,0,NA,FLA_GAT,FLA_GAT,CondronBallpark,TeamExclusive,Team,20251112-CondronBallpark-Private-2,71.11925,NA,NA,7.19274,NA,NA,NA,8fb8e9a3-628d-4bd2-917e-53033ce94b91,2025-11-12,22:32:22,2025-11-12T22:32:22Z,2025-11-12T22:32:22Z,NA,v3,471297,471297,NA,"Stanford, Cole",1000098001,Right,FLA_GAT,56.02465,-109.16478,11.58437,5.88701,-1.77868,-15.88934,1.10392,-7.38247,-0.65989,NA,NA,NA,NA,NA,NA,NA,NA,NA,NA,NA,NA,NA,NA,NA,NA,NA,NA,NA,NA,NA,NA,NA,NA,NA,NA,NA,NA,76.22361,NA,NA,1.28313,NA,NA,NA,3.11013,5.10996,-3.29741,127.28101,2.04522,-5.25091,3.24946,109.13404,-9.83206,5.15833,14.65216,-13.35318,-3.32701,-3.43908,1.53538,High,High,High,NA,NA,High,High,High,NA,NA,NA,NA,NA,NA,NA,NA,NA,NA,NA,NA,NA,NA,NA,NA,NA,NA,NA,NA,NA,NA,NA,NA,NA,NA,NA,NA,NA
178,2025-11-12,17:32:52,"Kurland, Rivers",10108457,Left,FLA_GAT,Undefined,2,0,BallCalled,Fastball,NA,NA,87.72022,-0.559038,1.899383,2018.232331,165.174815,11:30:00,6.10732,-1.24289,4.86345,-19.56836,19.03635,-4.64177,3.94722,0.1686,78.32863,-4.254886,1.082774,0.447189,2.90449,9.94512,1.05983,50,6.03675,-3.97845,-126.79047,-1.8919,4.62772,31.05304,-16.32851,858fefa6-40d4-43ce-bf18-6f15b56614bf,NA,NA,NA,NA,NA,10106056,"Kendall, Jacob",NA,NA,NA,Left,NA,NA,NA,NA,NA,NA,NA,NA,NA,NA,NA,NA,NA,NA,NA,NA,89631c00-c017-11f0-a406-372210f9cb79,6,3,FLA_GAT,4,Bottom,2,Four-Seam,Undefined,Undefined,Undefined,0,0,NA,FLA_GAT,FLA_GAT,CondronBallpark,TeamExclusive,Team,20251112-CondronBallpark-Private-2,84.28742,NA,NA,9.39159,NA,NA,NA,8fb8e9a3-628d-4bd2-917e-53033ce94b91,2025-11-12,22:32:52,2025-11-12T22:32:52Z,2025-11-12T22:32:52Z,NA,v3,471297,471297,NA,"Stanford, Cole",1000098001,Right,FLA_GAT,55.62851,-128.16157,15.52652,6.10436,-1.17094,-8.16426,1.24001,-4.18278,2.31386,NA,NA,NA,NA,NA,NA,NA,NA,NA,NA,NA,NA,NA,NA,NA,NA,NA,NA,NA,NA,NA,NA,NA,NA,NA,NA,NA,NA,NA,NA,NA,NA,NA,NA,NA,NA,NA,NA,NA,NA,NA,NA,NA,NA,NA,NA,NA,NA,NA,NA,High,High,High,NA,NA,NA,NA,NA,NA,NA,NA,NA,NA,NA,NA,NA,NA,NA,NA,NA,NA,NA,NA,NA,NA,NA,NA,NA,NA,NA,NA,NA,NA,NA,NA,NA,NA
179,2025-11-12,17:33:09,"Kurland, Rivers",10108457,Left,FLA_GAT,Undefined,3,0,StrikeCalled,Fastball,NA,NA,87.33685,-1.955625,1.693704,1912.584179,150.44102,11:00:00,6.01079,-1.18952,4.96212,-20.43355,18.27473,-9.52398,2.45896,-0.38266,78.36466,-5.792418,0.013842,0.447789,5.22272,10.07473,1.03367,50,5.80557,-3.27928,-126.2698,-5.0016,8.27701,30.12214,-16.20759,fd4608c5-e98b-4feb-9b8e-fb91ae05d3c2,NA,NA,NA,NA,NA,10106056,"Kendall, Jacob",NA,NA,NA,Left,NA,NA,NA,NA,NA,NA,NA,NA,NA,NA,NA,NA,NA,NA,NA,NA,937b2f70-c017-11f0-a406-372210f9cb79,6,4,FLA_GAT,4,Bottom,2,Four-Seam,Undefined,Undefined,Undefined,0,0,NA,FLA_GAT,FLA_GAT,CondronBallpark,TeamExclusive,Team,20251112-CondronBallpark-Private-2,84.17456,NA,NA,8.97219,NA,NA,NA,8fb8e9a3-628d-4bd2-917e-53033ce94b91,2025-11-12,22:33:09,2025-11-12T22:33:09Z,2025-11-12T22:33:09Z,NA,v3,471297,471297,NA,"Stanford, Cole",1000098001,Right,FLA_GAT,55.53119,-127.58246,15.06107,6.00814,-4.29531,-8.10379,1.18444,-3.63997,4.13851,NA,NA,NA,NA,NA,NA,NA,NA,NA,NA,NA,NA,NA,NA,NA,NA,NA,NA,NA,NA,NA,NA,NA,NA,NA,NA,NA,NA,NA,NA,NA,NA,NA,NA,NA,NA,NA,NA,NA,NA,NA,NA,NA,NA,NA,NA,NA,NA,NA,NA,High,High,High,NA,NA,NA,NA,NA,NA,NA,NA,NA,NA,NA,NA,NA,NA,NA,NA,NA,NA,NA,NA,NA,NA,NA,NA,NA,NA,NA,NA,NA,NA,NA,NA,NA,NA
180,2025-11-12,17:33:26,"Kurland, Rivers",10108457,Left,FLA_GAT,Undefined,3,1,InPlay,Fastball,NA,NA,87.7424,-1.656772,2.051531,1951.875622,159.939768,11:15:00,5.97481,-0.96179,4.83839,-19.59245,19.18056,-6.43575,2.77191,0.44527,78.19994,-5.354779,0.919634,0.448163,3.89028,10.44965,0.76462,50,5.79531,-4.2337,-126.7518,-4.33052,6.16855,32.02372,-15.60467,f67a0ec0-a62e-4502-8378-fafd60182b63,NA,NA,NA,NA,5.909776,10106056,"Kendall, Jacob",3254.701031,NA,91.14687,Left,29.085505,109.45229,55.64534,10.95816,335.16985,333.52957,4.691444,5.419081,1.68782,2.85641,-0.45296,NA,NA,NA,NA,NA,9dd554f0-c017-11f0-a406-372210f9cb79,6,5,FLA_GAT,4,Bottom,2,Four-Seam,Undefined,FlyBall,Out,1,0,NA,FLA_GAT,FLA_GAT,CondronBallpark,TeamExclusive,Team,20251112-CondronBallpark-Private-2,84.10431,72.98543,NA,9.54246,NA,NA,NA,8fb8e9a3-628d-4bd2-917e-53033ce94b91,2025-11-12,22:33:26,2025-11-12T22:33:26Z,2025-11-12T22:33:26Z,LineDrive,v3,471297,471297,NA,"Stanford, Cole",1000098001,Right,FLA_GAT,55.65581,-128.17277,16.01186,5.9721,-3.63811,-7.80233,0.95855,-4.50741,3.08428,182.512996,1.68778,116.20588,-21.6868,5.28018,-1.19574,0.26632,-0.05087,0.00631,-3.4e-4,2.85788,64.9493,-16.08408,0.25166,0.33167,-0.18818,0.0518,-0.00706,3.7e-4,-0.45313,12.03364,-1.74672,0.19523,-0.03656,0.02112,-0.00746,0.0012,-7e-5,NA,NA,NA,NA,NA,NA,NA,NA,NA,NA,NA,NA,NA,NA,NA,NA,NA,NA,NA,NA,NA,NA,High,High,High,High,High,NA,NA,NA,NA,NA,NA,NA,NA,NA,NA,NA,NA,NA,NA,NA,NA,NA,NA,NA,NA,NA,NA,NA,NA,NA,NA,NA,NA,NA,73.15504,10.83143,7.07508
181,2025-11-12,17:35:39,"Moss, Cooper",1000110959,Right,FLA_GAT,Undefined,0,0,InPlay,Splitter,NA,NA,88.02235,-2.260977,-1.173318,1618.804615,219.085564,01:15:00,6.07486,0.70478,5.45878,-21.47289,15.71918,11.66902,2.16753,0.57877,79.50678,-6.289875,0.905188,0.438931,-6.28115,9.03918,-0.60978,50,5.86129,2.09978,-127.50834,-5.74144,-10.18906,29.80813,-17.511,a80e37c1-a8f3-4bdb-90c9-b8895b77974a,NA,NA,NA,NA,0.851919,806235,"Stripling, Landon",6804.184876,NA,89.77217,Left,1.110636,NA,NA,NA,64.57412,57.17266,0.508811,-0.074434,1.72755,2.16294,-0.56039,NA,NA,NA,NA,NA,ecf9f3b0-c017-11f0-a406-372210f9cb79,1,1,FLA_GAT,5,Top,0,Changeup,Undefined,GroundBall,Single,0,0,NA,FLA_GAT,FLA_GAT,CondronBallpark,TeamExclusive,Team,20251112-CondronBallpark-Private-2,85.87318,2.28165,NA,8.51557,NA,NA,NA,8fb8e9a3-628d-4bd2-917e-53033ce94b91,2025-11-12,22:35:39,2025-11-12T22:35:39Z,2025-11-12T22:35:39Z,GroundBall,v3,471297,471297,NA,"Malzone, Aj",1000352389,Right,FLA_GAT,55.03869,-128.68086,14.90407,6.07358,-5.05263,-8.7555,-0.70026,2.50058,-5.09453,143.131779,1.74354,131.20453,-15.22994,NA,NA,NA,NA,NA,NA,2.16695,2.44728,-13.19502,NA,NA,NA,NA,NA,NA,-0.5576,1.88341,-1.88192,NA,NA,NA,NA,NA,NA,NA,NA,NA,NA,NA,NA,NA,NA,NA,NA,NA,NA,NA,NA,NA,NA,NA,NA,NA,NA,NA,NA,High,High,High,High,High,NA,NA,NA,NA,NA,NA,NA,NA,NA,NA,NA,NA,NA,NA,NA,NA,NA,NA,NA,NA,NA,NA,NA,NA,NA,NA,NA,NA,NA,68.62392,6.17132,-0.12319
182,2025-11-12,17:36:11,"Moss, Cooper",1000110959,Right,FLA_GAT,Undefined,0,0,BallCalled,Fastball,NA,NA,92.88416,-0.944225,-1.659962,2097.369951,207.619257,01:00:00,6.15501,0.49117,5.46464,-14.43902,19.25781,9.38512,4.06757,-0.2808,82.79249,-3.741418,0.010235,0.417798,-5.25567,10.35276,-0.3515,50,6.06254,3.44175,-134.41513,-2.6338,-9.38687,35.58745,-13.68357,c011f02d-c5c1-46f9-b12a-471f98336ed6,NA,NA,NA,NA,NA,833422,"Miller, Sam",NA,NA,NA,Right,NA,NA,NA,NA,NA,NA,NA,NA,NA,NA,NA,NA,NA,NA,NA,NA,ffad1780-c017-11f0-a406-372210f9cb79,2,1,FLA_GAT,5,Top,0,Four-Seam,Undefined,Undefined,Undefined,0,0,NA,FLA_GAT,FLA_GAT,CondronBallpark,TeamExclusive,Team,20251112-CondronBallpark-Private-2,90.21696,NA,NA,10.09166,NA,NA,NA,8fb8e9a3-628d-4bd2-917e-53033ce94b91,2025-11-12,22:36:11,2025-11-12T22:36:11Z,2025-11-12T22:36:11Z,NA,v3,471297,471297,NA,"Malzone, Aj",1000352389,Right,FLA_GAT,55.02864,-135.73997,17.79373,6.15111,-2.12439,-6.84178,-0.48614,3.7912,-4.69344,NA,NA,NA,NA,NA,NA,NA,NA,NA,NA,NA,NA,NA,NA,NA,NA,NA,NA,NA,NA,NA,NA,NA,NA,NA,NA,NA,NA,NA,NA,NA,NA,NA,NA,NA,NA,NA,NA,NA,NA,NA,NA,NA,NA,NA,NA,NA,NA,NA,NA,High,High,High,NA,NA,NA,NA,NA,NA,NA,NA,NA,NA,NA,NA,NA,NA,NA,NA,NA,NA,NA,NA,NA,NA,NA,NA,NA,NA,NA,NA,NA,NA,NA,NA,NA,NA
183,2025-11-12,17:36:24,"Moss, Cooper",1000110959,Right,FLA_GAT,Undefined,1,0,FoulBallNotFieldable,Fastball,NA,NA,91.45336,-1.861048,-1.335435,2034.625895,181.776597,12:00:00,6.11195,0.61679,5.7046,-12.00371,22.44938,0.65437,3.37652,-0.5732,81.60491,-4.235198,-1.218472,0.42246,-0.77929,12.25631,-0.5052,50,5.948,3.05197,-132.29126,-4.54626,-1.35078,33.98996,-10.93014,536011b6-290e-4aac-9185-4bc16badd128,NA,NA,NA,NA,177.144372,833422,"Miller, Sam",1697.662337,NA,74.93576,Right,11.171718,NA,NA,NA,84.7247,46.07525,0.811765,171.071303,1.20225,2.99542,1.10522,NA,NA,NA,NA,NA,07952b90-c018-11f0-a406-372210f9cb79,2,2,FLA_GAT,5,Top,0,Four-Seam,Undefined,Undefined,Undefined,0,0,NA,FLA_GAT,FLA_GAT,CondronBallpark,TeamExclusive,Team,20251112-CondronBallpark-Private-2,89.22132,6.61681,NA,9.84845,NA,NA,NA,8fb8e9a3-628d-4bd2-917e-53033ce94b91,2025-11-12,22:36:24,2025-11-12T22:36:24Z,2025-11-12T22:36:24Z,GroundBall,v3,471297,471297,NA,"Malzone, Aj",1000352389,Right,FLA_GAT,54.78346,-133.51463,16.99498,6.10455,-4.15286,-5.46507,-0.61592,3.10058,-0.67539,39.7216,1.28371,-109.02205,5.21898,NA,NA,NA,NA,NA,NA,3.02166,20.86945,-30.33395,NA,NA,NA,NA,NA,NA,1.07355,5.88671,11.12176,NA,NA,NA,NA,NA,NA,NA,NA,NA,NA,NA,NA,NA,NA,NA,NA,NA,NA,NA,NA,NA,NA,NA,NA,NA,NA,NA,NA,High,High,High,Low,Low,NA,NA,NA,NA,NA,NA,NA,NA,NA,NA,NA,NA,NA,NA,NA,NA,NA,NA,NA,NA,NA,NA,NA,NA,NA,NA,NA,NA,NA,NA,NA,NA
184,2025-11-12,17:36:43,"Moss, Cooper",1000110959,Right,FLA_GAT,Undefined,1,1,BallCalled,Slider,NA,NA,80.74986,1.488977,1.098562,2428.518388,41.110058,07:15:00,5.95882,0.79939,5.08869,-51.51452,-7.19335,-7.52532,3.06988,1.2078,73.83986,-7.83425,-0.233893,0.479156,4.04744,-3.55063,-0.89712,50,6.05904,-1.92664,-117.14007,1.12177,5.59924,23.02973,-37.08602,7e8b0cad-4763-43d7-90ae-224902e9a9e9,NA,NA,NA,NA,NA,833422,"Miller, Sam",NA,NA,NA,Right,NA,NA,NA,NA,NA,NA,NA,NA,NA,NA,NA,NA,NA,NA,NA,NA,130e7cb0-c018-11f0-a406-372210f9cb79,2,3,FLA_GAT,5,Top,0,Curveball,Undefined,Undefined,Undefined,0,0,NA,FLA_GAT,FLA_GAT,CondronBallpark,TeamExclusive,Team,20251112-CondronBallpark-Private-2,78.6642,NA,NA,6.90999,NA,NA,NA,8fb8e9a3-628d-4bd2-917e-53033ce94b91,2025-11-12,22:36:43,2025-11-12T22:36:43Z,2025-11-12T22:36:43Z,NA,v3,471297,471297,NA,"Malzone, Aj",1000352389,Right,FLA_GAT,55.41171,-118.19922,11.51487,5.96823,2.82738,-18.54301,-0.8026,-2.18415,2.79962,NA,NA,NA,NA,NA,NA,NA,NA,NA,NA,NA,NA,NA,NA,NA,NA,NA,NA,NA,NA,NA,NA,NA,NA,NA,NA,NA,NA,NA,NA,NA,NA,NA,NA,NA,NA,NA,NA,NA,NA,NA,NA,NA,NA,NA,NA,NA,NA,NA,NA,High,High,High,NA,NA,NA,NA,NA,NA,NA,NA,NA,NA,NA,NA,NA,NA,NA,NA,NA,NA,NA,NA,NA,NA,NA,NA,NA,NA,NA,NA,NA,NA,NA,NA,NA,NA
185,2025-11-12,17:37:00,"Moss, Cooper",1000110959,Right,FLA_GAT,Undefined,2,1,BallCalled,Slider,NA,NA,79.95789,0.201256,-0.140432,2569.861105,30.572766,07:00:00,5.96175,0.7086,5.20129,-59.58113,-14.78942,-9.53508,1.18594,-0.21807000000000001,73.95628,-10.510481,-1.837084,0.481693,4.74544,-7.09666,-0.68805,50,5.93472,0.67061,-116.19022,-1.77454,6.47535,22.14027,-41.85773,eb01518a-c36d-4abe-bd84-fbd500b92ee6,NA,NA,NA,NA,NA,833422,"Miller, Sam",NA,NA,NA,Right,NA,NA,NA,NA,NA,NA,NA,NA,NA,NA,NA,NA,NA,NA,NA,NA,1d2afcf0-c018-11f0-a406-372210f9cb79,2,4,FLA_GAT,5,Top,0,Curveball,Undefined,Undefined,Undefined,0,0,NA,FLA_GAT,FLA_GAT,CondronBallpark,TeamExclusive,Team,20251112-CondronBallpark-Private-2,78.24995,NA,NA,6.0016,NA,NA,NA,8fb8e9a3-628d-4bd2-917e-53033ce94b91,2025-11-12,22:37:00,2025-11-12T22:37:00Z,2025-11-12T22:37:00Z,NA,v3,471297,471297,NA,"Malzone, Aj",1000352389,Right,FLA_GAT,55.30286,-117.19633,11.07013,5.97214,0.1276,-20.92887,-0.71184,0.37635,3.23768,NA,NA,NA,NA,NA,NA,NA,NA,NA,NA,NA,NA,NA,NA,NA,NA,NA,NA,NA,NA,NA,NA,NA,NA,NA,NA,NA,NA,NA,NA,NA,NA,NA,NA,NA,NA,NA,NA,NA,NA,NA,NA,NA,NA,NA,NA,NA,NA,NA,NA,High,High,High,NA,NA,NA,NA,NA,NA,NA,NA,NA,NA,NA,NA,NA,NA,NA,NA,NA,NA,NA,NA,NA,NA,NA,NA,NA,NA,NA,NA,NA,NA,NA,NA,NA,NA
186,2025-11-12,17:37:18,"Moss, Cooper",1000110959,Right,FLA_GAT,Undefined,3,1,HitByPitch,Fastball,NA,NA,92.00951,-0.400019,1.037357,2143.960347,200.314346,12:45:00,6.15082,0.60861,5.66854,-13.39705,20.28848,7.07036,4.66136,2.16512,82.93404,-2.999731,2.30019,0.417728,-3.27622,10.79201,-0.70085,50,6.10906,-2.73237,-133.4471,-1.30416,-5.82521,32.46686,-12.98558,b2f90ef3-f689-4488-be02-091da58de8bb,NA,NA,NA,NA,NA,833422,"Miller, Sam",NA,NA,NA,Right,NA,NA,NA,NA,NA,NA,NA,NA,NA,NA,NA,NA,NA,NA,NA,NA,2785beb0-c018-11f0-a406-372210f9cb79,2,5,FLA_GAT,5,Top,0,Four-Seam,Walk,Undefined,Undefined,0,0,NA,FLA_GAT,FLA_GAT,CondronBallpark,TeamExclusive,Team,20251112-CondronBallpark-Private-2,90.2321,NA,NA,9.07547,NA,NA,NA,8fb8e9a3-628d-4bd2-917e-53033ce94b91,2025-11-12,22:37:18,2025-11-12T22:37:18Z,2025-11-12T22:37:18Z,NA,v3,471297,471297,NA,"Malzone, Aj",1000352389,Right,FLA_GAT,54.82898,-134.61684,16.23343,6.14762,-0.83631,-6.49279,-0.60618,-2.52249,-2.91261,NA,NA,NA,NA,NA,NA,NA,NA,NA,NA,NA,NA,NA,NA,NA,NA,NA,NA,NA,NA,NA,NA,NA,NA,NA,NA,NA,NA,NA,NA,NA,NA,NA,NA,NA,NA,NA,NA,NA,NA,NA,NA,NA,NA,NA,NA,NA,NA,NA,NA,High,High,High,NA,NA,NA,NA,NA,NA,NA,NA,NA,NA,NA,NA,NA,NA,NA,NA,NA,NA,NA,NA,NA,NA,NA,NA,NA,NA,NA,NA,NA,NA,NA,NA,NA,NA
187,2025-11-12,17:38:43,"Moss, Cooper",1000110959,Right,FLA_GAT,Undefined,0,0,BallCalled,Slider,NA,NA,82.02851,-0.120299,-2.081541,2495.142521,45.043989,07:30:00,6.04172,0.60803,5.07335,-47.96396,-4.4787,-6.02957,1.93123,-1.85771,74.46346,-8.804722,-3.148424,0.474616,2.2863,-1.61665,-0.40573,50,5.99302,4.58423,-118.77749,-2.07374,3.21608,26.00578,-34.44814,9da58123-db0a-479f-a5a8-f37be8a15f9f,NA,NA,NA,NA,NA,1000098001,"Stanford, Cole",NA,NA,NA,Right,NA,NA,NA,NA,NA,NA,NA,NA,NA,NA,NA,NA,NA,NA,NA,NA,5a67b720-c018-11f0-a406-372210f9cb79,3,1,FLA_GAT,5,Top,0,Slider,Undefined,Undefined,Undefined,0,0,NA,FLA_GAT,FLA_GAT,CondronBallpark,TeamExclusive,Team,20251112-CondronBallpark-Private-2,79.41669,NA,NA,7.56505,NA,NA,NA,8fb8e9a3-628d-4bd2-917e-53033ce94b91,2025-11-12,22:38:43,2025-11-12T22:38:43Z,2025-11-12T22:38:43Z,NA,v3,471297,471297,NA,"Malzone, Aj",1000352389,Right,FLA_GAT,55.42304,-119.95897,13.00289,6.05168,-0.50872,-17.22407,-0.61067,4.43812,1.60804,NA,NA,NA,NA,NA,NA,NA,NA,NA,NA,NA,NA,NA,NA,NA,NA,NA,NA,NA,NA,NA,NA,NA,NA,NA,NA,NA,NA,NA,NA,NA,NA,NA,NA,NA,NA,NA,NA,NA,NA,NA,NA,NA,NA,NA,NA,NA,NA,NA,NA,High,High,High,NA,NA,NA,NA,NA,NA,NA,NA,NA,NA,NA,NA,NA,NA,NA,NA,NA,NA,NA,NA,NA,NA,NA,NA,NA,NA,NA,NA,NA,NA,NA,NA,NA,NA
188,2025-11-12,17:39:05,"Moss, Cooper",1000110959,Right,FLA_GAT,Undefined,1,0,StrikeCalled,Fastball,NA,NA,92.88571,-2.659124,-0.981579,2181.281051,201.567016,12:45:00,6.17379,0.48144,5.48383,-12.87607,20.50922,7.62347,2.61073,0.19826,83.70695,-5.148382,0.37619,0.415862,-4.11311,11.48457,-0.40053,50,5.93207,1.93857,-134.47835,-6.6014,-7.43013,32.84515,-11.42768,27d55658-2e35-445d-b47e-bf77bb87baa8,NA,NA,NA,NA,NA,1000098001,"Stanford, Cole",NA,NA,NA,Right,NA,NA,NA,NA,NA,NA,NA,NA,NA,NA,NA,NA,NA,NA,NA,NA,676e37f0-c018-11f0-a406-372210f9cb79,3,2,FLA_GAT,5,Top,0,Four-Seam,Undefined,Undefined,Undefined,0,0,NA,FLA_GAT,FLA_GAT,CondronBallpark,TeamExclusive,Team,20251112-CondronBallpark-Private-2,90.63696,NA,NA,9.17876,NA,NA,NA,8fb8e9a3-628d-4bd2-917e-53033ce94b91,2025-11-12,22:39:05,2025-11-12T22:39:05Z,2025-11-12T22:39:05Z,NA,v3,471297,471297,NA,"Malzone, Aj",1000352389,Right,FLA_GAT,55.0107,-135.69665,16.42258,6.16907,-6.17752,-5.71384,-0.47755,2.21417,-3.71507,NA,NA,NA,NA,NA,NA,NA,NA,NA,NA,NA,NA,NA,NA,NA,NA,NA,NA,NA,NA,NA,NA,NA,NA,NA,NA,NA,NA,NA,NA,NA,NA,NA,NA,NA,NA,NA,NA,NA,NA,NA,NA,NA,NA,NA,NA,NA,NA,NA,NA,High,High,High,NA,NA,NA,NA,NA,NA,NA,NA,NA,NA,NA,NA,NA,NA,NA,NA,NA,NA,NA,NA,NA,NA,NA,NA,NA,NA,NA,NA,NA,NA,NA,NA,NA,NA
189,2025-11-12,17:39:21,"Moss, Cooper",1000110959,Right,FLA_GAT,Undefined,1,1,InPlay,Fastball,NA,NA,91.66877,-1.744275,-1.667926,2082.552161,206.478442,01:00:00,6.13826,0.30121,5.55575,-14.73139,19.30832,9.01934,3.27968,-0.50605,82.85857,-4.569105,-0.05997,0.419918,-5.06477,10.63819,-0.16313,50,5.9781,3.45525,-132.85608,-4.48374,-8.95643,31.27795,-13.36163,7568ff79-0f15-4253-871e-041e86299f57,NA,NA,NA,NA,5.5579,1000098001,"Stanford, Cole",NA,NA,94.89358,Right,-24.551244,NA,NA,NA,7.71588,7.09358,0.05755,8.974544,0.35163,3.33657,0.49623,NA,NA,NA,NA,NA,710e3530-c018-11f0-a406-372210f9cb79,3,3,FLA_GAT,5,Top,0,Four-Seam,Undefined,GroundBall,Out,2,0,NA,FLA_GAT,FLA_GAT,CondronBallpark,TeamExclusive,Team,20251112-CondronBallpark-Private-2,89.76147,3.33657,NA,8.8102,NA,NA,NA,8fb8e9a3-628d-4bd2-917e-53033ce94b91,2025-11-12,22:39:21,2025-11-12T22:39:21Z,2025-11-12T22:39:21Z,GroundBall,v3,471297,471297,NA,"Malzone, Aj",1000352389,Right,FLA_GAT,54.94099,-134.01427,15.63898,6.13497,-3.98897,-6.68081,-0.29721,3.7869,-4.47822,180,0.34865,126.32099,NA,NA,NA,NA,NA,NA,NA,3.33794,-57.97685,NA,NA,NA,NA,NA,NA,NA,0.49594,12.29218,NA,NA,NA,NA,NA,NA,NA,NA,NA,NA,NA,NA,NA,NA,NA,NA,NA,NA,NA,NA,NA,NA,NA,NA,NA,NA,NA,NA,NA,High,High,High,High,High,NA,NA,NA,NA,NA,NA,NA,NA,NA,NA,NA,NA,NA,NA,NA,NA,NA,NA,NA,NA,NA,NA,NA,NA,NA,NA,NA,NA,NA,73.88901,2.80944,0.25439
190,2025-11-12,17:39:59,"Moss, Cooper",1000110959,Right,FLA_GAT,Undefined,0,0,InPlay,Fastball,NA,NA,92.8689,-3.217233,-0.943764,2110.770292,211.657721,01:00:00,6.1271,0.5302,5.31702,-14.10603,19.58281,11.30201,1.92858,0.58621,83.6392,-5.914777,1.063378,0.417748,-6.00788,11.24213,-0.45338,50,5.82594,1.68413,-134.38584,-7.99429,-10.8083,33.53453,-11.94919,b1b7c44b-30bb-4e35-b54a-9b26b72e16df,NA,NA,NA,NA,-2.848674,703630,"Nadeau, Justin",1095.962773,NA,77.50884,Left,16.69144,109.56984,17.40777,-9.71402,185.74769,185.51676,2.099469,-6.30001,1.53589,1.92687,-0.57437,NA,NA,NA,NA,NA,87c4b8d0-c018-11f0-a406-372210f9cb79,4,1,FLA_GAT,5,Top,2,Four-Seam,Undefined,LineDrive,Single,0,1,NA,FLA_GAT,FLA_GAT,CondronBallpark,TeamExclusive,Team,20251112-CondronBallpark-Private-2,90.22769,17.69913,NA,9.22971,NA,NA,NA,8fb8e9a3-628d-4bd2-917e-53033ce94b91,2025-11-12,22:39:59,2025-11-12T22:39:59Z,2025-11-12T22:39:59Z,LineDrive,v3,471297,471297,NA,"Malzone, Aj",1000352389,Right,FLA_GAT,55.18069,-135.67247,16.76726,6.12386,-7.53583,-5.97459,-0.52595,2.09882,-5.40415,124.146002,1.53589,108.75517,-14.85026,3.14109,-0.64049,0.12429,-0.02311,0.00329,-2.3e-4,1.92687,32.65045,-17.95465,1.27084,-0.22025,0.03684,-0.00524,9e-4,-9e-5,-0.57437,-5.41145,-3.06858,0.83802,-0.2041,0.04517,-0.00875,0.00128,-9e-5,NA,NA,NA,NA,NA,NA,NA,NA,NA,NA,NA,NA,NA,NA,NA,NA,NA,NA,NA,NA,NA,NA,High,High,High,High,High,NA,NA,NA,NA,NA,NA,NA,NA,NA,NA,NA,NA,NA,NA,NA,NA,NA,NA,NA,NA,NA,NA,NA,NA,NA,NA,NA,NA,NA,71.23377,16.00674,-0.12619
191,2025-11-12,17:40:37,"Moss, Cooper",1000110959,Right,FLA_GAT,Undefined,0,0,InPlay,Fastball,NA,NA,92.16287,-2.23357,-0.854677,2073.214654,216.962068,01:15:00,6.10319,0.39914,5.32907,-16.72143,17.47458,12.18847,2.61266,0.61284,82.85868,-5.406233,1.310599,0.420881,-6.39555,9.85949,-0.33108,50,5.88985,1.41573,-133.43617,-5.75257,-11.327,33.44862,-14.71211,51e9be86-8147-4280-a42a-e74b61a2acd0,NA,NA,NA,NA,-38.052721,701341,"Wilson, Ashton",NA,NA,85.77912,Right,-18.88864,NA,NA,NA,9.08651,2.60403,0.062432,-33.801699,1.68491,2.54872,-0.46353,NA,NA,NA,NA,NA,9e63e3e0-c018-11f0-a406-372210f9cb79,5,1,FLA_GAT,5,Top,2,Four-Seam,Undefined,GroundBall,Out,1,0,NA,FLA_GAT,FLA_GAT,CondronBallpark,TeamExclusive,Team,20251112-CondronBallpark-Private-2,89.55611,2.54872,NA,9.30419,NA,NA,NA,8fb8e9a3-628d-4bd2-917e-53033ce94b91,2025-11-12,22:40:37,2025-11-12T22:40:37Z,2025-11-12T22:40:37Z,GroundBall,v3,471297,471297,NA,"Malzone, Aj",1000352389,Right,FLA_GAT,55.16741,-134.72527,16.72431,6.10062,-5.18557,-7.35606,-0.39405,1.85226,-5.6635,NA,1.68269,93.95395,NA,NA,NA,NA,NA,NA,NA,2.54969,-40.82426,NA,NA,NA,NA,NA,NA,NA,-0.46179,-73.5442,NA,NA,NA,NA,NA,NA,NA,NA,NA,NA,NA,NA,NA,NA,NA,NA,NA,NA,NA,NA,NA,NA,NA,NA,NA,NA,NA,NA,NA,High,High,High,Low,Low,NA,NA,NA,NA,NA,NA,NA,NA,NA,NA,NA,NA,NA,NA,NA,NA,NA,NA,NA,NA,NA,NA,NA,NA,NA,NA,NA,NA,NA,42.0306,27.10604,-16.06237
192,2025-11-12,17:43:26,"Kurland, Rivers",10108457,Left,FLA_GAT,Undefined,0,0,StrikeSwinging,Curveball,NA,NA,74.05455,1.09259,1.119088,2096.865546,313.060761,04:30:00,5.84859,-1.56363,4.58896,-65.14889,-10.01249,13.06883,1.45914,0.59008,66.52289,-10.608972,3.4147,0.53443,-5.93544,-4.63079,1.43511,50,5.9011,-2.63328,-107.03826,-0.32162,-6.66675,23.95483,-37.37538,dfa00494-51fc-44d5-9d6d-4d3d9adca00b,NA,NA,NA,NA,NA,807272,"Myers, Kolt",NA,NA,NA,Right,NA,NA,NA,NA,NA,NA,NA,NA,NA,NA,NA,NA,NA,NA,NA,NA,02f23af0-c019-11f0-a406-372210f9cb79,1,1,FLA_GAT,5,Bottom,0,Curveball,Undefined,Undefined,Undefined,0,0,NA,FLA_GAT,FLA_GAT,CondronBallpark,TeamExclusive,Team,20251112-CondronBallpark-Private-2,70.52834,NA,NA,7.53166,NA,NA,NA,8fb8e9a3-628d-4bd2-917e-53033ce94b91,2025-11-12,22:43:26,2025-11-12T22:43:26Z,2025-11-12T22:43:26Z,NA,v3,471297,471297,NA,"Stanford, Cole",1000098001,Right,FLA_GAT,55.90897,-108.3526,11.97741,5.86249,1.72907,-18.68769,1.56956,-2.2675,-3.33337,NA,NA,NA,NA,NA,NA,NA,NA,NA,NA,NA,NA,NA,NA,NA,NA,NA,NA,NA,NA,NA,NA,NA,NA,NA,NA,NA,NA,NA,NA,NA,NA,NA,NA,NA,NA,NA,NA,NA,NA,NA,NA,NA,NA,NA,NA,NA,NA,NA,NA,High,High,High,NA,NA,NA,NA,NA,NA,NA,NA,NA,NA,NA,NA,NA,NA,NA,NA,NA,NA,NA,NA,NA,NA,NA,NA,NA,NA,NA,NA,NA,NA,NA,NA,NA,NA
193,2025-11-12,17:43:44,"Kurland, Rivers",10108457,Left,FLA_GAT,Undefined,0,1,InPlay,Curveball,NA,NA,74.63293,1.665159,-0.295796,2142.063164,301.733638,04:00:00,5.85883,-1.38935,4.40227,-57.23058,-3.7228,8.96103,2.67946,-0.92493,68.02379,-8.589986,1.271164,0.526478,-4.45752,-1.85197,1.41134,50,5.97959,0.18672,-108.09023,1.04094,-5.22439,20.48219,-34.34464,6da078c6-7b3d-4639-93dc-f40ea995485a,NA,NA,NA,NA,0.765825,807272,"Myers, Kolt",2193.487239,NA,70.05824,Right,30.531758,109.81689,46.35964,6.33676,235.73579,235.73579,3.728797,4.554067,2.19738,2.82151,0.95136,NA,NA,NA,NA,NA,0da88a30-c019-11f0-a406-372210f9cb79,1,2,FLA_GAT,5,Bottom,0,Curveball,Undefined,FlyBall,Single,0,0,NA,FLA_GAT,FLA_GAT,CondronBallpark,TeamExclusive,Team,20251112-CondronBallpark-Private-2,71.59362,47.61701,NA,6.60914,NA,NA,NA,8fb8e9a3-628d-4bd2-917e-53033ce94b91,2025-11-12,22:43:44,2025-11-12T22:43:44Z,2025-11-12T22:43:44Z,FlyBall,v3,471297,471297,NA,"Stanford, Cole",1000098001,Right,FLA_GAT,56.09784,-109.23961,10.24109,5.8671,2.96822,-17.17232,1.39264,0.47989,-2.61219,199.298458,2.19806,88.47779,-14.15547,3.31417,-0.51031,0.01802,0.00797,-5.1e-4,-8e-5,2.82141,52.1993,-16.09794,0.39741,0.22352,-0.18059,0.07349,-0.01447,0.00108,0.95124,1.18682,2.72139,-0.96563,0.21809,-0.02537,-7.1e-4,4.7e-4,-3e-5,NA,NA,NA,NA,NA,NA,NA,NA,NA,NA,NA,NA,NA,NA,NA,NA,NA,NA,NA,NA,NA,NA,High,High,High,High,High,NA,NA,NA,NA,NA,NA,NA,NA,NA,NA,NA,NA,NA,NA,NA,NA,NA,NA,NA,NA,NA,NA,NA,NA,NA,NA,NA,NA,NA,65.90806,21.38088,-8.11695
194,2025-11-12,17:44:29,"Kurland, Rivers",10108457,Left,FLA_GAT,Undefined,0,0,InPlay,Curveball,NA,NA,75.08654,2.10888,0.649176,2246.969721,313.877437,04:30:00,5.95731,-1.27878,4.48367,-63.60401,-10.02993,12.5728,2.66791,0.38768,67.5071,-9.310817,2.850912,0.526804,-5.89929,-5.10516,1.19748,50,6.11761,-1.75665,-108.55213,1.64369,-6.85434,23.64873,-38.10569,59c271f8-8911-4a7d-bf1b-92a4a6020665,NA,NA,NA,NA,-2.160662,806035,"Brookins, Blake",3854.500554,NA,71.01518,Left,25.851063,109.03329,33.92878,-14.54989,209.27319,209.27319,3.017829,-12.479256,2.52038,2.82974,-0.35292,NA,NA,NA,NA,NA,29082380-c019-11f0-a406-372210f9cb79,2,1,FLA_GAT,5,Bottom,0,Curveball,Undefined,FlyBall,Single,0,0,NA,FLA_GAT,FLA_GAT,CondronBallpark,TeamExclusive,Team,20251112-CondronBallpark-Private-2,71.54932,33.994,NA,7.57944,NA,NA,NA,8fb8e9a3-628d-4bd2-917e-53033ce94b91,2025-11-12,22:44:29,2025-11-12T22:44:29Z,2025-11-12T22:44:29Z,FlyBall,v3,471297,471297,NA,"Stanford, Cole",1000098001,Right,FLA_GAT,56.01587,-109.8549,11.82437,5.96924,3.74288,-19.05285,1.28385,-1.37905,-3.42717,123.102316,2.52017,93.67373,-14.16986,2.88653,-0.63137,0.15544,-0.03817,0.00575,-2.9e-4,2.82992,45.4094,-17.84727,1.11226,-0.17166,0.05072,-0.02083,0.00645,-7.7e-4,-0.35312,-3.52762,-7.25522,2.08603,-0.44207,0.03751,0.01193,-0.0048,5.4e-4,NA,NA,NA,NA,NA,NA,NA,NA,NA,NA,NA,NA,NA,NA,NA,NA,NA,NA,NA,NA,NA,NA,High,High,High,High,High,NA,NA,NA,NA,NA,NA,NA,NA,NA,NA,NA,NA,NA,NA,NA,NA,NA,NA,NA,NA,NA,NA,NA,NA,NA,NA,NA,NA,NA,NA,NA,NA
195,2025-11-12,17:45:24,"Kurland, Rivers",10108457,Left,FLA_GAT,Undefined,0,0,BallinDirt,Curveball,NA,NA,74.69241,-0.150991,-0.226178,2152.851964,305.423926,04:15:00,5.93018,-1.24778,4.54324,-62.4594,-8.2917,14.66898,0.58148,-0.24069,67.33277,-11.339814,2.352989,0.529714,-7.2552,-3.43319,1.25648,50,5.85552,-0.18008,-108.0159,-2.55908,-8.31035,24.15606,-36.10652,5dbad9f9-2e00-4b2a-99c1-16f6d58fcc3e,NA,NA,NA,NA,NA,10147779,"Strayer, Cash",NA,NA,NA,Left,NA,NA,NA,NA,NA,NA,NA,NA,NA,NA,NA,NA,NA,NA,NA,NA,49b96e90-c019-11f0-a406-372210f9cb79,3,1,FLA_GAT,5,Bottom,0,Curveball,Undefined,Undefined,Undefined,0,0,NA,FLA_GAT,FLA_GAT,CondronBallpark,TeamExclusive,Team,20251112-CondronBallpark-Private-2,71.15619,NA,NA,7.35964,NA,NA,NA,8fb8e9a3-628d-4bd2-917e-53033ce94b91,2025-11-12,22:45:24,2025-11-12T22:45:24Z,2025-11-12T22:45:24Z,NA,v3,471297,471297,NA,"Stanford, Cole",1000098001,Right,FLA_GAT,55.95554,-109.33965,12.07803,5.94155,-0.58045,-18.05326,1.25387,0.27532,-4.15517,NA,NA,NA,NA,NA,NA,NA,NA,NA,NA,NA,NA,NA,NA,NA,NA,NA,NA,NA,NA,NA,NA,NA,NA,NA,NA,NA,NA,NA,NA,NA,NA,NA,NA,NA,NA,NA,NA,NA,NA,NA,NA,NA,NA,NA,NA,NA,NA,NA,NA,High,High,High,NA,NA,NA,NA,NA,NA,NA,NA,NA,NA,NA,NA,NA,NA,NA,NA,NA,NA,NA,NA,NA,NA,NA,NA,NA,NA,NA,NA,NA,NA,NA,NA,NA,NA
196,2025-11-12,17:45:49,"Kurland, Rivers",10108457,Left,FLA_GAT,Undefined,1,0,StrikeCalled,Fastball,NA,NA,87.13719,-1.820079,2.477038,2103.789552,134.629609,10:30:00,5.89996,-1.37443,4.83219,-26.74435,12.20182,-10.90422,1.9455,0.06406,78.60012,-6.740435,0.558606,0.449163,6.15052,6.99847,1.13886,50,5.69727,-4.93544,-125.99494,-5.01232,9.74099,29.12339,-21.09011,2e66e518-ce69-4820-9466-bf1bfd82f9e4,NA,NA,NA,NA,NA,10147779,"Strayer, Cash",NA,NA,NA,Left,NA,NA,NA,NA,NA,NA,NA,NA,NA,NA,NA,NA,NA,NA,NA,NA,589c9ea0-c019-11f0-a406-372210f9cb79,3,2,FLA_GAT,5,Bottom,0,Sinker,Undefined,Undefined,Undefined,0,0,NA,FLA_GAT,FLA_GAT,CondronBallpark,TeamExclusive,Team,20251112-CondronBallpark-Private-2,83.91711,NA,NA,8.53707,NA,NA,NA,8fb8e9a3-628d-4bd2-917e-53033ce94b91,2025-11-12,22:45:49,2025-11-12T22:45:49Z,2025-11-12T22:45:49Z,NA,v3,471297,471297,NA,"Stanford, Cole",1000098001,Right,FLA_GAT,55.66367,-127.29735,14.5617,5.90034,-4.06916,-10.54505,1.36931,-5.37107,4.8705,NA,NA,NA,NA,NA,NA,NA,NA,NA,NA,NA,NA,NA,NA,NA,NA,NA,NA,NA,NA,NA,NA,NA,NA,NA,NA,NA,NA,NA,NA,NA,NA,NA,NA,NA,NA,NA,NA,NA,NA,NA,NA,NA,NA,NA,NA,NA,NA,NA,NA,High,High,High,NA,NA,NA,NA,NA,NA,NA,NA,NA,NA,NA,NA,NA,NA,NA,NA,NA,NA,NA,NA,NA,NA,NA,NA,NA,NA,NA,NA,NA,NA,NA,NA,NA,NA
197,2025-11-12,17:46:09,"Kurland, Rivers",10108457,Left,FLA_GAT,Undefined,1,1,BallinDirt,Curveball,NA,NA,75.03293,-1.724728,0.586434,2224.601126,312.577182,04:30:00,5.81381,-1.37431,4.80215,-63.49141,-10.56323,13.64406,-1.1119,0.31836,68.42823,-13.04817,3.001758,0.523618,-6.66059,-4.33992,1.30311,50,5.5862,-1.63842,-108.6195,-5.48892,-7.74558,23.74345,-37.22094,9ff72fa7-4bbf-4674-be3a-80a13f68fa21,NA,NA,NA,NA,NA,10147779,"Strayer, Cash",NA,NA,NA,Left,NA,NA,NA,NA,NA,NA,NA,NA,NA,NA,NA,NA,NA,NA,NA,NA,6455def0-c019-11f0-a406-372210f9cb79,3,3,FLA_GAT,5,Bottom,0,Curveball,Undefined,Undefined,Undefined,0,1,NA,FLA_GAT,FLA_GAT,CondronBallpark,TeamExclusive,Team,20251112-CondronBallpark-Private-2,71.98455,NA,NA,6.60469,NA,NA,NA,8fb8e9a3-628d-4bd2-917e-53033ce94b91,2025-11-12,22:46:09,2025-11-12T22:46:09Z,2025-11-12T22:46:09Z,NA,v3,471297,471297,NA,"Stanford, Cole",1000098001,Right,FLA_GAT,55.70007,-109.85844,11.87173,5.82194,-3.54674,-18.61047,1.37805,-1.23426,-3.87279,NA,NA,NA,NA,NA,NA,NA,NA,NA,NA,NA,NA,NA,NA,NA,NA,NA,NA,NA,NA,NA,NA,NA,NA,NA,NA,NA,NA,NA,NA,NA,NA,NA,NA,NA,NA,NA,NA,NA,NA,NA,NA,NA,NA,NA,NA,NA,NA,NA,NA,High,High,High,NA,NA,NA,NA,NA,NA,NA,NA,NA,NA,NA,NA,NA,NA,NA,NA,NA,NA,NA,NA,NA,NA,NA,NA,NA,NA,NA,NA,NA,NA,NA,NA,NA,NA
198,2025-11-12,17:46:53,"Kurland, Rivers",10108457,Left,FLA_GAT,Undefined,2,1,BallCalled,Fastball,NA,NA,86.11496,-1.362459,0.76943,2040.83199,149.642776,11:00:00,6.01701,-1.41497,4.99238,-20.01714,19.46225,-10.56343,3.06214,-1.56872,77.70643,-5.123884,-1.095274,0.452227,5.45008,10.45871,1.3499,50,5.87051,-1.18737,-124.69679,-3.62517,8.47218,28.05047,-15.91593,2cbcd29c-edc0-42f3-b596-f2bfa05b00ae,NA,NA,NA,NA,NA,10147779,"Strayer, Cash",NA,NA,NA,Left,NA,NA,NA,NA,NA,NA,NA,NA,NA,NA,NA,NA,NA,NA,NA,NA,7eaf79f0-c019-11f0-a406-372210f9cb79,3,4,FLA_GAT,5,Bottom,0,Four-Seam,Undefined,Undefined,Undefined,0,0,NA,FLA_GAT,FLA_GAT,CondronBallpark,TeamExclusive,Team,20251112-CondronBallpark-Private-2,83.34846,NA,NA,8.40853,NA,NA,NA,8fb8e9a3-628d-4bd2-917e-53033ce94b91,2025-11-12,22:46:53,2025-11-12T22:46:53Z,2025-11-12T22:46:53Z,NA,v3,471297,471297,NA,"Stanford, Cole",1000098001,Right,FLA_GAT,55.50301,-125.92861,14.02524,6.01436,-2.92624,-7.95796,1.41021,-1.55942,4.23609,NA,NA,NA,NA,NA,NA,NA,NA,NA,NA,NA,NA,NA,NA,NA,NA,NA,NA,NA,NA,NA,NA,NA,NA,NA,NA,NA,NA,NA,NA,NA,NA,NA,NA,NA,NA,NA,NA,NA,NA,NA,NA,NA,NA,NA,NA,NA,NA,NA,NA,High,High,High,NA,NA,NA,NA,NA,NA,NA,NA,NA,NA,NA,NA,NA,NA,NA,NA,NA,NA,NA,NA,NA,NA,NA,NA,NA,NA,NA,NA,NA,NA,NA,NA,NA,NA
199,2025-11-12,17:47:13,"Kurland, Rivers",10108457,Left,FLA_GAT,Undefined,3,1,InPlay,Fastball,NA,NA,87.20167,-0.93214,1.540667,1983.722501,147.577318,11:00:00,5.88556,-1.23217,4.97369,-21.73497,16.73202,-9.76064,3.19351,-0.59003,78.78756,-4.987968,-0.181262,0.446391,5.33882,8.96941,1.0919,50,5.77859,-2.95093,-126.30682,-2.81659,8.52449,28.51404,-17.85261,636f3ad7-33c3-4bb2-a595-c950323216e2,NA,NA,NA,NA,17.470211,10147779,"Strayer, Cash",2990.240603,NA,91.05092,Left,14.620727,104.92163,22.72157,33.03708,251.35041,251.35041,2.651602,17.354985,1.80875,3.11867,0.56967,NA,NA,NA,NA,NA,8a5f1d50-c019-11f0-a406-372210f9cb79,3,5,FLA_GAT,5,Bottom,0,Four-Seam,Undefined,LineDrive,Single,0,0,NA,FLA_GAT,FLA_GAT,CondronBallpark,TeamExclusive,Team,20251112-CondronBallpark-Private-2,84.43817,23.82353,NA,8.41411,NA,NA,NA,8fb8e9a3-628d-4bd2-917e-53033ce94b91,2025-11-12,22:47:13,2025-11-12T22:47:13Z,2025-11-12T22:47:13Z,LineDrive,v3,471297,471297,NA,"Stanford, Cole",1000098001,Right,FLA_GAT,55.52387,-127.54775,14.25702,5.88426,-2.03965,-8.9263,1.2284,-3.32191,4.26224,180.990378,1.80876,123.25633,-19.96352,4.36402,-0.93286,0.18994,-0.03412,0.00436,-2.7e-4,3.11867,33.70814,-14.31154,0.5277,-0.03709,-0.00384,0.00255,-3.2e-4,1e-5,0.56967,38.79208,-6.15452,1.21367,-0.23653,0.04436,-0.0077,9.6e-4,-6e-5,NA,NA,NA,NA,NA,NA,NA,NA,NA,NA,NA,NA,NA,NA,NA,NA,NA,NA,NA,NA,NA,NA,High,High,High,High,High,NA,NA,NA,NA,NA,NA,NA,NA,NA,NA,NA,NA,NA,NA,NA,NA,NA,NA,NA,NA,NA,NA,NA,NA,NA,NA,NA,NA,NA,NA,NA,NA
200,2025-11-12,17:49:02,"Kurland, Rivers",10108457,Left,FLA_GAT,Undefined,0,0,BallinDirt,Curveball,NA,NA,74.54548,0.263992,0.410306,2201.896782,312.390162,04:30:00,5.95897,-1.41738,4.48733,-63.66578,-9.47654,12.62249,0.90509,0.02552,67.53187,-11.114835,2.626381,0.529819,-6.01248,-4.16394,1.3612899999999999,50,5.92539,-1.29518,-107.86749,-1.84064,-6.90906,23.08038,-36.9589,fd57f55a-c7d4-44c4-a2a1-278196e58873,NA,NA,NA,NA,NA,804404,"Kurland, Cade",NA,NA,NA,Right,NA,NA,NA,NA,NA,NA,NA,NA,NA,NA,NA,NA,NA,NA,NA,NA,cb348ea0-c019-11f0-a406-372210f9cb79,4,1,FLA_GAT,5,Bottom,0,Curveball,Undefined,Undefined,Undefined,0,0,NA,FLA_GAT,FLA_GAT,CondronBallpark,TeamExclusive,Team,20251112-CondronBallpark-Private-2,71.14205,NA,NA,7.01361,NA,NA,NA,8fb8e9a3-628d-4bd2-917e-53033ce94b91,2025-11-12,22:49:02,2025-11-12T22:49:02Z,2025-11-12T22:49:02Z,NA,v3,471297,471297,NA,"Stanford, Cole",1000098001,Right,FLA_GAT,56.01235,-109.14637,11.54019,5.97064,0.20725,-18.47945,1.42245,-0.91235,-3.45453,NA,NA,NA,NA,NA,NA,NA,NA,NA,NA,NA,NA,NA,NA,NA,NA,NA,NA,NA,NA,NA,NA,NA,NA,NA,NA,NA,NA,NA,NA,NA,NA,NA,NA,NA,NA,NA,NA,NA,NA,NA,NA,NA,NA,NA,NA,NA,NA,NA,NA,High,High,High,NA,NA,NA,NA,NA,NA,NA,NA,NA,NA,NA,NA,NA,NA,NA,NA,NA,NA,NA,NA,NA,NA,NA,NA,NA,NA,NA,NA,NA,NA,NA,NA,NA,NA
201,2025-11-12,17:49:21,"Kurland, Rivers",10108457,Left,FLA_GAT,Undefined,1,0,BallCalled,ChangeUp,NA,NA,81.16873,-1.30577,1.285046,1488.697292,119.796772,10:00:00,5.76747,-1.63175,5.07026,-31.54754,12.75505,-19.49859,1.90688,-2.04485,73.53916,-7.11474,-2.164507,0.479056,10.00241,7.21433,1.52566,50,5.61926,-1.78829,-117.55724,-3.76295,13.82046,24.91269,-22.20593,9811de99-5766-47ee-9216-9169075b843b,NA,NA,NA,NA,NA,804404,"Kurland, Cade",NA,NA,NA,Right,NA,NA,NA,NA,NA,NA,NA,NA,NA,NA,NA,NA,NA,NA,NA,NA,d6a41bc0-c019-11f0-a406-372210f9cb79,4,2,FLA_GAT,5,Bottom,0,Changeup,Undefined,Undefined,Undefined,0,0,NA,FLA_GAT,FLA_GAT,CondronBallpark,TeamExclusive,Team,20251112-CondronBallpark-Private-2,78.68069,NA,NA,7.62957,NA,NA,NA,8fb8e9a3-628d-4bd2-917e-53033ce94b91,2025-11-12,22:49:21,2025-11-12T22:49:21Z,2025-11-12T22:49:21Z,NA,v3,471297,471297,NA,"Stanford, Cole",1000098001,Right,FLA_GAT,55.42567,-118.70148,12.45635,5.76867,-2.74303,-11.10297,1.62237,-2.42307,6.91023,NA,NA,NA,NA,NA,NA,NA,NA,NA,NA,NA,NA,NA,NA,NA,NA,NA,NA,NA,NA,NA,NA,NA,NA,NA,NA,NA,NA,NA,NA,NA,NA,NA,NA,NA,NA,NA,NA,NA,NA,NA,NA,NA,NA,NA,NA,NA,NA,NA,NA,High,High,High,NA,NA,NA,NA,NA,NA,NA,NA,NA,NA,NA,NA,NA,NA,NA,NA,NA,NA,NA,NA,NA,NA,NA,NA,NA,NA,NA,NA,NA,NA,NA,NA,NA,NA
202,2025-11-12,17:49:40,"Kurland, Rivers",10108457,Left,FLA_GAT,Undefined,2,0,StrikeSwinging,ChangeUp,NA,NA,80.46659,-0.381339,2.251647,1472.103364,124.700158,10:15:00,5.75406,-1.50702,4.9109,-32.46533,12.95835,-16.32851,2.68773,-0.73746,72.65652,-6.359465,-0.625606,0.485079,8.71745,6.99335,1.30127,50,5.69045,-3.86424,-116.45202,-1.90287,11.81025,24.60493,-22.69953,f4acb57b-dc98-490d-bd0a-70bbff807842,NA,NA,NA,NA,NA,804404,"Kurland, Cade",NA,NA,NA,Right,NA,NA,NA,NA,NA,NA,NA,NA,NA,NA,NA,NA,NA,NA,NA,NA,e203a350-c019-11f0-a406-372210f9cb79,4,3,FLA_GAT,5,Bottom,0,Changeup,Undefined,Undefined,Undefined,0,0,NA,FLA_GAT,FLA_GAT,CondronBallpark,TeamExclusive,Team,20251112-CondronBallpark-Private-2,77.70367,NA,NA,7.81007,NA,NA,NA,8fb8e9a3-628d-4bd2-917e-53033ce94b91,2025-11-12,22:49:40,2025-11-12T22:49:40Z,2025-11-12T22:49:40Z,NA,v3,471297,471297,NA,"Stanford, Cole",1000098001,Right,FLA_GAT,55.58459,-117.62606,12.30247,5.7554,-0.81975,-11.34976,1.4991,-4.42777,5.90512,NA,NA,NA,NA,NA,NA,NA,NA,NA,NA,NA,NA,NA,NA,NA,NA,NA,NA,NA,NA,NA,NA,NA,NA,NA,NA,NA,NA,NA,NA,NA,NA,NA,NA,NA,NA,NA,NA,NA,NA,NA,NA,NA,NA,NA,NA,NA,NA,NA,NA,High,High,High,NA,NA,NA,NA,NA,NA,NA,NA,NA,NA,NA,NA,NA,NA,NA,NA,NA,NA,NA,NA,NA,NA,NA,NA,NA,NA,NA,NA,NA,NA,NA,NA,NA,NA
203,2025-11-12,17:50:01,"Kurland, Rivers",10108457,Left,FLA_GAT,Undefined,2,1,StrikeSwinging,Curveball,NA,NA,73.99428,1.579948,0.001736,2252.835794,312.411975,04:30:00,5.87904,-1.33221,4.61616,-66.07094,-11.77823,14.98225,1.87565,-0.08204,67.38669,-10.253265,2.635461,0.530325,-7.30237,-5.68949,1.31738,50,5.98031,-0.61671,-107.18861,0.55646,-8.35906,21.30869,-38.68683,2d1e3cd1-7cfd-4778-963c-4e7aa16f73d2,NA,NA,NA,NA,NA,804404,"Kurland, Cade",NA,NA,NA,Right,NA,NA,NA,NA,NA,NA,NA,NA,NA,NA,NA,NA,NA,NA,NA,NA,ee82f2c0-c019-11f0-a406-372210f9cb79,4,4,FLA_GAT,5,Bottom,0,Curveball,Undefined,Undefined,Undefined,0,0,NA,FLA_GAT,FLA_GAT,CondronBallpark,TeamExclusive,Team,20251112-CondronBallpark-Private-2,71.07422,NA,NA,6.60759,NA,NA,NA,8fb8e9a3-628d-4bd2-917e-53033ce94b91,2025-11-12,22:50:01,2025-11-12T22:50:01Z,2025-11-12T22:50:01Z,NA,v3,471297,471297,NA,"Stanford, Cole",1000098001,Right,FLA_GAT,55.88536,-108.35228,10.65435,5.89223,2.66915,-19.34342,1.33859,-0.16022,-4.17953,NA,NA,NA,NA,NA,NA,NA,NA,NA,NA,NA,NA,NA,NA,NA,NA,NA,NA,NA,NA,NA,NA,NA,NA,NA,NA,NA,NA,NA,NA,NA,NA,NA,NA,NA,NA,NA,NA,NA,NA,NA,NA,NA,NA,NA,NA,NA,NA,NA,NA,High,High,High,NA,NA,NA,NA,NA,NA,NA,NA,NA,NA,NA,NA,NA,NA,NA,NA,NA,NA,NA,NA,NA,NA,NA,NA,NA,NA,NA,NA,NA,NA,NA,NA,NA,NA
204,2025-11-12,17:50:25,"Kurland, Rivers",10108457,Left,FLA_GAT,Undefined,2,2,InPlay,Curveball,NA,NA,75.31921,2.312809,-0.455423,2220.757555,315.006517,04:30:00,5.80182,-1.28517,4.56781,-65.60307,-12.62524,14.6345,2.53703,-0.49902,67.8169,-9.468263,2.112913,0.523864,-7.27882,-6.38213,1.31771,50,5.97991,0.24973,-108.93562,1.95939,-8.53307,23.49369,-39.65591,82bcc25e-c703-45ea-8154-edeba5e1ac84,NA,NA,NA,NA,-34.847641,804404,"Kurland, Cade",NA,NA,66.28826,Right,-35.183045,NA,NA,NA,4.23716,1.50029,0.04315,-19.937191,1.15819,2.42677,0.5221,NA,NA,NA,NA,NA,fce38550-c019-11f0-a406-372210f9cb79,4,5,FLA_GAT,5,Bottom,0,Curveball,Undefined,GroundBall,Error,0,1,NA,FLA_GAT,FLA_GAT,CondronBallpark,TeamExclusive,Team,20251112-CondronBallpark-Private-2,71.95082,2.42677,NA,7.50232,NA,NA,NA,8fb8e9a3-628d-4bd2-917e-53033ce94b91,2025-11-12,22:50:25,2025-11-12T22:50:25Z,2025-11-12T22:50:25Z,GroundBall,v3,471297,471297,NA,"Stanford, Cole",1000098001,Right,FLA_GAT,55.93247,-110.20762,11.74684,5.8157,4.10645,-19.82796,1.29169,0.71173,-4.26654,NA,1.15639,65.47017,NA,NA,NA,NA,NA,NA,NA,2.42831,-56.24047,NA,NA,NA,NA,NA,NA,NA,0.52335,-45.58373,NA,NA,NA,NA,NA,NA,NA,NA,NA,NA,NA,NA,NA,NA,NA,NA,NA,NA,NA,NA,NA,NA,NA,NA,NA,NA,NA,NA,NA,High,High,High,Low,Low,NA,NA,NA,NA,NA,NA,NA,NA,NA,NA,NA,NA,NA,NA,NA,NA,NA,NA,NA,NA,NA,NA,NA,NA,NA,NA,NA,NA,NA,68.09783,16.15786,7.00964
205,2025-11-12,17:52:08,"Kurland, Rivers",10108457,Left,FLA_GAT,Undefined,0,0,BallCalled,Curveball,NA,NA,74.21046,3.003655,0.883019,2318.11484,305.089209,04:15:00,5.904,-1.22236,4.61508,-63.58362,-9.2613,16.00355,3.46412,0.95089,66.97744,-8.437923,3.68798,0.53047,-7.45733,-4.87965,1.11593,50,6.15463,-2.32145,-107.30252,3.31752,-8.52328,21.97647,-37.75119,987af662-b29e-4e7a-8b7b-05d57133e999,NA,NA,NA,NA,NA,1000352389,"Malzone, Aj",NA,NA,NA,Left,NA,NA,NA,NA,NA,NA,NA,NA,NA,NA,NA,NA,NA,NA,NA,NA,3a4357e0-c01a-11f0-a406-372210f9cb79,5,1,FLA_GAT,5,Bottom,0,Curveball,Undefined,Undefined,Undefined,0,0,NA,FLA_GAT,FLA_GAT,CondronBallpark,TeamExclusive,Team,20251112-CondronBallpark-Private-2,71.05486,NA,NA,7.23303,NA,NA,NA,8fb8e9a3-628d-4bd2-917e-53033ce94b91,2025-11-12,22:52:08,2025-11-12T22:52:08Z,2025-11-12T22:52:08Z,NA,v3,471297,471297,NA,"Stanford, Cole",1000098001,Right,FLA_GAT,55.8844,-108.501,10.98823,5.91757,5.37627,-18.87559,1.22985,-1.85664,-4.26164,NA,NA,NA,NA,NA,NA,NA,NA,NA,NA,NA,NA,NA,NA,NA,NA,NA,NA,NA,NA,NA,NA,NA,NA,NA,NA,NA,NA,NA,NA,NA,NA,NA,NA,NA,NA,NA,NA,NA,NA,NA,NA,NA,NA,NA,NA,NA,NA,NA,NA,High,High,High,NA,NA,NA,NA,NA,NA,NA,NA,NA,NA,NA,NA,NA,NA,NA,NA,NA,NA,NA,NA,NA,NA,NA,NA,NA,NA,NA,NA,NA,NA,NA,NA,NA,NA
206,2025-11-12,17:52:25,"Kurland, Rivers",10108457,Left,FLA_GAT,Undefined,1,0,StrikeSwinging,ChangeUp,NA,NA,79.4527,-0.341175,1.957677,1399.359056,107.205611,09:30:00,5.67631,-1.63803,4.98509,-38.62439,8.03689,-20.29017,2.13524,-1.4795,71.57804,-7.420406,-1.626134,0.491643,10.59741,4.6228,1.46641,50,5.61269,-3.05303,-114.97787,-2.04188,13.9216,25.02783,-26.10119,4b14f70b-b6d9-4992-9a7c-85588c1a4a8d,NA,NA,NA,NA,NA,1000352389,"Malzone, Aj",NA,NA,NA,Left,NA,NA,NA,NA,NA,NA,NA,NA,NA,NA,NA,NA,NA,NA,NA,NA,4482c970-c01a-11f0-a406-372210f9cb79,5,2,FLA_GAT,5,Bottom,0,Changeup,Undefined,Undefined,Undefined,0,0,NA,FLA_GAT,FLA_GAT,CondronBallpark,TeamExclusive,Team,20251112-CondronBallpark-Private-2,76.66626,NA,NA,7.87466,NA,NA,NA,8fb8e9a3-628d-4bd2-917e-53033ce94b91,2025-11-12,22:52:25,2025-11-12T22:52:25Z,2025-11-12T22:52:25Z,NA,v3,471297,471297,NA,"Stanford, Cole",1000098001,Right,FLA_GAT,55.51049,-116.17117,12.51392,5.68037,-0.7974,-13.05059,1.6278,-3.7168,6.9608,NA,NA,NA,NA,NA,NA,NA,NA,NA,NA,NA,NA,NA,NA,NA,NA,NA,NA,NA,NA,NA,NA,NA,NA,NA,NA,NA,NA,NA,NA,NA,NA,NA,NA,NA,NA,NA,NA,NA,NA,NA,NA,NA,NA,NA,NA,NA,NA,NA,NA,High,High,High,NA,NA,NA,NA,NA,NA,NA,NA,NA,NA,NA,NA,NA,NA,NA,NA,NA,NA,NA,NA,NA,NA,NA,NA,NA,NA,NA,NA,NA,NA,NA,NA,NA,NA
207,2025-11-12,17:52:43,"Kurland, Rivers",10108457,Left,FLA_GAT,Undefined,1,1,StrikeCalled,Slider,NA,NA,78.12487,1.979004,1.045478,2209.503853,285.699399,03:30:00,5.4198,-2.0086,4.65625,-51.77987,-2.87429,16.60871,2.98603,0.36883,70.40468,-7.379662,3.958198,0.503327,-7.68697,-1.46772,1.886,50,5.5754,-2.79254,-112.99404,1.95445,-9.74472,24.32618,-34.03468,9e3cdaec-b2d6-473e-8c82-dcfe9c1a42cf,NA,NA,NA,NA,NA,1000352389,"Malzone, Aj",NA,NA,NA,Left,NA,NA,NA,NA,NA,NA,NA,NA,NA,NA,NA,NA,NA,NA,NA,NA,4f630ee0-c01a-11f0-a406-372210f9cb79,5,3,FLA_GAT,5,Bottom,0,Slider,Undefined,Undefined,Undefined,0,0,NA,FLA_GAT,FLA_GAT,CondronBallpark,TeamExclusive,Team,20251112-CondronBallpark-Private-2,74.88652,NA,NA,7.72019,NA,NA,NA,8fb8e9a3-628d-4bd2-917e-53033ce94b91,2025-11-12,22:52:43,2025-11-12T22:52:43Z,2025-11-12T22:52:43Z,NA,v3,471297,471297,NA,"Stanford, Cole",1000098001,Right,FLA_GAT,55.84054,-114.24451,12.16309,5.42996,3.70398,-17.01734,2.01667,-2.29162,-4.87236,NA,NA,NA,NA,NA,NA,NA,NA,NA,NA,NA,NA,NA,NA,NA,NA,NA,NA,NA,NA,NA,NA,NA,NA,NA,NA,NA,NA,NA,NA,NA,NA,NA,NA,NA,NA,NA,NA,NA,NA,NA,NA,NA,NA,NA,NA,NA,NA,NA,NA,High,High,High,NA,NA,NA,NA,NA,NA,NA,NA,NA,NA,NA,NA,NA,NA,NA,NA,NA,NA,NA,NA,NA,NA,NA,NA,NA,NA,NA,NA,NA,NA,NA,NA,NA,NA
208,2025-11-12,17:53:03,"Kurland, Rivers",10108457,Left,FLA_GAT,Undefined,1,2,StrikeSwinging,ChangeUp,NA,NA,79.11651,-0.835271,2.488381,1426.733244,127.816881,10:15:00,5.68217,-1.44104,5.16503,-31.76025,14.67028,-16.7678,2.24856,-0.49489,71.68393,-6.709605,-0.479793,0.490426,9.04949,8.04906,1.22205,50,5.58059,-4.27375,-114.55007,-2.70857,11.89703,23.24829,-21.59227,f2dd2cc7-7725-455d-b82d-92509f5adfc2,NA,NA,NA,NA,NA,1000352389,"Malzone, Aj",NA,NA,NA,Left,NA,NA,NA,NA,NA,NA,NA,NA,NA,NA,NA,NA,NA,NA,NA,NA,5adf4630-c01a-11f0-a406-372210f9cb79,5,4,FLA_GAT,5,Bottom,0,Changeup,Strikeout,Undefined,Undefined,0,0,NA,FLA_GAT,FLA_GAT,CondronBallpark,TeamExclusive,Team,20251112-CondronBallpark-Private-2,76.85658,NA,NA,7.43258,NA,NA,NA,8fb8e9a3-628d-4bd2-917e-53033ce94b91,2025-11-12,22:53:03,2025-11-12T22:53:03Z,2025-11-12T22:53:03Z,NA,v3,471297,471297,NA,"Stanford, Cole",1000098001,Right,FLA_GAT,55.33051,-115.62685,11.62415,5.68288,-1.70849,-10.79614,1.43276,-4.82478,5.94852,NA,NA,NA,NA,NA,NA,NA,NA,NA,NA,NA,NA,NA,NA,NA,NA,NA,NA,NA,NA,NA,NA,NA,NA,NA,NA,NA,NA,NA,NA,NA,NA,NA,NA,NA,NA,NA,NA,NA,NA,NA,NA,NA,NA,NA,NA,NA,NA,NA,NA,High,High,High,NA,NA,NA,NA,NA,NA,NA,NA,NA,NA,NA,NA,NA,NA,NA,NA,NA,NA,NA,NA,NA,NA,NA,NA,NA,NA,NA,NA,NA,NA,NA,NA,NA,NA
209,2025-11-12,17:54:04,"Kurland, Rivers",10108457,Left,FLA_GAT,Undefined,0,0,InPlay,ChangeUp,NA,NA,79.90624,0.384448,2.691154,1400.174511,95.59026,09:15:00,5.6526,-1.71141,4.85119,-42.50053,3.73839,-20.94745,2.47523,-0.90758,72.16208,-7.352369,-0.997284,0.489413,11.21186,2.17701,1.46467,50,5.6546,-4.53735,-115.64035,-0.77208,14.94369,24.72615,-29.27242,a64aeda0-d4bb-431b-8127-ef98eecaa5e4,NA,NA,NA,NA,-69.071172,10106329,"Schwarz, Colton",NA,NA,53.74751,Right,-55.059021,NA,NA,NA,2.92598,2.36018,0.039483,-15.331862,2.18098,2.56787,0.90208,NA,NA,NA,NA,NA,7f7c7170-c01a-11f0-a406-372210f9cb79,6,1,FLA_GAT,5,Bottom,1,Changeup,Undefined,GroundBall,Error,0,1,NA,FLA_GAT,FLA_GAT,CondronBallpark,TeamExclusive,Team,20251112-CondronBallpark-Private-2,77.01566,2.56787,NA,7.74416,NA,NA,NA,8fb8e9a3-628d-4bd2-917e-53033ce94b91,2025-11-12,22:54:04,2025-11-12T22:54:04Z,2025-11-12T22:54:04Z,GroundBall,v3,471297,471297,NA,"Stanford, Cole",1000098001,Right,FLA_GAT,55.64758,-116.84167,12.36307,5.65757,0.65012,-14.63621,1.70275,-5.26339,7.47184,NA,2.18032,16.23152,NA,NA,NA,NA,NA,NA,NA,2.57052,-65.0375,NA,NA,NA,NA,NA,NA,NA,0.90381,-42.44207,NA,NA,NA,NA,NA,NA,NA,NA,NA,NA,NA,NA,NA,NA,NA,NA,NA,NA,NA,NA,NA,NA,NA,NA,NA,NA,NA,NA,NA,High,High,High,Estimated,Estimated,NA,NA,NA,NA,NA,NA,NA,NA,NA,NA,NA,NA,NA,NA,NA,NA,NA,NA,NA,NA,NA,NA,NA,NA,NA,NA,NA,NA,NA,74.86683,16.47414,-6.53489
